mags_ab,pos_errs_mas
16.0,0.2859347850369534
16.2,0.30130693273714176
16.4,0.3174302590597102
16.599999999999998,0.31996168904014727
16.799999999999997,0.3191574698544803
16.999999999999996,0.31296369605642116
17.199999999999996,0.24529802562855085
17.399999999999995,0.22784326859208992
17.599999999999994,0.23987435745650287
17.799999999999994,0.26305378958906656
17.999999999999993,0.2886461630610883
18.199999999999992,0.316941867130362
18.39999999999999,0.34834718290506433
18.59999999999999,0.3828264772507736
18.79999999999999,0.4214072614630899
18.99999999999999,0.4641325335579616
19.19999999999999,0.5119319067827693
19.399999999999988,0.5649962169415156
19.599999999999987,0.6242434184340164
19.799999999999986,0.6913458896832232
19.999999999999986,0.7649216148784235
20.199999999999985,0.8499152723811847
20.399999999999984,0.9431546691457217
20.599999999999984,1.0498247651877444
20.799999999999983,1.1740714877965883
20.999999999999982,1.3111308019702754
21.19999999999998,1.46890696441595
21.39999999999998,1.6517589865279478
21.59999999999998,1.862292458162958
21.79999999999998,2.0997391393695097
21.99999999999998,2.391197334481322
22.199999999999978,2.7264386650131565
22.399999999999977,3.130049173931496
22.599999999999977,3.5879818461214663
22.799999999999976,4.151518172449494
22.999999999999975,4.823048346027447
23.199999999999974,5.59405383219459
23.399999999999974,6.474986056941618
23.599999999999973,7.513117756215406
23.799999999999972,8.835137600981142
23.99999999999997,10.375970271589328
24.19999999999997,12.267601005300618
24.39999999999997,14.472607649568236
24.59999999999997,17.184708150527715
24.79999999999997,20.3097165936071
24.999999999999968,24.19348818482519
25.199999999999967,28.86089384635306
25.399999999999967,34.470718415620084
25.599999999999966,41.21382762167591
25.799999999999965,49.3196586904354
25.999999999999964,59.064021337957904
26.199999999999964,70.77848861976355
26.399999999999963,84.86168454137596
26.599999999999962,101.23634110387385
26.79999999999996,121.46914908203553
26.99999999999996,145.79387462140957
