mags_ab,pos_errs_mas
16.0,0.23763758499534102
16.2,0.2576060519082464
16.4,0.27879102793195165
16.599999999999998,0.21106491374689465
16.799999999999997,0.22893382811476629
16.999999999999996,0.24856845778940315
17.199999999999996,0.26946877553887705
17.399999999999995,0.21364584149829627
17.599999999999994,0.23246709071081173
17.799999999999994,0.25314170859207463
17.999999999999993,0.20562954716208828
18.199999999999992,0.22412863496785151
18.39999999999999,0.2443895119200746
18.59999999999999,0.22278859315563662
18.79999999999999,0.21700700564447462
18.99999999999999,0.2138326201348047
19.19999999999999,0.2266179732381184
19.399999999999988,0.2484118536420842
19.599999999999987,0.2725319266827851
19.799999999999986,0.2991713927683138
19.999999999999986,0.32865349070562194
20.199999999999985,0.3613479387481569
20.399999999999984,0.3976470491144349
20.599999999999984,0.43795806865221404
20.799999999999983,0.48291244829925706
20.999999999999982,0.5331540536779579
21.19999999999998,0.5893483739856062
21.39999999999998,0.6525122433257542
21.59999999999998,0.724410677103392
21.79999999999998,0.8050400618589261
21.99999999999998,0.8965296678362357
22.199999999999978,1.000894012480093
22.399999999999977,1.1208622987521577
22.599999999999977,1.2576676664476336
22.799999999999976,1.4172754540149508
22.999999999999975,1.6021460676442074
23.199999999999974,1.819890883826568
23.399999999999974,2.07247727945546
23.599999999999973,2.3713254595185407
23.799999999999972,2.7247956173171914
23.99999999999997,3.144208837947094
24.19999999999997,3.6432308114368177
24.39999999999997,4.238331857978887
24.59999999999997,4.949340879752204
24.79999999999997,5.800112901802408
24.999999999999968,6.819327200450393
25.199999999999967,8.04145523252402
25.399999999999967,9.507921602690732
25.599999999999966,11.251433577015623
25.799999999999965,13.359842164098588
25.999999999999964,15.892769477970916
26.199999999999964,18.936353935611127
26.399999999999963,22.59412726780335
26.599999999999962,26.99052588719621
26.79999999999996,32.27513551846688
26.99999999999996,38.6277630577126
