mags_ab,pos_errs_mas
16.0,0.37531416143535173
16.2,0.3984585543098642
16.4,0.27301537821640015
16.599999999999998,0.2951991651241531
16.799999999999997,0.3197042640130435
16.999999999999996,0.3451572017798634
17.199999999999996,0.36952902329565634
17.399999999999995,0.3966924644753014
17.599999999999994,0.26481810733233685
17.799999999999994,0.28707929143849475
17.999999999999993,0.31055684532361816
18.199999999999992,0.33618277535662283
18.39999999999999,0.2565858558454969
18.59999999999999,0.27946961195843284
18.79999999999999,0.2507996009922804
18.99999999999999,0.24973937176513955
19.19999999999999,0.2583608217354306
19.399999999999988,0.28310722234734065
19.599999999999987,0.3104364673841952
19.799999999999986,0.34069678125082703
19.999999999999986,0.3740912655244961
20.199999999999985,0.4110580805585696
20.399999999999984,0.45205270807805836
20.599999999999984,0.49754905824189444
20.799999999999983,0.5481712988433947
20.999999999999982,0.6044761293488387
21.19999999999998,0.6675358730996455
21.39999999999998,0.7377420784029952
21.59999999999998,0.8170085558542571
21.79999999999998,0.9067857867525807
21.99999999999998,1.0074707757307433
22.199999999999978,1.122314376849904
22.399999999999977,1.253514885901459
22.599999999999977,1.4028014149970007
22.799999999999976,1.5745866361422722
22.999999999999975,1.7744780464023402
23.199999999999974,2.007522771603869
23.399999999999974,2.2761120802527888
23.599999999999973,2.593742484777578
23.799999999999972,2.965815867940209
23.99999999999997,3.4083024228175662
24.19999999999997,3.925295488449822
24.39999999999997,4.547969054511457
24.59999999999997,5.290500350080402
24.79999999999997,6.168199028110116
24.999999999999968,7.217710630088999
25.199999999999967,8.484172607750077
25.399999999999967,9.97281572274297
25.599999999999966,11.76334967783489
25.799999999999965,13.907373074663667
25.999999999999964,16.508356904048444
26.199999999999964,19.6329097043711
26.399999999999963,23.33953055852557
26.599999999999962,27.840767195467716
26.79999999999996,33.25085234969023
26.99999999999996,39.75384800054661
