mags_ab,pos_errs_mas
16.0,0.20947831578711584
16.2,0.22605004116933822
16.4,0.24478132967600277
16.599999999999998,0.18559115796470677
16.799999999999997,0.20099461151997053
16.999999999999996,0.2184803483561089
17.199999999999996,0.23686893448182464
17.399999999999995,0.18835909234406512
17.599999999999994,0.2049706819589925
17.799999999999994,0.22293396688096484
17.999999999999993,0.18216740643986026
18.199999999999992,0.19859074822449932
18.39999999999999,0.1818251199399297
18.59999999999999,0.19849621417242014
18.79999999999999,0.19416934505266728
18.99999999999999,0.19226404245187959
19.19999999999999,0.2041058561336761
19.399999999999988,0.22370608609924394
19.599999999999987,0.24527439937876125
19.799999999999986,0.2690715949459316
19.999999999999986,0.29538087917736267
20.199999999999985,0.32443283152699015
20.399999999999984,0.3566043360602338
20.599999999999984,0.39229097959374504
20.799999999999983,0.4318452373166444
20.999999999999982,0.4757945114891085
21.19999999999998,0.5247170800492523
21.39999999999998,0.5793603992358519
21.59999999999998,0.6412379974139076
21.79999999999998,0.7098960209495888
21.99999999999998,0.7874464487051176
22.199999999999978,0.8747235243104491
22.399999999999977,0.9743228408003544
22.599999999999977,1.0871607813412325
22.799999999999976,1.2159424033147375
22.999999999999975,1.3642854724132547
23.199999999999974,1.5372743148159609
23.399999999999974,1.7372130645495196
23.599999999999973,1.9705988030856534
23.799999999999972,2.2444172575493027
23.99999999999997,2.5671044598574557
24.19999999999997,2.946898329931014
24.39999999999997,3.398979582784813
24.59999999999997,3.933987007325815
24.79999999999997,4.570841912446842
24.999999999999968,5.33479273355122
25.199999999999967,6.226221566756541
25.399999999999967,7.297059443201441
25.599999999999966,8.585912215705054
25.799999999999965,10.141238167124255
25.999999999999964,12.008140470673956
26.199999999999964,14.25002843721207
26.399999999999963,16.943103863149197
26.599999999999962,20.178941443225046
26.79999999999996,24.067604107823186
26.99999999999996,28.74137904030214
