mags_ab,pos_errs_mas
16.0,0.21009369003324127
16.2,0.2277254844445144
16.4,0.24628483092167663
16.599999999999998,0.2647261492942865
16.799999999999997,0.28528363377524235
16.999999999999996,0.18432994280314202
17.199999999999996,0.19935070762334833
17.399999999999995,0.2160980812433581
17.599999999999994,0.17528764586845197
17.799999999999994,0.19092464463083406
17.999999999999993,0.17234004034002964
18.199999999999992,0.18792924330336083
18.39999999999999,0.20499392894484744
18.59999999999999,0.22356201822926192
18.79999999999999,0.185968432103037
18.99999999999999,0.20292854999712828
19.19999999999999,0.1849416579025022
19.399999999999988,0.20203601258736045
19.599999999999987,0.19713323362855278
19.799999999999986,0.19117483354278744
19.999999999999986,0.20336777955874868
20.199999999999985,0.2229625382692476
20.399999999999984,0.24454959913872656
20.599999999999984,0.2683922789384642
20.799999999999983,0.29478373135053726
20.999999999999982,0.32400469484587185
21.19999999999998,0.3563866451315516
21.39999999999998,0.3924401039255585
21.59999999999998,0.4325863551321169
21.79999999999998,0.4773000020045155
21.99999999999998,0.5272137542578156
22.199999999999978,0.5832133422909502
22.399999999999977,0.6469150804825698
22.599999999999977,0.7181615394081747
22.799999999999976,0.7989291971229441
22.999999999999975,0.8909992458481075
23.199999999999974,0.9962030135272575
23.399999999999974,1.1173215731553838
23.599999999999973,1.2571632469197949
23.799999999999972,1.4191348368762888
23.99999999999997,1.6091186902756867
24.19999999999997,1.8302615623982812
24.39999999999997,2.0904299680475456
24.59999999999997,2.3976862006488657
24.79999999999997,2.761786251728715
24.999999999999968,3.194512848635088
25.199999999999967,3.710076461463597
25.399999999999967,4.325592349046296
25.599999999999966,5.061656609928051
25.799999999999965,5.943037485019261
25.999999999999964,6.999506430112565
26.199999999999964,8.26684334014427
26.399999999999963,9.782413375356557
26.599999999999962,11.606102472056989
26.79999999999996,13.79674633446447
26.99999999999996,16.42883147038765
