mags_ab,pos_errs_mas
16.0,0.20055914987645113
16.2,0.21552584571476682
16.4,0.16489504136114416
16.599999999999998,0.17924974118146902
16.799999999999997,0.17386524778424609
16.999999999999996,0.18140948009617305
17.199999999999996,0.19876000983666003
17.399999999999995,0.21787353400966547
17.599999999999994,0.2389367686492034
17.799999999999994,0.26216311162187317
17.999999999999993,0.28784391965188505
18.199999999999992,0.31599857715539825
18.39999999999999,0.34712609748962014
18.59999999999999,0.381538960752697
18.79999999999999,0.41963445781145614
18.99999999999999,0.4618742198045693
19.19999999999999,0.5087751572218604
19.399999999999988,0.5611270246365709
19.599999999999987,0.6183465170400377
19.799999999999986,0.682747562061118
19.999999999999986,0.7526728059276607
20.199999999999985,0.8329316168448789
20.399999999999984,0.9233085351109097
20.599999999999984,1.025399738715567
20.799999999999983,1.1412194380901675
20.999999999999982,1.2717415341859717
21.19999999999998,1.421933946354285
21.39999999999998,1.575639418913821
21.59999999999998,1.7631860362391214
21.79999999999998,1.984652839211857
21.99999999999998,2.2419733325451885
22.199999999999978,2.5423744037180924
22.399999999999977,2.8942084033754267
22.599999999999977,3.3088195560822125
22.799999999999976,3.7414580104591706
22.999999999999975,4.289232847351942
23.199999999999974,4.914694706126795
23.399999999999974,5.6938190822338965
23.599999999999973,6.6230450706399635
23.799999999999972,7.733182671273526
23.99999999999997,9.061468333266754
24.19999999999997,10.600966991489342
24.39999999999997,12.494899762276889
24.59999999999997,14.61630981265473
24.79999999999997,17.242092249118258
24.999999999999968,20.453182817455907
25.199999999999967,24.310304279152195
25.399999999999967,28.944606647362043
25.599999999999966,34.51371187107862
25.799999999999965,41.20707572610434
25.999999999999964,49.050467186027355
26.199999999999964,58.670428200457806
26.399999999999963,70.23474781853302
26.599999999999962,84.13691851229287
26.79999999999996,100.85000005139939
26.99999999999996,120.94268427402862
