mags_ab,pos_errs_mas
16.0,0.2060976769409251
16.2,0.22346936219160823
16.4,0.17018716438614495
16.599999999999998,0.1833047158683615
16.799999999999997,0.19902925520880715
16.999999999999996,0.16674823522606644
17.199999999999996,0.1812754248256966
17.399999999999995,0.19726099349091553
17.599999999999994,0.17201524031503576
17.799999999999994,0.18745992282196458
17.999999999999993,0.2043201670026119
18.199999999999992,0.18402113925272223
18.39999999999999,0.17726916623625807
18.59999999999999,0.18172273101190214
18.79999999999999,0.1868807655377035
18.99999999999999,0.204686230130375
19.19999999999999,0.22445182189813706
19.399999999999988,0.24608766906174426
19.599999999999987,0.2699289227360678
19.799999999999986,0.2962540470099089
19.999999999999986,0.32529936980547514
20.199999999999985,0.35736569666908014
20.399999999999984,0.39283784764551677
20.599999999999984,0.43218562586146153
20.799999999999983,0.4759171989984522
20.999999999999982,0.524247395108759
21.19999999999998,0.5780641974736447
21.39999999999998,0.6386927975917297
21.59999999999998,0.7057334941018083
21.79999999999998,0.7808279276688028
21.99999999999998,0.8652915953522057
22.199999999999978,0.9609030574855376
22.399999999999977,1.069387983837651
22.599999999999977,1.1912081572567186
22.799999999999976,1.3317407666656718
22.999999999999975,1.4922543142668399
23.199999999999974,1.6769377593623753
23.399999999999974,1.8907115834633925
23.599999999999973,2.139437920128952
23.799999999999972,2.4300816044352964
23.99999999999997,2.772849381508194
24.19999999999997,3.177299809517289
24.39999999999997,3.64611711975447
24.59999999999997,4.206960847386153
24.79999999999997,4.868706229020529
24.999999999999968,5.664676744454707
25.199999999999967,6.615719682991292
25.399999999999967,7.753747317659954
25.599999999999966,9.117126596110149
25.799999999999965,10.751973093606919
25.999999999999964,12.713703370906366
26.199999999999964,15.068907647785808
26.399999999999963,17.89761135957336
26.599999999999962,21.261207240699914
26.79999999999996,25.33415667749058
26.99999999999996,30.229032640139597
