mags_ab,pos_errs_mas
16.0,0.23743780429577782
16.2,0.2575494994774774
16.4,0.27933608872893484
16.599999999999998,0.2111285720968631
16.799999999999997,0.22898392837305442
16.999999999999996,0.24886072202205328
17.199999999999996,0.20588145388133383
17.399999999999995,0.2242809821082974
17.599999999999994,0.19812890432812347
17.799999999999994,0.21608686300822852
17.999999999999993,0.2355411251149237
18.199999999999992,0.21388546760374627
18.39999999999999,0.20469431737929264
18.59999999999999,0.22349519185280042
18.79999999999999,0.20884382455233416
18.99999999999999,0.2175167694728788
19.19999999999999,0.22261800645085048
19.399999999999988,0.24392502268687963
19.599999999999987,0.26748334605805746
19.799999999999986,0.2934681249550485
19.999999999999986,0.3221869516475099
20.199999999999985,0.35394830539033495
20.399999999999984,0.389215652606445
20.599999999999984,0.4282279007307416
20.799999999999983,0.4716357955079402
20.999999999999982,0.519996215503857
21.19999999999998,0.573861278971718
21.39999999999998,0.6341573543494992
21.59999999999998,0.7017672804418724
21.79999999999998,0.7788299015520586
21.99999999999998,0.8647363622556219
22.199999999999978,0.9624617271668442
22.399999999999977,1.0736258456014154
22.599999999999977,1.2002976126154923
22.799999999999976,1.3466396060647712
22.999999999999975,1.5150996368319072
23.199999999999974,1.711862564678283
23.399999999999974,1.9399603622917745
23.599999999999973,2.207267375545527
23.799999999999972,2.5217859803415084
23.99999999999997,2.892931009210173
24.19999999999997,3.33305234859594
24.39999999999997,3.8563904215657683
24.59999999999997,4.4800410540132445
24.79999999999997,5.224326853916283
24.999999999999968,6.114822851388926
25.199999999999967,7.181208474172763
25.399999999999967,8.448552663894706
25.599999999999966,9.970943339150429
25.799999999999965,11.80365981349295
25.999999999999964,13.99604354100489
26.199999999999964,16.627449190558913
26.399999999999963,19.79909827503807
26.599999999999962,23.558736140281034
26.79999999999996,28.12802476259936
26.99999999999996,33.59287691220677
