mags_ab,pos_errs_mas
16.0,inf
16.2,inf
16.4,inf
16.599999999999998,inf
16.799999999999997,0.23745838796342691
16.999999999999996,0.2463195698549986
17.199999999999996,0.2598170758616225
17.399999999999995,0.2664115044973294
17.599999999999994,0.28214242070849216
17.799999999999994,0.28724589622236907
17.999999999999993,0.1911101187298283
18.199999999999992,0.20701238815837428
18.39999999999999,0.2225188802823372
18.59999999999999,0.23949775496018239
18.79999999999999,0.25672966805418834
18.99999999999999,0.20146951331923119
19.19999999999999,0.2208530498313574
19.399999999999988,0.24227154867819425
19.599999999999987,0.2659516214183062
19.799999999999986,0.2921007165079015
19.999999999999986,0.3210084006171275
20.199999999999985,0.35311764416360036
20.399999999999984,0.3887289473851881
20.599999999999984,0.4284190332302085
20.799999999999983,0.47270961720163496
20.999999999999982,0.5220904209002921
21.19999999999998,0.576941463219259
21.39999999999998,0.639145548571611
21.59999999999998,0.7093775357367487
21.79999999999998,0.7888002940609661
21.99999999999998,0.8785518061526235
22.199999999999978,0.9797358357597421
22.399999999999977,1.096469246782333
22.599999999999977,1.2322457221171919
22.799999999999976,1.3896678878000885
22.999999999999975,1.5730681615319284
23.199999999999974,1.7804771927506744
23.399999999999974,2.0139511476238074
23.599999999999973,2.3036351472417254
23.799999999999972,2.6461731720905886
23.99999999999997,3.052519866439669
24.19999999999997,3.5358996746491886
24.39999999999997,4.112252525655285
24.59999999999997,4.800770921581008
24.79999999999997,5.624544571539758
24.999999999999968,6.611334514658001
25.199999999999967,7.75561844723042
25.399999999999967,9.165174906719443
25.599999999999966,10.85727131680461
25.799999999999965,12.88938824069755
25.999999999999964,15.330080424655357
26.199999999999964,18.263298371075596
26.399999999999963,21.780820346901045
26.599999999999962,26.016109503021273
26.79999999999996,31.086409500244315
26.99999999999996,37.201876249265474
