mags_ab,pos_errs_mas
16.0,0.28428237504170456
16.2,0.30126204823131303
16.4,0.31927799873414675
16.599999999999998,0.32632350996582876
16.799999999999997,0.3314948935965734
16.999999999999996,0.3335031923723733
17.199999999999996,0.2323806420636419
17.399999999999995,0.2505359981167166
17.599999999999994,0.269104347002672
17.799999999999994,0.28917977600125744
17.999999999999993,0.23711206796682127
18.199999999999992,0.2336395698082853
18.39999999999999,0.256121587041243
18.59999999999999,0.280935578907377
18.79999999999999,0.3083062202921155
18.99999999999999,0.3386417030492031
19.19999999999999,0.37206130481229044
19.399999999999988,0.4092319362928773
19.599999999999987,0.4504210528235703
19.799999999999986,0.49633509987897567
19.999999999999986,0.5473382130306924
20.199999999999985,0.6041175286504235
20.399999999999984,0.6680776206241792
20.599999999999984,0.7394806135328503
20.799999999999983,0.8195951473952293
20.999999999999982,0.9108740302232158
21.19999999999998,1.0103594000542744
21.39999999999998,1.1275415493128205
21.59999999999998,1.2592320089178661
21.79999999999998,1.4115122232374866
21.99999999999998,1.5846338622728093
22.199999999999978,1.7830753212041963
22.399999999999977,2.0163851909361026
22.599999999999977,2.292556155516469
22.799999999999976,2.5989497915344457
22.999999999999975,2.977157221091898
23.199999999999974,3.4144353220416446
23.399999999999974,3.9432627185575853
23.599999999999973,4.55650955259148
23.799999999999972,5.303260758172968
23.99999999999997,6.151381573760002
24.19999999999997,7.206927830083127
24.39999999999997,8.471355471374453
24.59999999999997,9.987419032140858
24.79999999999997,11.806501211391838
24.999999999999968,13.990342504822637
25.199999999999967,16.61313751702101
25.399999999999967,19.764047379781857
25.599999999999966,23.55022816063543
25.799999999999965,27.94429077026305
25.999999999999964,33.377761201345216
26.199999999999964,39.90891045876704
26.399999999999963,47.75996816635758
26.599999999999962,57.19807110587433
26.79999999999996,68.54438001904334
26.99999999999996,82.18497259618509
