mags_ab,pos_errs_mas
16.0,0.1598636407819442
16.2,0.16706967452612542
16.4,0.1812440331748806
16.599999999999998,0.16040717726980014
16.799999999999997,0.1590966179840266
16.999999999999996,0.17402746460899524
17.199999999999996,0.17514031309619676
17.399999999999995,0.18777178322684315
17.599999999999994,0.20612605127542905
17.799999999999994,0.22645746039506773
17.999999999999993,0.24897299005537474
18.199999999999992,0.2739850479230959
18.39999999999999,0.3018230306101881
18.59999999999999,0.33287863622003067
18.79999999999999,0.367869186810696
18.99999999999999,0.4069306841978282
19.19999999999999,0.4507856132389633
19.399999999999988,0.50041018153862
19.599999999999987,0.556567173695715
19.799999999999986,0.6205406967064001
19.999999999999986,0.6940946212338979
20.199999999999985,0.7782807168181259
20.399999999999984,0.8755664105788509
20.599999999999984,0.9890070675693577
20.799999999999983,1.1205727161751593
20.999999999999982,1.274729980313282
21.19999999999998,1.4561202632944235
21.39999999999998,1.670370476970496
21.59999999999998,1.92470731842428
21.79999999999998,2.2263032696704297
21.99999999999998,2.5856400533388135
22.199999999999978,3.014647300017171
22.399999999999977,3.527680890450356
22.599999999999977,4.142004103397212
22.799999999999976,4.878368463077404
22.999999999999975,5.761713457331071
23.199999999999974,6.822007347805754
23.399999999999974,8.095263184395414
23.599999999999973,9.624756534732757
23.799999999999972,11.462496853664335
23.99999999999997,13.670990791825359
24.19999999999997,16.32537173162568
24.39999999999997,19.515949228700972
24.59999999999997,23.351281904966225
24.79999999999997,27.961873423090672
24.999999999999968,33.50460824125186
25.199999999999967,40.16809234673948
25.399999999999967,48.179069518159935
25.599999999999966,57.8101339665378
25.799999999999965,69.38902053154963
25.999999999999964,83.30973109384337
26.199999999999964,100.0459555709816
26.399999999999963,120.16721309240532
26.599999999999962,144.35818578115547
26.79999999999996,173.44204748288595
26.99999999999996,208.40845355747356
