mags_ab,pos_errs_mas
16.0,inf
16.2,inf
16.4,inf
16.599999999999998,inf
16.799999999999997,0.23345961968736406
16.999999999999996,0.24754866787467178
17.199999999999996,0.26271329022842377
17.399999999999995,0.269809205810092
17.599999999999994,0.28600673540672183
17.799999999999994,0.2918156654073557
17.999999999999993,0.20942361162834885
18.199999999999992,0.22700877993040594
18.39999999999999,0.20234442521735946
18.59999999999999,0.20471818931066488
18.79999999999999,0.21962835025234317
18.99999999999999,0.240874816400098
19.19999999999999,0.26432611319972626
19.399999999999988,0.2901953315287981
19.599999999999987,0.31876632255040194
19.799999999999986,0.35048389544554076
19.999999999999986,0.38559253378683195
20.199999999999985,0.42467683823725705
20.399999999999984,0.4681866637223459
20.599999999999984,0.5165704873467206
20.799999999999983,0.5699543742011167
20.999999999999982,0.6305293829462721
21.19999999999998,0.698444338293762
21.39999999999998,0.7745521599882981
21.59999999999998,0.8594312951217196
21.79999999999998,0.9576740164050717
21.99999999999998,1.0683363274743503
22.199999999999978,1.196629878291138
22.399999999999977,1.3447234978823883
22.599999999999977,1.5118972900404741
22.799999999999976,1.690131739250015
22.999999999999975,1.9150555893282875
23.199999999999974,2.1754994201597877
23.399999999999974,2.475564739456448
23.599999999999973,2.8386749752966405
23.799999999999972,3.2615563915854713
23.99999999999997,3.7707884804366216
24.19999999999997,4.37733890983102
24.39999999999997,5.084080886899391
24.59999999999997,5.838338949189272
24.79999999999997,6.841263939747648
24.999999999999968,8.042715460303581
25.199999999999967,9.483324813788471
25.399999999999967,11.211918983191856
25.599999999999966,13.28717327840191
25.799999999999965,15.779593780849124
25.999999999999964,18.773912267789495
26.199999999999964,22.371959791872406
26.399999999999963,26.696129545997596
26.599999999999962,31.731424652989116
26.79999999999996,37.9424148749446
26.99999999999996,45.40862422939097
