mags_ab,pos_errs_mas
16.0,0.2093139938123523
16.2,0.22706728328491274
16.4,0.24603128102741034
16.599999999999998,0.1858016128388921
16.799999999999997,0.20128946262975322
16.999999999999996,0.21774254854953562
17.199999999999996,0.23581501240207103
17.399999999999995,0.1853851678615254
17.599999999999994,0.201827387338296
17.799999999999994,0.17657502769618913
17.999999999999993,0.1924937381567895
18.199999999999992,0.20988998693946564
18.39999999999999,0.1865999258611895
18.59999999999999,0.20364589243711573
18.79999999999999,0.22226462108475056
18.99999999999999,0.19498329704318476
19.19999999999999,0.21303859649885434
19.399999999999988,0.18902781654896836
19.599999999999987,0.1935310113094197
19.799999999999986,0.2122886918590646
19.999999999999986,0.23303280878077476
20.199999999999985,0.25600149588983395
20.399999999999984,0.28147943612019555
20.599999999999984,0.30982387638597914
20.799999999999983,0.34139160144675584
20.999999999999982,0.3766143646132285
21.19999999999998,0.4161323926237885
21.39999999999998,0.4605266285640905
21.59999999999998,0.51046525581877
21.79999999999998,0.5668538864246231
21.99999999999998,0.630895718581225
22.199999999999978,0.7045944483002343
22.399999999999977,0.7883199278166985
22.599999999999977,0.8847458284359782
22.799999999999976,0.9963120501790529
22.999999999999975,1.1260621374782875
23.199999999999974,1.2776778497464298
23.399999999999974,1.4553823250379045
23.599999999999973,1.6649541770468934
23.799999999999972,1.9136806449875547
23.99999999999997,2.2068093070364316
24.19999999999997,2.555904811434557
24.39999999999997,2.9704351892042005
24.59999999999997,3.464747408038246
24.79999999999997,4.056570271263319
24.999999999999968,4.766592739542003
25.199999999999967,5.617843889379467
25.399999999999967,6.6391669235257424
25.599999999999966,7.86522268071944
25.799999999999965,9.337662570153885
25.999999999999964,11.10653786554266
26.199999999999964,13.232002032150925
26.399999999999963,15.786355164622124
26.599999999999962,18.85649588856927
26.79999999999996,22.54688162676191
26.99999999999996,26.970586506608342
