mags_ab,pos_errs_mas
16.0,0.19356871068117787
16.2,0.20565147414959184
16.4,0.2194724599246848
16.599999999999998,0.23321601329907218
16.799999999999997,0.24777287936784484
16.999999999999996,0.26302960701521866
17.199999999999996,0.17686650540666213
17.399999999999995,0.19167267755451795
17.599999999999994,0.20794926820302004
17.799999999999994,0.18696683315041515
17.999999999999993,0.18538848063375193
18.199999999999992,0.20318741729820328
18.39999999999999,0.22283025068455647
18.59999999999999,0.24451977641972614
18.79999999999999,0.26856649955138845
18.99999999999999,0.29506019775866055
19.19999999999999,0.3243747270120747
19.399999999999988,0.35687814579238253
19.599999999999987,0.39298531288808375
19.799999999999986,0.43317850368099375
19.999999999999986,0.47802770028037744
20.199999999999985,0.5282152780893069
20.399999999999984,0.5842707199193803
20.599999999999984,0.6476271368834664
20.799999999999983,0.7188964129024156
20.999999999999982,0.7997556602736103
21.19999999999998,0.88961800258411
21.39999999999998,0.9943139303977322
21.59999999999998,1.1145392318446135
21.79999999999998,1.2534858059509344
21.99999999999998,1.4142060985874303
22.199999999999978,1.6017550937227492
22.399999999999977,1.8214019937986665
22.599999999999977,2.0681767834689495
22.799999999999976,2.3647175910932923
22.999999999999975,2.720099498904046
23.199999999999974,3.142083106193074
23.399999999999974,3.6444665623449644
23.599999999999973,4.243874889594781
23.799999999999972,4.960319414137595
23.99999999999997,5.817869074877591
24.19999999999997,6.823437435110281
24.39999999999997,8.049671243744303
24.59999999999997,9.521192412384929
24.79999999999997,11.287961126949352
24.999999999999968,13.410009518518917
25.199999999999967,15.959484686005291
25.399999999999967,19.02309337222255
25.599999999999966,22.705051596501526
25.799999999999965,27.130626980775133
25.999999999999964,32.45039403895532
26.199999999999964,38.84536072980153
26.399999999999963,46.533136141103405
26.599999999999962,55.775305764561885
26.79999999999996,66.88636638325764
26.99999999999996,80.24439412285207
