mags_ab,pos_errs_mas
16.0,0.18540311207881832
16.2,0.1996446116375298
16.4,0.1816323403156634
16.599999999999998,0.18765739641384485
16.799999999999997,0.2057992949686082
16.999999999999996,0.2258248164075633
17.199999999999996,0.2479645467267097
17.399999999999995,0.27246675724800956
17.599999999999994,0.29962067952376475
17.799999999999994,0.32976259392125956
17.999999999999993,0.36328264612199884
18.199999999999992,0.4005734395707168
18.39999999999999,0.4419497324854262
18.59999999999999,0.488468039611758
18.79999999999999,0.5407226978103706
18.99999999999999,0.5996499551455571
19.19999999999999,0.666248470060371
19.399999999999988,0.7419337570273027
19.599999999999987,0.8266925225612464
19.799999999999986,0.9248305431198585
19.999999999999986,1.0379095340728404
20.199999999999985,1.1687775930172033
20.399999999999984,1.3209763862028163
20.599999999999984,1.497463556351744
20.799999999999983,1.7055447915205815
20.999999999999982,1.9506626655473047
21.19999999999998,2.2262070717785596
21.39999999999998,2.5660978801995555
21.59999999999998,2.970232976714481
21.79999999999998,3.451910350185598
21.99999999999998,4.02714577308335
22.199999999999978,4.715207805369001
22.399999999999977,5.490643224638872
22.599999999999977,6.446678004653959
22.799999999999976,7.612682012149664
22.999999999999975,9.012206707176876
23.199999999999974,10.692782532817652
23.399999999999974,12.666797036026935
23.599999999999973,15.081947774559135
23.799999999999972,17.98427875129782
23.99999999999997,21.47252124181593
24.19999999999997,25.665356843302742
24.39999999999997,30.705445779960858
24.59999999999997,36.76428129881219
24.79999999999997,44.04803008525461
24.999999999999968,52.80453832281705
25.199999999999967,63.331771343484995
25.399999999999967,75.98794940848602
25.599999999999966,91.20373260404446
25.799999999999965,109.49689822413004
25.999999999999964,131.48992015330126
26.199999999999964,157.93117063384886
26.399999999999963,189.7204222204224
26.599999999999962,227.93939432524644
26.79999999999996,273.88860689959284
26.99999999999996,329.13160325638404
