mags_ab,pos_errs_mas
16.0,inf
16.2,inf
16.4,0.261148338390859
16.599999999999998,0.2857766344806348
16.799999999999997,0.302417681351206
16.999999999999996,0.20838857668419425
17.199999999999996,0.22565268654343723
17.399999999999995,0.23840335032991772
17.599999999999994,0.2568897921242188
17.799999999999994,0.27517705653996505
17.999999999999993,0.1858603429094328
18.199999999999992,0.2021134200232093
18.39999999999999,0.21868522455973202
18.59999999999999,0.2368362116297867
18.79999999999999,0.18588129664671732
18.99999999999999,0.20251981222173016
19.19999999999999,0.22072635686918587
19.399999999999988,0.20398393942222584
19.599999999999987,0.19887155495807365
19.799999999999986,0.2168908247106187
19.999999999999986,0.23794870339388527
20.199999999999985,0.261311450132108
20.399999999999984,0.28718282202087647
20.599999999999984,0.31578467009601474
20.799999999999983,0.347541691470699
20.999999999999982,0.3828662584778681
21.19999999999998,0.4222481458990776
21.39999999999998,0.4662796951738959
21.59999999999998,0.5156568132978728
21.79999999999998,0.5712442089790734
21.99999999999998,0.6338604983752696
22.199999999999978,0.7052527470748136
22.399999999999977,0.7859144027847923
22.599999999999977,0.8781813993317494
22.799999999999976,0.9841385883514019
22.999999999999975,1.1065247927084039
23.199999999999974,1.2479055601747566
23.399999999999974,1.4115408770685511
23.599999999999973,1.6035962180780314
23.799999999999972,1.830252241364046
23.99999999999997,2.097290671891121
24.19999999999997,2.4135094863224804
24.39999999999997,2.7859257748235655
24.59999999999997,3.2202437304653744
24.79999999999997,3.749261538940931
24.999999999999968,4.381531964900634
25.199999999999967,5.1382917059361555
25.399999999999967,6.045071363102532
25.599999999999966,7.1325563936076835
25.799999999999965,8.437620026299557
25.999999999999964,10.004572370434296
26.199999999999964,11.886659615566343
26.399999999999963,14.12285681056768
26.599999999999962,16.833297040938188
26.79999999999996,20.090795622127427
26.99999999999996,24.006175266727922
