mags_ab,pos_errs_mas
16.0,0.19930211020952082
16.2,0.21440903050314067
16.4,0.18284170509082748
16.599999999999998,0.17995453277559645
16.799999999999997,0.19719853043950603
16.999999999999996,0.21620638953160526
17.199999999999996,0.23716804547865816
17.399999999999995,0.2603045965907969
17.599999999999994,0.2858496473476428
17.799999999999994,0.3137889047927213
17.999999999999993,0.34487863213944725
18.199999999999992,0.37930567006528443
18.39999999999999,0.41748876418364284
18.59999999999999,0.4599182796295696
18.79999999999999,0.5071354929207681
18.99999999999999,0.5598762501239559
19.19999999999999,0.6173358650754297
19.399999999999988,0.6821791967169262
19.599999999999987,0.7527845609811071
19.799999999999986,0.8334616783890985
19.999999999999986,0.9256556953435803
20.199999999999985,1.0301911052975157
20.399999999999984,1.149312675122746
20.599999999999984,1.2829903259717281
20.799999999999983,1.4385590331103715
20.999999999999982,1.5880202189191595
21.19999999999998,1.7783401056456345
21.39999999999998,2.006747513923007
21.59999999999998,2.27267895583451
21.79999999999998,2.5843836682633943
21.99999999999998,2.950278064731949
22.199999999999978,3.3819289371290933
22.399999999999977,3.7887793715481997
22.599999999999977,4.323378377825697
22.799999999999976,4.9981039257071
22.999999999999975,5.801921583186044
23.199999999999974,6.761344616764369
23.399999999999974,7.908449178520894
23.599999999999973,9.281810460411737
23.799999999999972,10.846651680954233
23.99999999999997,12.577143002085291
24.19999999999997,14.864837016927737
24.39999999999997,17.61114850736958
24.59999999999997,20.90937255619133
24.79999999999997,24.871630630486045
24.999999999999968,29.63266507286782
25.199999999999967,35.17285098120983
25.399999999999967,42.0050790745379
25.599999999999966,50.21747938503224
25.799999999999965,60.08948430851172
25.999999999999964,71.95699942958665
26.199999999999964,86.22383827126956
26.399999999999963,103.37547766335754
26.599999999999962,123.99554359378486
26.79999999999996,148.7857024258999
26.99999999999996,178.58949144193076
