mags_ab,pos_errs_mas
16.0,0.2374313167120413
16.2,0.25754129675439646
16.4,0.27932568011883147
16.599999999999998,0.21111715189614289
16.799999999999997,0.2289693271588949
16.999999999999996,0.24884180182934076
17.199999999999996,0.2058579494991541
17.399999999999995,0.2242501770755804
17.599999999999994,0.19808809156478044
17.799999999999994,0.21603324743890706
17.999999999999993,0.23547065641061965
18.199999999999992,0.2137885356079442
18.39999999999999,0.20456003122834807
18.59999999999999,0.22331833071364482
18.79999999999999,0.2085913289520476
18.99999999999999,0.21717470687720403
19.19999999999999,0.22214817958278016
19.399999999999988,0.24330552985466994
19.599999999999987,0.2666665211150897
19.799999999999986,0.2924058434229865
19.999999999999986,0.32077049373784394
20.199999999999985,0.35211817142646357
20.399999999999984,0.3867595732096698
20.599999999999984,0.42500314241922543
20.799999999999983,0.46739849047201776
20.999999999999982,0.5144320822735509
21.19999999999998,0.5665673316604964
21.39999999999998,0.6245173658132706
21.59999999999998,0.6892247771004296
21.79999999999998,0.762196261939827
21.99999999999998,0.8432661673196847
22.199999999999978,0.9342690601246145
22.399999999999977,1.036479528746225
22.599999999999977,1.152808633022373
22.799999999999976,1.2845991305025668
22.999999999999975,1.4350304178887219
23.199999999999974,1.6090758027689673
23.399999999999974,1.8082687992584472
23.599999999999973,2.0377218156022314
23.799999999999972,2.306107024208573
23.99999999999997,2.6187362960848297
24.19999999999997,2.983588112899291
24.39999999999997,3.4168293399868332
24.59999999999997,3.926456823649674
24.79999999999997,4.530498313480836
24.999999999999968,5.252366573816276
25.199999999999967,6.102531245689171
25.399999999999967,7.125395800522605
25.599999999999966,8.349261370941722
25.799999999999965,9.815379382930429
25.999999999999964,11.573330316982414
26.199999999999964,13.682697021495233
26.399999999999963,16.215079260832606
26.599999999999962,19.256512455748222
26.79999999999996,22.91039434972651
26.99999999999996,27.264237392953248
