mags_ab,pos_errs_mas
16.0,inf
16.2,inf
16.4,inf
16.599999999999998,inf
16.799999999999997,0.23426648051684268
16.999999999999996,0.2465923995548974
17.199999999999996,0.2616308485762161
17.399999999999995,0.2685420567501229
17.599999999999994,0.19731661709572443
17.799999999999994,0.21269628459441628
17.999999999999993,0.22808405836510254
18.199999999999992,0.24651274253903546
18.39999999999999,0.2629444405636854
18.59999999999999,0.21600058066728614
18.79999999999999,0.2069634729293645
18.99999999999999,0.22695733703330487
19.19999999999999,0.2490590811943361
19.399999999999988,0.2734738009258332
19.599999999999987,0.3004823019482517
19.799999999999986,0.3303417362573812
19.999999999999986,0.36351705736331014
20.199999999999985,0.4004759274184853
20.399999999999984,0.4416884914953705
20.599999999999984,0.48776393125323253
20.799999999999983,0.5391148185719346
20.999999999999982,0.595897091030982
21.19999999999998,0.6608388850646176
21.39999999999998,0.7340393467446641
21.59999999999998,0.817399127743062
21.79999999999998,0.9112298530508418
21.99999999999998,1.016827837422044
22.199999999999978,1.1390935069854893
22.399999999999977,1.2822299784590054
22.599999999999977,1.4485708252778555
22.799999999999976,1.639234866025047
22.999999999999975,1.8522404091585019
23.199999999999974,2.0976154555486337
23.399999999999974,2.4022914056453284
23.599999999999973,2.7628472734044855
23.799999999999972,3.19099619506053
23.99999999999997,3.7006782891778944
24.19999999999997,4.307503015206456
24.39999999999997,5.033969076192494
24.59999999999997,5.899895320114616
24.79999999999997,6.9409455610424855
24.999999999999968,8.1249875877891
25.199999999999967,9.606790692030936
25.399999999999967,11.31511649985953
25.599999999999966,13.395286525010318
25.799999999999965,15.884707928548545
25.999999999999964,18.925091426889086
26.199999999999964,22.578986155630965
26.399999999999963,26.970700745597593
26.599999999999962,31.720259272848015
26.79999999999996,37.954323438333205
26.99999999999996,45.448513394737894
