mags_ab,pos_errs_mas
16.0,0.2608794017420646
16.2,0.15473166982189085
16.4,0.1678712702690043
16.599999999999998,0.17739629045554256
16.799999999999997,0.14535080785089222
16.999999999999996,0.15847379053600194
17.199999999999996,0.16416776822689202
17.399999999999995,0.1753128768746922
17.599999999999994,0.14522939853197286
17.799999999999994,0.15609774401386237
17.999999999999993,0.14441840847052095
18.199999999999992,0.15773589192710616
18.39999999999999,0.1723392038278093
18.59999999999999,0.16231552794047469
18.79999999999999,0.16563159135996575
18.99999999999999,0.16909358847893374
19.19999999999999,0.1787047478229975
19.399999999999988,0.19604380812902847
19.599999999999987,0.2152274336234214
19.799999999999986,0.23647649103222584
19.999999999999986,0.260044704358237
20.199999999999985,0.286226677959695
20.399999999999984,0.3156865947216055
20.599999999999984,0.34838615005026247
20.799999999999983,0.38479400674753167
20.999999999999982,0.42564583953491636
21.19999999999998,0.47164258795261027
21.39999999999998,0.5236302498097842
21.59999999999998,0.5826344637278171
21.79999999999998,0.6503742347246698
21.99999999999998,0.7283541806791587
22.199999999999978,0.8174441295122616
22.399999999999977,0.9200542113465855
22.599999999999977,1.039286770683934
22.799999999999976,1.1784917640547676
22.999999999999975,1.3417441308036144
23.199999999999974,1.5339915624822567
23.399999999999974,1.7628541448523987
23.599999999999973,2.03233284928553
23.799999999999972,2.352783793814149
23.99999999999997,2.7347572130986113
24.19999999999997,3.1909578752513923
24.39999999999997,3.7366715126661947
24.59999999999997,4.390277586714213
24.79999999999997,5.1738691893089435
24.999999999999968,6.113995548414839
25.199999999999967,7.242560290758456
25.399999999999967,8.59790124717806
25.599999999999966,10.22608943921546
25.799999999999965,12.182494407945393
25.999999999999964,14.53366254376765
26.199999999999964,17.359580428147673
26.399999999999963,20.75639767498566
26.599999999999962,24.839690794644422
26.79999999999996,29.74840161743062
26.99999999999996,35.64955503611421
