mags_ab,pos_errs_mas
16.0,0.20953762938584594
16.2,0.2252344760758924
16.4,0.24367933575416234
16.599999999999998,0.26079580589206824
16.799999999999997,0.2793258444625485
16.999999999999996,0.2992643441291839
17.199999999999996,0.1884346659750298
17.399999999999995,0.204352502030824
17.599999999999994,0.22130311495124846
17.799999999999994,0.23926168651753354
17.999999999999993,0.19426685895264276
18.199999999999992,0.21165216103269704
18.39999999999999,0.1972002355729626
18.59999999999999,0.20052555772549366
18.79999999999999,0.21974632402191047
18.99999999999999,0.24090051182240663
19.19999999999999,0.26424521707509396
19.399999999999988,0.2900281500430406
19.599999999999987,0.31851582113561755
19.799999999999986,0.3500329280861407
19.999999999999986,0.38493508150719224
20.199999999999985,0.4236332723944845
20.399999999999984,0.46659436698610374
20.599999999999984,0.51443304005815
20.799999999999983,0.5678550264633971
20.999999999999982,0.6274652663620157
21.19999999999998,0.6950248387326914
21.39999999999998,0.770254334076755
21.59999999999998,0.8551276568987118
21.79999999999998,0.951825616601839
21.99999999999998,1.0603727023162324
22.199999999999978,1.1837105170259528
22.399999999999977,1.3258276065716186
22.599999999999977,1.4910197094891862
22.799999999999976,1.6826282557077756
22.999999999999975,1.9042300170043125
23.199999999999974,2.165378198886353
23.399999999999974,2.466701682400152
23.599999999999973,2.8276680177203835
23.799999999999972,3.250617486025647
23.99999999999997,3.7430904679057697
24.19999999999997,4.324908521267879
24.39999999999997,5.035558406299822
24.59999999999997,5.864097040908801
24.79999999999997,6.874054516685318
24.999999999999968,8.08407046195736
25.199999999999967,9.535078850058602
25.399999999999967,11.276268341623412
25.599999999999966,13.366748543801826
25.799999999999965,15.877551202422223
25.999999999999964,18.89403455427358
26.199999999999964,22.51878707177035
26.399999999999963,26.875114716712893
26.599999999999962,32.00888167034762
26.79999999999996,38.279098027575486
26.99999999999996,45.816551639450445
