mags_ab,pos_errs_mas
16.0,0.1734419431547642
16.2,0.16907204855664737
16.4,0.18365089108743807
16.599999999999998,0.1511922658865141
16.799999999999997,0.16104603449673882
16.999999999999996,0.17574496976252885
17.199999999999996,0.14547298720011914
17.399999999999995,0.1525295215173737
17.599999999999994,0.16239937546877656
17.799999999999994,0.14969076779493232
17.999999999999993,0.1627279887043918
18.199999999999992,0.156652439663205
18.39999999999999,0.16215283677270872
18.59999999999999,0.17264255160854322
18.79999999999999,0.18539806863751304
18.99999999999999,0.1988545605729344
19.19999999999999,0.21992863264473297
19.399999999999988,0.24376312081851134
19.599999999999987,0.27085570927017494
19.799999999999986,0.30163956469032005
19.999999999999986,0.3368646802586771
20.199999999999985,0.3773618862373912
20.399999999999984,0.42414515566158023
20.599999999999984,0.4785761247821973
20.799999999999983,0.5423518670089
20.999999999999982,0.6166116040789987
21.19999999999998,0.7039740315111388
21.39999999999998,0.8071439782531963
21.59999999999998,0.9293946720458208
21.79999999999998,1.0751411991611912
21.99999999999998,1.2482639955901114
22.199999999999978,1.454937659871949
22.399999999999977,1.7020756567167923
22.599999999999977,1.9979919777882118
22.799999999999976,2.3526808121388423
22.999999999999975,2.778153522611755
23.199999999999974,3.2888435482515646
23.399999999999974,3.902095735445819
23.599999999999973,4.638752682546603
23.799999999999972,5.523863486611153
23.99999999999997,6.5875328266443764
24.19999999999997,7.865946694151133
24.39999999999997,9.402600200336908
24.59999999999997,11.249777391343853
24.79999999999997,13.470331534386167
24.999999999999968,16.139821246019906
25.199999999999967,19.349082777622176
25.399999999999967,23.207320366797294
25.599999999999966,27.845820443687142
25.799999999999965,33.42242612992816
25.999999999999964,40.126896077762915
26.199999999999964,48.187368104279685
26.399999999999963,57.878132717944474
26.599999999999962,69.52894555916609
26.79999999999996,83.53626235896967
26.99999999999996,100.3767187071589
