mags_ab,pos_errs_mas
16.0,inf
16.2,0.3105862639746061
16.4,0.3262489896309627
16.599999999999998,0.34499285722397366
16.799999999999997,0.36558473015178333
16.999999999999996,0.3872306039577279
17.199999999999996,0.39472524510472456
17.399999999999995,0.2637202534163468
17.599999999999994,0.2831120216913005
17.799999999999994,0.30461060317921634
17.999999999999993,0.3261363687289088
18.199999999999992,0.3492256173860935
18.39999999999999,0.2527488003121295
18.59999999999999,0.27152123638814896
18.79999999999999,0.2976230024508324
18.99999999999999,0.32642278367867095
19.19999999999999,0.35820063041283223
19.399999999999988,0.39339554772726393
19.599999999999987,0.432274137301494
19.799999999999986,0.47544739624939203
19.999999999999986,0.5230394939330244
20.199999999999985,0.5762459176947592
20.399999999999984,0.6349172882983526
20.599999999999984,0.7005711718871782
20.799999999999983,0.7744166364486981
20.999999999999982,0.8557404349031403
21.19999999999998,0.9484245994163244
21.39999999999998,1.0526006314503606
21.59999999999998,1.1694193869427145
21.79999999999998,1.3019680276228616
21.99999999999998,1.4521557794461746
22.199999999999978,1.627580956338745
22.399999999999977,1.8183796398858336
22.599999999999977,2.0457909093987467
22.799999999999976,2.3124958582614545
22.999999999999975,2.6184114803322194
23.199999999999974,2.9823147305997058
23.399999999999974,3.400645561514661
23.599999999999973,3.9053659542045613
23.799999999999972,4.502710439082493
23.99999999999997,5.194723444395491
24.19999999999997,6.022678147618032
24.39999999999997,6.967904527458973
24.59999999999997,8.104236682909605
24.79999999999997,9.509853583535339
24.999999999999968,11.194418327597162
25.199999999999967,13.117832049162626
25.399999999999967,15.520284390104598
25.599999999999966,18.40490737894322
25.799999999999965,21.64021422038909
25.999999999999964,25.628542914497054
26.199999999999964,30.538873434800546
26.399999999999963,36.44013704286619
26.599999999999962,43.32063818329208
26.79999999999996,51.799845037933316
26.99999999999996,61.99266433786871
