mags_ab,pos_errs_mas
16.0,inf
16.2,0.3080969695222502
16.4,0.3277649701418256
16.599999999999998,0.34786518091654617
16.799999999999997,0.37000525368781484
16.999999999999996,0.26638542151194533
17.199999999999996,0.28682000832356597
17.399999999999995,0.3092993883636684
17.599999999999994,0.33138107571048425
17.799999999999994,0.35520508213502844
17.999999999999993,0.3778756777659675
18.199999999999992,0.2688423770958346
18.39999999999999,0.2911474761047469
18.59999999999999,0.25304424953398513
18.79999999999999,0.2728225421355493
18.99999999999999,0.29907962530333493
19.19999999999999,0.3280869524622723
19.399999999999988,0.36008694397409585
19.599999999999987,0.3955275476405476
19.799999999999986,0.4347311433099231
19.999999999999986,0.47823796036906113
20.199999999999985,0.5263272523052676
20.399999999999984,0.5800475878275686
20.599999999999984,0.6394178675471526
20.799999999999983,0.7059876105071905
20.999999999999982,0.7808042058215917
21.19999999999998,0.8643625205066507
21.39999999999998,0.9580544024789679
21.59999999999998,1.0647470203361613
21.79999999999998,1.1844748219098935
21.99999999999998,1.3217230612073139
22.199999999999978,1.4770327518196118
22.399999999999977,1.6555957853951049
22.599999999999977,1.862185312444897
22.799999999999976,2.097553226767332
22.999999999999975,2.373871682025192
23.199999999999974,2.69709110454601
23.399999999999974,3.0806915793345837
23.599999999999973,3.5265666602654435
23.799999999999972,4.061411740745647
23.99999999999997,4.685623506714933
24.19999999999997,5.439700701923287
24.39999999999997,6.322764467300607
24.59999999999997,7.347749740873278
24.79999999999997,8.61658977572827
24.999999999999968,10.136948651018832
25.199999999999967,11.960273501105727
25.399999999999967,14.1483865581417
25.599999999999966,16.775577975478004
25.799999999999965,19.931124588067163
25.999999999999964,23.722308896075965
26.199999999999964,28.2780696098421
26.399999999999963,33.62180072241133
26.599999999999962,40.17157302147599
26.79999999999996,48.044694922046254
26.99999999999996,57.50904585980033
