mags_ab,pos_errs_mas
16.0,0.21290166120776047
16.2,0.22374880468014444
16.4,0.24152610434936678
16.599999999999998,0.26087533268874624
16.799999999999997,0.2794461443490465
16.999999999999996,0.3017977223795394
17.199999999999996,0.17083336293043275
17.399999999999995,0.18558742003203632
17.599999999999994,0.19953969301215557
17.799999999999994,0.2153231419564479
17.999999999999993,0.23258087299890484
18.199999999999992,0.25108020622189914
18.39999999999999,0.17130007397563599
18.59999999999999,0.18675741765943243
18.79999999999999,0.1596599789687859
18.99999999999999,0.17423041332787012
19.19999999999999,0.16450765791846397
19.399999999999988,0.1796740236810248
19.599999999999987,0.19630360077108616
19.799999999999986,0.18435997057565848
19.999999999999986,0.17816492406780265
20.199999999999985,0.18773439875274509
20.399999999999984,0.19653251450383263
20.599999999999984,0.21563170648086677
20.799999999999983,0.2368474066818067
20.999999999999982,0.26025399245643666
21.19999999999998,0.28619489798066966
21.39999999999998,0.3150897514277448
21.59999999999998,0.34723627597425616
21.79999999999998,0.3830626474647831
21.99999999999998,0.42315587399771776
22.199999999999978,0.4682950273795131
22.399999999999977,0.5194499934943123
22.599999999999977,0.5767897326700769
22.799999999999976,0.6425194196776044
22.999999999999975,0.7167919368865511
23.199999999999974,0.8018840526825574
23.399999999999974,0.8998438330268421
23.599999999999973,1.0131835775500653
23.799999999999972,1.1449568010631725
23.99999999999997,1.2988673194127063
24.19999999999997,1.4795393058529274
24.39999999999997,1.694544432679998
24.59999999999997,1.9461476363287995
24.79999999999997,2.2443260487418817
24.999999999999968,2.5989721997410706
25.199999999999967,3.0221682363590037
25.399999999999967,3.5282981615934674
25.599999999999966,4.131923907564059
25.799999999999965,4.854905010655674
25.999999999999964,5.72167983607309
26.199999999999964,6.7616165084486894
26.399999999999963,8.01000805436611
26.599999999999962,9.509262073299388
26.79999999999996,11.310342963701665
26.99999999999996,13.474497467147552
