mags_ab,pos_errs_mas
16.0,0.21356248422941382
16.2,0.16592860190145126
16.4,0.1779930523417979
16.599999999999998,0.19210301086582332
16.799999999999997,0.15430954454430384
16.999999999999996,0.16484935342880577
17.199999999999996,0.17682733406366855
17.399999999999995,0.15341746514694826
17.599999999999994,0.16730662839389854
17.799999999999994,0.15711171389267448
17.999999999999993,0.1714843289970126
18.199999999999992,0.1662377844123643
18.39999999999999,0.16668747891220026
18.59999999999999,0.171383366666213
18.79999999999999,0.1762220677137503
18.99999999999999,0.18927131934450633
19.19999999999999,0.20736638563729284
19.399999999999988,0.22730519538433674
19.599999999999987,0.24928296179712994
19.799999999999986,0.27369104946091105
19.999999999999986,0.30049592763032196
20.199999999999985,0.33001714820231143
20.399999999999984,0.36264581037822063
20.599999999999984,0.39875729698482343
20.799999999999983,0.4387836333262854
20.999999999999982,0.4832302670057312
21.19999999999998,0.5329394809206207
21.39999999999998,0.5885813351857148
21.59999999999998,0.650103655199718
21.79999999999998,0.7189659502060691
21.99999999999998,0.7959877310730191
22.199999999999978,0.8831827845117117
22.399999999999977,0.9819804489680214
22.599999999999977,1.094397764768941
22.799999999999976,1.2229082993182296
22.999999999999975,1.3712089575594348
23.199999999999974,1.5405848523569237
23.399999999999974,1.7340168547985093
23.599999999999973,1.9613476586962155
23.799999999999972,2.2269841091075215
23.99999999999997,2.53894661486101
24.19999999999997,2.902766306691009
24.39999999999997,3.3351324032435996
24.59999999999997,3.849533786672068
24.79999999999997,4.4619140721471355
24.999999999999968,5.185594856371809
25.199999999999967,6.054744149575379
25.399999999999967,7.094685227888772
25.599999999999966,8.318520004031933
25.799999999999965,9.796842995043304
25.999999999999964,11.578674306533687
26.199999999999964,13.717706727398717
26.399999999999963,16.286609832389022
26.599999999999962,19.37270603112727
26.79999999999996,23.080946241060524
26.99999999999996,27.537464029422345
