mags_ab,pos_errs_mas
16.0,0.24243895760467
16.2,0.2572327193542586
16.4,0.26361540713484943
16.599999999999998,0.2686979509706192
16.799999999999997,0.1923193217414315
16.999999999999996,0.20827167756437762
17.199999999999996,0.2235259614732477
17.399999999999995,0.19951740353326636
17.599999999999994,0.19751996349600023
17.799999999999994,0.21652714413153126
17.999999999999993,0.23747866408657417
18.199999999999992,0.26060328620605744
18.39999999999999,0.2861432255569255
18.59999999999999,0.3143777495521664
18.79999999999999,0.3456265177673228
18.99999999999999,0.3803484036797508
19.19999999999999,0.41893406167202973
19.399999999999988,0.46131308930110254
19.599999999999987,0.5086678594635893
19.799999999999986,0.561896343824393
19.999999999999986,0.6208838720609503
20.199999999999985,0.6876971073937158
20.399999999999984,0.7612343405052517
20.599999999999984,0.8448816517074603
20.799999999999983,0.9408831674424891
20.999999999999982,1.0502311234989132
21.19999999999998,1.1726819683778313
21.39999999999998,1.3029411973149978
21.59999999999998,1.4589370704479567
21.79999999999998,1.641419765829102
21.99999999999998,1.8530230885296342
22.199999999999978,2.103398720394501
22.399999999999977,2.3972766026224845
22.599999999999977,2.7345573053226553
22.799999999999976,3.1079129105972383
22.999999999999975,3.5801298423283368
23.199999999999974,4.14121187200306
23.399999999999974,4.755988089299612
23.599999999999973,5.508273725646572
23.799999999999972,6.437512285268751
23.99999999999997,7.526220798044302
24.19999999999997,8.852997902239158
24.39999999999997,10.444109464684013
24.59999999999997,12.141449805174167
24.79999999999997,14.285725424625923
24.999999999999968,16.952504841422055
25.199999999999967,20.155971306584405
25.399999999999967,24.005056737388653
25.599999999999966,28.630679801679463
25.799999999999965,34.190204827290636
25.999999999999964,40.872782459368004
26.199999999999964,48.90578241075305
26.399999999999963,58.562549930062325
26.599999999999962,70.17166774347072
26.79999999999996,83.67138113291324
26.99999999999996,100.34600968180828
