mags_ab,pos_errs_mas
16.0,0.20622524956538354
16.2,0.2240500122754383
16.4,0.172092116360379
16.599999999999998,0.18446654786910094
16.799999999999997,0.19966372243298927
16.999999999999996,0.2159303456171417
17.199999999999996,0.16905166289201182
17.399999999999995,0.1833863366995277
17.599999999999994,0.1611022693362379
17.799999999999994,0.17559354124415358
17.999999999999993,0.19143448646203806
18.199999999999992,0.17098188549116866
18.39999999999999,0.1865628045232063
18.59999999999999,0.20363369580895424
18.79999999999999,0.17996234590461488
18.99999999999999,0.1965748487083467
19.19999999999999,0.18733419605807206
19.399999999999988,0.18238140131456068
19.599999999999987,0.19831380091011688
19.799999999999986,0.21746014406797554
19.999999999999986,0.238521122399998
20.199999999999985,0.2617448459660257
20.399999999999984,0.28740781708050694
20.599999999999984,0.31578603968347296
20.799999999999983,0.34721292985007446
20.999999999999982,0.38203745108756465
21.19999999999998,0.4207281792154481
21.39999999999998,0.46409724802759705
21.59999999999998,0.5121070017406207
21.79999999999998,0.5658178271952137
21.99999999999998,0.6266657414526557
22.199999999999978,0.6945235923362151
22.399999999999977,0.7711429922941178
22.599999999999977,0.8580189192862337
22.799999999999976,0.9569445154705223
22.999999999999975,1.070121308371261
23.199999999999974,1.2004730878979748
23.399999999999974,1.3511914577608473
23.599999999999973,1.5253402695826408
23.799999999999972,1.7281272842396573
23.99999999999997,1.965697562447369
24.19999999999997,2.245196688041074
24.39999999999997,2.575287493697643
24.59999999999997,2.9664515825433906
24.79999999999997,3.4313495592575705
24.999999999999968,3.985248762892212
25.199999999999967,4.646538537261951
25.399999999999967,5.437347451528074
25.599999999999966,6.384285383312453
25.799999999999965,7.512454439485819
25.999999999999964,8.870504890484295
26.199999999999964,10.50051008411907
26.399999999999963,12.457829566442886
26.599999999999962,14.808984407456313
26.79999999999996,17.633921604293487
26.99999999999996,21.02872231958171
