mags_ab,pos_errs_mas
16.0,inf
16.2,0.3114193020044968
16.4,0.32600803381019916
16.599999999999998,0.34534697390584984
16.799999999999997,0.36598567147404926
16.999999999999996,0.3876845201140842
17.199999999999996,0.263622623313762
17.399999999999995,0.28411669803945944
17.599999999999994,0.30460302896831676
17.799999999999994,0.32691914008259215
17.999999999999993,0.3485629783456167
18.199999999999992,0.2667182037696285
18.39999999999999,0.25598139555537136
18.59999999999999,0.28043021542352875
18.79999999999999,0.30741810769746114
18.99999999999999,0.33715771074252265
19.19999999999999,0.36999807757186215
19.399999999999988,0.4063477654396517
19.599999999999987,0.44647218955423873
19.799999999999986,0.4908521115067226
19.999999999999986,0.54005745965028
20.199999999999985,0.5943474708594741
20.399999999999984,0.6549054486092438
20.599999999999984,0.722710276685783
20.799999999999983,0.7977962559499749
20.999999999999982,0.881695579876067
21.19999999999998,0.9760537669655429
21.39999999999998,1.081345934394364
21.59999999999998,1.2001843668471037
21.79999999999998,1.3336404251707032
21.99999999999998,1.4885301907611865
22.199999999999978,1.6617980950142859
22.399999999999977,1.8541243225092277
22.599999999999977,2.082681912457322
22.799999999999976,2.3444882609072226
22.999999999999975,2.647085620046156
23.199999999999974,2.998719025171042
23.399999999999974,3.419280820878938
23.599999999999973,3.8934135625889246
23.799999999999972,4.4647482774100204
23.99999999999997,5.150812179331528
24.19999999999997,5.895929426222148
24.39999999999997,6.847834153156292
24.59999999999997,7.956938524941955
24.79999999999997,9.308457607497527
24.999999999999968,10.9266481651639
25.199999999999967,12.815056999620682
25.399999999999967,15.12820011990562
25.599999999999966,17.786384214670683
25.799999999999965,21.0903454325977
25.999999999999964,25.058795073676194
26.199999999999964,29.826656799398148
26.399999999999963,35.55609507864702
26.599999999999962,42.442005395015435
26.79999999999996,50.71866432240795
26.99999999999996,60.369039946759244
