mags_ab,pos_errs_mas
16.0,0.23815688477236713
16.2,0.25877435692847245
16.4,0.28005929753306263
16.599999999999998,0.3013885991868297
16.799999999999997,0.32517073184502104
16.999999999999996,0.35112350607437665
17.199999999999996,0.3763507033677291
17.399999999999995,0.212298443785007
17.599999999999994,0.22943097792136335
17.799999999999994,0.24893423527898081
17.999999999999993,0.269733858576218
18.199999999999992,0.21003931669211098
18.39999999999999,0.22873147752600667
18.59999999999999,0.24932165922423746
18.79999999999999,0.20206524873196732
18.99999999999999,0.2205038419750871
19.19999999999999,0.19890650258444736
19.399999999999988,0.21728195013182633
19.599999999999987,0.23747667099181488
19.799999999999986,0.21495077215347616
19.999999999999986,0.2141217902345174
20.199999999999985,0.22220597724487431
20.399999999999984,0.22088112469716004
20.599999999999984,0.2430755706780713
20.799999999999983,0.26791052117967223
20.999999999999982,0.29572575584594335
21.19999999999998,0.32697761379306967
21.39999999999998,0.36223900746934873
21.59999999999998,0.40227677443480775
21.79999999999998,0.4477055834252539
21.99999999999998,0.4999177968425777
22.199999999999978,0.5595078771668228
22.399999999999977,0.628417589544408
22.599999999999977,0.7080693666778188
22.799999999999976,0.8011033520100285
22.999999999999975,0.9104521414477691
23.199999999999974,1.0379603304288467
23.399999999999974,1.1883384807981725
23.599999999999973,1.3663189884046492
23.799999999999972,1.5776222097253787
23.99999999999997,1.829150287968816
24.19999999999997,2.1292212655378306
24.39999999999997,2.487847701514648
24.59999999999997,2.917072909348622
24.79999999999997,3.4313767036677785
24.999999999999968,4.0513223808565595
25.199999999999967,4.791617014889475
25.399999999999967,5.680443082162932
25.599999999999966,6.748002414976832
25.799999999999965,8.030590196300732
25.999999999999964,9.571826566664585
26.199999999999964,11.424139915093226
26.399999999999963,13.650550258619218
26.599999999999962,16.326807389362834
26.79999999999996,19.54397565657923
26.99999999999996,23.411522134708626
