mags_ab,pos_errs_mas
16.0,0.2110358083249404
16.2,0.22494935221041787
16.4,0.24115291000732386
16.599999999999998,0.17045590774099695
16.799999999999997,0.18175084670399913
16.999999999999996,0.19738181247941908
17.199999999999996,0.2125338611897392
17.399999999999995,0.1657112528216521
17.599999999999994,0.17955665524807154
17.799999999999994,0.19455827135879483
17.999999999999993,0.211052600143792
18.199999999999992,0.22965150088147565
18.39999999999999,0.16846590446017434
18.59999999999999,0.18373097282115256
18.79999999999999,0.20042706595252377
18.99999999999999,0.17529397674887803
19.19999999999999,0.16780307627879495
19.399999999999988,0.1835071423736721
19.599999999999987,0.18355757918836058
19.799999999999986,0.18825091347394848
19.999999999999986,0.188472083584405
20.199999999999985,0.2039614706104881
20.399999999999984,0.22454514877334314
20.599999999999984,0.2476233625779181
20.799999999999983,0.27335625358248977
20.999999999999982,0.30226714759078255
21.19999999999998,0.33488705683053027
21.39999999999998,0.3718554260699329
21.59999999999998,0.4137666481939343
21.79999999999998,0.46166392583217336
21.99999999999998,0.5165163836628094
22.199999999999978,0.5797169546228483
22.399999999999977,0.6536189724130984
22.599999999999977,0.7393517460295329
22.799999999999976,0.8389295816198893
22.999999999999975,0.9558165807959743
23.199999999999974,1.0935771860956496
23.399999999999974,1.256529429407501
23.599999999999973,1.4498937571959285
23.799999999999972,1.6799714882906858
23.99999999999997,1.9543572726111471
24.19999999999997,2.2821947912858427
24.39999999999997,2.67448356472327
24.59999999999997,3.1464477888392355
24.79999999999997,3.7100269957078558
24.999999999999968,4.386275295882879
25.199999999999967,5.198147150467786
25.399999999999967,6.173226509826522
25.599999999999966,7.344661240175333
25.799999999999965,8.752290788964585
25.999999999999964,10.443997207237034
26.199999999999964,12.477332613035038
26.399999999999963,14.921482015095345
26.599999999999962,17.859606831016833
26.79999999999996,21.391683122372697
26.99999999999996,25.637894677952527
