mags_ab,pos_errs_mas
16.0,0.23982309244920802
16.2,0.25976170755419675
16.4,0.28005989519787655
16.599999999999998,0.30146487149201273
16.799999999999997,0.3256976202963106
16.999999999999996,0.3506929745617223
17.199999999999996,0.3760420842076305
17.399999999999995,0.2118592416229417
17.599999999999994,0.22973437667442068
17.799999999999994,0.2490171802009371
17.999999999999993,0.2694439880734486
18.199999999999992,0.29184654186031495
18.39999999999999,0.31572694586094247
18.59999999999999,0.2135374852482143
18.79999999999999,0.23273812764983434
18.99999999999999,0.19718359995368004
19.19999999999999,0.2151962357706842
19.399999999999988,0.20157111949624948
19.599999999999987,0.22016514200072962
19.799999999999986,0.2405787715871919
19.999999999999986,0.22335977070741653
20.199999999999985,0.21323240438925384
20.399999999999984,0.22379449532394965
20.599999999999984,0.23313725057749154
20.799999999999983,0.25616828495506366
20.999999999999982,0.28171212668489204
21.19999999999998,0.31016882049182554
21.39999999999998,0.3420082113262083
21.59999999999998,0.37757637658344817
21.79999999999998,0.41772867596634894
21.99999999999998,0.4627233017785474
22.199999999999978,0.5137324910494795
22.399999999999977,0.5714980504729764
22.599999999999977,0.6375768150693639
22.799999999999976,0.7130524488485407
22.999999999999975,0.8007629649147332
23.199999999999974,0.9013077850753749
23.399999999999974,1.018174517115843
23.599999999999973,1.1546533300358413
23.799999999999972,1.3147465129255913
23.99999999999997,1.5033127273737388
24.19999999999997,1.726239762746511
24.39999999999997,1.990647846247209
24.59999999999997,2.3051329717400426
24.79999999999997,2.682737700606282
24.999999999999968,3.130543927647158
25.199999999999967,3.6662422256492015
25.399999999999967,4.307877561055796
25.599999999999966,5.077139800836509
25.799999999999965,6.0000947028529135
25.999999999999964,7.108064108832981
26.199999999999964,8.43868702257073
26.399999999999963,10.03719624801531
26.599999999999962,11.957950272683835
26.79999999999996,14.266285557750264
26.99999999999996,17.040730477452033
