mags_ab,pos_errs_mas
16.0,0.25093651931945277
16.2,0.2644629510803568
16.4,0.2786542429930414
16.599999999999998,0.28097043893606694
16.799999999999997,0.28039057633091247
16.999999999999996,0.2751213334055479
17.199999999999996,0.24083509737921752
17.399999999999995,0.2200374377959646
17.599999999999994,0.2052994258153311
17.799999999999994,0.22500792333674943
17.999999999999993,0.24675128694885867
18.199999999999992,0.2707969767073504
18.39999999999999,0.29728670733661366
18.59999999999999,0.3266656118398206
18.79999999999999,0.359137236413188
18.99999999999999,0.39509762497910283
19.19999999999999,0.4347621821535687
19.399999999999988,0.47894377885743256
19.599999999999987,0.5284476597812485
19.799999999999986,0.5833977690674231
19.999999999999986,0.6453587419956067
20.199999999999985,0.7140462155849575
20.399999999999984,0.7913803713883102
20.599999999999984,0.8797912379239837
20.799999999999983,0.9769000054564498
20.999999999999982,1.0858288984908466
21.19999999999998,1.2103733661695588
21.39999999999998,1.3571749249755962
21.59999999999998,1.518695186129552
21.79999999999998,1.7125068330369007
21.99999999999998,1.9318208596459905
22.199999999999978,2.1897970242797147
22.399999999999977,2.481777208942515
22.599999999999977,2.839422481572494
22.799999999999976,3.2514562385704497
22.999999999999975,3.750174527132282
23.199999999999974,4.3348197462063585
23.399999999999974,4.968754717940841
23.599999999999973,5.75783774030698
23.799999999999972,6.7318694879752705
23.99999999999997,7.897856578201006
24.19999999999997,9.295153211806326
24.39999999999997,10.971057605276604
24.59999999999997,12.918197546046965
24.79999999999997,15.317299062720437
24.999999999999968,18.19888931600232
25.199999999999967,21.66094210525211
25.399999999999967,25.821201340855968
25.599999999999966,30.821189804260566
25.799999999999965,36.83101958721983
25.999999999999964,43.870141869058294
26.199999999999964,52.51075820457371
26.399999999999963,62.89812199715381
26.599999999999962,75.38568186404356
26.79999999999996,90.39836218544527
26.99999999999996,108.44700083206098
