mags_ab,pos_errs_mas
16.0,0.16658634522260987
16.2,0.14614737644983425
16.4,0.15524961645997412
16.599999999999998,0.1693707558764584
16.799999999999997,0.16010782574399415
16.999999999999996,0.16060180336637112
17.199999999999996,0.16868804540397866
17.399999999999995,0.17796903215198528
17.599999999999994,0.19528411196543422
17.799999999999994,0.21449156939316297
17.999999999999993,0.23573152358699304
18.199999999999992,0.2593136239633138
18.39999999999999,0.28554200521042156
18.59999999999999,0.3147778622065192
18.79999999999999,0.3474487147978486
18.99999999999999,0.3844548344424837
19.19999999999999,0.42561860022392967
19.399999999999988,0.472092491107507
19.599999999999987,0.5247974522546098
19.799999999999986,0.5846052395614757
19.999999999999986,0.6533290448467705
20.199999999999985,0.7317869509089181
20.399999999999984,0.8223012760184231
20.599999999999984,0.9274454722369112
20.799999999999983,1.0502292127846578
20.999999999999982,1.1930711318610272
21.19999999999998,1.3609159022371697
21.39999999999998,1.5589216098435505
21.59999999999998,1.7933331126118788
21.79999999999998,2.0723374029078805
21.99999999999998,2.4035662047094286
22.199999999999978,2.798761577294492
22.399999999999977,3.2711166203239057
22.599999999999977,3.8364994197737747
22.799999999999976,4.513986571890186
22.999999999999975,5.32650595094228
23.199999999999974,6.301609169602321
23.399999999999974,7.4724050156147275
23.599999999999973,8.878678458818666
23.799999999999972,10.568242724924215
23.99999999999997,12.59856005319812
24.19999999999997,15.038698859105358
24.39999999999997,17.97167710160571
24.59999999999997,21.497286939712087
24.79999999999997,25.735491885497122
24.999999999999968,30.830504172508853
25.199999999999967,36.955694487364596
25.399999999999967,44.31948896750645
25.599999999999966,53.17245950506497
25.799999999999965,63.81586303656707
25.999999999999964,76.61186888857276
26.199999999999964,91.99589604058056
26.399999999999963,110.4914492460062
26.599999999999962,132.72789143208408
26.79999999999996,159.46188743162278
26.99999999999996,191.60313179632192
