mags_ab,pos_errs_mas
16.0,0.20794912996178008
16.2,0.2237860463586809
16.4,0.24148961461039967
16.599999999999998,0.2592448072412378
16.799999999999997,0.16947901176519967
16.999999999999996,0.1828585065926892
17.199999999999996,0.19745571822040806
17.399999999999995,0.21334712665062747
17.599999999999994,0.23045717486182557
17.799999999999994,0.16976643582522535
17.999999999999993,0.18494755541071123
18.199999999999992,0.1617698676614685
18.39999999999999,0.17654030387425276
18.59999999999999,0.19265470754853306
18.79999999999999,0.1706729432306612
18.99999999999999,0.18640784555551823
19.19999999999999,0.17667840336613835
19.399999999999988,0.17600132298796928
19.599999999999987,0.18019123409817597
19.799999999999986,0.18547785776523562
19.999999999999986,0.20354140684691358
20.199999999999985,0.2236597063604755
20.399999999999984,0.24593954581516897
20.599999999999984,0.2706856355407909
20.799999999999983,0.29827759964329364
20.999999999999982,0.32912610946887394
21.19999999999998,0.3636671976641418
21.39999999999998,0.40245265551767606
21.59999999999998,0.44619456047372447
21.79999999999998,0.4957946505228315
21.99999999999998,0.5523454262056341
22.199999999999978,0.6166307359401398
22.399999999999977,0.6908901204348961
22.599999999999977,0.7759462600820346
22.799999999999976,0.874492233287938
22.999999999999975,0.9892200245429154
23.199999999999974,1.1234073146545136
23.399999999999974,1.2810386906313775
23.599999999999973,1.4669482383871115
23.799999999999972,1.686989692006835
23.99999999999997,1.9492949406338445
24.19999999999997,2.260151243385181
24.39999999999997,2.630986674228597
24.59999999999997,3.0741738300551633
24.79999999999997,3.6045957392400747
24.999999999999968,4.240144376700003
25.199999999999967,5.002324244170274
25.399999999999967,5.916977413250533
25.599999999999966,7.015156398913424
25.799999999999965,8.334178185436716
25.999999999999964,9.918887407621888
26.199999999999964,11.82317900129632
26.399999999999963,14.111834502349325
26.599999999999962,16.862715742695965
26.79999999999996,20.169420716120527
26.99999999999996,24.144459906596957
