mags_ab,pos_errs_mas
16.0,0.23499532303155538
16.2,0.24906073953846475
16.4,0.1798968341675656
16.599999999999998,0.19319185682716025
16.799999999999997,0.20779449027106933
16.999999999999996,0.22362215420644355
17.199999999999996,0.23923425033675477
17.399999999999995,0.181412161026455
17.599999999999994,0.19579036699860156
17.799999999999994,0.21467410188105926
17.999999999999993,0.23552039120296123
18.199999999999992,0.25855401686985713
18.39999999999999,0.2839127188369076
18.59999999999999,0.31196670100442897
18.79999999999999,0.3430689427333139
18.99999999999999,0.3775839768824636
19.19999999999999,0.4159546491200422
19.399999999999988,0.4587048607795728
19.599999999999987,0.5064367167038025
19.799999999999986,0.5592105722658445
19.999999999999986,0.6185493443825336
20.199999999999985,0.6855016514108137
20.399999999999984,0.7592104037843077
20.599999999999984,0.8435890921626271
20.799999999999983,0.9402356372136277
20.999999999999982,1.0508722266325177
21.19999999999998,1.1780167114228768
21.39999999999998,1.3248397390343096
21.59999999999998,1.4925077851772175
21.79999999999998,1.6758581212821473
21.99999999999998,1.8961893339820317
22.199999999999978,2.160029803007356
22.399999999999977,2.459075189378246
22.599999999999977,2.8187717291144763
22.799999999999976,3.249186232081182
22.999999999999975,3.7616821522719937
23.199999999999974,4.372575972696954
23.399999999999974,5.102187845378045
23.599999999999973,5.9377805479855015
23.799999999999972,6.906816121714768
23.99999999999997,8.104577235404852
24.19999999999997,9.567229087866348
24.39999999999997,11.322693353032776
24.59999999999997,13.430581420648286
24.79999999999997,15.962532273108296
24.999999999999968,19.004633467787553
25.199999999999967,22.66035454126339
25.399999999999967,27.05405618711635
25.599999999999966,32.20233132986844
25.799999999999965,38.52113652047764
25.999999999999964,46.1171062217671
26.199999999999964,55.248705363572334
26.399999999999963,66.22667132043108
26.599999999999962,79.42454617211733
26.79999999999996,95.29143610997377
26.99999999999996,114.3672458182193
