mags_ab,pos_errs_mas
16.0,0.2073275802672543
16.2,0.2222286141904591
16.4,0.2370019321343284
16.599999999999998,0.25434749003569945
16.799999999999997,0.17162846821705283
16.999999999999996,0.18653088761384978
17.199999999999996,0.2016924293858927
17.399999999999995,0.21832158233593818
17.599999999999994,0.23645540124640485
17.799999999999994,0.18481984246175232
17.999999999999993,0.20127046582685115
18.199999999999992,0.18444284952077972
18.39999999999999,0.1859866553909318
18.59999999999999,0.1940844935949066
18.79999999999999,0.21264721456237354
18.99999999999999,0.23315694378416518
19.19999999999999,0.2556736899545311
19.399999999999988,0.28050143962897933
19.599999999999987,0.30788800061761373
19.799999999999986,0.3381259785341973
19.999999999999986,0.3715440924548875
20.199999999999985,0.40852871969554605
20.399999999999984,0.4495385099822892
20.599999999999984,0.4949025690750315
20.799999999999983,0.545362889665666
20.999999999999982,0.6020457959228163
21.19999999999998,0.6646004747039022
21.39999999999998,0.7342162421572744
21.59999999999998,0.8125205924985842
21.79999999999998,0.9010352477020529
21.99999999999998,1.0011942957012627
22.199999999999978,1.1138548250436813
22.399999999999977,1.239172711523647
22.599999999999977,1.3846709019240606
22.799999999999976,1.5524412018420068
22.999999999999975,1.7429752418281657
23.199999999999974,1.9649086741929027
23.399999999999974,2.2252577857507623
23.599999999999973,2.5301161783658226
23.799999999999972,2.883720702069781
23.99999999999997,3.286523464966221
24.19999999999997,3.7801371952656053
24.39999999999997,4.35104826773229
24.59999999999997,5.042981727767282
24.79999999999997,5.868238291334963
24.999999999999968,6.854329472661436
25.199999999999967,8.034350045350598
25.399999999999967,9.448089142918553
25.599999999999966,11.143368071763442
25.799999999999965,13.177656757911329
25.999999999999964,15.56723832566492
26.199999999999964,18.48631342829692
26.399999999999963,21.99317825661162
26.599999999999962,26.207090947399795
26.79999999999996,31.271393788983584
26.99999999999996,37.3583738211887
