mags_ab,pos_errs_mas
16.0,0.3759383266270629
16.2,0.402725900070313
16.4,0.276448825191275
16.599999999999998,0.2984414336851458
16.799999999999997,0.3240105445681649
16.999999999999996,0.34789354557666285
17.199999999999996,0.37574736847310425
17.399999999999995,0.40583651441037927
17.599999999999994,0.4343467947505205
17.799999999999994,0.24487369568445555
17.999999999999993,0.2639447525330031
18.199999999999992,0.2867762838876786
18.39999999999999,0.30977785550696946
18.59999999999999,0.33565821148135144
18.79999999999999,0.36281477208578355
18.99999999999999,0.2443278891095743
19.19999999999999,0.26635061841083296
19.399999999999988,0.29028342527718604
19.599999999999987,0.24577384990869625
19.799999999999986,0.2298479117939333
19.999999999999986,0.2510887521478162
20.199999999999985,0.27440274467085257
20.399999999999984,0.2542689300413194
20.599999999999984,0.24220455973022376
20.799999999999983,0.25415809556719665
20.999999999999982,0.2646596153336166
21.19999999999998,0.29110377812643284
21.39999999999998,0.32058283401115695
21.59999999999998,0.3536453620811848
21.79999999999998,0.39070741934632425
21.99999999999998,0.4324173577374452
22.199999999999978,0.4794741095470626
22.399999999999977,0.5329514102773609
22.599999999999977,0.5937258847114338
22.799999999999976,0.6634371981004052
22.999999999999975,0.7433645052724505
23.199999999999974,0.8356823002446178
23.399999999999974,0.9431976830415568
23.599999999999973,1.0691523499780478
23.799999999999972,1.2155772889707919
23.99999999999997,1.3878127290832227
24.19999999999997,1.5911876603679738
24.39999999999997,1.8321509272604661
24.59999999999997,2.118492829728422
24.79999999999997,2.4596091723991877
24.999999999999968,2.866817816087918
25.199999999999967,3.3569707411996133
25.399999999999967,3.9400260431921015
25.599999999999966,4.63884520145487
25.799999999999965,5.477091023851325
25.999999999999964,6.483196956946138
26.199999999999964,7.691331092764023
26.399999999999963,9.142555317387231
26.599999999999962,10.886213584435405
26.79999999999996,12.981613691563673
26.99999999999996,15.50003621010657
