mags_ab,pos_errs_mas
16.0,0.2500434881344528
16.2,0.26620519296666734
16.4,0.28351829169834464
16.599999999999998,0.29297650971183936
16.799999999999997,0.19907334711877206
16.999999999999996,0.21511178460652514
17.199999999999996,0.23130353213896926
17.399999999999995,0.2489096935917959
17.599999999999994,0.26634272305221535
17.799999999999994,0.2003553803956384
17.999999999999993,0.2174338221031577
18.199999999999992,0.20037885155626542
18.39999999999999,0.20487225980635482
18.59999999999999,0.22450056591814102
18.79999999999999,0.24611697732482113
18.99999999999999,0.26998187919147415
19.19999999999999,0.2962863267552602
19.399999999999988,0.32537669875257
19.599999999999987,0.3575151757550224
19.799999999999986,0.3929998987353971
19.999999999999986,0.4322277548999597
20.199999999999985,0.475905896252919
20.399999999999984,0.5244741530368328
20.599999999999984,0.5783536566493273
20.799999999999983,0.6389586244671678
20.999999999999982,0.7065840853383782
21.19999999999998,0.7812048780647713
21.39999999999998,0.866464814051459
21.59999999999998,0.9603743364173521
21.79999999999998,1.065326860584659
21.99999999999998,1.1856195060762336
22.199999999999978,1.3238610289251642
22.399999999999977,1.4812477206825707
22.599999999999977,1.6601110270897759
22.799999999999976,1.8712296477257557
22.999999999999975,2.1084314299281526
23.199999999999974,2.3813900765696707
23.399999999999974,2.7046872914997264
23.599999999999973,3.0910477788544033
23.799999999999972,3.5476818355865762
23.99999999999997,4.089820158004996
24.19999999999997,4.688085975213817
24.39999999999997,5.442343033702531
24.59999999999997,6.311414478480896
24.79999999999997,7.379370913151614
24.999999999999968,8.63400504942218
25.199999999999967,10.087595550637705
25.399999999999967,11.853533314490733
25.599999999999966,13.877544949931274
25.799999999999965,16.43762333373302
25.999999999999964,19.5120769699321
26.199999999999964,23.2054114627034
26.399999999999963,27.643225283331176
26.599999999999962,32.976466812165455
26.79999999999996,39.386573834876074
26.99999999999996,47.09163441889347
