mags_ab,pos_errs_mas
16.0,0.20702236684399045
16.2,0.2235146893555541
16.4,0.24070963998901054
16.599999999999998,0.26008025551524433
16.799999999999997,0.1689320114278229
16.999999999999996,0.183510318109211
17.199999999999996,0.19756539979035834
17.399999999999995,0.21292158937803782
17.599999999999994,0.1687026147418248
17.799999999999994,0.18377593274582574
17.999999999999993,0.16426255007542778
18.199999999999992,0.17920813143909578
18.39999999999999,0.16723348162904017
18.59999999999999,0.18256403894893944
18.79999999999999,0.1993636208704203
18.99999999999999,0.18309139879436
19.19999999999999,0.17701149181981707
19.399999999999988,0.1936280084885776
19.599999999999987,0.18425507656705092
19.799999999999986,0.20128884692720317
19.999999999999986,0.2210093739162909
20.199999999999985,0.24295057884390311
20.399999999999984,0.26719347876937904
20.599999999999984,0.2941712976635415
20.799999999999983,0.3242671054805824
20.999999999999982,0.35787196124796566
21.19999999999998,0.39548598798694257
21.39999999999998,0.43776437576102867
21.59999999999998,0.4855453047116776
21.79999999999998,0.5398442890724582
21.99999999999998,0.6012426626993315
22.199999999999978,0.6719771396847092
22.399999999999977,0.7524902325950273
22.599999999999977,0.8453443447805467
22.799999999999976,0.9529583628894529
22.999999999999975,1.0782813836428449
23.199999999999974,1.2249000225743683
23.399999999999974,1.3971847832564703
23.599999999999973,1.6004265339534784
23.799999999999972,1.8423291383478257
23.99999999999997,2.127827365644448
24.19999999999997,2.4677351220265695
24.39999999999997,2.873179303844912
24.59999999999997,3.3577515718009714
24.79999999999997,3.9373205468597208
24.999999999999968,4.630826120230581
25.199999999999967,5.463858505535678
25.399999999999967,6.462492942513969
25.599999999999966,7.662494171182102
25.799999999999965,9.10382957458842
25.999999999999964,10.826445615020805
26.199999999999964,12.904679238081023
26.399999999999963,15.402380013676046
26.599999999999962,18.404521512849758
26.79999999999996,22.01325068573106
26.99999999999996,26.35135430199139
