mags_ab,pos_errs_mas
16.0,0.20912450689352124
16.2,0.22650537222940434
16.4,0.2459090775684085
16.599999999999998,0.26493367701490905
16.799999999999997,0.28517244876804515
16.999999999999996,0.18430352628364607
17.199999999999996,0.1994125744389229
17.399999999999995,0.2162905066626942
17.599999999999994,0.23479846450908848
17.799999999999994,0.18584723432652403
17.999999999999993,0.2024962241950107
18.199999999999992,0.18066702870774104
18.39999999999999,0.19715343446902653
18.59999999999999,0.18355122452228678
18.79999999999999,0.20044903740307202
18.99999999999999,0.18342463772499562
19.19999999999999,0.20048064471941793
19.399999999999988,0.19332661081243735
19.599999999999987,0.19371877858480646
19.799999999999986,0.20512162392378674
19.999999999999986,0.22538567546930366
20.199999999999985,0.24785952492501842
20.399999999999984,0.27290403370611827
20.599999999999984,0.30084879793500713
20.799999999999983,0.3321436668194964
20.999999999999982,0.3672661374775269
21.19999999999998,0.40680055022677647
21.39999999999998,0.4515685805300187
21.59999999999998,0.5023943534568233
21.79999999999998,0.5602516672768297
21.99999999999998,0.6264185785765977
22.199999999999978,0.7025555228608346
22.399999999999977,0.7911298727357858
22.599999999999977,0.8934048324074133
22.799999999999976,1.0127914743452011
22.999999999999975,1.1527783604859638
23.199999999999974,1.3176017481651139
23.399999999999974,1.512395594690043
23.599999999999973,1.7433696577413702
23.799999999999972,2.0180224177617196
23.99999999999997,2.3463883762930937
24.19999999999997,2.7371033678726238
24.39999999999997,3.20444356732484
24.59999999999997,3.76414465446553
24.79999999999997,4.435122183513717
24.999999999999968,5.240106676420185
25.199999999999967,6.206414142313986
25.399999999999967,7.366868051254817
25.599999999999966,8.760914059717217
25.799999999999965,10.435958638629378
25.999999999999964,12.448976097673235
26.199999999999964,14.868449199153686
26.399999999999963,17.77669861787108
26.599999999999962,21.27267688466669
26.79999999999996,25.47534009193305
26.99999999999996,30.52768972647425
