mags_ab,pos_errs_mas
16.0,0.2153582470912979
16.2,0.2341911431921136
16.4,0.25309642019838213
16.599999999999998,0.16781105515000164
16.799999999999997,0.17876734140603492
16.999999999999996,0.1908263602534104
17.199999999999996,0.20529795955270153
17.399999999999995,0.15427143954726377
17.599999999999994,0.16499890097987516
17.799999999999994,0.17726024467622414
17.999999999999993,0.19130634979770358
18.199999999999992,0.15284525765759602
18.39999999999999,0.16674282273690874
18.59999999999999,0.18197931377982624
18.79999999999999,0.16669733207035742
18.99999999999999,0.1638394067493672
19.19999999999999,0.17912326357091224
19.399999999999988,0.1823329402962079
19.599999999999987,0.1802402104236975
19.799999999999986,0.19761467464797
19.999999999999986,0.21681960826108057
20.199999999999985,0.23806577287807684
20.399999999999984,0.2616766841241922
20.599999999999984,0.28790682461327743
20.799999999999983,0.3169102932775348
20.999999999999982,0.34917532102267335
21.19999999999998,0.3851653875095595
21.39999999999998,0.4254213904910901
21.59999999999998,0.4705871368526704
21.79999999999998,0.5214362119661095
21.99999999999998,0.5790958921107017
22.199999999999978,0.6449043224013239
22.399999999999977,0.719173390669874
22.599999999999977,0.8041981103866265
22.799999999999976,0.9020076445976171
22.999999999999975,1.0150847431923382
23.199999999999974,1.146429736931402
23.399999999999974,1.2997560496267802
23.599999999999973,1.479467640819479
23.799999999999972,1.6918394041889193
23.99999999999997,1.940055496969974
24.19999999999997,2.2357993906914375
24.39999999999997,2.587327374945718
24.59999999999997,3.0063404301359062
24.79999999999997,3.5067001238368722
24.999999999999968,4.1051618420153755
25.199999999999967,4.821874659331538
25.399999999999967,5.6741316352818005
25.599999999999966,6.699919925384583
25.799999999999965,7.933723465828041
25.999999999999964,9.415362786838855
26.199999999999964,11.195197662921766
26.399999999999963,13.333752965331692
26.599999999999962,15.903766578322488
26.79999999999996,18.992671174808162
26.99999999999996,22.694715905166056
