mags_ab,pos_errs_mas
16.0,0.16875551631626945
16.2,0.18251444856212512
16.4,0.19602926265819604
16.599999999999998,0.1721784735579793
16.799999999999997,0.17525351948201687
16.999999999999996,0.19199964591535446
17.199999999999996,0.21045219785262564
17.399999999999995,0.23079440453176334
17.599999999999994,0.2532277356342391
17.799999999999994,0.27798573128194765
17.999999999999993,0.3052304387731825
18.199999999999992,0.3353127189192582
18.39999999999999,0.368621868825472
18.59999999999999,0.40552079361555254
18.79999999999999,0.4464659263861985
18.99999999999999,0.49196959101078186
19.19999999999999,0.5426946748020279
19.399999999999988,0.5985258666529163
19.599999999999987,0.6611012327689743
19.799999999999986,0.731013064927413
19.999999999999986,0.8078849751464954
20.199999999999985,0.896566014449105
20.399999999999984,0.9970802828375991
20.599999999999984,1.1113896385256457
20.799999999999983,1.2403573168569009
20.999999999999982,1.3897955481517827
21.19999999999998,1.5618216334142119
21.39999999999998,1.7286497074975875
21.59999999999998,1.9509753985646219
21.79999999999998,2.2102675111750893
21.99999999999998,2.5140097074445977
22.199999999999978,2.8713327833487496
22.399999999999977,3.293306589912138
22.599999999999977,3.793325891949973
22.799999999999976,4.306806462781858
22.999999999999975,4.969231530425313
23.199999999999974,5.777896350967523
23.399999999999974,6.742883363890353
23.599999999999973,7.870761897866663
23.799999999999972,9.143221351613517
23.99999999999997,10.771295543056716
24.19999999999997,12.648058247817984
24.39999999999997,14.974422696154184
24.59999999999997,17.76799608913362
24.79999999999997,21.12372931264383
24.999999999999968,25.155727543465883
25.199999999999967,29.31064858618439
25.399999999999967,34.97787411418959
25.599999999999966,41.789578578528506
25.799999999999965,49.977526654888834
25.999999999999964,59.82031651224912
26.199999999999964,71.6528624706371
26.399999999999963,85.87780366514284
26.599999999999962,102.30844000918624
26.79999999999996,122.72087915931037
26.99999999999996,147.26142258243502
