mags_ab,pos_errs_mas
16.0,0.2135797592491447
16.2,0.16594800156472553
16.4,0.1780167288087422
16.599999999999998,0.19213318961467185
16.799999999999997,0.1543453867156288
16.999999999999996,0.1648932725990411
17.199999999999996,0.17707595724933864
17.399999999999995,0.1534863462862224
17.599999999999994,0.16739689295998278
17.799999999999994,0.15723270372685716
17.999999999999993,0.17164315509729092
18.199999999999992,0.16645331283316647
18.39999999999999,0.16698028790233244
18.59999999999999,0.17177859626873068
18.79999999999999,0.17676618166825467
18.99999999999999,0.18998213895253932
19.19999999999999,0.20830110350939707
19.399999999999988,0.22853397286746155
19.599999999999987,0.2508990035360629
19.799999999999986,0.2757982978679437
19.999999999999986,0.3033011262411647
20.199999999999985,0.3336998232413861
20.399999999999984,0.367482378068941
20.599999999999984,0.40510176314460206
20.799999999999983,0.44709991959335177
20.999999999999982,0.49411976996253465
21.19999999999998,0.5469311353136384
21.39999999999998,0.6072788466161696
21.59999999999998,0.6745049764431971
21.79999999999998,0.750840169437135
21.99999999999998,0.8379063475552789
22.199999999999978,0.937717314017669
22.399999999999977,1.052479105947868
22.599999999999977,1.1845641700842742
22.799999999999976,1.3388381907949705
22.999999999999975,1.5197922687686505
23.199999999999974,1.7310126955858607
23.399999999999974,1.9798346812973693
23.599999999999973,2.2740359960724232
23.799999999999972,2.621801584593822
23.99999999999997,3.0311259381361286
24.19999999999997,3.523181654526117
24.39999999999997,4.110849070575786
24.59999999999997,4.8138176972656215
24.79999999999997,5.655764249034918
24.999999999999968,6.665145727059492
25.199999999999967,7.876162021839677
25.399999999999967,9.329908937432016
25.599999999999966,11.066732770816634
25.799999999999965,13.160501243498263
25.999999999999964,15.676296812587362
26.199999999999964,18.699691858031237
26.399999999999963,22.333546108559982
26.599999999999962,26.70149048795873
26.79999999999996,31.952148617608856
26.99999999999996,38.26417710557054
