mags_ab,pos_errs_mas
16.0,0.16874826994500897
16.2,0.18250492018541933
16.4,0.19601670822235892
16.599999999999998,0.1721609084050971
16.799999999999997,0.17522973914627146
16.999999999999996,0.19196838761921822
17.199999999999996,0.2104111003785476
17.399999999999995,0.2307403759116296
17.599999999999994,0.2531567065830353
17.799999999999994,0.2778917246438012
17.999999999999993,0.30510717389932157
18.199999999999992,0.33515060523961515
18.39999999999999,0.36840893008973863
18.59999999999999,0.4052412363360158
18.79999999999999,0.44609914036617676
18.99999999999999,0.49148862746858946
19.19999999999999,0.5420646980024327
19.399999999999988,0.5976976553897231
19.599999999999987,0.6600164709629897
19.799999999999986,0.729592887491217
19.999999999999986,0.8060183253295397
20.199999999999985,0.8941347221129777
20.399999999999984,0.9938370523178331
20.599999999999984,1.1072780111261833
20.799999999999983,1.23504100384473
20.999999999999982,1.3827028594603206
21.19999999999998,1.550956799171774
21.39999999999998,1.7169328421111896
21.59999999999998,1.935963029726874
21.79999999999998,2.1911051349277857
21.99999999999998,2.489646522592448
22.199999999999978,2.840484293255814
22.399999999999977,3.253535501762578
22.599999999999977,3.74323531517952
22.799999999999976,4.2235206471509334
22.999999999999975,4.885275629948582
23.199999999999974,5.618800165703363
23.399999999999974,6.521872372244905
23.599999999999973,7.625780638434347
23.799999999999972,8.947698542310864
23.99999999999997,10.531913591009216
24.19999999999997,12.352566807847825
24.39999999999997,14.613529022850072
24.59999999999997,17.0329391368346
24.79999999999997,20.101024870893166
24.999999999999968,23.90270494641738
25.199999999999967,28.47063404851815
25.399999999999967,33.960186998576454
25.599999999999966,40.55811564141013
25.799999999999965,48.48890557682
25.999999999999964,57.63101231322782
26.199999999999964,69.0004706195969
26.399999999999963,82.66847251773443
26.599999999999962,99.10010010355344
26.79999999999996,118.8544910547155
26.99999999999996,142.60382727810517
