mags_ab,pos_errs_mas
16.0,0.2317115843813649
16.2,0.23704038804164354
16.4,0.16700571906861017
16.599999999999998,0.18118953427226028
16.799999999999997,0.1911591485832368
16.999999999999996,0.20538796069404436
17.199999999999996,0.2198547859345013
17.399999999999995,0.2370555795431614
17.599999999999994,0.2547395952437289
17.799999999999994,0.15391600735341707
17.999999999999993,0.16511227317937768
18.199999999999992,0.17805932258500096
18.39999999999999,0.1485699773991416
18.59999999999999,0.16214853671820867
18.79999999999999,0.1528783244592298
18.99999999999999,0.16700886754343683
19.19999999999999,0.18252893549154106
19.399999999999988,0.17274696442875292
19.599999999999987,0.17612655828680598
19.799999999999986,0.1793303349564996
19.999999999999986,0.19274473361679392
20.199999999999985,0.21166904167592954
20.399999999999984,0.2326714777616915
20.599999999999984,0.25601719397209566
20.799999999999983,0.2821539865981985
20.999999999999982,0.3113042256432286
21.19999999999998,0.34382687041692317
21.39999999999998,0.3803153731253678
21.59999999999998,0.4214150937446775
21.79999999999998,0.46789011402191727
21.99999999999998,0.5206630047492009
22.199999999999978,0.5808557603861648
22.399999999999977,0.6505639459526182
22.599999999999977,0.7303805588741469
22.799999999999976,0.8223301679655736
22.999999999999975,0.92923504176121
23.199999999999974,1.0541132281707004
23.399999999999974,1.2006354321842179
23.599999999999973,1.3732574473516639
23.799999999999972,1.5773777485052771
23.99999999999997,1.81952426044858
24.19999999999997,2.108758634240635
24.39999999999997,2.4521973591303965
24.59999999999997,2.862458832177074
24.79999999999997,3.353299639912214
24.999999999999968,3.9412590578164957
25.199999999999967,4.646217440123748
25.399999999999967,5.492065122044986
25.599999999999966,6.507510701101106
25.799999999999965,7.727052716509842
25.999999999999964,9.192148122612668
26.199999999999964,10.952620767661662
26.399999999999963,13.068356761192161
26.599999999999962,15.611332322759637
26.79999999999996,18.668070932565254
26.99999999999996,22.342576774894674
