mags_ab,pos_errs_mas
16.0,0.21291163084653242
16.2,0.2237586196946321
16.4,0.24153870162964308
16.599999999999998,0.260891525081682
16.799999999999997,0.27946520429567356
16.999999999999996,0.30182196373972453
17.199999999999996,0.17085561003090688
17.399999999999995,0.18561597225267018
17.599999999999994,0.19957366268968618
17.799999999999994,0.21536529275757557
17.999999999999993,0.23263427322227004
18.199999999999992,0.25114783835200516
18.39999999999999,0.1713768516566016
18.59999999999999,0.18685796170748367
18.79999999999999,0.15979274791122358
18.99999999999999,0.17440458811527845
19.19999999999999,0.1647437481182942
19.399999999999988,0.17998416821006413
19.599999999999987,0.19671134039729682
19.799999999999986,0.18493388420504941
19.999999999999986,0.17895458799192057
20.199999999999985,0.18879705937243832
20.399999999999984,0.19796071321066058
20.599999999999984,0.217507255156325
20.799999999999983,0.2393141407382516
20.999999999999982,0.26346811245167406
21.19999999999998,0.2904416454405688
21.39999999999998,0.32062317779001537
21.59999999999998,0.3544800198578423
21.79999999999998,0.392597622789818
21.99999999999998,0.43559577976965463
22.199999999999978,0.48436506910327715
22.399999999999977,0.5404095355419136
22.599999999999977,0.6042040167953441
22.799999999999976,0.6779673115424122
22.999999999999975,0.7625159942025369
23.199999999999974,0.8606803684200441
23.399999999999974,0.9751962731297109
23.599999999999973,1.109392572166331
23.799999999999972,1.2673127365310763
23.99999999999997,1.4538582811162084
24.19999999999997,1.674959544039904
24.39999999999997,1.9377787916574825
24.59999999999997,2.2530465538994005
24.79999999999997,2.6269748280265173
24.999999999999968,3.074153085212405
25.199999999999967,3.6096299267911527
25.399999999999967,4.251494679460258
25.599999999999966,5.021486203790244
25.799999999999965,5.9457286248429995
25.999999999999964,7.055613579771208
26.199999999999964,8.38886399968319
26.399999999999963,9.990817936433274
26.599999999999962,11.91596211828099
26.79999999999996,14.229789776860834
26.99999999999996,17.01102199624015
