mags_ab,pos_errs_mas
16.0,0.1660823009024061
16.2,0.1806925019055898
16.4,0.187415258155676
16.599999999999998,0.14636304080068147
16.799999999999997,0.15404077606525707
16.999999999999996,0.16484744056644013
17.199999999999996,0.14539626664268973
17.399999999999995,0.15478183897033845
17.599999999999994,0.16847660391766534
17.799999999999994,0.15305042753098033
17.999999999999993,0.14833822907051505
18.199999999999992,0.1620958484337187
18.39999999999999,0.16442058964850653
18.59999999999999,0.170766179625777
18.79999999999999,0.1783959841360268
18.99999999999999,0.1955218632747941
19.19999999999999,0.2144144101366829
19.399999999999988,0.23526677873662985
19.599999999999987,0.2583011337427986
19.799999999999986,0.2838232897721594
19.999999999999986,0.312241539216117
20.199999999999985,0.3435160222254663
20.399999999999984,0.3782201395270027
20.599999999999984,0.4168329606748462
20.799999999999983,0.45989688641904913
20.999999999999982,0.5080562575074646
21.19999999999998,0.5624300082655602
21.39999999999998,0.6236406004576122
21.59999999999998,0.6924588937335918
21.79999999999998,0.7703129456225385
21.99999999999998,0.8590088129963771
22.199999999999978,0.9604988638024827
22.399999999999977,1.0772059028898748
22.599999999999977,1.2113942101813293
22.799999999999976,1.36846058504789
22.999999999999975,1.5507114371471993
23.199999999999974,1.7642726963904072
23.399999999999974,2.0155790357553145
23.599999999999973,2.3124304672629328
23.799999999999972,2.6642640390660195
23.99999999999997,3.0791756976372215
24.19999999999997,3.5744303038525636
24.39999999999997,4.166705114588605
24.59999999999997,4.87492455352739
24.79999999999997,5.722914768886203
24.999999999999968,6.739315282324556
25.199999999999967,7.958545401436115
25.399999999999967,9.416979386360309
25.599999999999966,11.17202177053435
25.799999999999965,13.280192226525166
25.999999999999964,15.813173473475949
26.199999999999964,18.857118072792098
26.399999999999963,22.515579802314125
26.599999999999962,26.913027668208095
26.79999999999996,32.19908564576049
26.99999999999996,38.55361328417779
