mags_ab,pos_errs_mas
16.0,0.14886823065791685
16.2,0.1592444245817798
16.4,0.13986087769753872
16.599999999999998,0.14900783444581048
16.799999999999997,0.16234324298095568
16.999999999999996,0.15267337166701714
17.199999999999996,0.1513378618913509
17.399999999999995,0.15478540940474075
17.599999999999994,0.16121763868050407
17.799999999999994,0.17056244879235977
17.999999999999993,0.17906710885628124
18.199999999999992,0.1961677960305422
18.39999999999999,0.21500338865330387
18.59999999999999,0.23575534772802462
18.79999999999999,0.2586284415261991
18.99999999999999,0.283981045015389
19.19999999999999,0.3120190761466018
19.399999999999988,0.3427511012104697
19.599999999999987,0.3767269196383104
19.799999999999986,0.414339467302523
19.999999999999986,0.4560446894373843
20.199999999999985,0.5023750050636
20.399999999999984,0.5543701226814519
20.599999999999984,0.6122580741133276
20.799999999999983,0.6766422539103752
20.999999999999982,0.7486766242599592
21.19999999999998,0.8293316117936638
21.39999999999998,0.9204456511891741
21.59999999999998,1.0239251876084303
21.79999999999998,1.141785237992658
21.99999999999998,1.2773065936500227
22.199999999999978,1.4321081283607642
22.399999999999977,1.6109261301644802
22.599999999999977,1.8154482851853018
22.799999999999976,2.054112954874239
22.999999999999975,2.3343734774300087
23.199999999999974,2.6635917882982283
23.399999999999974,3.0519696068488136
23.599999999999973,3.5068972521202166
23.799999999999972,4.04929981055101
23.99999999999997,4.69182764733509
24.19999999999997,5.46183813402705
24.39999999999997,6.382074785011718
24.59999999999997,7.483439000277565
24.79999999999997,8.803083387999019
24.999999999999968,10.358627356347386
25.199999999999967,12.238822272288784
25.399999999999967,14.506245684107997
25.599999999999966,17.22952318241338
25.799999999999965,20.501238233097567
25.999999999999964,24.432657297902267
26.199999999999964,29.157512253163613
26.399999999999963,34.80016926658689
26.599999999999962,41.61653438529325
26.79999999999996,49.81051591074114
26.99999999999996,59.660919935886454
