mags_ab,pos_errs_mas
16.0,0.2339342228014067
16.2,0.2477284635957521
16.4,0.25245765308384593
16.599999999999998,0.1700808619184482
16.799999999999997,0.18342629922799306
16.999999999999996,0.19820124116330623
17.199999999999996,0.21253995844932963
17.399999999999995,0.18214887097786392
17.599999999999994,0.1833291676928407
17.799999999999994,0.20085085491751908
17.999999999999993,0.22016715166727255
18.199999999999992,0.24146643442964208
18.39999999999999,0.26495212386343947
18.59999999999999,0.2907627576474248
18.79999999999999,0.3193233319125877
18.99999999999999,0.35089198868766713
19.19999999999999,0.3858414221683517
19.399999999999988,0.4245861078514864
19.599999999999987,0.4675991508048589
19.799999999999986,0.5154897537457225
19.999999999999986,0.5678687983136451
20.199999999999985,0.6270510186379729
20.399999999999984,0.6911091729778238
20.599999999999984,0.7647708320265001
20.799999999999983,0.8476203608328242
20.999999999999982,0.9412777962645138
21.19999999999998,1.0476414320204066
21.39999999999998,1.1687362050718886
21.59999999999998,1.3040655120385778
21.79999999999998,1.4441733459012938
21.99999999999998,1.6158749308403504
22.199999999999978,1.818638322778682
22.399999999999977,2.054531590240873
22.599999999999977,2.32947231829432
22.799999999999976,2.652288393373321
22.999999999999975,3.0313855764524145
23.199999999999974,3.427841785277244
23.399999999999974,3.8691584073160277
23.599999999999973,4.461435737410333
23.799999999999972,5.163865141115757
23.99999999999997,6.003202217009964
24.19999999999997,7.005701927046876
24.39999999999997,8.204961538534997
24.59999999999997,9.641378090117888
24.79999999999997,11.093224922181863
24.999999999999968,13.010026163275528
25.199999999999967,15.385935665132477
25.399999999999967,18.2384658873788
25.599999999999966,21.66454091375209
25.799999999999965,25.78063946749418
25.999999999999964,30.72674533359368
26.199999999999964,36.67110773676108
26.399999999999963,43.500089440381
26.599999999999962,52.01081969673412
26.79999999999996,62.24150629332098
26.99999999999996,74.54025417694713
