mags_ab,pos_errs_mas
16.0,0.23791372910776568
16.2,0.25736460043568393
16.4,0.27898256821461487
16.599999999999998,0.2109033472771025
16.799999999999997,0.22871466775879276
16.999999999999996,0.24838845064304974
17.199999999999996,0.26920676898671475
17.399999999999995,0.212057259744466
17.599999999999994,0.23086222542278753
17.799999999999994,0.2515146372186077
17.999999999999993,0.2148667331516374
18.199999999999992,0.19805605208526028
18.39999999999999,0.21611504834748854
18.59999999999999,0.2053600715991942
18.79999999999999,0.2242350729816578
18.99999999999999,0.22087229420448443
19.19999999999999,0.21271802202515583
19.399999999999988,0.22034061218486287
19.599999999999987,0.2414311578303029
19.799999999999986,0.2647529595004146
19.999999999999986,0.2904881640927921
20.199999999999985,0.31893705736966926
20.399999999999984,0.3504140448290957
20.599999999999984,0.38537561380365964
20.799999999999983,0.4240794268345739
20.999999999999982,0.4671603739140124
21.19999999999998,0.5151078205024534
21.39999999999998,0.5687371285503567
21.59999999999998,0.6287287035498123
21.79999999999998,0.6960771106358626
21.99999999999998,0.7728472347312118
22.199999999999978,0.8587827917388781
22.399999999999977,0.956379572745006
22.599999999999977,1.0679837357013153
22.799999999999976,1.194939889679034
22.999999999999975,1.342026780302756
23.199999999999974,1.511743838797329
23.399999999999974,1.7109446856184116
23.599999999999973,1.9408269381163183
23.799999999999972,2.211457088215569
23.99999999999997,2.530387498053593
24.19999999999997,2.907612539022574
24.39999999999997,3.3552152227955254
24.59999999999997,3.887779354215359
24.79999999999997,4.522883592853724
24.999999999999968,5.281690106495403
25.199999999999967,6.189657158902564
25.399999999999967,7.2773931095662405
25.599999999999966,8.572702623979856
25.799999999999965,10.133154461707012
25.999999999999964,12.006474187364025
26.199999999999964,14.256304212413632
26.399999999999963,16.959127365431254
26.599999999999962,20.206857204241413
26.79999999999996,24.10997017973419
26.99999999999996,28.801249359445787
