mags_ab,pos_errs_mas
16.0,0.166379047526067
16.2,0.1764034284901827
16.4,0.19131166514953482
16.599999999999998,0.1439431730236398
16.799999999999997,0.15316521212686265
16.999999999999996,0.16536113545018055
17.199999999999996,0.17654475755503335
17.399999999999995,0.1404267545180841
17.599999999999994,0.15227973149152638
17.799999999999994,0.16618682770020415
17.999999999999993,0.15417744244215026
18.199999999999992,0.1530357961069188
18.39999999999999,0.16729841624388633
18.59999999999999,0.17164627097221347
18.79999999999999,0.17186598457314364
18.99999999999999,0.18833480923150026
19.19999999999999,0.20650319683186744
19.399999999999988,0.22655785175556983
19.599999999999987,0.24871052000436286
19.799999999999986,0.2732043736051388
19.999999999999986,0.300488112395554
20.199999999999985,0.3306549099766749
20.399999999999984,0.3640256222946408
20.599999999999984,0.4011504778509548
20.799999999999983,0.4425488942118459
20.999999999999982,0.48883763520938045
21.19999999999998,0.5407535175422865
21.39999999999998,0.5995195521786725
21.59999999999998,0.6660000697990409
21.79999999999998,0.7407896278062761
21.99999999999998,0.8259589804015959
22.199999999999978,0.9234226863812659
22.399999999999977,1.0354571763412623
22.599999999999977,1.1648925332908613
22.799999999999976,1.3142528956623272
22.999999999999975,1.4898271280083777
23.199999999999974,1.6946939500198062
23.399999999999974,1.9357267238451252
23.599999999999973,2.22039774896512
23.799999999999972,2.557748336480771
23.99999999999997,2.958698502157422
24.19999999999997,3.432117977853423
24.39999999999997,3.9988532817236733
24.59999999999997,4.67797483628625
24.79999999999997,5.491091957253289
24.999999999999968,6.465663343391565
25.199999999999967,7.634689359449137
25.399999999999967,9.037826036426432
25.599999999999966,10.716427885315909
25.799999999999965,12.737953439070408
25.999999999999964,15.16681548492166
26.199999999999964,18.085624701708312
26.399999999999963,21.593677409397152
26.599999999999962,25.810325073069713
26.79999999999996,30.87903969527522
26.99999999999996,36.972285507676794
