mags_ab,pos_errs_mas
16.0,0.20999637279511874
16.2,0.22464058698976092
16.4,0.24247487413118787
16.599999999999998,0.16916339747699863
16.799999999999997,0.18245594885880856
16.999999999999996,0.19700504110680322
17.199999999999996,0.21288643265172955
17.399999999999995,0.23045756232866033
17.599999999999994,0.248360711775541
17.799999999999994,0.2675598623030812
17.999999999999993,0.28764687161833474
18.199999999999992,0.17087341774958625
18.39999999999999,0.18608488096749407
18.59999999999999,0.20270910111669638
18.79999999999999,0.16785629244185832
18.99999999999999,0.1832332671975072
19.19999999999999,0.17103487036585965
19.399999999999988,0.18689112373660768
19.599999999999987,0.1743854945449929
19.799999999999986,0.17618841921880846
19.999999999999986,0.18423281757241997
20.199999999999985,0.18993628514576194
20.399999999999984,0.20849614675575262
20.599999999999984,0.22917794920469417
20.799999999999983,0.2520991079429607
20.999999999999982,0.27759510374348134
21.19999999999998,0.30604029205431604
21.39999999999998,0.3378573268956714
21.59999999999998,0.37355003242378815
21.79999999999998,0.4136805725470673
21.99999999999998,0.4590103241165664
22.199999999999978,0.510515818295443
22.399999999999977,0.5694055318549216
22.599999999999977,0.6364319429707004
22.799999999999976,0.7140087155521848
22.999999999999975,0.8030783652803996
23.199999999999974,0.9064919995181998
23.399999999999974,1.027132131063753
23.599999999999973,1.1685060553568847
23.799999999999972,1.334873936376956
23.99999999999997,1.5313999163830563
24.19999999999997,1.7643320325498582
24.39999999999997,2.042546317310506
24.59999999999997,2.3724485118486083
24.79999999999997,2.7663360748165546
24.999999999999968,3.2373917240657284
25.199999999999967,3.8014684977168116
25.399999999999967,4.477622621381843
25.599999999999966,5.288754875918377
25.799999999999965,6.262385672052011
25.999999999999964,7.431584473609702
26.199999999999964,8.83609045683381
26.399999999999963,10.52366497376015
26.599999999999962,12.551707091699946
26.79999999999996,14.989210734184734
26.99999999999996,17.919104774073013
