mags_ab,pos_errs_mas
16.0,0.21377336435814662
16.2,0.2324041353469001
16.4,0.25113291162174506
16.599999999999998,0.2657350569579789
16.799999999999997,0.28372247060361305
16.999999999999996,0.1672316340521436
17.199999999999996,0.1789142930772372
17.399999999999995,0.19410756087432834
17.599999999999994,0.15377452760598462
17.799999999999994,0.163824499526893
17.999999999999993,0.17671354075376455
18.199999999999992,0.19047121247386156
18.39999999999999,0.15671077153068247
18.59999999999999,0.1710243195064939
18.79999999999999,0.1572612212129306
18.99999999999999,0.1717983620156104
19.19999999999999,0.18773119437964833
19.399999999999988,0.17448868315251867
19.599999999999987,0.17670408822026334
19.799999999999986,0.17879773565549834
19.999999999999986,0.18810812782265246
20.199999999999985,0.20661850039865645
20.399999999999984,0.22718160913715144
20.599999999999984,0.25006192490881685
20.799999999999983,0.27575368815550666
20.999999999999982,0.3043585450778413
21.19999999999998,0.3364947311981455
21.39999999999998,0.3724742418309376
21.59999999999998,0.41308526200258944
21.79999999999998,0.45909308594036974
21.99999999999998,0.5114475754719179
22.199999999999978,0.5712980255691685
22.399999999999977,0.6400458525677807
22.599999999999977,0.7207878796412823
22.799999999999976,0.81324069776802
22.999999999999975,0.9205981297402067
23.199999999999974,1.0462732427110295
23.399999999999974,1.1940227262126026
23.599999999999973,1.3684025558038955
23.799999999999972,1.5749275399214426
23.99999999999997,1.820260730107884
24.19999999999997,2.1144117614405737
24.39999999999997,2.463158567334466
24.59999999999997,2.8800756455916927
24.79999999999997,3.379178067020048
24.999999999999968,3.977312750857369
25.199999999999967,4.694727823875859
25.399999999999967,5.555754661275969
25.599999999999966,6.5896317431240075
25.799999999999965,7.83149507970384
25.999999999999964,9.323568910713322
26.199999999999964,11.116600888840384
26.399999999999963,13.27158943666874
26.599999999999962,15.861849494925716
26.79999999999996,18.975515749183423
26.99999999999996,22.718531407220595
