mags_ab,pos_errs_mas
16.0,0.1514559075578692
16.2,0.16447098406727267
16.4,0.177977874628255
16.599999999999998,0.19275693488595047
16.799999999999997,0.16559430743466583
16.999999999999996,0.18064789934184014
17.199999999999996,0.16920408257518707
17.399999999999995,0.18262297347552608
17.599999999999994,0.20008659410820256
17.799999999999994,0.21932300577294161
17.999999999999993,0.24051907225478814
18.199999999999992,0.2638857604956567
18.39999999999999,0.2897985644200061
18.59999999999999,0.31827901116004065
18.79999999999999,0.34966958182857777
18.99999999999999,0.3843832759847612
19.19999999999999,0.422825368477347
19.399999999999988,0.4654670454751469
19.599999999999987,0.5128472520192898
19.799999999999986,0.5659313079601886
19.999999999999986,0.6246919056401495
20.199999999999985,0.6903419369074298
20.399999999999984,0.7637292694414002
20.599999999999984,0.8453616690001771
20.799999999999983,0.9385823931644058
20.999999999999982,1.0443381308949935
21.19999999999998,1.1648456526749351
21.39999999999998,1.3024188686086158
21.59999999999998,1.4606592016246642
21.79999999999998,1.6433458480530911
21.99999999999998,1.843441181672746
22.199999999999978,2.084510981798228
22.399999999999977,2.36032164266182
22.599999999999977,2.6916736021460297
22.799999999999976,3.082493306650025
22.999999999999975,3.5450487835708335
23.199999999999974,4.094211313021535
23.399999999999974,4.732001870102575
23.599999999999973,5.506775407762593
23.799999999999972,6.369400096392048
23.99999999999997,7.460658560689702
24.19999999999997,8.76776851568994
24.39999999999997,10.334920688503228
24.59999999999997,12.215219241302425
24.79999999999997,14.472480855722432
24.999999999999968,17.18338869417641
25.199999999999967,20.37336391000443
25.399999999999967,24.270556499906576
25.599999999999966,28.95411116025029
25.799999999999965,34.583365571183165
25.999999999999964,41.34984425419505
26.199999999999964,49.48377688463888
26.399999999999963,59.26193904459513
26.599999999999962,71.01705001206506
26.79999999999996,85.14911255375098
26.99999999999996,102.13899650985779
