mags_ab,pos_errs_mas
16.0,0.19223486767617673
16.2,0.21078225143313314
16.4,0.23126817677335917
16.599999999999998,0.2539008031335986
16.799999999999997,0.2789328855794012
16.999999999999996,0.3066526989857201
17.199999999999996,0.33739470378816316
17.399999999999995,0.3714228640726609
17.599999999999994,0.4092665579717027
17.799999999999994,0.45116578702792254
17.999999999999993,0.49829988606152004
18.199999999999992,0.5511484062579804
18.39999999999999,0.6104461083419912
18.59999999999999,0.6773346501348689
18.79999999999999,0.7532114050791483
18.99999999999999,0.8365324980997381
19.19999999999999,0.934197488858395
19.399999999999988,1.0463119937915613
19.599999999999987,1.1756122682531496
19.799999999999986,1.3232038627011506
19.999999999999986,1.4854781207070318
20.199999999999985,1.6851366621080084
20.399999999999984,1.9193748030637374
20.599999999999984,2.195312509053733
20.799999999999983,2.521575470177764
20.999999999999982,2.9085944155995547
21.19999999999998,3.3102061096763182
21.39999999999998,3.8432484962797786
21.59999999999998,4.4795364477453905
21.79999999999998,5.240348299152686
21.99999999999998,6.1512761385647465
22.199999999999978,7.199840830296781
22.399999999999977,8.498659883717607
22.599999999999977,10.057472818576032
22.799999999999976,11.929212561026894
22.999999999999975,14.17748977655599
23.199999999999974,16.87874771509037
23.399999999999974,20.124863116192714
23.599999999999973,24.02626153553475
23.799999999999972,28.71567884496784
23.99999999999997,34.3526675349481
24.19999999999997,41.12903702372136
24.39999999999997,49.27536607167742
24.59999999999997,59.06885118208803
24.79999999999997,70.84274634567055
24.999999999999968,84.99769132040275
25.199999999999967,102.01535205989784
25.399999999999967,122.47480735890538
25.599999999999966,147.07224634229235
25.799999999999965,176.64469621731038
25.999999999999964,212.198438483953
26.199999999999964,254.94328698571366
26.399999999999963,306.33381208263734
26.599999999999962,368.1187214406535
26.79999999999996,442.40044059035404
26.99999999999996,531.7066019506443
