mags_ab,pos_errs_mas
16.0,0.20936970831765592
16.2,0.2254791211052798
16.4,0.24378243635145616
16.599999999999998,0.26146707581514694
16.799999999999997,0.28064569286877444
16.999999999999996,0.18814723402456612
17.199999999999996,0.2038123972134124
17.399999999999995,0.22105621301054904
17.599999999999994,0.239240674913608
17.799999999999994,0.2583304790270405
17.999999999999993,0.20016722355897007
18.199999999999992,0.21796094410964434
18.39999999999999,0.19790436077007936
18.59999999999999,0.19199969420069388
18.79999999999999,0.20638399568019225
18.99999999999999,0.2261315084061292
19.19999999999999,0.2478735139060763
19.399999999999988,0.2718487337062233
19.599999999999987,0.29830602010349777
19.799999999999986,0.3275023369396919
19.999999999999986,0.3597721490668365
20.199999999999985,0.3954682452229849
20.399999999999984,0.4349678489770828
20.599999999999984,0.4787376421618653
20.799999999999983,0.5273610265728178
20.999999999999982,0.5815280603788541
21.19999999999998,0.6423300054975964
21.39999999999998,0.7098965047935137
21.59999999999998,0.7850320229060549
21.79999999999998,0.8702274436805717
21.99999999999998,0.9651779874649762
22.199999999999978,1.0721001903692924
22.399999999999977,1.1939731748303022
22.599999999999977,1.334344475210018
22.799999999999976,1.4942742761129595
22.999999999999975,1.679395865808607
23.199999999999974,1.890445725704908
23.399999999999974,2.139322638484817
23.599999999999973,2.4241038273312583
23.799999999999972,2.755307913725745
23.99999999999997,3.147900253044528
24.19999999999997,3.6172487735452226
24.39999999999997,4.174158414216549
24.59999999999997,4.8193313527001145
24.79999999999997,5.603042499920951
24.999999999999968,6.539132264327348
25.199999999999967,7.6589766349718325
25.399999999999967,9.00030029678892
25.599999999999966,10.608448411960993
25.799999999999965,12.537914868762682
25.999999999999964,14.85417978988859
26.199999999999964,17.577251561792178
26.399999999999963,20.903296607931924
26.599999999999962,24.899760563606446
26.79999999999996,29.702581451892993
26.99999999999996,35.47514707642165
