mags_ab,pos_errs_mas
16.0,0.25094438113298834
16.2,0.2660834455040436
16.4,0.2821682729120795
16.599999999999998,0.1977036391790319
16.799999999999997,0.21292837385512248
16.999999999999996,0.22971744589220258
17.199999999999996,0.2462752990735332
17.399999999999995,0.2641482160404869
17.599999999999994,0.21076052438446954
17.799999999999994,0.19794671650647208
17.999999999999993,0.21697981664575888
18.199999999999992,0.23801262447995414
18.39999999999999,0.2612434931789921
18.59999999999999,0.2869911943290285
18.79999999999999,0.31540886980772354
18.99999999999999,0.34702890828189303
19.19999999999999,0.38208123663073384
19.399999999999988,0.4208717674109264
19.599999999999987,0.4639397302088332
19.799999999999986,0.5124973984727886
19.999999999999986,0.5669327256498528
20.199999999999985,0.6282610803910098
20.399999999999984,0.6965750252423671
20.599999999999984,0.7747969262415428
20.799999999999983,0.8612605288554537
20.999999999999982,0.9622325722751293
21.19999999999998,1.073354661589819
21.39999999999998,1.202298285102102
21.59999999999998,1.3453284171689075
21.79999999999998,1.5153744095004522
21.99999999999998,1.7169360262829698
22.199999999999978,1.9496243762469
22.399999999999977,2.2264944637433546
22.599999999999977,2.542368440984744
22.799999999999976,2.9267327409322395
22.999999999999975,3.374660685894248
23.199999999999974,3.8894881321833683
23.399999999999974,4.495490594349059
23.599999999999973,5.251199204013041
23.799999999999972,6.098938819350397
23.99999999999997,7.166894807680707
24.19999999999997,8.447289480902073
24.39999999999997,9.983509873291633
24.59999999999997,11.827690380757048
24.79999999999997,14.042482991231038
24.999999999999968,16.703173298774086
25.199999999999967,19.90024498691344
25.399999999999967,23.742445323978433
25.599999999999966,28.36048854325083
25.799999999999965,33.72214466840776
25.999999999999964,40.352625481640125
26.199999999999964,48.32338983187149
26.399999999999963,57.905667649595095
26.599999999999962,69.42551563963188
26.79999999999996,83.27493046180153
26.99999999999996,99.92516883036441
