mags_ab,pos_errs_mas
16.0,inf
16.2,inf
16.4,0.25943001297001145
16.599999999999998,0.28345655070594683
16.799999999999997,0.3016965989842759
16.999999999999996,0.2089952962026829
17.199999999999996,0.22386693819839565
17.399999999999995,0.2412579390825941
17.599999999999994,0.18532147244144
17.799999999999994,0.199876189586137
17.999999999999993,0.21548588668681498
18.199999999999992,0.17915705272035728
18.39999999999999,0.1948401226116623
18.59999999999999,0.21223434679895867
18.79999999999999,0.18451539452922144
18.99999999999999,0.20128267545066766
19.19999999999999,0.18615642212505631
19.399999999999988,0.18198419135074398
19.599999999999987,0.18410833639107937
19.799999999999986,0.19012938673156882
19.999999999999986,0.19998129993843272
20.199999999999985,0.2083146212110853
20.399999999999984,0.22888640931329546
20.599999999999984,0.25176412908189943
20.799999999999983,0.27744555876727023
20.999999999999982,0.3059118257702962
21.19999999999998,0.3377969219856529
21.39999999999998,0.3736239118972125
21.59999999999998,0.41392948776907657
21.79999999999998,0.4595384189741779
21.99999999999998,0.5112923156507937
22.199999999999978,0.5703226290494123
22.399999999999977,0.6380742870345438
22.599999999999977,0.7163043648349946
22.799999999999976,0.8069457062294508
22.999999999999975,0.911603567345977
23.199999999999974,1.0338257714869221
23.399999999999974,1.177196935537165
23.599999999999973,1.3460688316262546
23.799999999999972,1.5457146681873457
23.99999999999997,1.7825114630685917
24.19999999999997,2.064158413766524
24.39999999999997,2.399936517227573
24.59999999999997,2.801959756081185
24.79999999999997,3.2815103512810015
24.999999999999968,3.855898066626745
25.199999999999967,4.544539792678025
25.399999999999967,5.370769447420435
25.599999999999966,6.362627511082008
25.799999999999965,7.553808169456915
25.999999999999964,8.9848035669407
26.199999999999964,10.704276986459634
26.399999999999963,12.770717322098715
26.599999999999962,15.254425173907151
26.79999999999996,18.23990573977835
26.99999999999996,21.82873914753758
