mags_ab,pos_errs_mas
16.0,0.16638113168247595
16.2,0.176405950789036
16.4,0.19131495484519365
16.599999999999998,0.14394671982957719
16.799999999999997,0.1531695418565751
16.999999999999996,0.1653666615734303
17.199999999999996,0.1765515654334049
17.399999999999995,0.14043486091648819
17.599999999999994,0.15229021976737903
17.799999999999994,0.1662005731144143
17.999999999999993,0.15419587431197496
18.199999999999992,0.1530605950741623
18.39999999999999,0.16733098299923363
18.59999999999999,0.1716900353779796
18.79999999999999,0.1719255653396577
18.99999999999999,0.18841309022145716
19.19999999999999,0.20660605274315774
19.399999999999988,0.22669300122519306
19.599999999999987,0.24888807208817337
19.799999999999986,0.27343691408764875
19.999999999999986,0.3007809268921721
20.199999999999985,0.33105823094235276
20.399999999999984,0.3645545224989141
20.599999999999984,0.401843500078811
20.799999999999983,0.44345608210162346
20.999999999999982,0.49002378903667576
21.19999999999998,0.5423022819791486
21.39999999999998,0.6015383655769594
21.59999999999998,0.6686344758485748
21.79999999999998,0.7442109085329797
21.99999999999998,0.830392328270878
22.199999999999978,0.9291509634477298
22.399999999999977,1.0428411076264292
22.599999999999977,1.1743825791111797
22.799999999999976,1.3271151080572674
22.999999999999975,1.5054163394591362
23.199999999999974,1.7144810276334879
23.399999999999974,1.9607491572956823
23.599999999999973,2.251907548009718
23.799999999999972,2.5972601753684064
23.99999999999997,3.008038904386296
24.19999999999997,3.497783518210206
24.39999999999997,4.075638202139969
24.59999999999997,4.77279791825832
24.79999999999997,5.607798121204083
24.999999999999968,6.608862588749399
25.199999999999967,7.809909669906457
25.399999999999967,9.251698088704723
25.599999999999966,10.983205699952476
25.799999999999965,13.055426043404557
25.999999999999964,15.552121364525105
26.199999999999964,18.5525801054837
26.399999999999963,22.15888023791979
26.599999999999962,26.49371873642428
26.79999999999996,31.704591359435515
26.99999999999996,37.96880058798275
