mags_ab,pos_errs_mas
16.0,0.21456437795037872
16.2,0.16723797714631486
16.4,0.17870543478950615
16.599999999999998,0.19139469779408813
16.799999999999997,0.2064002641918381
16.999999999999996,0.22212184685937392
17.199999999999996,0.16332743586967413
17.399999999999995,0.1761390491483999
17.599999999999994,0.19129401300985477
17.799999999999994,0.16192463308190524
17.999999999999993,0.17666572308100872
18.199999999999992,0.16608154597794667
18.39999999999999,0.1647062969730318
18.59999999999999,0.16811708857175664
18.79999999999999,0.1746238055611607
18.99999999999999,0.17904973680465394
19.19999999999999,0.19286923442200735
19.399999999999988,0.2115339731427171
19.599999999999987,0.23216526489288083
19.799999999999986,0.2549918041647658
19.999999999999986,0.28044611649518
20.199999999999985,0.3085104563062054
20.399999999999984,0.33965971462735944
20.599999999999984,0.37433924082670056
20.799999999999983,0.41303980534135215
20.999999999999982,0.45634881130712607
21.19999999999998,0.5049675347503486
21.39999999999998,0.5598058540574067
21.59999999999998,0.6222732506986519
21.79999999999998,0.6924798676999996
21.99999999999998,0.7725257173997313
22.199999999999978,0.8642070873477787
22.399999999999977,0.9697596552144677
22.599999999999977,1.0918202535444652
22.799999999999976,1.2337087993127143
22.999999999999975,1.3977136736028262
23.199999999999974,1.5920166863006977
23.399999999999974,1.819953026262026
23.599999999999973,2.089434188692937
23.799999999999972,2.4089935397806275
23.99999999999997,2.7890104653357026
24.19999999999997,3.2419985068505413
24.39999999999997,3.775426777814068
24.59999999999997,4.416983011683887
24.79999999999997,5.188047090838161
24.999999999999968,6.112379798442415
25.199999999999967,7.221293917197044
25.399999999999967,8.552416113076356
25.599999999999966,10.150961744128658
25.799999999999965,12.071267224474147
25.999999999999964,14.366247445815109
26.199999999999964,17.135191994275207
26.399999999999963,20.463192459660327
26.599999999999962,24.46347333099742
26.79999999999996,29.272147624016988
26.99999999999996,35.052832848334674
