mags_ab,pos_errs_mas
16.0,0.20698765994819168
16.2,0.22346781345602829
16.4,0.24068368950613278
16.599999999999998,0.26001797951021277
16.799999999999997,0.16897852632434734
16.999999999999996,0.18356146560585002
17.199999999999996,0.19705476543645362
17.399999999999995,0.21291488626543195
17.599999999999994,0.16925961659073507
17.799999999999994,0.18437975377896962
17.999999999999993,0.16508138867977484
18.199999999999992,0.1800924052289697
18.39999999999999,0.16833564069069976
18.59999999999999,0.18378388221725453
18.79999999999999,0.20066399309365848
18.99999999999999,0.18478542508518045
19.19999999999999,0.1790525894694701
19.399999999999988,0.18005479069653121
19.599999999999987,0.19063154137462096
19.799999999999986,0.20891065044466575
19.999999999999986,0.22919484034437998
20.199999999999985,0.2514793384915891
20.399999999999984,0.2760905859537641
20.599999999999984,0.3033369859348809
20.799999999999983,0.33349461803110486
20.999999999999982,0.3669135873062037
21.19999999999998,0.40404176162933847
21.39999999999998,0.4454318835815363
21.59999999999998,0.4917055134044389
21.79999999999998,0.543236638450979
21.99999999999998,0.6010467378525526
22.199999999999978,0.6666440170967558
22.399999999999977,0.7402001573092893
22.599999999999977,0.8235499774634533
22.799999999999976,0.9182723989720536
22.999999999999975,1.0267667311400483
23.199999999999974,1.151700607564995
23.399999999999974,1.296130046030982
23.599999999999973,1.4642788997076381
23.799999999999972,1.657152602286472
23.99999999999997,1.884657625943302
24.19999999999997,2.152272809471272
24.39999999999997,2.4682837975656997
24.59999999999997,2.842716565911323
24.79999999999997,3.287682182055814
24.999999999999968,3.8177861142884235
25.199999999999967,4.45062125394134
25.399999999999967,5.207358435583898
25.599999999999966,6.11345638082103
25.799999999999965,7.192922057953253
25.999999999999964,8.492203107156197
26.199999999999964,10.051633621425076
26.399999999999963,11.924174041387761
26.599999999999962,14.173462480573791
26.79999999999996,16.875980886687277
26.99999999999996,20.123645806351078
