mags_ab,pos_errs_mas
16.0,0.20865060475830016
16.2,0.22589292641201472
16.4,0.2450129557436848
16.599999999999998,0.1868763930065077
16.799999999999997,0.20302019492709078
16.999999999999996,0.220734632402965
17.199999999999996,0.1848269790370221
17.399999999999995,0.20130099428995554
17.599999999999994,0.21909532748039912
17.799999999999994,0.19126890626899057
17.999999999999993,0.20851363905713705
18.199999999999992,0.19667722903360446
18.39999999999999,0.18736680181117862
18.59999999999999,0.19215918468591248
18.79999999999999,0.2064618484543894
18.99999999999999,0.22621719404504753
19.19999999999999,0.24796152886812564
19.399999999999988,0.27192874346944446
19.599999999999987,0.29839384707490174
19.799999999999986,0.3275694390364024
19.999999999999986,0.35982677241596933
20.199999999999985,0.39553506393285687
20.399999999999984,0.4350496014150699
20.599999999999984,0.4787234554848039
20.799999999999983,0.5272146323185823
20.999999999999982,0.5811908597288927
21.19999999999998,0.6419902835621245
21.39999999999998,0.7092244817465072
21.59999999999998,0.7841266062093847
21.79999999999998,0.8687260633832992
21.99999999999998,0.9633421744647189
22.199999999999978,1.0698965802959821
22.399999999999977,1.1909322657372448
22.599999999999977,1.3296692694579608
22.799999999999976,1.488792299171729
22.999999999999975,1.6712160292236748
23.199999999999974,1.880322311650825
23.399999999999974,2.1250504060589557
23.599999999999973,2.4074037070789025
23.799999999999972,2.7365577982763916
23.99999999999997,3.1248892944788182
24.19999999999997,3.5862649459711466
24.39999999999997,4.133217888475047
24.59999999999997,4.77195203321235
24.79999999999997,5.540751353208125
24.999999999999968,6.458484928098348
25.199999999999967,7.555848678103419
25.399999999999967,8.869755656861152
25.599999999999966,10.44457970758723
25.799999999999965,12.333649865388463
25.999999999999964,14.601047325943018
26.199999999999964,17.2913503366422
26.399999999999963,20.55079262750573
26.599999999999962,24.46695692216949
26.79999999999996,29.173039976963206
26.99999999999996,34.8291313861173
