mags_ab,pos_errs_mas
16.0,inf
16.2,inf
16.4,inf
16.599999999999998,inf
16.799999999999997,0.23353868025714297
16.999999999999996,0.24861625748530553
17.199999999999996,0.26324469169294706
17.399999999999995,0.26995897516922374
17.599999999999994,0.2874099224465492
17.799999999999994,0.19745847835245117
17.999999999999993,0.2122198532240698
18.199999999999992,0.2297260709955324
18.39999999999999,0.24601635198416508
18.59999999999999,0.2635119779957882
18.79999999999999,0.2037172832931714
18.99999999999999,0.22136557429539927
19.19999999999999,0.2078666442854876
19.399999999999988,0.2146259726030834
19.599999999999987,0.23535223647052894
19.799999999999986,0.25826886981856817
19.999999999999986,0.2835869159573377
20.199999999999985,0.3115411238080662
20.399999999999984,0.3424596455647116
20.599999999999984,0.376762454130805
20.799999999999983,0.41491254765790947
20.999999999999982,0.4573997648798808
21.19999999999998,0.5048126894528352
21.39999999999998,0.5573136846395482
21.59999999999998,0.6165266679718829
21.79999999999998,0.6833814851695862
21.99999999999998,0.7585791419996166
22.199999999999978,0.8433346567273329
22.399999999999977,0.938681845641728
22.599999999999977,1.0491853971121436
22.799999999999976,1.1747930701963563
22.999999999999975,1.321031082903816
23.199999999999974,1.4907213184403623
23.399999999999974,1.6828785552634091
23.599999999999973,1.8987440679889502
23.799999999999972,2.1640977992227133
23.99999999999997,2.4768851603268476
24.19999999999997,2.8469231011100455
24.39999999999997,3.286078703104834
24.59999999999997,3.8086742135406513
24.79999999999997,4.4318702605420555
24.999999999999968,5.176623846742657
25.199999999999967,6.067849469428537
25.399999999999967,7.133789183906677
25.599999999999966,8.367605171668815
25.799999999999965,9.890713259952745
25.999999999999964,11.716014244096867
26.199999999999964,13.911607461919939
26.399999999999963,16.51207626665337
26.599999999999962,19.576913843139575
26.79999999999996,23.30037857424109
26.99999999999996,27.830792409336652
