mags_ab,pos_errs_mas
16.0,0.23766118349408952
16.2,0.25758395002351325
16.4,0.2790965343311115
16.599999999999998,0.2108536417207946
16.799999999999997,0.22852838920696053
16.999999999999996,0.2480992343492305
17.199999999999996,0.26880425601914804
17.399999999999995,0.2917265985389289
17.599999999999994,0.21088266498689862
17.799999999999994,0.22974948829216624
17.999999999999993,0.24999190120918124
18.199999999999992,0.20672172536630562
18.39999999999999,0.22548249582027066
18.59999999999999,0.20756517026091303
18.79999999999999,0.20218802674063532
18.99999999999999,0.22083296296195612
19.19999999999999,0.20805841859477472
19.399999999999988,0.21593719517781892
19.599999999999987,0.22360038163229345
19.799999999999986,0.24507042118182348
19.999999999999986,0.2688210730790222
20.199999999999985,0.2950544585458407
20.399999999999984,0.32408360619566046
20.599999999999984,0.3562401691849264
20.799999999999983,0.391971629546345
20.999999999999982,0.43162486945379824
21.19999999999998,0.47582261822491706
21.39999999999998,0.525189978692609
21.59999999999998,0.5803920259108627
21.79999999999998,0.6424022383705329
21.99999999999998,0.7123104713088653
22.199999999999978,0.7918735695319739
22.399999999999977,0.8817085972627849
22.599999999999977,0.9837813847666717
22.799999999999976,1.1011746014213215
22.999999999999975,1.2356252042451144
23.199999999999974,1.3912054935569207
23.399999999999974,1.5719383814048646
23.599999999999973,1.7844261004259014
23.799999999999972,2.031223939947737
23.99999999999997,2.3228832361135514
24.19999999999997,2.667699890203524
24.39999999999997,3.0766908349285162
24.59999999999997,3.5631558822861127
24.79999999999997,4.143128701722092
24.999999999999968,4.835913956215023
25.199999999999967,5.664737383999966
25.399999999999967,6.657524780614753
25.599999999999966,7.847841980739515
25.799999999999965,9.276026346193325
25.999999999999964,10.976295299299165
26.199999999999964,13.030103194139887
26.399999999999963,15.49736326935557
26.599999999999962,18.461975418922055
26.79999999999996,22.024783206692288
26.99999999999996,26.306990974447572
