mags_ab,pos_errs_mas
16.0,0.19685292516841033
16.2,0.16223111896376505
16.4,0.1767416193748715
16.599999999999998,0.17350544039949678
16.799999999999997,0.18269339808933407
16.999999999999996,0.20035800778715057
17.199999999999996,0.2198713087615022
17.399999999999995,0.2414400424625367
17.599999999999994,0.2653221716454509
17.799999999999994,0.29180108523499904
17.999999999999993,0.3212093805663683
18.199999999999992,0.35400180068762555
18.39999999999999,0.3904745896237539
18.59999999999999,0.43112243968043584
18.79999999999999,0.4766156816511447
18.99999999999999,0.5278630590638241
19.19999999999999,0.5857082229935916
19.399999999999988,0.6513115484774104
19.599999999999987,0.7258525076989216
19.799999999999986,0.8103094481106798
19.999999999999986,0.907395072463042
20.199999999999985,1.0196408583697625
20.399999999999984,1.1497602456435079
20.599999999999984,1.301198655985264
20.799999999999983,1.4780723419550705
20.999999999999982,1.6847878791441504
21.19999999999998,1.9296516602264733
21.39999999999998,2.2195804816582214
21.59999999999998,2.5639444233179574
21.79999999999998,2.973924354070702
21.99999999999998,3.463089000233503
22.199999999999978,4.020708480533576
22.399999999999977,4.713899968095176
22.599999999999977,5.544443257200174
22.799999999999976,6.54043745647952
22.999999999999975,7.7356502698753
23.199999999999974,9.170657803478367
23.399999999999974,10.781771921339807
23.599999999999973,12.82688560514568
23.799999999999972,15.284329774550988
23.99999999999997,18.237694801246754
24.19999999999997,21.78745919653183
24.39999999999997,25.979507921467146
24.59999999999997,31.09226313458403
24.79999999999997,37.23855265129389
24.999999999999968,44.627517048397486
25.199999999999967,53.51058565821214
25.399999999999967,64.1900304717312
25.599999999999966,77.02924734265254
25.799999999999965,92.46514161393274
25.999999999999964,111.02295993818625
26.199999999999964,133.33418308943487
26.399999999999963,160.15804090894855
26.599999999999962,192.40729204798546
26.79999999999996,231.1793176030062
26.99999999999996,277.7934389737029
