mags_ab,pos_errs_mas
16.0,inf
16.2,inf
16.4,0.2611680282202147
16.599999999999998,0.2858173104897614
16.799999999999997,0.3024553824815965
16.999999999999996,0.20841808849469737
17.199999999999996,0.22569109550648722
17.399999999999995,0.2384482763586715
17.599999999999994,0.25694564947774945
17.799999999999994,0.2752483424950277
17.999999999999993,0.18594348323820178
18.199999999999992,0.20222235085853146
18.39999999999999,0.21882807289738473
18.59999999999999,0.2370236791159264
18.79999999999999,0.1861409552711584
18.99999999999999,0.20286149691515903
19.19999999999999,0.22117634348401696
19.399999999999988,0.20461653067957278
19.599999999999987,0.19975349423195993
19.799999999999986,0.21805319292660408
19.999999999999986,0.23947510253066145
20.199999999999985,0.26328192435109943
20.399999999999984,0.28981791121994505
20.599999999999984,0.3192432801653381
20.799999999999983,0.35208182319170955
20.999999999999982,0.38881487927028935
21.19999999999998,0.4300267410136951
21.39999999999998,0.47643724356699396
21.59999999999998,0.5289008700626215
21.79999999999998,0.5884663990733998
21.99999999999998,0.6563367114360659
22.199999999999978,0.7344001551729955
22.399999999999977,0.8236431886928217
22.599999999999977,0.9268148491230457
22.799999999999976,1.0466725568740596
22.999999999999975,1.1865759046730542
23.199999999999974,1.3506120315779537
23.399999999999974,1.5437441238924394
23.599999999999973,1.7719868678467874
23.799999999999972,2.042798214591266
23.99999999999997,2.3641961617684113
24.19999999999997,2.7472426543696806
24.39999999999997,3.2046701497168777
24.59999999999997,3.75179872874266
24.79999999999997,4.407050890525455
24.999999999999968,5.1925699300520485
25.199999999999967,6.13496720116024
25.399999999999967,7.266220226905161
25.599999999999966,8.624756665199431
25.799999999999965,10.25675406572986
25.999999999999964,12.217709816189053
26.199999999999964,14.574324483884881
26.399999999999963,17.406770961651887
26.599999999999962,20.81141756204844
26.79999999999996,24.90410927016831
26.99999999999996,29.824102984722817
