mags_ab,pos_errs_mas
16.0,0.2153053016720834
16.2,0.16802997431540678
16.4,0.17923152703768375
16.599999999999998,0.19107402299084802
16.799999999999997,0.205824511145988
16.999999999999996,0.15782377128372213
17.199999999999996,0.16962103889724842
17.399999999999995,0.1830137558832234
17.599999999999994,0.15257377745496442
17.799999999999994,0.1664149397569724
17.999999999999993,0.15487685027186476
18.199999999999992,0.16909897977349542
18.39999999999999,0.16699699600411774
18.59999999999999,0.1700309943610263
18.79999999999999,0.17631421587745164
18.99999999999999,0.17800778048097915
19.19999999999999,0.19496854202045102
19.399999999999988,0.2136578799068507
19.599999999999987,0.2342584200089026
19.799999999999986,0.25705615529572073
19.999999999999986,0.2822466605856482
20.199999999999985,0.30990969910318966
20.399999999999984,0.34048031527932165
20.599999999999984,0.37430165825945283
20.799999999999983,0.41177531767413617
20.999999999999982,0.453366349656193
21.19999999999998,0.49962149336958944
21.39999999999998,0.5513559342008268
21.59999999999998,0.6093647917759499
21.79999999999998,0.6737708992697826
21.99999999999998,0.7459015104553633
22.199999999999978,0.8270677096927928
22.399999999999977,0.9191669532471363
22.599999999999977,1.0238880839346483
22.799999999999976,1.143489716666892
22.999999999999975,1.2807443872953754
23.199999999999974,1.439456594283793
23.399999999999974,1.620825053154282
23.599999999999973,1.8305613512739407
23.799999999999972,2.0773884988711724
23.99999999999997,2.3670926882190773
24.19999999999997,2.7083380311928056
24.39999999999997,3.1120604807326706
24.59999999999997,3.5906942619211835
24.79999999999997,4.160302686730532
24.999999999999968,4.826865119565599
25.199999999999967,5.627393417618686
25.399999999999967,6.5904311906621205
25.599999999999966,7.7444868510432485
25.799999999999965,9.128108808243736
25.999999999999964,10.788180467837185
26.199999999999964,12.781040089500586
26.399999999999963,15.126346228003996
26.599999999999962,17.970494946765275
26.79999999999996,21.406413970107625
26.99999999999996,25.535590752252958
