mags_ab,pos_errs_mas
16.0,0.23816205040054317
16.2,0.2567086218020609
16.4,0.2777756568983699
16.599999999999998,0.29771226527970523
16.799999999999997,0.3195096598985405
16.999999999999996,0.21332783009656417
17.199999999999996,0.23104619302834078
17.399999999999995,0.2505515346327748
17.599999999999994,0.27110568540284485
17.799999999999994,0.29351329101199714
17.999999999999993,0.22526014350416326
18.199999999999992,0.24519393840624013
18.39999999999999,0.22097531450074423
18.59999999999999,0.22052770554940768
18.79999999999999,0.22852548050421617
18.99999999999999,0.25035914471309256
19.19999999999999,0.2743876945967669
19.399999999999988,0.30088976749792573
19.599999999999987,0.33012532719317184
19.799999999999986,0.3624180003354098
19.999999999999986,0.39805017529102393
20.199999999999985,0.4374780414754435
20.399999999999984,0.48111485308991625
20.599999999999984,0.5295088603764709
20.799999999999983,0.5831064795319661
20.999999999999982,0.6428833874410437
21.19999999999998,0.7100238274057803
21.39999999999998,0.7842219484836461
21.59999999999998,0.8677323181342603
21.79999999999998,0.9598980424036504
21.99999999999998,1.065382974678944
22.199999999999978,1.183846945815281
22.399999999999977,1.317456563950586
22.599999999999977,1.4717735745924527
22.799999999999976,1.6462450563137832
22.999999999999975,1.8489849121323163
23.199999999999974,2.081368941609355
23.399999999999974,2.347876967686589
23.599999999999973,2.6644452481337226
23.799999999999972,3.030619244480981
23.99999999999997,3.4603232451084134
24.19999999999997,3.9740604151802317
24.39999999999997,4.583067836369217
24.59999999999997,5.286026492116556
24.79999999999997,6.1392073868217985
24.999999999999968,7.160482031905176
25.199999999999967,8.382148831819565
25.399999999999967,9.84329337186677
25.599999999999966,11.596309913029478
25.799999999999965,13.699725329228409
25.999999999999964,16.224612232259883
26.199999999999964,19.153842086209433
26.399999999999963,22.76994424124507
26.599999999999962,27.114751479855133
26.79999999999996,32.21625040852615
26.99999999999996,38.46516271873104
