mags_ab,pos_errs_mas
16.0,0.19495058689642863
16.2,0.20926944102000206
16.4,0.17832304492567475
16.599999999999998,0.19353284466775922
16.799999999999997,0.21227096402368986
16.999999999999996,0.23296167853331293
17.199999999999996,0.2558406174037411
17.399999999999995,0.28116505935319036
17.599999999999994,0.3092370776049273
17.799999999999994,0.3404066731484883
17.999999999999993,0.375055924988616
18.199999999999992,0.4135684285111154
18.39999999999999,0.45639779251205403
18.59999999999999,0.5045448006197293
18.79999999999999,0.5586542310068328
18.99999999999999,0.6196720073242387
19.19999999999999,0.688697538545672
19.399999999999988,0.7671359301244278
19.599999999999987,0.8546565422174944
19.799999999999986,0.9565089522235712
19.999999999999986,1.073863190292215
20.199999999999985,1.2097511814069166
20.399999999999984,1.3678775541601542
20.599999999999984,1.5510287716786741
20.799999999999983,1.7672711774785297
20.999999999999982,2.012631367864912
21.19999999999998,2.3073439190813425
21.39999999999998,2.660577964188208
21.59999999999998,3.0806712791652275
21.79999999999998,3.5814608954579734
21.99999999999998,4.179610336700865
22.199999999999978,4.851267476139053
22.399999999999977,5.679157721232085
22.599999999999977,6.68880369571709
22.799999999999976,7.8999743422600455
22.999999999999975,9.353760710141819
23.199999999999974,11.058707556137232
23.399999999999974,13.1460723797382
23.599999999999973,15.654068053833205
23.799999999999972,18.667999556300863
23.99999999999997,22.290395422125233
24.19999999999997,26.644502374515124
24.39999999999997,31.87846793929795
24.59999999999997,38.1703830071948
24.79999999999997,45.73434492940643
24.999999999999968,54.82773559973805
25.199999999999967,65.75998348499306
25.399999999999967,78.903090814169
25.599999999999966,94.7042866593059
25.799999999999965,113.70126995715735
25.999999999999964,136.5404630753349
26.199999999999964,163.99903253089443
26.399999999999963,197.0113678261492
26.599999999999962,236.70080828634158
26.79999999999996,284.41791072559005
26.99999999999996,341.78637658995507
