mags_ab,pos_errs_mas
16.0,inf
16.2,inf
16.4,inf
16.599999999999998,inf
16.799999999999997,0.23425137311722832
16.999999999999996,0.24657372544407338
17.199999999999996,0.2616066111296508
17.399999999999995,0.2685108528207551
17.599999999999994,0.19727644823043097
17.799999999999994,0.21264343938843053
17.999999999999993,0.22801442008917402
18.199999999999992,0.24642098973523138
18.39999999999999,0.26282318987323394
18.59999999999999,0.21582494345398284
18.79999999999999,0.20671627761553987
18.99999999999999,0.2266323876927221
19.19999999999999,0.2486319775537293
19.399999999999988,0.2729116813223518
19.599999999999987,0.299743210415228
19.799999999999986,0.32936920561345917
19.999999999999986,0.3622380432737349
20.199999999999985,0.3988007485111687
20.399999999999984,0.4394939107100841
20.599999999999984,0.4848592871527787
20.799999999999983,0.5352848837815474
20.999999999999982,0.5909537388175204
21.19999999999998,0.6543167169253591
21.39999999999998,0.7256417989538297
21.59999999999998,0.8055626884764002
21.79999999999998,0.8945942590542122
21.99999999999998,0.9967640924871881
22.199999999999978,1.11515518267767
22.399999999999977,1.2514483271061356
22.599999999999977,1.4089237506337247
22.799999999999976,1.5826397256363904
22.999999999999975,1.7722938760984104
23.199999999999974,2.0120247580015866
23.399999999999974,2.29396562165301
23.599999999999973,2.6211891348140828
23.799999999999972,2.999109521145127
23.99999999999997,3.4522807388593617
24.19999999999997,3.999176861164918
24.39999999999997,4.651278030070339
24.59999999999997,5.430301250577375
24.79999999999997,6.259164113961931
24.999999999999968,7.287940918564263
25.199999999999967,8.579259472840368
25.399999999999967,10.128138374652506
25.599999999999966,11.98711346550818
25.799999999999965,14.219312511537412
25.999999999999964,16.90059784758239
26.199999999999964,20.122137604231362
26.399999999999963,23.993504677036757
26.599999999999962,28.646396277544888
26.79999999999996,34.05668498830557
26.99999999999996,40.73869557516376
