mags_ab,pos_errs_mas
16.0,0.3749033282016756
16.2,0.40075155761158826
16.4,0.2731921465989588
16.599999999999998,0.2952679570243356
16.799999999999997,0.32075483724172416
16.999999999999996,0.34799593063476425
17.199999999999996,0.26361551904059066
17.399999999999995,0.2863051591191575
17.599999999999994,0.23580512755235605
17.799999999999994,0.2567172058565617
17.999999999999993,0.2794422784118958
18.199999999999992,0.24680149948914482
18.39999999999999,0.2689811120930774
18.59999999999999,0.2438120574524573
18.79999999999999,0.2660572628744886
18.99999999999999,0.2542007092242747
19.19999999999999,0.2525953447024827
19.399999999999988,0.2463624967584676
19.599999999999987,0.2516502754938365
19.799999999999986,0.275864106885617
19.999999999999986,0.30259566329247134
20.199999999999985,0.33227369416060815
20.399999999999984,0.3650659006611847
20.599999999999984,0.401423832679813
20.799999999999983,0.4418240421871541
20.999999999999982,0.48684019525042604
21.19999999999998,0.5371006961118124
21.39999999999998,0.5932370157631991
21.59999999999998,0.6562460002955185
21.79999999999998,0.7272545071375027
21.99999999999998,0.8073894402819864
22.199999999999978,0.8990250973144581
22.399999999999977,1.0025355346289602
22.599999999999977,1.121042347430342
22.799999999999976,1.2567528290536345
22.999999999999975,1.414050757810043
23.199999999999974,1.5967522112498993
23.399999999999974,1.8092057431471176
23.599999999999973,2.0579512065050496
23.799999999999972,2.352523827170174
23.99999999999997,2.698374053129086
24.19999999999997,3.1064597340939906
24.39999999999997,3.592708536157467
24.59999999999997,4.172002878446992
24.79999999999997,4.863568889422723
24.999999999999968,5.690542558652703
25.199999999999967,6.680747125932646
25.399999999999967,7.86762702982329
25.599999999999966,9.291376177248015
25.799999999999965,11.000296489091294
25.999999999999964,13.052426838699697
26.199999999999964,15.501751521312212
26.399999999999963,18.45712246654389
26.599999999999962,22.008639568630418
26.79999999999996,26.277123269548916
26.99999999999996,31.4077928283558
