mags_ab,pos_errs_mas
16.0,0.20711192787484475
16.2,0.22126780146356329
16.4,0.23645875208908695
16.599999999999998,0.2532918269092123
16.799999999999997,0.27140959348678606
16.999999999999996,0.2908314115002074
17.199999999999996,0.1870903036768202
17.399999999999995,0.20265768821193786
17.599999999999994,0.2197158522439606
17.799999999999994,0.18015688052951215
17.999999999999993,0.19631088805020724
18.199999999999992,0.18463486337817867
18.39999999999999,0.18870738372408344
18.59999999999999,0.20676900086465405
18.79999999999999,0.22679311001650565
18.99999999999999,0.24877986778519864
19.19999999999999,0.2730580498386569
19.399999999999988,0.29988394896448506
19.599999999999987,0.3295597407886949
19.799999999999986,0.3624324044165346
19.999999999999986,0.39891087510719686
20.199999999999985,0.4394603916589355
20.399999999999984,0.4845434176299634
20.599999999999984,0.5348565958920491
20.799999999999983,0.5911735754875924
20.999999999999982,0.6548348934537122
21.19999999999998,0.72581337775147
21.39999999999998,0.8055393808505585
21.59999999999998,0.8967250704340627
21.79999999999998,1.0000748409675548
21.99999999999998,1.1190457785587415
22.199999999999978,1.2560492957136464
22.399999999999977,1.4075739639365281
22.599999999999977,1.588882636562854
22.799999999999976,1.8003256915132464
22.999999999999975,2.047602947397643
23.199999999999974,2.3390659691782636
23.399999999999974,2.6828438389789477
23.599999999999973,3.0868235157141926
23.799999999999972,3.560309684034612
23.99999999999997,4.127979760830773
24.19999999999997,4.811251655832036
24.39999999999997,5.628233188516145
24.59999999999997,6.570338285522077
24.79999999999997,7.6808135364638765
24.999999999999968,9.062417417092684
25.199999999999967,10.720437770726683
25.399999999999967,12.711167915473261
25.599999999999966,15.102253059085111
25.799999999999965,17.974989507037684
25.999999999999964,21.427079919674824
26.199999999999964,25.575952869018106
26.399999999999963,30.562766316187073
26.599999999999962,36.5571887984036
26.79999999999996,43.64038473615575
26.99999999999996,52.2756393276486
