mags_ab,pos_errs_mas
16.0,inf
16.2,inf
16.4,inf
16.599999999999998,inf
16.799999999999997,0.2336537440066404
16.999999999999996,0.24587945243683737
17.199999999999996,0.2608303220227997
17.399999999999995,0.26761030371996375
17.599999999999994,0.2835248933427018
17.799999999999994,0.20288133005036038
17.999999999999993,0.21778363944148496
18.199999999999992,0.235616831509298
18.39999999999999,0.2519265431850924
18.59999999999999,0.26938875743177254
18.79999999999999,0.21786289618754032
18.99999999999999,0.2159359354390737
19.19999999999999,0.2370733405747538
19.399999999999988,0.2605092750163627
19.599999999999987,0.28651311563481446
19.799999999999986,0.3153808356921243
19.999999999999986,0.3474760622118832
20.199999999999985,0.3833283661665391
20.399999999999984,0.42351043813311584
20.599999999999984,0.46864501934486874
20.799999999999983,0.5195220099712635
20.999999999999982,0.576891463183688
21.19999999999998,0.6413723074947055
21.39999999999998,0.715530453921473
21.59999999999998,0.8003475118229391
21.79999999999998,0.897887602196761
21.99999999999998,1.0107575668119377
22.199999999999978,1.1417490360093485
22.399999999999977,1.2949374543852685
22.599999999999977,1.474325190876706
22.799999999999976,1.6836017649278958
22.999999999999975,1.9245234471470367
23.199999999999974,2.217615534419835
23.399999999999974,2.561425591701113
23.599999999999973,2.975441853431212
23.799999999999972,3.469776141456542
23.99999999999997,4.050228894284398
24.19999999999997,4.7158062380821875
24.39999999999997,5.551515825101158
24.59999999999997,6.553921910876093
24.79999999999997,7.757025384924695
24.999999999999968,9.20168241182292
25.199999999999967,10.936990421853906
25.399999999999967,13.021952698207796
25.599999999999966,15.527484974969845
25.799999999999965,18.538820691897552
25.999999999999964,22.15841351944919
26.199999999999964,26.412777500036235
26.399999999999963,31.621807401414596
26.599999999999962,37.88392260454044
26.79999999999996,45.41220880747692
26.99999999999996,54.46283131551564
