mags_ab,pos_errs_mas
16.0,0.14493100256845912
16.2,0.1527562866709323
16.4,0.16555713281139103
16.599999999999998,0.18016193968315913
16.799999999999997,0.15560718422987274
16.999999999999996,0.16979177679570467
17.199999999999996,0.16584724743886647
17.399999999999995,0.17000410050561793
17.599999999999994,0.17448682933027143
17.799999999999994,0.19113133541212693
17.999999999999993,0.20946572704810212
18.199999999999992,0.22966653765324713
18.39999999999999,0.2519334977048217
18.59999999999999,0.27649233017170527
18.79999999999999,0.30387787723279713
18.99999999999999,0.33380139351469335
19.19999999999999,0.3668682237126769
19.399999999999988,0.40347179447536674
19.599999999999987,0.444054395155637
19.799999999999986,0.4891324416123151
19.999999999999986,0.5393035881911109
20.199999999999985,0.5959130355456066
20.399999999999984,0.6584501452697821
20.599999999999984,0.728431597452722
20.799999999999983,0.8067542401728891
20.999999999999982,0.8948703034612601
21.19999999999998,0.9952026669379297
21.39999999999998,1.1094228036505545
21.59999999999998,1.2404838620317165
21.79999999999998,1.3902871300312256
21.99999999999998,1.563226058337827
22.199999999999978,1.7638590977117843
22.399999999999977,1.988807419792636
22.599999999999977,2.258578734943752
22.799999999999976,2.5756496132310023
22.999999999999975,2.949065752016165
23.199999999999974,3.380929421246296
23.399999999999974,3.9030538841814244
23.599999999999973,4.524485085725958
23.799999999999972,5.254081260897162
23.99999999999997,6.1353758111847485
24.19999999999997,7.189890330898533
24.39999999999997,8.453172132625072
24.59999999999997,9.9257456578971
24.79999999999997,11.715054820450558
24.999999999999968,13.879296078076594
25.199999999999967,16.47847182546111
25.399999999999967,19.600937107021732
25.599999999999966,23.352876592296532
25.799999999999965,27.861915558336666
25.999999999999964,33.22490707909089
26.199999999999964,39.725313773408665
26.399999999999963,47.53940613051208
26.599999999999962,56.93306702547856
26.79999999999996,68.22593996952291
26.99999999999996,81.80228330097101
