mags_ab,pos_errs_mas
16.0,0.23843396323799113
16.2,0.25395032792148675
16.4,0.1778722178951567
16.599999999999998,0.19139572251443265
16.799999999999997,0.2062463700257198
16.999999999999996,0.2223900398311435
17.199999999999996,0.2373178184095469
17.399999999999995,0.19084215562113924
17.599999999999994,0.1834596193652685
17.799999999999994,0.20098751432631873
17.999999999999993,0.22030793589821265
18.199999999999992,0.2416096446860337
18.39999999999999,0.26516989622153414
18.59999999999999,0.29103875875681734
18.79999999999999,0.319610322119122
18.99999999999999,0.3511882540303657
19.19999999999999,0.38613911226380054
19.399999999999988,0.4248772379698536
19.599999999999987,0.46787698093670094
19.799999999999986,0.5157343315532503
19.999999999999986,0.568500236705886
20.199999999999985,0.6278852562456848
20.399999999999984,0.6928944923915579
20.599999999999984,0.7663038560639983
20.799999999999983,0.8493073597553548
20.999999999999982,0.943189156826549
21.19999999999998,1.0496787310930222
21.39999999999998,1.1710233984047307
21.59999999999998,1.3090064840690712
21.79999999999998,1.4564884239122802
21.99999999999998,1.6291402290053898
22.199999999999978,1.8347708813117731
22.399999999999977,2.0741171733035078
22.599999999999977,2.3537811955585357
22.799999999999976,2.682005440616641
22.999999999999975,3.0687942574969203
23.199999999999974,3.510113407494229
23.399999999999974,4.027327391024726
23.599999999999973,4.633449046565964
23.799999999999972,5.378976917034649
23.99999999999997,6.269884825071325
24.19999999999997,7.332824068247225
24.39999999999997,8.605996318088007
24.59999999999997,10.051468608531245
24.79999999999997,11.863916100916581
24.999999999999968,13.978298171200997
25.199999999999967,16.574772994608615
25.399999999999967,19.693444210489414
25.599999999999966,23.440345279432712
25.799999999999965,27.94291212595537
25.999999999999964,33.06270190171473
26.199999999999964,39.384506834067906
26.399999999999963,47.09808220341851
26.599999999999962,56.37059025938227
26.79999999999996,67.51755042777806
26.99999999999996,80.91825317303098
