mags_ab,pos_errs_mas
16.0,0.15985170639856172
16.2,0.1670551417831271
16.4,0.18122513764442344
16.599999999999998,0.16038231650594517
16.799999999999997,0.15906349131956363
16.999999999999996,0.1647932501571224
17.199999999999996,0.1750821089172854
17.399999999999995,0.18769493478702423
17.599999999999994,0.206025167985221
17.799999999999994,0.2263250257031941
17.999999999999993,0.24879933281960975
18.199999999999992,0.2737573123787043
18.39999999999999,0.30152498457955934
18.59999999999999,0.3324886370549144
18.79999999999999,0.36735868354115003
18.99999999999999,0.40626384637066826
19.19999999999999,0.4499370742113721
19.399999999999988,0.4992743909954118
19.599999999999987,0.5550918108735221
19.799999999999986,0.6186286533926015
19.999999999999986,0.6916225932680345
20.199999999999985,0.775094434793677
20.399999999999984,0.8714726902871728
20.599999999999984,0.9837427693918197
20.799999999999983,1.1138561156377664
20.999999999999982,1.2661941719151462
21.19999999999998,1.4453169546933264
21.39999999999998,1.6567546116100265
21.59999999999998,1.907601896798406
21.79999999999998,2.20492206570649
21.99999999999998,2.5590225481018236
22.199999999999978,2.9816396046540876
22.399999999999977,3.486898356315034
22.599999999999977,4.091786300662408
22.799999999999976,4.816724543187612
22.999999999999975,5.686256183613122
23.199999999999974,6.729873469724233
23.399999999999974,7.98301724476239
23.599999999999973,9.488275167316154
23.799999999999972,11.296829277724834
23.99999999999997,13.4701910433105
24.19999999999997,16.082296968224743
24.39999999999997,19.22201683066193
24.59999999999997,22.996178072817298
24.79999999999997,27.53320209409417
24.999999999999968,32.987469635178066
25.199999999999967,39.544575938390814
25.399999999999967,47.42764484341079
25.599999999999966,56.90491784175306
25.799999999999965,68.29889649651625
25.999999999999964,81.99729051155474
26.199999999999964,98.46622527282639
26.399999999999963,118.26612289248315
26.599999999999962,142.070731635393
26.79999999999996,170.69007729872175
26.99999999999996,205.09800931673215
