mags_ab,pos_errs_mas
16.0,0.22236474117208324
16.2,0.24172040898554678
16.4,0.25185717216968007
16.599999999999998,0.2664672907080228
16.799999999999997,0.28437604262978494
16.999999999999996,0.1664947755180604
17.199999999999996,0.1780837442233776
17.399999999999995,0.19232456047782615
17.599999999999994,0.20876527644231302
17.799999999999994,0.22210513874813867
17.999999999999993,0.1528996233671291
18.199999999999992,0.16533486772437164
18.39999999999999,0.17844309222385044
18.59999999999999,0.15416005476321135
18.79999999999999,0.1682575706819923
18.99999999999999,0.16037522798060755
19.19999999999999,0.17520189456671623
19.399999999999988,0.16662075384032804
19.599999999999987,0.16984800133414282
19.799999999999986,0.17845890007062487
19.999999999999986,0.18166691667469662
20.199999999999985,0.1991761259644492
20.399999999999984,0.21852493492756717
20.599999999999984,0.23992719784113148
20.799999999999983,0.26378528528720835
20.999999999999982,0.29021633095784116
21.19999999999998,0.3194414617961548
21.39999999999998,0.3519295736227224
21.59999999999998,0.38815404427290645
21.79999999999998,0.42865712546538126
21.99999999999998,0.474081198755279
22.199999999999978,0.5251976668589171
22.399999999999977,0.5835701172877656
22.599999999999977,0.649876314599356
22.799999999999976,0.7245114671199924
22.999999999999975,0.8099085951778572
23.199999999999974,0.9080923709515047
23.399999999999974,1.0215389136454862
23.599999999999973,1.1532579282506903
23.799999999999972,1.3069064548082945
23.99999999999997,1.4869504875240027
24.19999999999997,1.7010235447507078
24.39999999999997,1.951193001891372
24.59999999999997,2.247672652770722
24.79999999999997,2.6000419274152864
24.999999999999968,3.019883981355679
25.199999999999967,3.5211394347084015
25.399999999999967,4.1205828653623815
25.599999999999966,4.840079611048456
25.799999999999965,5.700645138858437
25.999999999999964,6.731924518593202
26.199999999999964,7.969750768531631
26.399999999999963,9.456165537318348
26.599999999999962,11.241686607314925
26.79999999999996,13.387029080276218
26.99999999999996,15.965160714363373
