mags_ab,pos_errs_mas
16.0,0.3745960515695804
16.2,0.4019391332346601
16.4,0.27316113343530823
16.599999999999998,0.2963627003807115
16.799999999999997,0.3208922179243655
16.999999999999996,0.3482264984440707
17.199999999999996,0.26458761327224906
17.399999999999995,0.28547051396038303
17.599999999999994,0.30959801525591313
17.799999999999994,0.24233591558981968
17.999999999999993,0.26303360440043994
18.199999999999992,0.22914119299771313
18.39999999999999,0.24971520473893793
18.59999999999999,0.27237005751275223
18.79999999999999,0.24077462262085506
18.99999999999999,0.2627085297967487
19.19999999999999,0.2867746943200752
19.399999999999988,0.2493386868087964
19.599999999999987,0.2724793656902095
19.799999999999986,0.25588821768322934
19.999999999999986,0.24808516754528945
20.199999999999985,0.2667364828613079
20.399999999999984,0.2930611306522153
20.599999999999984,0.3223307522198166
20.799999999999983,0.35503145223487004
20.999999999999982,0.3915404309451399
21.19999999999998,0.43237952813683356
21.39999999999998,0.4782689671333032
21.59999999999998,0.5300685872046125
21.79999999999998,0.5887220691248867
21.99999999999998,0.6552691273409225
22.199999999999978,0.7312410182025162
22.399999999999977,0.8185631800534
22.599999999999977,0.9198697004801513
22.799999999999976,1.0361589970422125
22.999999999999975,1.1714708479393685
23.199999999999974,1.3296513447227705
23.399999999999974,1.5153769811547362
23.599999999999973,1.7343229771705841
23.799999999999972,1.9933631188783385
23.99999999999997,2.3008069131502604
24.19999999999997,2.666683106539825
24.39999999999997,3.1047358279184394
24.59999999999997,3.6258577935003933
24.79999999999997,4.249445314352644
24.999999999999968,4.996522361633098
25.199999999999967,5.89235842037944
25.399999999999967,6.967319390796413
25.599999999999966,8.257895381559365
25.799999999999965,9.807937433851066
25.999999999999964,11.670140098269316
26.199999999999964,13.907834280084916
26.399999999999963,16.597141495222896
26.599999999999962,19.82955221298146
26.79999999999996,23.715048491192835
26.99999999999996,28.385832407077345
