mags_ab,pos_errs_mas
16.0,inf
16.2,inf
16.4,0.25939217048999186
16.599999999999998,0.2834081255806712
16.799999999999997,0.3007140279465702
16.999999999999996,0.20861659441682456
17.199999999999996,0.22391152602359554
17.399999999999995,0.239906798329385
17.599999999999994,0.18502606656969028
17.799999999999994,0.20029269686350118
17.999999999999993,0.21713034155438235
18.199999999999992,0.18406831725963746
18.39999999999999,0.20028756683879384
18.59999999999999,0.218130459350516
18.79999999999999,0.19305263861946065
18.99999999999999,0.18423978027417526
19.19999999999999,0.2013237424330978
19.399999999999988,0.19487829126510126
19.599999999999987,0.19963829570657304
19.799999999999986,0.21786902884534065
19.999999999999986,0.23921294629620626
20.199999999999985,0.2629268358013724
20.399999999999984,0.28936610984820954
20.599999999999984,0.3186195752498701
20.799999999999983,0.35124392758292816
20.999999999999982,0.387677512244074
21.19999999999998,0.4284722975142299
21.39999999999998,0.47433518474807634
21.59999999999998,0.5260832221387374
21.79999999999998,0.5847785897222103
21.99999999999998,0.651662000321482
22.199999999999978,0.7283536673316747
22.399999999999977,0.8156167965611146
22.599999999999977,0.9162527178281669
22.799999999999976,1.0328824499396692
22.999999999999975,1.1687012837327742
23.199999999999974,1.3275996216723507
23.399999999999974,1.514296027533323
23.599999999999973,1.734544184303703
23.799999999999972,1.9961893908227992
23.99999999999997,2.305258748117546
24.19999999999997,2.672943649617213
24.39999999999997,3.111865975570319
24.59999999999997,3.636162242520228
24.79999999999997,4.263988786914255
24.999999999999968,5.01362478440752
25.199999999999967,5.908147308729876
25.399999999999967,6.984320313339611
25.599999999999966,8.280262616485107
25.799999999999965,9.836806681564388
25.999999999999964,11.70687263295237
26.199999999999964,13.932239515836063
26.399999999999963,16.60194125806347
26.599999999999962,19.835807743468457
26.79999999999996,23.723057847910773
26.99999999999996,28.395955372481087
