mags_ab,pos_errs_mas
16.0,0.37444130564743583
16.2,0.400272550212286
16.4,0.2744350169394866
16.599999999999998,0.2954007957173318
16.799999999999997,0.3203837849262433
16.999999999999996,0.3467553010223733
17.199999999999996,0.2641568635780472
17.399999999999995,0.285756878333526
17.599999999999994,0.3092564011402838
17.799999999999994,0.2443917916161663
17.999999999999993,0.2658345999452976
18.199999999999992,0.28940323208776153
18.39999999999999,0.31444986218127774
18.59999999999999,0.2553481714038541
18.79999999999999,0.27832314615320664
18.99999999999999,0.2527554125846812
19.19999999999999,0.24538398169173523
19.399999999999988,0.2504772850166069
19.599999999999987,0.2546977536671242
19.799999999999986,0.27894612934308094
19.999999999999986,0.3056917806528752
20.199999999999985,0.3352777285417103
20.399999999999984,0.36785021934611395
20.599999999999984,0.40382059545501636
20.799999999999983,0.4436159447876439
20.999999999999982,0.4876270510571507
21.19999999999998,0.5363993490651972
21.39999999999998,0.5905176164706873
21.59999999999998,0.6506456785231648
21.79999999999998,0.7176153988808558
21.99999999999998,0.7924589554596293
22.199999999999978,0.8769785095886745
22.399999999999977,0.9708168172135867
22.599999999999977,1.0768702291603087
22.799999999999976,1.1963955757910214
22.999999999999975,1.3326775724055822
23.199999999999974,1.4869432726742993
23.399999999999974,1.6649498555590079
23.599999999999973,1.8684125700252971
23.799999999999972,2.104197859180685
23.99999999999997,2.3769843196388902
24.19999999999997,2.6953062191185695
24.39999999999997,3.0700518413129965
24.59999999999997,3.5115225135544437
24.79999999999997,4.029650975990057
24.999999999999968,4.642984254920931
25.199999999999967,5.376517452398398
25.399999999999967,6.250990541927588
25.599999999999966,7.27121320011063
25.799999999999965,8.511019440492692
25.999999999999964,9.995730303006578
26.199999999999964,11.775510435510304
26.399999999999963,13.910649191137864
26.599999999999962,16.473589135290236
26.79999999999996,19.55138668406401
26.99999999999996,23.24865279474765
