mags_ab,pos_errs_mas
16.0,0.21375057329807587
16.2,0.17109200393071342
16.4,0.18633820776136098
16.599999999999998,0.17743024609233604
16.799999999999997,0.1945259058444082
16.999999999999996,0.21341195921726383
17.199999999999996,0.23426545236238042
17.399999999999995,0.2573361688383686
17.599999999999994,0.28289139739607705
17.799999999999994,0.31124320329185373
17.999999999999993,0.342753946099616
18.199999999999992,0.37792270618874074
18.39999999999999,0.416977545042345
18.59999999999999,0.4605227091820422
18.79999999999999,0.5094921051339848
18.99999999999999,0.564627948938092
19.19999999999999,0.627030135951816
19.399999999999988,0.697674494202853
19.599999999999987,0.7781941784073838
19.799999999999986,0.8689567424477279
19.999999999999986,0.9741770071454701
20.199999999999985,1.0955340821463986
20.399999999999984,1.236511914489081
20.599999999999984,1.4009935282260508
20.799999999999983,1.592497896707736
20.999999999999982,1.8186209478704096
21.19999999999998,2.0856683391613564
21.39999999999998,2.402090302975704
21.59999999999998,2.7699100078737486
21.79999999999998,3.205358682077514
21.99999999999998,3.7347950181651868
22.199999999999978,4.367762361196474
22.399999999999977,5.125542640491529
22.599999999999977,6.033718839815545
22.799999999999976,7.069277862876812
22.999999999999975,8.341637007921516
23.199999999999974,9.890470222883158
23.399999999999974,11.750786458682063
23.599999999999973,13.985833432768283
23.799999999999972,16.671626679623472
23.99999999999997,19.839649952660892
24.19999999999997,23.705804413859276
24.39999999999997,28.353110322659603
24.59999999999997,33.93969469418265
24.79999999999997,40.65565327538809
24.999999999999968,48.729511233009966
25.199999999999967,58.43600402443513
25.399999999999967,70.10542343350943
25.599999999999966,84.13485194253425
25.799999999999965,101.00169674766754
25.999999999999964,121.2798963976789
26.199999999999964,145.65947229850173
26.399999999999963,174.9700393247938
26.599999999999962,210.20897359631365
26.79999999999996,252.5753882787102
26.99999999999996,303.51091455507117
