mags_ab,pos_errs_mas
16.0,0.23768299352832017
16.2,0.2570222025425014
16.4,0.278728404297389
16.599999999999998,0.21174242143691765
16.799999999999997,0.22967737931264803
16.999999999999996,0.2495503325813708
17.199999999999996,0.2703662322706042
17.399999999999995,0.2157321968737349
17.599999999999994,0.23469402993420346
17.799999999999994,0.25552440814647315
17.999999999999993,0.20955526771925523
18.199999999999992,0.22844212555177004
18.39999999999999,0.2149311591301373
18.59999999999999,0.21435001243326177
18.79999999999999,0.21646223771828926
18.99999999999999,0.23329115925624044
19.19999999999999,0.25588926189933364
19.399999999999988,0.2808357474659734
19.599999999999987,0.30847398633885126
19.799999999999986,0.3390868038176641
19.999999999999986,0.37309574113080995
20.199999999999985,0.41091563001045844
20.399999999999984,0.45302601388564606
20.599999999999984,0.500093519712726
20.799999999999983,0.5528432965004995
20.999999999999982,0.6120536950434833
21.19999999999998,0.678850728658345
21.39999999999998,0.7552790990245443
21.59999999999998,0.8410806505785156
21.79999999999998,0.9392687191080553
21.99999999999998,1.0512530142859426
22.199999999999978,1.1809491384286859
22.399999999999977,1.3305515778910373
22.599999999999977,1.5034920559567846
22.799999999999976,1.7071700394990064
22.999999999999975,1.9454077542194719
23.199999999999974,2.224408810520685
23.399999999999974,2.55591328298888
23.599999999999973,2.9492583061205404
23.799999999999972,3.417259321693894
23.99999999999997,3.975361359607671
24.19999999999997,4.6421608908290235
24.39999999999997,5.4400280659489795
24.59999999999997,6.395858350049338
24.79999999999997,7.5419799799615665
24.999999999999968,8.917240042702867
25.199999999999967,10.568321120108314
25.399999999999967,12.531255877260307
25.599999999999966,14.906953121383498
25.799999999999965,17.761607329131948
25.999999999999964,21.192320185997897
26.199999999999964,25.31580663628629
26.399999999999963,30.27236606190903
26.599999999999962,36.23064323089295
26.79999999999996,43.39338350720817
26.99999999999996,52.004308885412236
