mags_ab,pos_errs_mas
16.0,0.23803955096853743
16.2,0.2576558345638388
16.4,0.2795450883694891
16.599999999999998,0.30111058974999105
16.799999999999997,0.32509821941084116
16.999999999999996,0.2095940679439107
17.199999999999996,0.22680506875975576
17.399999999999995,0.24631104090191033
17.599999999999994,0.26711709431077446
17.799999999999994,0.21099556664490351
17.999999999999993,0.22982770440557046
18.199999999999992,0.20432210385244462
18.39999999999999,0.22287996021000878
18.59999999999999,0.2066459931010908
18.79999999999999,0.2255344578832993
18.99999999999999,0.20498740166108181
19.19999999999999,0.2238283295746942
19.399999999999988,0.21423284147549898
19.599999999999987,0.21303731688723268
19.799999999999986,0.22442590729849346
19.999999999999986,0.24591552285533844
20.199999999999985,0.2696678494335696
20.399999999999984,0.2958884270259716
20.599999999999984,0.32484176621917105
20.799999999999983,0.3569095147954425
20.999999999999982,0.3924490778281145
21.19999999999998,0.4318137935248363
21.39999999999998,0.4756134570774842
21.59999999999998,0.5244168108541545
21.79999999999998,0.5788040412440679
21.99999999999998,0.6397008409800033
22.199999999999978,0.7086800016703979
22.399999999999977,0.7857322940898499
22.599999999999977,0.8726249962950227
22.799999999999976,0.9715050285601753
22.999999999999975,1.0840702466508807
23.199999999999974,1.2124815537786946
23.399999999999974,1.3608780037065409
23.599999999999973,1.531886065232047
23.799999999999972,1.7316007142695673
23.99999999999997,1.9635182916677352
24.19999999999997,2.235485080495083
24.39999999999997,2.5557410504673546
24.59999999999997,2.934271210542031
24.79999999999997,3.3831529997990812
24.999999999999968,3.9169674022740537
25.199999999999967,4.553293687609307
25.399999999999967,5.313300146353447
25.599999999999966,6.222455114682658
25.799999999999965,7.31138213639521
25.999999999999964,8.606933054792998
26.199999999999964,10.168298367004756
26.399999999999963,12.04253195001193
26.599999999999962,14.293295058319233
26.79999999999996,16.99709466687319
26.99999999999996,20.245871652421478
