mags_ab,pos_errs_mas
16.0,0.17602246388278894
16.2,0.1907722513561446
16.4,0.18697477100798024
16.599999999999998,0.2049315901458772
16.799999999999997,0.22473065301443784
16.999999999999996,0.24656742525775582
17.199999999999996,0.2706702696978082
17.399999999999995,0.29719393923089965
17.599999999999994,0.326355175880677
17.799999999999994,0.3587689733967382
17.999999999999993,0.39467970727215324
18.199999999999992,0.4345314171537042
18.39999999999999,0.47884518061593645
18.59999999999999,0.5282000058062006
18.79999999999999,0.5831778502385473
18.99999999999999,0.6428302124554107
19.19999999999999,0.7106509969403938
19.399999999999988,0.7850385076604663
19.599999999999987,0.8709724462740374
19.799999999999986,0.9682525419543486
19.999999999999986,1.0788571682332255
20.199999999999985,1.2053467632558106
20.399999999999984,1.3470949903398146
20.599999999999984,1.5069678763372165
20.799999999999983,1.673839530878756
20.999999999999982,1.8875580948052095
21.19999999999998,2.136695229588175
21.39999999999998,2.4277976902158738
21.59999999999998,2.769698874638987
21.79999999999998,3.1534731480761606
21.99999999999998,3.594745752681619
22.199999999999978,4.10106613933616
22.399999999999977,4.744735847000219
22.599999999999977,5.5117076515371135
22.799999999999976,6.4274555291046465
22.999999999999975,7.522631854243356
23.199999999999974,8.749069215697604
23.399999999999974,10.214915974286766
23.599999999999973,12.052465269176407
23.799999999999972,14.257653447155802
23.99999999999997,16.905350537488786
24.19999999999997,20.085528070101873
24.39999999999997,23.906309853703014
24.59999999999997,28.38056331534684
24.79999999999997,33.87009117446968
24.999999999999968,40.46824343378285
25.199999999999967,48.39951605111149
25.399999999999967,57.93377745307863
25.599999999999966,69.39544555840219
25.799999999999965,83.17453627621339
25.999999999999964,99.73991591114294
26.199999999999964,119.65526398125851
26.399999999999963,143.59827594770118
26.599999999999962,172.38367646315874
26.79999999999996,206.9909895899858
26.99999999999996,248.597804785063
