mags_ab,pos_errs_mas
16.0,inf
16.2,0.311428287036397
16.4,0.32601879001301065
16.599999999999998,0.3453608991463828
16.799999999999997,0.36600375999186413
16.999999999999996,0.38770805113546986
17.199999999999996,0.2636532300439679
17.399999999999995,0.28415705741359826
17.599999999999994,0.30465639223504504
17.799999999999994,0.3269896737041336
17.999999999999993,0.3486565070379667
18.199999999999992,0.2668618423369808
18.39999999999999,0.2561910857968121
18.59999999999999,0.2807016628368303
18.79999999999999,0.3077745099627672
18.99999999999999,0.3376360083642855
19.19999999999999,0.37061575848779765
19.399999999999988,0.4071609503265139
19.599999999999987,0.4475405849637489
19.799999999999986,0.49242754506334235
19.999999999999986,0.5419087584653911
20.199999999999985,0.5973172518580924
20.399999999999984,0.6581544822293158
20.599999999999984,0.726892649858021
20.799999999999983,0.8033201255400079
20.999999999999982,0.8888814688237509
21.19999999999998,0.9860143402909397
21.39999999999998,1.0953510858639424
21.59999999999998,1.2180433655432898
21.79999999999998,1.3549309096132778
21.99999999999998,1.5160750305001545
22.199999999999978,1.70162975763755
22.399999999999977,1.9031615700916265
22.599999999999977,2.144649766730595
22.799999999999976,2.4284600629582522
22.999999999999975,2.75489366706713
23.199999999999974,3.1443710161205995
23.399999999999974,3.5923093832059627
23.599999999999973,4.133535806020089
23.799999999999972,4.759757245668693
23.99999999999997,5.520616465419207
24.19999999999997,6.415399415702718
24.39999999999997,7.43368777323702
24.59999999999997,8.670498367809065
24.79999999999997,10.19062276164833
24.999999999999968,12.013219717695373
25.199999999999967,14.154941358534977
25.399999999999967,16.72423640586311
25.599999999999966,19.85434473297391
25.799999999999965,23.402428154313192
25.999999999999964,27.87111501251136
26.199999999999964,33.1172956670245
26.399999999999963,39.54450828401754
26.599999999999962,47.09202532803959
26.79999999999996,56.339768541381744
26.99999999999996,67.45673852293753
