mags_ab,pos_errs_mas
16.0,0.1486327865537293
16.2,0.16128223881671505
16.4,0.14546033609510944
16.599999999999998,0.158657200582573
16.799999999999997,0.15420239524581741
16.999999999999996,0.1579034742815382
17.199999999999996,0.16633135527160142
17.399999999999995,0.17173204067217646
17.599999999999994,0.18805918301974217
17.799999999999994,0.20603148978160124
17.999999999999993,0.22581633947821864
18.199999999999992,0.2476024156492091
18.39999999999999,0.2716011311602679
18.59999999999999,0.29828341473918485
18.79999999999999,0.32751146453894314
18.99999999999999,0.35964477225824854
19.19999999999999,0.3951243172716219
19.399999999999988,0.4343430859687311
19.599999999999987,0.47775431398048185
19.799999999999986,0.525874480323583
19.999999999999986,0.5800563161437969
20.199999999999985,0.6394632043757602
20.399999999999984,0.7054420305063621
20.599999999999984,0.7783197861818237
20.799999999999983,0.8604697700624329
20.999999999999982,0.9527458362350888
21.19999999999998,1.0567420532968401
21.39999999999998,1.1750787340791988
21.59999999999998,1.3084580445365561
21.79999999999998,1.460628286678781
21.99999999999998,1.6282343322021657
22.199999999999978,1.8225050493883217
22.399999999999977,2.049087011782882
22.599999999999977,2.3119420104699406
22.799999999999976,2.6183269353181755
22.999999999999975,2.977092404301147
23.199999999999974,3.3989914326759036
23.399999999999974,3.8745589572427144
23.599999999999973,4.4487558764580335
23.799999999999972,5.13475172780525
23.99999999999997,5.951050905747636
24.19999999999997,6.9246105720149
24.39999999999997,8.087493639271647
24.59999999999997,9.47847736475389
24.79999999999997,11.123888340058375
24.999999999999968,13.11119273413488
25.199999999999967,15.488517819862894
25.399999999999967,18.350803854906765
25.599999999999966,21.788601412258956
25.799999999999965,25.918557991327592
25.999999999999964,30.881120676309283
26.199999999999964,36.845091757601594
26.399999999999963,44.01337343110805
26.599999999999962,52.569464857920664
26.79999999999996,62.90374168802519
26.99999999999996,75.32696331325168
