mags_ab,pos_errs_mas
16.0,0.37457933476401645
16.2,0.40191895094540275
16.4,0.27314202483133987
16.599999999999998,0.29633858180280354
16.799999999999997,0.3208618789039598
16.999999999999996,0.34818819168192267
17.199999999999996,0.26454584690667976
17.399999999999995,0.2854195767961515
17.599999999999994,0.3095322040307594
17.799999999999994,0.24226016722807742
17.999999999999993,0.26293612125370763
18.199999999999992,0.2290168146118278
18.39999999999999,0.24955209549237936
18.59999999999999,0.2721558259359433
18.79999999999999,0.24048578887417987
18.99999999999999,0.26232881727657376
19.19999999999999,0.28627501489272267
19.399999999999988,0.2486287688948568
19.599999999999987,0.27154447711957075
19.799999999999986,0.25456351087727647
19.999999999999986,0.24619146780318915
20.199999999999985,0.26424308358972726
20.399999999999984,0.2897590242820264
20.599999999999984,0.3179941127335996
20.799999999999983,0.34935815688859984
20.999999999999982,0.3840570571181827
21.19999999999998,0.42257564207620785
21.39999999999998,0.4654865683918968
21.59999999999998,0.5132788802907998
21.79999999999998,0.5667951582275145
21.99999999999998,0.6267081032265203
22.199999999999978,0.6942846551995702
22.399999999999977,0.7703279766052832
22.599999999999977,0.8575032715949681
22.799999999999976,0.9555043579748647
22.999999999999975,1.067726959348702
23.199999999999974,1.1966861560970126
23.399999999999974,1.3451264729382533
23.599999999999973,1.5176833030971215
23.799999999999972,1.7188559199057152
23.99999999999997,1.9538744965934014
24.19999999999997,2.2317895423656906
24.39999999999997,2.5578152343354397
24.59999999999997,2.943936756723637
24.79999999999997,3.401292989753742
24.999999999999968,3.946859650471375
25.199999999999967,4.597939331254896
25.399999999999967,5.376285969091515
25.599999999999966,6.308063392196281
25.799999999999965,7.424725451317503
25.999999999999964,8.764072024525005
26.199999999999964,10.371527627143227
26.399999999999963,12.301679535660215
26.599999999999962,14.620120616399348
26.79999999999996,17.393966523127187
26.99999999999996,20.73627717022792
