mags_ab,pos_errs_mas
16.0,0.2130545385971685
16.2,0.16634624041902743
16.4,0.17820406179546777
16.599999999999998,0.19043187294091862
16.799999999999997,0.15373794761559822
16.999999999999996,0.16737131444961947
17.199999999999996,0.1819543145399569
17.399999999999995,0.19796429209101496
17.599999999999994,0.16797549344045937
17.799999999999994,0.18326081358366839
17.999999999999993,0.17678521841713082
18.199999999999992,0.17960205598222487
18.39999999999999,0.18248569746390603
18.59999999999999,0.19988939068684936
18.79999999999999,0.21906395139145293
18.99999999999999,0.2401957894260428
19.19999999999999,0.2636388297385294
19.399999999999988,0.2894170184244067
19.599999999999987,0.31776116512573427
19.799999999999986,0.34907215389950175
19.999999999999986,0.38369825473338887
20.199999999999985,0.4220440734908239
20.399999999999984,0.46458053195579124
20.599999999999984,0.5118474369040205
20.799999999999983,0.5646880694467811
20.999999999999982,0.6237508011978036
21.19999999999998,0.6892775151793286
21.39999999999998,0.7619171940666227
21.59999999999998,0.8443167288734938
21.79999999999998,0.9373565818489353
21.99999999999998,1.0429305287257074
22.199999999999978,1.1632186585969624
22.399999999999977,1.3014346675928607
22.599999999999977,1.459384658463778
22.799999999999976,1.6353935614502797
22.999999999999975,1.8442557783533
23.199999999999974,2.083861682993989
23.399999999999974,2.365865380486876
23.599999999999973,2.698342406698626
23.799999999999972,3.0907214039312993
23.99999999999997,3.5551934985736944
24.19999999999997,4.106704273253467
24.39999999999997,4.753037629341587
24.59999999999997,5.509992703804095
24.79999999999997,6.425096560987325
24.999999999999968,7.5282068216757665
25.199999999999967,8.849640098972822
25.399999999999967,10.434081704290769
25.599999999999966,12.33523220715829
25.799999999999965,14.617621643101218
25.999999999999964,17.35879206252677
26.199999999999964,20.651929012257025
26.399999999999963,24.561812383709363
26.599999999999962,29.304850673330282
26.79999999999996,35.00564796913395
26.99999999999996,41.8581605415681
