mags_ab,pos_errs_mas
16.0,inf
16.2,0.3099154233395318
16.4,0.3258977495206312
16.599999999999998,0.34467515042649716
16.799999999999997,0.3652238873859803
16.999999999999996,0.3868206238539333
17.199999999999996,0.3942415910803627
17.399999999999995,0.3986560052535579
17.599999999999994,0.26611578845832534
17.799999999999994,0.28665754804186844
17.999999999999993,0.307731685859212
18.199999999999992,0.33056530286884084
18.39999999999999,0.2684879794979024
18.59999999999999,0.26330759383920893
18.79999999999999,0.28856253139753524
18.99999999999999,0.3164592789888283
19.19999999999999,0.34718879885046866
19.399999999999988,0.3812356884346012
19.599999999999987,0.4189301307356129
19.799999999999986,0.46060255911164527
19.999999999999986,0.5067925975677363
20.199999999999985,0.558089829811024
20.399999999999984,0.6148390760381557
20.599999999999984,0.6783903930529892
20.799999999999983,0.7496617992903277
20.999999999999982,0.8290406004849318
21.19999999999998,0.9179398035437928
21.39999999999998,1.019154047694629
21.59999999999998,1.1314479874641972
21.79999999999998,1.2614917343057017
21.99999999999998,1.404581078882798
22.199999999999978,1.5738103748925174
22.399999999999977,1.7691199918969491
22.599999999999977,1.98143356579499
22.799999999999976,2.23655420329562
22.999999999999975,2.5380541465332063
23.199999999999974,2.884391070305757
23.399999999999974,3.2992261331095265
23.599999999999973,3.777675151781173
23.799999999999972,4.3562298169066604
23.99999999999997,5.025886049349485
24.19999999999997,5.841211349173628
24.39999999999997,6.76409640665673
24.59999999999997,7.914388050793554
24.79999999999997,9.291729347379631
24.999999999999968,10.942641524151622
25.199999999999967,12.923034232778697
25.399999999999967,15.300090588919478
25.599999999999966,18.154543218118263
25.799999999999965,21.583412582474228
25.999999999999964,25.55512505254491
26.199999999999964,30.471327611898143
26.399999999999963,36.379977305660645
26.599999999999962,43.48209405011928
26.79999999999996,52.019330700399884
26.99999999999996,62.23100401744419
