mags_ab,pos_errs_mas
16.0,inf
16.2,inf
16.4,0.26354072623607255
16.599999999999998,0.28794315529208675
16.799999999999997,0.30905294280569084
16.999999999999996,0.2209762177487553
17.199999999999996,0.23599668305013558
17.399999999999995,0.2416831810123084
17.599999999999994,0.2627608459085525
17.799999999999994,0.1867156042781131
17.999999999999993,0.19746224181274005
18.199999999999992,0.21427069062915893
18.39999999999999,0.2300810029495934
18.59999999999999,0.24960870974970184
18.79999999999999,0.2691020115272162
18.99999999999999,0.2888069776524248
19.19999999999999,0.31001097404870187
19.399999999999988,0.18526686895213243
19.599999999999987,0.20187082997098124
19.799999999999986,0.21992587772158328
19.999999999999986,0.18327647148389611
20.199999999999985,0.20021233787648854
20.399999999999984,0.18798083743218996
20.599999999999984,0.20564456478655338
20.799999999999983,0.19352373906578543
20.999999999999982,0.19687784324665755
21.19999999999998,0.20710568172820093
21.39999999999998,0.21536130384466265
21.59999999999998,0.2373937769301587
21.79999999999998,0.2621079434397614
21.99999999999998,0.2900406634190946
22.199999999999978,0.3214930955477079
22.399999999999977,0.3570857289571292
22.599999999999977,0.3975958907530395
22.799999999999976,0.44390564929205434
22.999999999999975,0.4972463226827092
23.199999999999974,0.5586600713301316
23.399999999999974,0.6299628879344288
23.599999999999973,0.7129787157189025
23.799999999999972,0.8101636325706089
23.99999999999997,0.9249296618729521
24.19999999999997,1.0607872468905397
24.39999999999997,1.2206217875764824
24.59999999999997,1.4104797017754969
24.79999999999997,1.6365787565651015
24.999999999999968,1.9064097358626542
25.199999999999967,2.2289884127071264
25.399999999999967,2.615157970491331
25.599999999999966,3.0779540784444093
25.799999999999965,3.633042840710778
25.999999999999964,4.299250596980971
26.199999999999964,5.101131979533245
26.399999999999963,6.062143418696526
26.599999999999962,7.216775123126389
26.79999999999996,8.604298371261482
26.99999999999996,10.271913233880843
