mags_ab,pos_errs_mas
16.0,0.16558724520436457
16.2,0.17945889123512948
16.4,0.15784395837515963
16.599999999999998,0.17225765598016152
16.799999999999997,0.18809007322552257
16.999999999999996,0.17891403370310835
17.199999999999996,0.19621951175245023
17.399999999999995,0.2153716646423058
17.599999999999994,0.23652624587678409
17.799999999999994,0.2599614987019197
17.999999999999993,0.28596043402321875
18.199999999999992,0.314855488385186
18.39999999999999,0.3470368254991262
18.59999999999999,0.3832141523351849
18.79999999999999,0.4234126249159737
18.99999999999999,0.4685221332224974
19.19999999999999,0.5193207377691765
19.399999999999988,0.5767693008354023
19.599999999999987,0.6422628927444152
19.799999999999986,0.7166683620516141
19.999999999999986,0.8019437441158425
20.199999999999985,0.9000123978614338
20.399999999999984,1.0133473774125645
20.599999999999984,1.145103115879747
20.799999999999983,1.298997199768533
20.999999999999982,1.4795510426675245
21.19999999999998,1.6921628959592363
21.39999999999998,1.943388831690471
21.59999999999998,2.2413749886975234
21.79999999999998,2.5958118139124564
21.99999999999998,3.01838213410162
22.199999999999978,3.5231520200925366
22.399999999999977,4.127044439051883
22.599999999999977,4.850406739727099
22.799999999999976,5.7176956038048985
22.999999999999975,6.758302161745117
23.199999999999974,8.007543675898267
23.399999999999974,9.50786141196605
23.599999999999973,11.310256409750446
23.799999999999972,13.47602394137167
23.99999999999997,16.07883231215648
24.19999999999997,19.207232819283075
24.39999999999997,22.96766483812328
24.59999999999997,27.488077870958783
24.79999999999997,32.92228802244088
24.999999999999968,39.4552055702076
25.199999999999967,47.30913077272062
25.399999999999967,56.75131609223776
25.599999999999966,68.10305634344175
25.799999999999965,81.75063956602652
25.999999999999964,98.15846040028931
26.199999999999964,117.8848399246806
26.399999999999963,141.60104889306064
26.599999999999962,170.11409934827466
26.79999999999996,204.39423548232023
26.99999999999996,245.60793114885033
