mags_ab,pos_errs_mas
16.0,0.21365378920565917
16.2,0.16705229249485276
16.4,0.17828047335390615
16.599999999999998,0.191897853350778
16.799999999999997,0.16029171562965963
16.999999999999996,0.17206850943157923
17.199999999999996,0.14969969913422826
17.399999999999995,0.1632278161145058
17.599999999999994,0.17802014789349913
17.799999999999994,0.16558929970064487
17.999999999999993,0.1626251135148998
18.199999999999992,0.16510297279286995
18.39999999999999,0.17088424708166813
18.59999999999999,0.17994455348101834
18.79999999999999,0.18775319147313388
18.99999999999999,0.2057860217623271
19.19999999999999,0.22568433390563916
19.399999999999988,0.24765514897672553
19.599999999999987,0.2720972936897792
19.799999999999986,0.2990443222932951
19.999999999999986,0.3287636346146921
20.199999999999985,0.361719516456751
20.399999999999984,0.3983260236143474
20.599999999999984,0.43907568204284764
20.799999999999983,0.48454836897496795
20.999999999999982,0.53543273914456
21.19999999999998,0.5934319199047893
21.39999999999998,0.6576142877942334
21.59999999999998,0.7301221241216777
21.79999999999998,0.8123903706143931
21.99999999999998,0.9056521131099861
22.199999999999978,1.0125222817516357
22.399999999999977,1.1355706036350228
22.599999999999977,1.2778187151982474
22.799999999999976,1.4438802885730837
22.999999999999975,1.6363970574412467
23.199999999999974,1.8620226162153433
23.399999999999974,2.1242439524735066
23.599999999999973,2.4347539066154815
23.799999999999972,2.8036287147299754
23.99999999999997,3.2419405114083113
24.19999999999997,3.7640693469779816
24.39999999999997,4.387336644946972
24.59999999999997,5.132586870749457
24.79999999999997,6.024889104339474
24.999999999999968,7.09437638082448
25.199999999999967,8.368457368062774
25.399999999999967,9.904433103710485
25.599999999999966,11.748784965954764
25.799999999999965,13.964194386567742
25.999999999999964,16.62598817323669
26.199999999999964,19.824698855352548
26.399999999999963,23.669146228858196
26.599999999999962,28.290122971177045
26.79999999999996,33.84486029060012
26.99999999999996,40.52235913863979
