mags_ab,pos_errs_mas
16.0,0.19928824945376689
16.2,0.21439078667603956
16.4,0.18281626486411132
16.599999999999998,0.17991967012952118
16.799999999999997,0.19715270789007794
16.999999999999996,0.21614614961985887
17.199999999999996,0.2370888536680976
17.399999999999995,0.26020051310467834
17.599999999999994,0.28571285653722434
17.799999999999994,0.31360807210943853
17.999999999999993,0.34464107956191325
18.199999999999992,0.3789937524777604
18.39999999999999,0.41707944568822536
18.59999999999999,0.4593815322012507
18.79999999999999,0.5064320318560737
18.99999999999999,0.5589555240916081
19.19999999999999,0.616117339655185
19.399999999999988,0.6805697319753478
19.599999999999987,0.7498099140536063
19.799999999999986,0.8307209191721086
19.999999999999986,0.9220074140045271
20.199999999999985,1.0255557808900833
20.399999999999984,1.1433039780833334
20.599999999999984,1.2749696642024206
20.799999999999983,1.4245542839073408
20.999999999999982,1.5745965567307305
21.19999999999998,1.7609526578736738
21.39999999999998,1.9841766394588531
21.59999999999998,2.2441549555210067
21.79999999999998,2.547478922190615
21.99999999999998,2.903315425574619
22.199999999999978,3.2701115029130814
22.399999999999977,3.676563279082329
22.599999999999977,4.22441425970329
22.799999999999976,4.874430544342227
22.999999999999975,5.647784996821583
23.199999999999974,6.569997361609503
23.399999999999974,7.671792564732738
23.599999999999973,8.809131456990835
23.799999999999972,10.291634579886566
23.99999999999997,12.112283709673777
24.19999999999997,14.295942370021532
24.39999999999997,16.91666709886564
24.59999999999997,20.063445765225822
24.79999999999997,23.843220408584394
24.999999999999968,28.225151843067714
25.199999999999967,33.6415280479395
25.399999999999967,40.151098061122774
25.599999999999966,47.975325647329
25.799999999999965,57.38042766274568
25.999999999999964,68.68641748693796
26.199999999999964,82.27799777042723
26.399999999999963,98.61766489304262
26.599999999999962,118.2614132232363
26.79999999999996,141.87768567940495
26.99999999999996,170.27007442884067
