mags_ab,pos_errs_mas
16.0,inf
16.2,inf
16.4,inf
16.599999999999998,inf
16.799999999999997,0.2342899656619963
16.999999999999996,0.24878305223689395
17.199999999999996,0.26165992758175166
17.399999999999995,0.18589510025608874
17.599999999999994,0.20181223562651346
17.799999999999994,0.21766322381956005
17.999999999999993,0.23339190835876922
18.199999999999992,0.2521760858540555
18.39999999999999,0.2687973734819261
18.59999999999999,0.19728732002790675
18.79999999999999,0.214167543372499
18.99999999999999,0.2023926606668189
19.19999999999999,0.20853448156578042
19.399999999999988,0.22862167158738078
19.599999999999987,0.2508196840412914
19.799999999999986,0.2753709217758332
19.999999999999986,0.30244044403257586
20.199999999999985,0.3323615634122397
20.399999999999984,0.3655347640110726
20.599999999999984,0.40239269864327154
20.799999999999983,0.44340176796146247
20.999999999999982,0.48911640028529096
21.19999999999998,0.5399730951234178
21.39999999999998,0.5966799671255912
21.59999999999998,0.6607253824766848
21.79999999999998,0.7329746528679701
21.99999999999998,0.814608215512851
22.199999999999978,0.9058523854351693
22.399999999999977,1.0103332961913674
22.599999999999977,1.1297045728527617
22.799999999999976,1.2682813230122931
22.999999999999975,1.4286988142184358
23.199999999999974,1.6134043643825993
23.399999999999974,1.8137717510248
23.599999999999973,2.0628205113433946
23.799999999999972,2.3558113789187303
23.99999999999997,2.701795734601524
24.19999999999997,3.1112313747671574
24.39999999999997,3.598185741014533
24.59999999999997,4.176983861989639
24.79999999999997,4.869313562629911
24.999999999999968,5.6955886512192455
25.199999999999967,6.674838870483331
25.399999999999967,7.78968380007287
25.599999999999966,9.193075952293153
25.799999999999965,10.855589449351417
25.999999999999964,12.872996089227472
26.199999999999964,15.296166636068186
26.399999999999963,18.1592902637986
26.599999999999962,21.472465999535277
26.79999999999996,25.626337119142907
26.99999999999996,30.619099665261786
