mags_ab,pos_errs_mas
16.0,0.2374365700987339
16.2,0.25754793951029425
16.4,0.27933410892012156
16.599999999999998,0.21112639978535824
16.799999999999997,0.22898115121990043
16.999999999999996,0.24885712371054713
17.199999999999996,0.20587698428934553
17.399999999999995,0.2242751233579988
17.599999999999994,0.19812114244698512
17.799999999999994,0.21607666632346667
17.999999999999993,0.2355277226757979
18.199999999999992,0.21386703328691808
18.39999999999999,0.20466878275659506
18.59999999999999,0.22346156697071187
18.79999999999999,0.20879582908643646
18.99999999999999,0.2174517481329487
19.19999999999999,0.2225287174700389
19.399999999999988,0.24380738276245228
19.599999999999987,0.26732846422755696
19.799999999999986,0.29326412420313697
19.999999999999986,0.32191835266990687
20.199999999999985,0.3535951709059192
20.399999999999984,0.3887501720807549
20.599999999999984,0.4276166143560055
20.799999999999983,0.47083290230645986
20.999999999999982,0.5189426537315256
21.19999999999998,0.572481721512978
21.39999999999998,0.6323531551220429
21.59999999999998,0.699404931204482
21.79999999999998,0.7757495377524608
21.99999999999998,0.8607039902388651
22.199999999999978,0.9572238297047345
22.399999999999977,1.0662756440158834
22.599999999999977,1.1914283853641618
22.799999999999976,1.3347011662478752
22.999999999999975,1.500216411845005
23.199999999999974,1.6926758620555808
23.399999999999974,1.9154672448284142
23.599999999999973,2.1760414083187714
23.799999999999972,2.4822832131829236
23.99999999999997,2.843571197273903
24.19999999999997,3.271287584842653
24.39999999999997,3.7792029320773577
24.59999999999997,4.381854916649202
24.79999999999997,5.102838383562769
24.999999999999968,5.958318342461099
25.199999999999967,6.988138961380989
25.399999999999967,8.204515019346783
25.599999999999966,9.663773312982036
25.799999999999965,11.427451395357295
25.999999999999964,13.533862598969659
26.199999999999964,16.061494371560077
26.399999999999963,19.110235908087006
26.599999999999962,22.773697686045153
26.79999999999996,27.17650043836523
26.99999999999996,32.468428421367975
