mags_ab,pos_errs_mas
16.0,0.20662390229726105
16.2,0.22339199556166867
16.4,0.1699220501569936
16.599999999999998,0.18370309172181076
16.799999999999997,0.19863471693621063
16.999999999999996,0.1654726840444593
17.199999999999996,0.1800121320073953
17.399999999999995,0.16023032021554445
17.599999999999994,0.17477108527322813
17.799999999999994,0.19053626306024393
17.999999999999993,0.17472441534171967
18.199999999999992,0.16882067127160463
18.39999999999999,0.18438677124329084
18.59999999999999,0.1748752123002595
18.79999999999999,0.18319103226056574
18.99999999999999,0.18907215194325425
19.19999999999999,0.20719269336113277
19.399999999999988,0.22732842182869198
19.599999999999987,0.24940897635301199
19.799999999999986,0.2738145920109826
19.999999999999986,0.3008220229689815
20.199999999999985,0.33070892640266264
20.399999999999984,0.3638183399621956
20.599999999999984,0.40059538148361307
20.799999999999983,0.4415920847180029
20.999999999999982,0.487426525734365
21.19999999999998,0.538412422802104
21.39999999999998,0.5955825823503152
21.59999999999998,0.6605502974210292
21.79999999999998,0.7332140210292943
21.99999999999998,0.8154847796768203
22.199999999999978,0.9088823854944628
22.399999999999977,1.0157822752925585
22.599999999999977,1.1387965738837
22.799999999999976,1.280892397635403
22.999999999999975,1.4462747812724375
23.199999999999974,1.635347039467783
23.399999999999974,1.8583729601219678
23.599999999999973,2.120507098730493
23.799999999999972,2.4298210115781504
23.99999999999997,2.7960853016945593
24.19999999999997,3.2311059998573777
24.39999999999997,3.7491255290291123
24.59999999999997,4.367302431902443
24.79999999999997,5.106289233231897
24.999999999999968,5.9909237533189
25.199999999999967,7.043707372315644
25.399999999999967,8.31129828895079
25.599999999999966,9.83251743399621
25.799999999999965,11.659015623908893
25.999999999999964,13.852859515170465
26.199999999999964,16.488636659512185
26.399999999999963,19.655995466508273
26.599999999999962,23.462678908724328
26.79999999999996,28.03819925845816
26.99999999999996,33.53823164419937
