mags_ab,pos_errs_mas
16.0,inf
16.2,0.3097734280095705
16.4,0.3259981822913048
16.599999999999998,0.34335265844869023
16.799999999999997,0.3615266015144086
16.999999999999996,0.38025162141819435
17.199999999999996,0.3810861186742827
17.399999999999995,0.37662187158211585
17.599999999999994,0.3368564529675712
17.799999999999994,0.279963747619263
17.999999999999993,0.2565223663306448
18.199999999999992,0.2810958498200549
18.39999999999999,0.30826239148853546
18.59999999999999,0.33819511454184475
18.79999999999999,0.37131363148007124
18.99999999999999,0.40804400322564516
19.19999999999999,0.44862353390005166
19.399999999999988,0.4936229286048631
19.599999999999987,0.5435892546840894
19.799999999999986,0.5991797153008116
19.999999999999986,0.6610874530921623
20.199999999999985,0.7302460304824759
20.399999999999984,0.8075631470141528
20.599999999999984,0.8939936481875256
20.799999999999983,0.9922266221990927
20.999999999999982,1.1041162154384252
21.19999999999998,1.2274978555265386
21.39999999999998,1.369096009778795
21.59999999999998,1.5344273349656494
21.79999999999998,1.7228347552801035
21.99999999999998,1.9289937825742154
22.199999999999978,2.1807469274263886
22.399999999999977,2.4707465594108404
22.599999999999977,2.8117243838795334
22.799999999999976,3.209313298881415
22.999999999999975,3.67519600214053
23.199999999999974,4.237698916916285
23.399999999999974,4.8923738028581045
23.599999999999973,5.66262617827866
23.799999999999972,6.604388216291034
23.99999999999997,7.661975138964275
24.19999999999997,8.967307637832807
24.39999999999997,10.55549466547643
24.59999999999997,12.422664988682115
24.79999999999997,14.69995294001744
24.999999999999968,17.379395170913774
25.199999999999967,20.556891423674923
25.399999999999967,24.46479904239834
25.599999999999966,29.160778298594078
25.799999999999965,34.80457820659612
25.999999999999964,41.58820460305327
26.199999999999964,49.74246326509294
26.399999999999963,59.54482068526366
26.599999999999962,71.32880917901315
26.79999999999996,85.49541564428273
26.99999999999996,102.14418615504285
