mags_ab,pos_errs_mas
16.0,0.24976970802455395
16.2,0.2647479272478228
16.4,0.2806491233304395
16.599999999999998,0.2869900328539441
16.799999999999997,0.2917286037971873
16.999999999999996,0.293751508451345
17.199999999999996,0.20615392173480768
17.399999999999995,0.22237464707826704
17.599999999999994,0.23900805423296081
17.799999999999994,0.2557975099326953
17.999999999999993,0.19598827962659227
18.199999999999992,0.21126131400970893
18.39999999999999,0.23167720970356537
18.59999999999999,0.2542194438484689
18.79999999999999,0.2791743474352822
18.99999999999999,0.30674680983814334
19.19999999999999,0.3373762045605878
19.399999999999988,0.3713294398882114
19.599999999999987,0.4089587261086493
19.799999999999986,0.45081204008250036
19.999999999999986,0.4977392323236367
20.199999999999985,0.5503334251606669
20.399999999999984,0.6095127039511001
20.599999999999984,0.6758156058457188
20.799999999999983,0.7511908136837082
20.999999999999982,0.8352751545998276
21.19999999999998,0.9326675973514724
21.39999999999998,1.0430841914200852
21.59999999999998,1.1693121990398119
21.79999999999998,1.3113634422372225
21.99999999999998,1.4780829815454861
22.199999999999978,1.6723735871971048
22.399999999999977,1.9028771806981069
22.599999999999977,2.1737486588174515
22.799999999999976,2.4941098941102213
22.999999999999975,2.8683647152343026
23.199999999999974,3.3183430882661997
23.399999999999974,3.837460433260721
23.599999999999973,4.473366590699874
23.799999999999972,5.220670654601711
23.99999999999997,6.088262548468603
24.19999999999997,7.072970799811607
24.39999999999997,8.342882980236059
24.59999999999997,9.866775559581521
24.79999999999997,11.696383786418458
24.999999999999968,13.893872810915948
25.199999999999967,16.533953499267913
25.399999999999967,19.706412076986695
25.599999999999966,23.519166547172876
25.799999999999965,28.101935009454923
25.999999999999964,33.6106381283361
26.199999999999964,40.23271373025678
26.399999999999963,48.193495960968114
26.599999999999962,57.50646016780026
26.79999999999996,68.95700937449307
26.99999999999996,82.72315304413225
