mags_ab,pos_errs_mas
16.0,0.20953628294712032
16.2,0.2252328296356901
16.4,0.2436771935388911
16.599999999999998,0.26079302524173703
16.799999999999997,0.27932222891831493
16.999999999999996,0.2992596407509633
17.199999999999996,0.18842886582532978
17.399999999999995,0.2043448761752879
17.599999999999994,0.22129307275255627
17.799999999999994,0.23924845635638134
17.999999999999993,0.19424772672375304
18.199999999999992,0.2116269382570767
18.39999999999999,0.19716418838978192
18.59999999999999,0.20047593268279873
18.79999999999999,0.21968094938851673
18.99999999999999,0.24081442229528188
19.19999999999999,0.2641319590681515
19.399999999999988,0.2898790896792198
19.599999999999987,0.3183197040051585
19.799999999999986,0.34977517184538864
19.999999999999986,0.3845959159966031
20.199999999999985,0.4231872450604184
20.399999999999984,0.46600865634474037
20.599999999999984,0.5136652952783889
20.799999999999983,0.5668455069081251
20.999999999999982,0.6261408512008025
21.19999999999998,0.6933057253510397
21.39999999999998,0.7676644555465555
21.59999999999998,0.8521510881983984
21.79999999999998,0.9473976671191039
21.99999999999998,1.0554169242377602
22.199999999999978,1.177162032703182
22.399999999999977,1.31739069963037
22.599999999999977,1.4802896558289687
22.799999999999976,1.6674585845919676
22.999999999999975,1.8866268555163626
23.199999999999974,2.1406824184239164
23.399999999999974,2.4381707576310063
23.599999999999973,2.7916727196292497
23.799999999999972,3.1994500828843897
23.99999999999997,3.678563022638038
24.19999999999997,4.252902517128804
24.39999999999997,4.946117583629942
24.59999999999997,5.752805313443366
24.79999999999997,6.7367562326160835
24.999999999999968,7.9152425097023835
25.199999999999967,9.328099008411938
25.399999999999967,11.023195186952606
25.599999999999966,13.05805560034103
25.799999999999965,15.50180651065801
25.999999999999964,18.43751485451802
26.199999999999964,21.965013148197706
26.399999999999963,26.11805044415983
26.599999999999962,31.19267160083405
26.79999999999996,37.292430458304736
26.99999999999996,44.62486773073364
