mags_ab,pos_errs_mas
16.0,0.17603908444795321
16.2,0.19079417927981834
16.4,0.18700487082480524
16.599999999999998,0.20497115852237124
16.799999999999997,0.22478266335845734
16.999999999999996,0.2466357936529671
17.199999999999996,0.27076012653308246
17.399999999999995,0.29731228152134725
17.599999999999994,0.32651120824639357
17.799999999999994,0.35897389695017234
17.999999999999993,0.39494869959305706
18.199999999999992,0.4348842810642031
18.39999999999999,0.4793076937904793
18.59999999999999,0.5288058220113249
18.79999999999999,0.5839709959033846
18.99999999999999,0.6439425477842566
19.19999999999999,0.7126148875069459
19.399999999999988,0.7868362158710924
19.599999999999987,0.8733136255222839
19.799999999999986,0.9712958331376992
19.999999999999986,1.0829082610469343
20.199999999999985,1.210462930785448
20.399999999999984,1.3537841989106791
20.599999999999984,1.5170574505554697
20.799999999999983,1.6908234835146638
20.999999999999982,1.9021998855785978
21.19999999999998,2.155142600574527
21.39999999999998,2.4512613828628824
21.59999999999998,2.8000674581230283
21.79999999999998,3.2111029261368653
21.99999999999998,3.6434953566909463
22.199999999999978,4.1629144957871995
22.399999999999977,4.821959277928991
22.599999999999977,5.6077410456872485
22.799999999999976,6.546423796172162
22.999999999999975,7.669483539843249
23.199999999999974,9.014765735998152
23.399999999999974,10.478282386241368
23.599999999999973,12.334041140511339
23.799999999999972,14.60157435008469
23.99999999999997,17.324469360620053
24.19999999999997,20.59527082888547
24.39999999999997,24.52519714365765
24.59999999999997,29.24791379941714
24.79999999999997,34.786136451873894
24.999999999999968,41.576261411922474
25.199999999999967,49.73844882648302
25.399999999999967,59.550427285849146
25.599999999999966,71.34606641307647
25.799999999999965,85.52674811124734
25.999999999999964,102.57500478962159
26.199999999999964,123.07094794711392
26.399999999999963,147.71203034068233
26.599999999999962,177.33673103362023
26.79999999999996,212.9531341335943
26.99999999999996,255.77316595642498
