mags_ab,pos_errs_mas
16.0,0.3748942224463226
16.2,0.40074036093943705
16.4,0.2731811702675112
16.599999999999998,0.295254352890956
16.799999999999997,0.3207372848429099
16.999999999999996,0.34797351445720553
17.199999999999996,0.26359086421931893
17.399999999999995,0.28627324344784627
17.599999999999994,0.23576601340305675
17.799999999999994,0.2566660381382741
17.999999999999993,0.2793751496715313
18.199999999999992,0.2467122802950348
18.39999999999999,0.2688638181037687
18.59999999999999,0.2436504923063596
18.79999999999999,0.26584441105939577
18.99999999999999,0.2539051782530488
19.19999999999999,0.2521905670270396
19.399999999999988,0.24578842700173265
19.599999999999987,0.25090066968893154
19.799999999999986,0.27482228031154643
19.999999999999986,0.3012229340384981
20.199999999999985,0.33046442009982957
20.399999999999984,0.362686476418043
20.599999999999984,0.3982930539676866
20.799999999999983,0.43775823657105756
20.999999999999982,0.48144608255569055
21.19999999999998,0.5300204125279498
21.39999999999998,0.5839201397238973
21.59999999999998,0.6440448680856277
21.79999999999998,0.7111926033687511
21.99999999999998,0.7863912075000802
22.199999999999978,0.8719224586188146
22.399999999999977,0.9669239040299334
22.599999999999977,1.0747525250982757
22.799999999999976,1.1973546139456832
22.999999999999975,1.336957742470307
23.199999999999974,1.4975356827736193
23.399999999999974,1.6817074601618798
23.599999999999973,1.8975625644240033
23.799999999999972,2.145072253759319
23.99999999999997,2.4352583680148814
24.19999999999997,2.775034716958332
24.39999999999997,3.176434998346917
24.59999999999997,3.648310728800456
24.79999999999997,4.211060548162851
24.999999999999968,4.880732873889899
25.199999999999967,5.673026504218264
25.399999999999967,6.625568786731156
25.599999999999966,7.765401284422751
25.799999999999965,9.110793879143374
25.999999999999964,10.739670300018105
26.199999999999964,12.683633305563971
26.399999999999963,15.02710759597477
26.599999999999962,17.826946155751227
26.79999999999996,21.204148427153992
26.99999999999996,25.262161587266124
