mags_ab,pos_errs_mas
16.0,0.3757166194118234
16.2,0.4031717925783122
16.4,0.27341387045750604
16.599999999999998,0.29694347677573013
16.799999999999997,0.3215164195072207
16.999999999999996,0.349597960338376
17.199999999999996,0.3750528879471416
17.399999999999995,0.40526664297424203
17.599999999999994,0.2622082805864511
17.799999999999994,0.28310897682214164
17.999999999999993,0.3062257832911943
18.199999999999992,0.33199392396990945
18.39999999999999,0.24231848818635424
18.59999999999999,0.26358031171212365
18.79999999999999,0.28709622786397326
18.99999999999999,0.31252737091303534
19.19999999999999,0.24323592637867572
19.399999999999988,0.26534297961304865
19.599999999999987,0.23657602136479694
19.799999999999986,0.25835942977110926
19.999999999999986,0.24832090117986458
20.199999999999985,0.24791376654917838
20.399999999999984,0.25324753208572054
20.599999999999984,0.2595144424863103
20.799999999999983,0.28476310267123256
20.999999999999982,0.31275909745980696
21.19999999999998,0.34392915757978837
21.39999999999998,0.37853854241871354
21.59999999999998,0.4170971749542706
21.79999999999998,0.46018296332206876
21.99999999999998,0.5085019806155492
22.199999999999978,0.5628336175937915
22.399999999999977,0.6240292473360557
22.599999999999977,0.6933357775261708
22.799999999999976,0.7722898458405373
22.999999999999975,0.8622942241060519
23.199999999999974,0.966390526788686
23.399999999999974,1.085563225444544
23.599999999999973,1.2236965148892813
23.799999999999972,1.3843718176048858
23.99999999999997,1.5725104551673046
24.19999999999997,1.7929598658451598
24.39999999999997,2.053526312866389
24.59999999999997,2.361976311476443
24.79999999999997,2.7287787402919492
24.999999999999968,3.1635062071515083
25.199999999999967,3.6828287380902567
25.399999999999967,4.302051187237714
25.599999999999966,5.044452014018702
25.799999999999965,5.931768093906193
25.999999999999964,6.9978956209841146
26.199999999999964,8.274229327515103
26.399999999999963,9.80939504134141
26.599999999999962,11.653266057136968
26.79999999999996,13.86853206926726
26.99999999999996,16.530531416431742
