mags_ab,pos_errs_mas
16.0,0.21532032541468293
16.2,0.16804704181914798
16.4,0.1792518468937348
16.599999999999998,0.1910983761310813
16.799999999999997,0.2058550305911385
16.999999999999996,0.15785972872792017
17.199999999999996,0.1696649665663056
17.399999999999995,0.18306907582558396
17.599999999999994,0.15264545361662615
17.799999999999994,0.16650889842249103
17.999999999999993,0.1550037290463269
18.199999999999992,0.1692655583261596
18.39999999999999,0.1672188619714852
18.59999999999999,0.1703361676517671
18.79999999999999,0.17673460032819122
18.99999999999999,0.1785691315874607
19.19999999999999,0.19570636374911424
19.399999999999988,0.2146283516822015
19.599999999999987,0.23553434281134644
19.799999999999986,0.2587345488934367
19.999999999999986,0.2844495531865123
20.199999999999985,0.31281836844187116
20.399999999999984,0.3442996455047144
20.599999999999984,0.37931328963961125
20.799999999999983,0.4183465330638524
20.999999999999982,0.4619753791942414
21.19999999999998,0.5108873260301102
21.39999999999998,0.5661262810410419
21.59999999999998,0.6286738327435437
21.79999999999998,0.6989500323495506
21.99999999999998,0.7789082620745661
22.199999999999978,0.8703008249409983
22.399999999999977,0.9752943650434704
22.599999999999977,1.0959811862675803
22.799999999999976,1.2357149559320162
22.999999999999975,1.3990393052710066
23.199999999999974,1.5908048883205286
23.399999999999974,1.8153746913470261
23.599999999999973,2.080389395509338
23.799999999999972,2.394225291653074
23.99999999999997,2.7639391577133883
24.19999999999997,3.2025693057365054
24.39999999999997,3.729296567087538
24.59999999999997,4.358870179678154
24.79999999999997,5.112441693796353
24.999999999999968,6.015437490672548
25.199999999999967,7.098417833204635
25.399999999999967,8.398105915420642
25.599999999999966,9.958631183625146
25.799999999999965,11.822293003861105
25.999999999999964,14.0705780578837
26.199999999999964,16.772270653995264
26.399999999999963,20.01927888580301
26.599999999999962,23.92206750581361
26.79999999999996,28.613429305062787
26.99999999999996,34.252987505548546
