mags_ab,pos_errs_mas
16.0,0.23725348507164967
16.2,0.2574574041861458
16.4,0.27919504840144294
16.599999999999998,0.21102930458043287
16.799999999999997,0.22897192571855987
16.999999999999996,0.24868216920641628
17.199999999999996,0.2056014552624053
17.399999999999995,0.2239689011846043
17.599999999999994,0.24383096074395433
17.799999999999994,0.20928887392288867
17.999999999999993,0.22811210798622675
18.199999999999992,0.20772288631033226
18.39999999999999,0.22669798861513726
18.59999999999999,0.21856605240028823
18.79999999999999,0.2183198234308621
18.99999999999999,0.21221702049219868
19.19999999999999,0.21777576367325216
19.399999999999988,0.23853539751953587
19.599999999999987,0.261472411652359
19.799999999999986,0.28674956246376926
19.999999999999986,0.3146557355109627
20.199999999999985,0.3454812220948934
20.399999999999984,0.37965967961968633
20.599999999999984,0.41739843289143097
20.799999999999983,0.4593050119853648
20.999999999999982,0.5057944308524943
21.19999999999998,0.5576168385872086
21.39999999999998,0.615286269969247
21.59999999999998,0.6798444260440959
21.79999999999998,0.7531165592248431
21.99999999999998,0.8343735379362847
22.199999999999978,0.9263753515464104
22.399999999999977,1.0299257939329352
22.599999999999977,1.148353088574559
22.799999999999976,1.2834039670563457
22.999999999999975,1.4389004897254332
23.199999999999974,1.6190584419754095
23.399999999999974,1.8266377072190638
23.599999999999973,2.0685926270638877
23.799999999999972,2.351911656036331
23.99999999999997,2.6839845983726542
24.19999999999997,3.076953804967167
24.39999999999997,3.5390303183522214
24.59999999999997,4.0909983940176105
24.79999999999997,4.742663361501692
24.999999999999968,5.521305481777676
25.199999999999967,6.451038586843627
25.399999999999967,7.556247706056456
25.599999999999966,8.881946091681575
25.799999999999965,10.478557178413327
25.999999999999964,12.394560938657529
26.199999999999964,14.695006853201283
26.399999999999963,17.458065557604375
26.599999999999962,20.77767437727816
26.79999999999996,24.766736603774632
26.99999999999996,29.560945637832468
