mags_ab,pos_errs_mas
16.0,0.21329660813603893
16.2,0.16919485804077944
16.4,0.17845195167443087
16.599999999999998,0.1913686256389098
16.799999999999997,0.1532855908622601
16.999999999999996,0.16471269352084736
17.199999999999996,0.17879255714436987
17.399999999999995,0.19454579589346416
17.599999999999994,0.1627590001747906
17.799999999999994,0.17751921897963885
17.999999999999993,0.16599153231566885
18.199999999999992,0.18130119327769323
18.39999999999999,0.1804067277845616
18.59999999999999,0.1780722499184661
18.79999999999999,0.19436566319843462
18.99999999999999,0.2129608753577137
19.19999999999999,0.23344708365568967
19.399999999999988,0.2561161991027256
19.599999999999987,0.28114562624749173
19.799999999999986,0.30858721227632946
19.999999999999986,0.33887915637169175
20.199999999999985,0.37234798363385496
20.399999999999984,0.40937389396911433
20.599999999999984,0.45039405250838
20.799999999999983,0.49591301057076925
20.999999999999982,0.5467152540593262
21.19999999999998,0.6035521617245007
21.39999999999998,0.6663570773916563
21.59999999999998,0.7360279318775069
21.79999999999998,0.8146887886746047
21.99999999999998,0.9032774269102378
22.199999999999978,1.0034992879704525
22.399999999999977,1.1173342749363484
22.599999999999977,1.2479331055040583
22.799999999999976,1.3964920638009484
22.999999999999975,1.5638066360953922
23.199999999999974,1.7582271961924276
23.399999999999974,1.9821969762827967
23.599999999999973,2.244697358338389
23.799999999999972,2.553126080357048
23.99999999999997,2.9161442430178774
24.19999999999997,3.344861922689386
24.39999999999997,3.8528913762528574
24.59999999999997,4.449110633627234
24.79999999999997,5.146815205178258
24.999999999999968,5.987762228217035
25.199999999999967,6.999525891864248
25.399999999999967,8.210609497373937
25.599999999999966,9.66188293817308
25.799999999999965,11.402465683738784
25.999999999999964,13.491382682184414
26.199999999999964,15.999562001765696
26.399999999999963,19.012241590821194
26.599999999999962,22.59264168587917
26.79999999999996,26.931253265801242
26.99999999999996,32.145580697768594
