mags_ab,pos_errs_mas
16.0,0.183355920834473
16.2,0.197685164227463
16.4,0.21095794444281715
16.599999999999998,0.1702489071349138
16.799999999999997,0.18519076357785474
16.999999999999996,0.1719307166521071
17.199999999999996,0.18669319798598283
17.399999999999995,0.20458601934289977
17.599999999999994,0.22430261299678103
17.799999999999994,0.24603520136769397
17.999999999999993,0.270004728660672
18.199999999999992,0.29645839537834423
18.39999999999999,0.3255659160953597
18.59999999999999,0.3577477357347628
18.79999999999999,0.39335532745623325
18.99999999999999,0.4328115723450725
19.19999999999999,0.476609702556431
19.399999999999988,0.5253034067193071
19.599999999999987,0.5793129407703531
19.799999999999986,0.6391803411609536
19.999999999999986,0.7064021882919882
20.199999999999985,0.7794501924368151
20.399999999999984,0.8636524687400889
20.599999999999984,0.9587521459890493
20.799999999999983,1.0665162282230751
20.999999999999982,1.1882123889330698
21.19999999999998,1.3278700641545835
21.39999999999998,1.4882538283826552
21.59999999999998,1.6558111289550255
21.79999999999998,1.8535073869662506
21.99999999999998,2.0928138448520475
22.199999999999978,2.372062342324288
22.399999999999977,2.6993522238633005
22.599999999999977,3.0845606337123197
22.799999999999976,3.5396595923560485
22.999999999999975,4.0285643728711635
23.199999999999974,4.622254846367018
23.399999999999974,5.358590711126736
23.599999999999973,6.236907549387173
23.799999999999972,7.284462859669816
23.99999999999997,8.539734028461014
24.19999999999997,10.039677712561021
24.39999999999997,11.778176297993522
24.59999999999997,13.762148988138815
24.79999999999997,16.300632541073774
24.999999999999968,19.3499065340988
25.199999999999967,23.013004106861004
25.399999999999967,27.414492998192795
25.599999999999966,32.704087600578845
25.799999999999965,39.06174312365854
25.999999999999964,46.14355607166182
26.199999999999964,54.98016985186162
26.399999999999963,65.82363674938631
26.599999999999962,78.85927867767204
26.79999999999996,94.53067006967136
26.99999999999996,113.37105777450813
