mags_ab,pos_errs_mas
16.0,0.21100673504579612
16.2,0.22491771413926662
16.4,0.24107876207865098
16.599999999999998,0.1704128501882637
16.799999999999997,0.18170331791900476
16.999999999999996,0.19732168039337028
17.199999999999996,0.21245960690504836
17.399999999999995,0.16562899373140855
17.599999999999994,0.17945402620432288
17.799999999999994,0.19442947986358958
17.999999999999993,0.21088948837314161
18.199999999999992,0.22943816553062868
18.39999999999999,0.1681526560309978
18.59999999999999,0.18338726212178322
18.79999999999999,0.19997612286071123
18.99999999999999,0.17468303163287627
19.19999999999999,0.16695687413707824
19.399999999999988,0.18241257657205467
19.599999999999987,0.18205583316117033
19.799999999999986,0.186207340803602
19.999999999999986,0.18565481310821078
20.199999999999985,0.20023585386065135
20.399999999999984,0.21971957352896168
20.599999999999984,0.24120202781113692
20.799999999999983,0.26495855168753774
20.999999999999982,0.291293271788369
21.19999999999998,0.32052052046588636
21.39999999999998,0.35302722828103544
21.59999999999998,0.38920610525214017
21.79999999999998,0.42962248142600074
21.99999999999998,0.475258541579184
22.199999999999978,0.5262892877065662
22.399999999999977,0.5836951361050118
22.599999999999977,0.6492745834545387
22.799999999999976,0.7232163965177061
22.999999999999975,0.8076879496982807
23.199999999999974,0.9046467195931144
23.399999999999974,1.0164802836781361
23.599999999999973,1.1461889471211573
23.799999999999972,1.2973771650999484
23.99999999999997,1.474139032468878
24.19999999999997,1.6834079912467947
24.39999999999997,1.928123250545014
24.59999999999997,2.218190617167563
24.79999999999997,2.5632568195523744
24.999999999999968,2.9722870028469797
25.199999999999967,3.460252238989851
25.399999999999967,4.04343557143021
25.599999999999966,4.741421987557368
25.799999999999965,5.577758113546675
25.999999999999964,6.580743161630198
26.199999999999964,7.784383649528581
26.399999999999963,9.229546555990215
26.599999999999962,10.965337704944918
26.79999999999996,13.05434662735091
26.99999999999996,15.559344013454128
