mags_ab,pos_errs_mas
16.0,0.23766525670954244
16.2,0.256999802631274
16.4,0.2786994704314214
16.599999999999998,0.2117096955901995
16.799999999999997,0.22963486313760473
16.999999999999996,0.24949467925148264
17.199999999999996,0.27029336673655235
17.399999999999995,0.21563790073537492
17.599999999999994,0.23457011189537394
17.799999999999994,0.2553614635116379
17.999999999999993,0.20932470690309402
18.199999999999992,0.22813824089568185
18.39999999999999,0.21451512914688411
18.59999999999999,0.21375651140335233
18.79999999999999,0.21564199020074462
18.99999999999999,0.23220373497595925
19.19999999999999,0.25445027536061504
19.399999999999988,0.27894591031345606
19.599999999999987,0.3059722457469066
19.799999999999986,0.33580141081842163
19.999999999999986,0.3688129941571046
20.199999999999985,0.4052364689980884
20.399999999999984,0.4456056412178827
20.599999999999984,0.49032138242022716
20.799999999999983,0.5400347093839014
20.999999999999982,0.5951996440458457
21.19999999999998,0.6567889263776575
21.39999999999998,0.7263182956070379
21.59999999999998,0.8033024093309433
21.79999999999998,0.8901080040388557
21.99999999999998,0.9867908657117437
22.199999999999978,1.0973432637228755
22.399999999999977,1.2223817520711293
22.599999999999977,1.3659015688761158
22.799999999999976,1.5287308839670684
22.999999999999975,1.7185960535479492
23.199999999999974,1.9364492861015474
23.399999999999974,2.189598612739965
23.599999999999973,2.4868282023993413
23.799999999999972,2.8285169365762526
23.99999999999997,3.2377891940517443
24.19999999999997,3.7177865981678515
24.39999999999997,4.291145175376874
24.59999999999997,4.966771821026658
24.79999999999997,5.778461320602465
24.999999999999968,6.728622003417144
25.199999999999967,7.881455784660657
25.399999999999967,9.262324824648996
25.599999999999966,10.91791372966954
25.799999999999965,12.904325157531215
25.999999999999964,15.28897450305608
26.199999999999964,18.152873783845397
26.399999999999963,21.593379608060253
26.599999999999962,25.72749051336446
26.79999999999996,30.63107831069228
26.99999999999996,36.585243917719495
