mags_ab,pos_errs_mas
16.0,0.3757108632403091
16.2,0.40316442059629415
16.4,0.27340707350775395
16.599999999999998,0.2969347448795695
16.799999999999997,0.32150569600420004
16.999999999999996,0.3495840972119515
17.199999999999996,0.37503613394310137
17.399999999999995,0.40524505537085953
17.599999999999994,0.2621871622648514
17.799999999999994,0.28308291880732483
17.999999999999993,0.3061924159307663
18.199999999999992,0.33195116031800376
18.39999999999999,0.24226980039152035
18.59999999999999,0.26351720175221977
18.79999999999999,0.2870135022782044
18.99999999999999,0.3124198569545691
19.19999999999999,0.24309193655795844
19.399999999999988,0.2651536776141899
19.599999999999987,0.23631175635998164
19.799999999999986,0.25801169119647477
19.999999999999986,0.24783633772591263
20.199999999999985,0.24726229330699484
20.399999999999984,0.252329306361212
20.599999999999984,0.25825896919139657
20.799999999999983,0.28310294186533463
20.999999999999982,0.3105770439759966
21.19999999999998,0.3410595243536598
21.39999999999998,0.3747659936961284
21.59999999999998,0.41214835323276494
21.79999999999998,0.4537306555913287
21.99999999999998,0.49999615211761267
22.199999999999978,0.551704500272637
22.399999999999977,0.6095047534550586
22.599999999999977,0.6744105595347132
22.799999999999976,0.7475953752584432
22.999999999999975,0.8309611847491531
23.199999999999974,0.9247236297061979
23.399999999999974,1.031746858003449
23.599999999999973,1.1542096941540534
23.799999999999972,1.2951357898254998
23.99999999999997,1.458349912863476
24.19999999999997,1.6481228112960953
24.39999999999997,1.8692118328224734
24.59999999999997,2.1298333429123146
24.79999999999997,2.4353645428663473
24.999999999999968,2.796551301152022
25.199999999999967,3.223522770668866
25.399999999999967,3.732380125520473
25.599999999999966,4.338982302069091
25.799999999999965,5.063512737353637
25.999999999999964,5.9302528212025445
26.199999999999964,6.968399337427315
26.399999999999963,8.213047767107929
26.599999999999962,9.706370919933924
26.79999999999996,11.499049121580528
26.99999999999996,13.651979854213105
