mags_ab,pos_errs_mas
16.0,0.2509441302964839
16.2,0.2672553836216905
16.4,0.28470385026626593
16.599999999999998,0.2943540185228018
16.799999999999997,0.2015534722917168
16.999999999999996,0.21787954890238412
17.199999999999996,0.23440696122960888
17.399999999999995,0.2523900689659362
17.599999999999994,0.27026990216364033
17.799999999999994,0.20663146260422294
17.999999999999993,0.19443849287748752
18.199999999999992,0.2107025940754474
18.39999999999999,0.23090828807878805
18.59999999999999,0.253164860176551
18.79999999999999,0.27773232806231984
18.99999999999999,0.30481637227804814
19.19999999999999,0.3347580097617677
19.399999999999988,0.36784032600897537
19.599999999999987,0.4043817524633751
19.799999999999986,0.4447783513645598
19.999999999999986,0.48970153066460725
20.199999999999985,0.5396926304480668
20.399999999999984,0.5951401335193891
20.599999999999984,0.6575353974053949
20.799999999999983,0.7261227993181159
20.999999999999982,0.8039121173340564
21.19999999999998,0.8908151235667016
21.39999999999998,0.9870248327449715
21.59999999999998,1.094915445724968
21.79999999999998,1.2196244259760018
21.99999999999998,1.3617693901501937
22.199999999999978,1.5220150142105298
22.399999999999977,1.7096305642230767
22.599999999999977,1.9241469217770673
22.799999999999976,2.168113218918087
22.999999999999975,2.449537138762234
23.199999999999974,2.788939034478658
23.399999999999974,3.184160873396424
23.599999999999973,3.6551919577950573
23.799999999999972,4.199688878862826
23.99999999999997,4.824810175357967
24.19999999999997,5.589056383496227
24.39999999999997,6.477512638408061
24.59999999999997,7.528616317171146
24.79999999999997,8.82483138527955
24.999999999999968,10.377783492579454
25.199999999999967,12.180547325837958
25.399999999999967,14.398736406799785
25.599999999999966,17.061699412808235
25.799999999999965,20.259909059750075
25.999999999999964,24.10208435289847
26.199999999999964,28.71888865576696
26.399999999999963,34.26737059859738
26.599999999999962,40.9362907399432
26.79999999999996,48.768465915072326
26.99999999999996,58.3569823731451
