mags_ab,pos_errs_mas
16.0,0.21101529160441795
16.2,0.22492702664094058
16.4,0.24108998921734498
16.599999999999998,0.17042558223016627
16.799999999999997,0.18171733645321894
16.999999999999996,0.19733941015043374
17.199999999999996,0.21248154592311033
17.399999999999995,0.16565311065598365
17.599999999999994,0.1794842671047599
17.799999999999994,0.1944674191555147
17.999999999999993,0.2109376079353421
18.199999999999992,0.22950110397279574
18.39999999999999,0.16823002132414389
18.59999999999999,0.18348869106107712
18.79999999999999,0.2001092175373433
18.99999999999999,0.17486349988192115
19.19999999999999,0.16720416470832597
19.399999999999988,0.18273724709193895
19.599999999999987,0.18249996851376424
19.799999999999986,0.1868163193086584
19.999999999999986,0.186488648223922
20.199999999999985,0.2013410430552065
20.399999999999984,0.22117482268478716
20.599999999999984,0.24311276951938238
20.799999999999983,0.26744961609712475
20.999999999999982,0.29456088844700556
21.19999999999998,0.32484807712667874
21.39999999999998,0.3586989761376305
21.59999999999998,0.39662512764227836
21.79999999999998,0.4393140383385255
21.99999999999998,0.4876668414009911
22.199999999999978,0.5428056557831131
22.399999999999977,0.6051558217386784
22.599999999999977,0.6770857597351642
22.799999999999976,0.7591806964911604
22.999999999999975,0.8540543633750883
23.199999999999974,0.9642326761868916
23.399999999999974,1.0927937929067442
23.599999999999973,1.2434827180280343
23.799999999999972,1.4208478841647978
23.99999999999997,1.6304022950379407
24.19999999999997,1.880613144162346
24.39999999999997,2.175905205231532
24.59999999999997,2.527787371941668
24.79999999999997,2.9479499536238474
24.999999999999968,3.4504589341287057
25.199999999999967,4.052229154996872
25.399999999999967,4.773592917146785
25.599999999999966,5.63898436242838
25.799999999999965,6.677766517965589
25.999999999999964,7.925223025503061
26.199999999999964,9.423753908119266
26.399999999999963,11.224318655160562
26.599999999999962,13.38815999674633
26.79999999999996,15.98889214678199
26.99999999999996,19.114937097662796
