mags_ab,pos_errs_mas
16.0,0.16659891090317605
16.2,0.14616246675579006
16.4,0.1552685643799068
16.599999999999998,0.16939556423391336
16.799999999999997,0.16014075658781646
16.999999999999996,0.1750866219343328
17.199999999999996,0.16874624978137265
17.399999999999995,0.17804620824929054
17.599999999999994,0.19538535855505978
17.799999999999994,0.2146245383580268
17.999999999999993,0.23590585163800973
18.199999999999992,0.25954143806269925
18.39999999999999,0.2858412392589134
18.59999999999999,0.31516945016943215
18.79999999999999,0.3479606555033549
18.99999999999999,0.3851245992362463
19.19999999999999,0.4264919967695598
19.399999999999988,0.4732306735741983
19.599999999999987,0.5262808410772791
19.799999999999986,0.5865283906352053
19.999999999999986,0.6558163441136416
20.199999999999985,0.7349944296841212
20.399999999999984,0.8264243927543024
20.599999999999984,0.9325209802607918
20.799999999999983,1.0570017305637516
20.999999999999982,1.201683299000106
21.19999999999998,1.371822799995051
21.39999999999998,1.5726769638044908
21.59999999999998,1.8106077562751104
21.79999999999998,2.093963249100053
21.99999999999998,2.43050482903679
22.199999999999978,2.832187045879776
22.399999999999977,3.312437939498438
22.599999999999977,3.8874063903428087
22.799999999999976,4.576505272507958
22.999999999999975,5.4030657592673235
23.199999999999974,6.395123781917698
23.399999999999974,7.586370179735045
23.599999999999973,9.017289710536792
23.799999999999972,10.73653722545412
23.99999999999997,12.802587224106695
24.19999999999997,15.2857256904975
24.39999999999997,18.270434948520013
24.59999999999997,21.85826826239034
24.79999999999997,26.17130733787788
24.999999999999968,31.356311196360284
25.199999999999967,37.58971291210402
25.399999999999967,45.08362142325872
25.599999999999966,54.09303599882909
25.799999999999965,64.92453747992545
25.999999999999964,77.94669578336519
26.199999999999964,93.6026254209318
26.399999999999963,112.42508332367515
26.599999999999962,135.05455761389902
26.79999999999996,162.26108558123101
26.99999999999996,194.97044259606315
