mags_ab,pos_errs_mas
16.0,0.21088212521516006
16.2,0.2278379440585611
16.4,0.24565455943771794
16.599999999999998,0.2649460224426182
16.799999999999997,0.2854785817586806
16.999999999999996,0.18443007750191004
17.199999999999996,0.19926101577179112
17.399999999999995,0.21608267517705376
17.599999999999994,0.23395117316673913
17.799999999999994,0.25320438562380565
17.999999999999993,0.18602766241114393
18.199999999999992,0.20268893948916614
18.39999999999999,0.22086473856428016
18.59999999999999,0.2405241792989783
18.79999999999999,0.18878016807560816
18.99999999999999,0.20608040206551922
19.19999999999999,0.1853159329365739
19.399999999999988,0.20258562788537973
19.599999999999987,0.19635119881390747
19.799999999999986,0.19757252297202424
19.999999999999986,0.1966541300495996
20.199999999999985,0.21032311558032732
20.399999999999984,0.23144535755980447
20.599999999999984,0.2549683196427219
20.799999999999983,0.28128930292439713
20.999999999999982,0.3108378810518809
21.19999999999998,0.344088471092584
21.39999999999998,0.3817006716037897
21.59999999999998,0.42431552393833394
21.79999999999998,0.47290298057422997
21.99999999999998,0.5285824157402992
22.199999999999978,0.5926245742030551
22.399999999999977,0.6664410847744653
22.599999999999977,0.75267211080547
22.799999999999976,0.8526643104151418
22.999999999999975,0.9698326606203105
23.199999999999974,1.1077047406053604
23.399999999999974,1.2705570532041917
23.599999999999973,1.463563820087233
23.799999999999972,1.6929747798159935
23.99999999999997,1.9663263914776896
24.19999999999997,2.2926960108589967
24.39999999999997,2.6841207099197972
24.59999999999997,3.151406830758155
24.79999999999997,3.711524708991246
24.999999999999968,4.383443596432389
25.199999999999967,5.189959619630331
25.399999999999967,6.158464994404758
25.599999999999966,7.321878105233111
25.799999999999965,8.719760452501562
25.999999999999964,10.399657589559068
26.199999999999964,12.418718465891194
26.399999999999963,14.84563925992888
26.599999999999962,17.76299484339348
26.79999999999996,21.270052364643238
26.99999999999996,25.486144068820018
