mags_ab,pos_errs_mas
16.0,0.20699498796635019
16.2,0.22347661617520312
16.4,0.24069477139977646
16.599999999999998,0.260032338592194
16.799999999999997,0.1689925770840901
16.999999999999996,0.1835794616582451
17.199999999999996,0.19707659924196788
17.399999999999995,0.21294196463393653
17.599999999999994,0.16929232444340453
17.799999999999994,0.18442257097214657
17.999999999999993,0.1651374672367793
18.199999999999992,0.1801659610784942
18.39999999999999,0.16843477874197582
18.59999999999999,0.18391412241524838
18.79999999999999,0.20083525368783256
18.99999999999999,0.18502367742724832
19.19999999999999,0.17938346574328687
19.399999999999988,0.18051015868340511
19.599999999999987,0.1912419340115031
19.799999999999986,0.20971349019411548
19.999999999999986,0.23025212699591202
20.199999999999985,0.25285940429221354
20.399999999999984,0.2779181064561237
20.599999999999984,0.305741197385379
20.799999999999983,0.3366525445826594
20.999999999999982,0.37105536084291624
21.19999999999998,0.40946852328006217
21.39999999999998,0.4524804436709465
21.59999999999998,0.5010291068925867
21.79999999999998,0.5554160475502219
21.99999999999998,0.6169414668021039
22.199999999999978,0.6873136141820182
22.399999999999977,0.7670535446025487
22.599999999999977,0.8584284130184668
22.799999999999976,0.9637367356634983
22.999999999999975,1.085413302247917
23.199999999999974,1.2268944531297794
23.399999999999974,1.3920273715960616
23.599999999999973,1.5866937831573518
23.799999999999972,1.8150236813312044
23.99999999999997,2.0850312046213832
24.19999999999997,2.4043210965950315
24.39999999999997,2.78085193735334
24.59999999999997,3.233034668348351
24.79999999999997,3.7731404628153866
24.999999999999968,4.419272143252873
25.199999999999967,5.193196954235631
25.399999999999967,6.121078546315054
25.599999999999966,7.234358017362191
25.799999999999965,8.570818544015772
25.999999999999964,10.175861931997925
26.199999999999964,12.104047696408813
26.399999999999963,14.410733490774875
26.599999999999962,17.191240469084907
26.79999999999996,20.53318078696701
26.99999999999996,24.55025536610421
