mags_ab,pos_errs_mas
16.0,0.2079609473127512
16.2,0.22379994148061366
16.4,0.2415073536657125
16.599999999999998,0.2592662231477904
16.799999999999997,0.1695010170765658
16.999999999999996,0.1828850485041346
17.199999999999996,0.1974890660646042
17.399999999999995,0.2133893380440453
17.599999999999994,0.23050914574160708
17.799999999999994,0.16982565199856847
17.999999999999993,0.18502504044096205
18.199999999999992,0.16187072948317097
18.39999999999999,0.1766725248497907
18.59999999999999,0.1928281885968874
18.79999999999999,0.17090930262878032
18.99999999999999,0.18671557897239166
19.19999999999999,0.1771028499105771
19.399999999999988,0.17658979419036117
19.599999999999987,0.18099153001630383
19.799999999999986,0.18656607587226506
19.999999999999986,0.20496984546234176
20.199999999999985,0.2254745555488003
20.399999999999984,0.24840032699865722
20.599999999999984,0.27390920115213757
20.799999999999983,0.3024987689325825
20.999999999999982,0.3346257713641861
21.19999999999998,0.3708505073397775
21.39999999999998,0.4118530071499628
21.59999999999998,0.45841762433342237
21.79999999999998,0.5115780510064416
21.99999999999998,0.5728288989664143
22.199999999999978,0.643200619543815
22.399999999999977,0.7250671677805965
22.599999999999977,0.8197704597580084
22.799999999999976,0.9304813122258456
22.999999999999975,1.060473453246203
23.199999999999974,1.2137194735202588
23.399999999999974,1.3950311330556304
23.599999999999973,1.6102250040618387
23.799999999999972,1.8663211395154862
23.99999999999997,2.1717796489729704
24.19999999999997,2.537858214792895
24.39999999999997,2.9745515027890144
24.59999999999997,3.4977350739374713
24.79999999999997,4.125106662960088
24.999999999999968,4.8779329767197765
25.199999999999967,5.78176994759452
25.399999999999967,6.867327737107276
25.599999999999966,8.17151116314217
25.799999999999965,9.738675257581866
25.999999999999964,11.622129491481049
26.199999999999964,13.885949771272593
26.399999999999963,16.60716379953876
26.599999999999962,19.878360291052783
26.79999999999996,23.81084897772883
26.99999999999996,28.538438364525074
