mags_ab,pos_errs_mas
16.0,0.21086980812342915
16.2,0.22782306859500231
16.4,0.24563707958284758
16.599999999999998,0.26492350850661706
16.799999999999997,0.2854509704612116
16.999999999999996,0.18440304082262918
17.199999999999996,0.19922792226561123
17.399999999999995,0.21604132898399075
17.599999999999994,0.23389899261999902
17.799999999999994,0.2531376421277731
17.999999999999993,0.1859509994831873
18.199999999999992,0.20258858072365957
18.39999999999999,0.2207332455589386
18.59999999999999,0.2403517918663124
18.79999999999999,0.18855315752884064
18.99999999999999,0.2057822396670007
19.19999999999999,0.1849031496202089
19.399999999999988,0.20202465629313338
19.599999999999987,0.1955900297279358
19.799999999999986,0.19653616489862152
19.999999999999986,0.19523858753785944
20.199999999999985,0.20841718450986585
20.399999999999984,0.22894360715822287
20.599999999999984,0.25168778886611626
20.799999999999983,0.2770026609867354
20.999999999999982,0.3052135612821033
21.19999999999998,0.3367754007646092
21.39999999999998,0.37210299197174823
21.59999999999998,0.41184900074852254
21.79999999999998,0.4567471495481175
21.99999999999998,0.5076083052193071
22.199999999999978,0.5652997857074323
22.399999999999977,0.6312106171720822
22.599999999999977,0.7074054221925196
22.799999999999976,0.7946871067075091
22.999999999999975,0.8958529481176319
23.199999999999974,1.0136771390285202
23.399999999999974,1.1515372426770911
23.599999999999973,1.313538265565396
23.799999999999972,1.5046601994793118
23.99999999999997,1.7309319379665118
24.19999999999997,1.99963926278022
24.39999999999997,2.320513548823986
24.59999999999997,2.7020726443218264
24.79999999999997,3.1581354096389456
24.999999999999968,3.7040227516497986
25.199999999999967,4.358154479407183
25.399999999999967,5.142667641959245
25.599999999999966,6.084165026884215
25.799999999999965,7.214614505862916
25.999999999999964,8.572429818295836
26.199999999999964,10.203776214255564
26.399999999999963,12.164138730916545
26.599999999999962,14.520203410188493
26.79999999999996,17.35212837187326
26.99999999999996,20.756266148039472
