mags_ab,pos_errs_mas
16.0,0.15032259354429703
16.2,0.16333561687487166
16.4,0.16754205358426427
16.599999999999998,0.17812424378959932
16.799999999999997,0.1886079917268106
16.999999999999996,0.14816661017109
17.199999999999996,0.15712336675504293
17.399999999999995,0.16532344437461768
17.599999999999994,0.14818162423494682
17.799999999999994,0.14562585115188825
17.999999999999993,0.15948465437617973
18.199999999999992,0.1641513896272489
18.39999999999999,0.17245625721042768
18.59999999999999,0.18355279409365485
18.79999999999999,0.1954120498590719
18.99999999999999,0.21567757089184678
19.19999999999999,0.23853803567503978
19.399999999999988,0.2642572027706165
19.599999999999987,0.2933857295835037
19.799999999999986,0.3265124397482985
19.999999999999986,0.36435399657976186
20.199999999999985,0.4077841191811608
20.399999999999984,0.458179284644328
20.599999999999984,0.5163665030687149
20.799999999999983,0.5839862507092006
20.999999999999982,0.6630822504652705
21.19999999999998,0.7560029851350055
21.39999999999998,0.8659630830749977
21.59999999999998,0.99570476838509
21.79999999999998,1.1497637595658792
21.99999999999998,1.333181388358212
22.199999999999978,1.5519912824687625
22.399999999999977,1.8134733538092642
22.599999999999977,2.126434998359556
22.799999999999976,2.501431745526137
22.999999999999975,2.9511548873341784
23.199999999999974,3.490852729679188
23.399999999999974,4.142197045209722
23.599999999999973,4.92252037016801
23.799999999999972,5.858680178145072
23.99999999999997,6.983637701938029
24.19999999999997,8.335662054809749
24.39999999999997,9.96075136148456
24.59999999999997,11.927228644432237
24.79999999999997,14.283192362866528
24.999999999999968,17.110157158300733
25.199999999999967,20.50871149679605
25.399999999999967,24.5945004363478
25.599999999999966,29.517627526362055
25.799999999999965,35.425149462564114
25.999999999999964,42.527450743531965
26.199999999999964,51.06620634154466
26.399999999999963,61.3319826286808
26.599999999999962,73.67410132451671
26.79999999999996,88.51254178734624
26.99999999999996,106.35222120035846
