mags_ab,pos_errs_mas
16.0,0.2119757141779288
16.2,0.22705947597936882
16.4,0.24618099466832377
16.599999999999998,0.26544329899071417
16.799999999999997,0.2853504336371777
16.999999999999996,0.3079876652168715
17.199999999999996,0.33029414156691356
17.399999999999995,0.18696294461353063
17.599999999999994,0.2016979880811334
17.799999999999994,0.21824591693310752
17.999999999999993,0.23629653108750248
18.199999999999992,0.25575205634430054
18.39999999999999,0.2768537155252358
18.59999999999999,0.18812877512715778
18.79999999999999,0.20508299613366351
18.99999999999999,0.17447940481777852
19.19999999999999,0.19044586418946602
19.399999999999988,0.17907734451844015
19.599999999999987,0.19567415336820648
19.799999999999986,0.21388451035433817
19.999999999999986,0.18407235725548943
20.199999999999985,0.19204294976538197
20.399999999999984,0.19552348301567823
20.599999999999984,0.211599448464886
20.799999999999983,0.23277930163547375
20.999999999999982,0.25632057165864297
21.19999999999998,0.2826536881497399
21.39999999999998,0.31213328079080055
21.59999999999998,0.34531019502741844
21.79999999999998,0.38273022449487776
21.99999999999998,0.42504473008375065
22.199999999999978,0.47334814844535367
22.399999999999977,0.528583867898028
22.599999999999977,0.591829430152699
22.799999999999976,0.6645553856273112
22.999999999999975,0.749501950213078
23.199999999999974,0.8476140130689822
23.399999999999974,0.9623489677724101
23.599999999999973,1.0971082175380793
23.799999999999972,1.256019257421743
23.99999999999997,1.4440801969598527
24.19999999999997,1.6673325339829344
24.39999999999997,1.9330668594583527
24.59999999999997,2.2500683816932345
24.79999999999997,2.631285586519476
24.999999999999968,3.084719785211986
25.199999999999967,3.627996758450657
25.399999999999967,4.27949610061869
25.599999999999966,5.061305412132158
25.799999999999965,5.999966810883797
25.999999999999964,7.1273740931282985
26.199999999999964,8.48185659988438
26.399999999999963,10.109481149774192
26.599999999999962,12.065613809548871
26.79999999999996,14.416805347773352
26.99999999999996,17.243051359840692
