mags_ab,pos_errs_mas
16.0,0.24139279960667442
16.2,0.25690401068439206
16.4,0.26557713921737197
16.599999999999998,0.1816770422626322
16.799999999999997,0.19635165923824574
16.999999999999996,0.21243505231183601
17.199999999999996,0.22735129481086105
17.399999999999995,0.24339538761807325
17.599999999999994,0.1858326990732506
17.799999999999994,0.20170464459790327
17.999999999999993,0.18764104274889648
18.199999999999992,0.19271148810438626
18.39999999999999,0.21115909436799848
18.59999999999999,0.23152713632282368
18.79999999999999,0.2539321254882882
18.99999999999999,0.27864653383682697
19.19999999999999,0.30592459938212224
19.399999999999988,0.3360605486106236
19.599999999999987,0.3694347658997681
19.799999999999986,0.40642136094431536
19.999999999999986,0.4471617562040535
20.199999999999985,0.49243177153835865
20.399999999999984,0.5429917494423855
20.599999999999984,0.5995379972471222
20.799999999999983,0.6621335237964752
20.999999999999982,0.7314871383211364
21.19999999999998,0.8097827139516841
21.39999999999998,0.8987781500022756
21.59999999999998,0.9995287706550671
21.79999999999998,1.112321278037869
21.99999999999998,1.234545284312156
22.199999999999978,1.3780236629182627
22.399999999999977,1.5417252283719112
22.599999999999977,1.731909924830516
22.799999999999976,1.9546973549376452
22.999999999999975,2.214528885097496
23.199999999999974,2.5126420639294285
23.399999999999974,2.844510031883583
23.599999999999973,3.257452535045154
23.799999999999972,3.7442851566272752
23.99999999999997,4.2929957536981
24.19999999999997,4.960732974086032
24.39999999999997,5.768601761470175
24.59999999999997,6.697322934648883
24.79999999999997,7.82129441327988
24.999999999999968,9.187028824299574
25.199999999999967,10.824250810611698
25.399999999999967,12.668952505923915
25.599999999999966,14.81746832512806
25.799999999999965,17.567105407541014
25.999999999999964,20.869668984732822
26.199999999999964,24.837437827330113
26.399999999999963,29.605361498684616
26.599999999999962,35.335626893828014
26.79999999999996,42.22318961795785
26.99999999999996,50.5023872333971
