mags_ab,pos_errs_mas
16.0,0.2142439458487527
16.2,0.16618676981031513
16.4,0.1787478707415856
16.599999999999998,0.19094001334375674
16.799999999999997,0.15990439128740205
16.999999999999996,0.1724783084251953
17.199999999999996,0.15431339650808956
17.399999999999995,0.16827073398910247
17.599999999999994,0.15590830096183608
17.799999999999994,0.17016694158344442
17.999999999999993,0.16604829571931956
18.199999999999992,0.16802180443817483
18.39999999999999,0.17456078721764404
18.59999999999999,0.17891040386575519
18.79999999999999,0.19125376287903695
18.99999999999999,0.20953958339703832
19.19999999999999,0.2296862908007266
19.399999999999988,0.2518898988718476
19.599999999999987,0.2766206695609084
19.799999999999986,0.30362940105058145
19.999999999999986,0.3334299403911193
20.199999999999985,0.36635642799442014
20.399999999999984,0.40278382346949426
20.599999999999984,0.4431426655048633
20.799999999999983,0.4879315403601109
20.999999999999982,0.5380192986036824
21.19999999999998,0.5940541541667812
21.39999999999998,0.6558860649192797
21.59999999999998,0.7247834938297074
21.79999999999998,0.8021835562130571
21.99999999999998,0.8894759088503881
22.199999999999978,0.9882370741548502
22.399999999999977,1.1004356062637453
22.599999999999977,1.2284781583878668
22.799999999999976,1.3759891577572305
22.999999999999975,1.5423021413504698
23.199999999999974,1.734804833804467
23.399999999999974,1.959046853428972
23.599999999999973,2.2182045697222392
23.799999999999972,2.5229695182891247
23.99999999999997,2.882377044460848
24.19999999999997,3.307077067719007
24.39999999999997,3.8104530109460955
24.59999999999997,4.408813540181348
24.79999999999997,5.113737915812081
24.999999999999968,5.9460612346501085
25.199999999999967,6.947695143414094
25.399999999999967,8.15202440729665
25.599999999999966,9.595317769626224
25.799999999999965,11.326434016010131
25.999999999999964,13.404084485440197
26.199999999999964,15.898820524787881
26.399999999999963,18.895427687862007
26.599999999999962,22.495790689916447
26.79999999999996,26.79021584004962
26.99999999999996,31.98032379591166
