mags_ab,pos_errs_mas
16.0,inf
16.2,inf
16.4,0.2587843943735899
16.599999999999998,0.2833998608338344
16.799999999999997,0.3026375743774552
16.999999999999996,0.21044003877974887
17.199999999999996,0.22478818782106982
17.399999999999995,0.23934222772506855
17.599999999999994,0.18595424477391542
17.799999999999994,0.1994559551871226
17.999999999999993,0.21549661202354015
18.199999999999992,0.23439531106260575
18.39999999999999,0.1893110105965012
18.59999999999999,0.2060959849383893
18.79999999999999,0.22425530596951485
18.99999999999999,0.18843198558279878
19.19999999999999,0.2056543502091527
19.399999999999988,0.19717149683942115
19.599999999999987,0.1995705726669223
19.799999999999986,0.2019429984399163
19.999999999999986,0.2216366871484453
20.199999999999985,0.24347484185777105
20.399999999999984,0.26780893229847236
20.599999999999984,0.2948760721945594
20.799999999999983,0.3249443601292629
20.999999999999982,0.3585432016724407
21.19999999999998,0.3961599282937662
21.39999999999998,0.43840136660376894
21.59999999999998,0.48603393990760724
21.79999999999998,0.5399565625987809
21.99999999999998,0.6013156920752737
22.199999999999978,0.6714589287645601
22.399999999999977,0.752212137738733
22.599999999999977,0.8445998352780567
22.799999999999976,0.9515963408060256
22.999999999999975,1.0761127558523986
23.199999999999974,1.2216942694042536
23.399999999999974,1.3926511625523454
23.599999999999973,1.5942134844374043
23.799999999999972,1.8327154335452631
23.99999999999997,2.1164799431110293
24.19999999999997,2.4530625654603786
24.39999999999997,2.854510718597183
24.59999999999997,3.334208761883308
24.79999999999997,3.908257347222757
24.999999999999968,4.596013281611145
25.199999999999967,5.420741815391973
25.399999999999967,6.410400785950857
25.599999999999966,7.598587092456937
25.799999999999965,9.025672017999224
25.999999999999964,10.740172677240984
26.199999999999964,12.800397741777562
26.399999999999963,15.276430185694894
26.599999999999962,18.252507331865758
26.79999999999996,21.82988836197829
26.99999999999996,26.13029387053192
