mags_ab,pos_errs_mas
16.0,inf
16.2,0.3080991604436597
16.4,0.32776780679771295
16.599999999999998,0.34786877141631184
16.799999999999997,0.37000986768547445
16.999999999999996,0.2663909878049668
17.199999999999996,0.28682731864549144
17.399999999999995,0.30930899406362583
17.599999999999994,0.3313937062292877
17.799999999999994,0.3552203529640627
17.999999999999993,0.3778976014627306
18.199999999999992,0.26887507823214574
18.39999999999999,0.29119076940200217
18.59999999999999,0.2531093047838079
18.79999999999999,0.27290963031304866
18.99999999999999,0.2991935645503233
19.19999999999999,0.32823768303344525
19.399999999999988,0.36028471250453553
19.599999999999987,0.3957874835384749
19.799999999999986,0.43507306109476573
19.999999999999986,0.4786869341587859
20.199999999999985,0.5269184786780573
20.399999999999984,0.5808225178019868
20.599999999999984,0.6404619032462906
20.799999999999983,0.7073298664933617
20.999999999999982,0.7825531394506046
21.19999999999998,0.8667051134946435
21.39999999999998,0.9610422948201183
21.59999999999998,1.068694259836693
21.79999999999998,1.189534089414876
21.99999999999998,1.3290857199363526
22.199999999999978,1.4855418551999866
22.399999999999977,1.6692653306398781
22.599999999999977,1.876349059840164
22.799999999999976,2.1157652874057993
22.999999999999975,2.4005713273276825
23.199999999999974,2.7267877557742914
23.399999999999974,3.1182481164632305
23.599999999999973,3.5810389178757855
23.799999999999972,4.12101052859476
23.99999999999997,4.771438454059163
24.19999999999997,5.532797354854807
24.39999999999997,6.455199547385776
24.59999999999997,7.492306668828357
24.79999999999997,8.794680002226677
24.999999999999968,10.355659306417458
25.199999999999967,12.228102618248332
25.399999999999967,14.475526232787285
25.599999999999966,17.174256259624677
25.799999999999965,20.41601764235645
25.999999999999964,24.311036742187596
26.199999999999964,28.99179329717109
26.399999999999963,34.61752797151124
26.599999999999962,41.22349488775913
26.79999999999996,49.31584838286715
26.99999999999996,59.04386517778788
