mags_ab,pos_errs_mas
16.0,0.20702014388588674
16.2,0.22351196399038
16.4,0.24070628441405115
16.599999999999998,0.2600759116769643
16.799999999999997,0.16892776683725114
16.999999999999996,0.18350492304312468
17.199999999999996,0.19755856204819758
17.399999999999995,0.21291346858412996
17.599999999999994,0.16869306334858306
17.799999999999994,0.1837634362043419
17.999999999999993,0.16424631323756314
18.199999999999992,0.1791868454772304
18.39999999999999,0.1672049566717173
18.59999999999999,0.18252682847394713
18.79999999999999,0.19931438879142058
18.99999999999999,0.18302327160754284
19.19999999999999,0.17691707360782924
19.399999999999988,0.1935037642784553
19.599999999999987,0.1840791303382106
19.799999999999986,0.2010571515963793
19.999999999999986,0.22070482732641225
20.199999999999985,0.24255018238690085
20.399999999999984,0.26668303016083444
20.599999999999984,0.29348164066374266
20.799999999999983,0.3233619390148642
20.999999999999982,0.3566862523667169
21.19999999999998,0.39393591256243043
21.39999999999998,0.43574087869740824
21.59999999999998,0.48290582008434746
21.79999999999998,0.5364015818798706
21.99999999999998,0.5967739737491953
22.199999999999978,0.6661928802220293
22.399999999999977,0.7450210592371486
22.599999999999977,0.835727292665649
22.799999999999976,0.9406197617143137
22.999999999999975,1.0625055755804516
23.199999999999974,1.2047940990809982
23.399999999999974,1.3716528121872502
23.599999999999973,1.5681195748986072
23.799999999999972,1.801620916639892
23.99999999999997,2.076661369097919
24.19999999999997,2.4035555345198603
24.39999999999997,2.793061142555448
24.59999999999997,3.2580753245259606
24.79999999999997,3.814702342499132
24.999999999999968,4.481349593201049
25.199999999999967,5.277317282495727
25.399999999999967,6.233526640680568
25.599999999999966,7.38247653241094
25.799999999999965,8.762250315089629
25.999999999999964,10.41974727797411
26.199999999999964,12.411329649368888
26.399999999999963,14.804742542270306
26.599999999999962,17.681407227191766
26.79999999999996,21.13919845296903
26.99999999999996,25.29576496937331
