mags_ab,pos_errs_mas
16.0,inf
16.2,inf
16.4,0.26354970795539684
16.599999999999998,0.2879684527635323
16.799999999999997,0.30906721299761186
16.999999999999996,0.22099310077589562
17.199999999999996,0.2360164590598985
17.399999999999995,0.24170169158564778
17.599999999999994,0.26278474678715574
17.799999999999994,0.18674186184984004
17.999999999999993,0.19749111417546136
18.199999999999992,0.21430758635266015
18.39999999999999,0.23012518079707997
18.59999999999999,0.24966633040899683
18.79999999999999,0.26917405076340983
18.99999999999999,0.28889521646879984
19.19999999999999,0.3101216431837552
19.399999999999988,0.18541896460900215
19.599999999999987,0.2020172988488073
19.799999999999986,0.2201177335332405
19.999999999999986,0.18352783859841149
20.199999999999985,0.200541912437438
20.399999999999984,0.18842675899623218
20.599999999999984,0.2062295821411075
20.799999999999983,0.1943400709894547
20.999999999999982,0.1979789231346444
21.19999999999998,0.20857551027329801
21.39999999999998,0.21733529417314043
21.59999999999998,0.23997296851028174
21.79999999999998,0.2654723864256037
21.99999999999998,0.294337513656241
22.199999999999978,0.32720117916514413
22.399999999999977,0.3644935466028289
22.599999999999977,0.4071862627755893
22.799999999999976,0.4562877562435408
22.999999999999975,0.5130401821603465
23.199999999999974,0.5789441426636331
23.399999999999974,0.6560792004684434
23.599999999999973,0.7462445271198317
23.799999999999972,0.8524820732212659
23.99999999999997,0.9783721764910621
24.19999999999997,1.127020733391765
24.39999999999997,1.3037223934042843
24.59999999999997,1.5157535211617956
24.79999999999997,1.767371279407508
24.999999999999968,2.068295471681514
25.199999999999967,2.4286541757636138
25.399999999999967,2.860621730868005
25.599999999999966,3.3788295996328803
25.799999999999965,4.000859428142178
25.999999999999964,4.7478390218339594
26.199999999999964,5.645157694932676
26.399999999999963,6.723328702376554
26.599999999999962,8.02168910577452
26.79999999999996,9.579290435562134
26.99999999999996,11.451536931662831
