mags_ab,pos_errs_mas
16.0,inf
16.2,inf
16.4,inf
16.599999999999998,inf
16.799999999999997,0.23357336522306357
16.999999999999996,0.24866103030996048
17.199999999999996,0.2632998992007975
17.399999999999995,0.270024786702244
17.599999999999994,0.2874950732441861
17.799999999999994,0.1975597787135551
17.999999999999993,0.21235272538149358
18.199999999999992,0.22990046610666395
18.39999999999999,0.2462455114781323
18.59999999999999,0.26381344547173474
18.79999999999999,0.2041466390278777
18.99999999999999,0.22193238886509847
19.19999999999999,0.2086648396113587
19.399999999999988,0.21570921666370968
19.599999999999987,0.23677513015447732
19.799999999999986,0.2601273580896422
19.999999999999986,0.28604687222971203
20.199999999999985,0.31477584896365823
20.399999999999984,0.3467072681185537
20.599999999999984,0.38233646860404674
20.799999999999983,0.4222121369582478
20.999999999999982,0.46694833766976296
21.19999999999998,0.5173086565020093
21.39999999999998,0.5740689898721736
21.59999999999998,0.6379400451218592
21.79999999999998,0.7112321417452243
21.99999999999998,0.7947961205707309
22.199999999999978,0.8907494977110101
22.399999999999977,1.0014618445115366
22.599999999999977,1.1300564293096191
22.799999999999976,1.2798385146500435
22.999999999999975,1.4554371537291744
23.199999999999974,1.6600054972327691
23.399999999999974,1.8962536904532135
23.599999999999973,2.178979420802182
23.799999999999972,2.517711587735045
23.99999999999997,2.9210527106569395
24.19999999999997,3.4023605789279547
24.39999999999997,3.9588373168144657
24.59999999999997,4.619560955721109
24.79999999999997,5.433303540398118
24.999999999999968,6.409144483163917
25.199999999999967,7.580167321551994
25.399999999999967,8.98612655682385
25.599999999999966,10.674796157074958
25.799999999999965,12.703586333022285
25.999999999999964,15.141496104695939
26.199999999999964,18.071455495598858
26.399999999999963,21.52337069303276
26.599999999999962,25.74058121422677
26.79999999999996,30.810122685708144
26.99999999999996,36.9044913453424
