mags_ab,pos_errs_mas
16.0,0.2119704154128319
16.2,0.22705349173231576
16.4,0.24617360387883905
16.599999999999998,0.2654338912639898
16.799999999999997,0.2853391199812596
16.999999999999996,0.30797329212867486
17.199999999999996,0.3302760704061482
17.399999999999995,0.18694652416056146
17.599999999999994,0.20167832527325655
17.799999999999994,0.21814834457902663
17.999999999999993,0.2362652083097653
18.199999999999992,0.2557118871889298
18.39999999999999,0.2768013290190393
18.59999999999999,0.18806905162112666
18.79999999999999,0.20500472580416204
18.99999999999999,0.17434946573339016
19.19999999999999,0.19030947832038841
19.399999999999988,0.17889157196316008
19.599999999999987,0.19542993305837167
19.799999999999986,0.21356345031436522
19.999999999999986,0.18360579065010077
20.199999999999985,0.19141289347079
20.399999999999984,0.1946546989162339
20.599999999999984,0.21048339792257
20.799999999999983,0.2312738681438968
20.999999999999982,0.25434694619280623
21.19999999999998,0.28006627947606483
21.39999999999998,0.30874814762907615
21.59999999999998,0.34092434477687306
21.79999999999998,0.3769497131787633
21.99999999999998,0.41758729556303553
22.199999999999978,0.46366204004712774
22.399999999999977,0.516002468085104
22.599999999999977,0.5753456787171332
22.799999999999976,0.6432997021958087
22.999999999999975,0.7221912999740419
23.199999999999974,0.8126300886238667
23.399999999999974,0.9177032259525053
23.599999999999973,1.0403569557782117
23.799999999999972,1.1841757721951176
23.99999999999997,1.3535120848156448
24.19999999999997,1.5536407172376216
24.39999999999997,1.7909421632394062
24.59999999999997,2.07312023019032
24.79999999999997,2.411765308769016
24.999999999999968,2.8134312976071603
25.199999999999967,3.293873601376641
25.399999999999967,3.8692694802199603
25.599999999999966,4.559064693938626
25.799999999999965,5.386628718843387
25.999999999999964,6.380042626249189
26.199999999999964,7.5730513294947635
26.399999999999963,9.006208086583674
26.599999999999962,10.728247613011092
26.79999999999996,12.797744570688394
26.99999999999996,15.285101617253083
