mags_ab,pos_errs_mas
16.0,0.2071166138313341
16.2,0.2235674031877816
16.4,0.1702998378990915
16.599999999999998,0.1837940975285477
16.799999999999997,0.19866155663342794
16.999999999999996,0.21548316105182266
17.199999999999996,0.16192533593905453
17.399999999999995,0.17623339958406425
17.599999999999994,0.19201058585180564
17.799999999999994,0.2089049314816642
17.999999999999993,0.17241295543111304
18.199999999999992,0.18806049662055419
18.39999999999999,0.1731906014313735
18.59999999999999,0.1694579950290771
18.79999999999999,0.17115868767056572
18.99999999999999,0.17626117270550082
19.19999999999999,0.1838845726826523
19.399999999999988,0.19243763634553404
19.599999999999987,0.21089059130090687
19.799999999999986,0.23130298331984503
19.999999999999986,0.2537397093413317
20.199999999999985,0.278514887997724
20.399999999999984,0.30588895747403627
20.599999999999984,0.33617255846584376
20.799999999999983,0.3696995864149585
20.999999999999982,0.40689883999709414
21.19999999999998,0.4483834491367994
21.39999999999998,0.49443643845511465
21.59999999999998,0.5457872489048754
21.79999999999998,0.6037664873114733
21.99999999999998,0.6683203791220931
22.199999999999978,0.7409587222442724
22.399999999999977,0.8228801005791274
22.599999999999977,0.916174731914336
22.799999999999976,1.022318178578737
22.999999999999975,1.1442210601023446
23.199999999999974,1.2846501581332668
23.399999999999974,1.4448140018054507
23.599999999999973,1.6320382233598238
23.799999999999972,1.8506022361775154
23.99999999999997,2.1069000194755843
24.19999999999997,2.4086767538138507
24.39999999999997,2.765372570112816
24.59999999999997,3.188351403564969
24.79999999999997,3.6913156686983033
24.999999999999968,4.29055286873831
25.199999999999967,5.006193896359834
25.399999999999967,5.861851945085498
25.599999999999966,6.876361637476076
25.799999999999965,8.095745585711342
25.999999999999964,9.549253822749588
26.199999999999964,11.30835996378805
26.399999999999963,13.410317153055852
26.599999999999962,15.945545973924476
26.79999999999996,18.991743552233153
26.99999999999996,22.560876436713574
