mags_ab,pos_errs_mas
16.0,0.2408132546973868
16.2,0.2553840544983542
16.4,0.261438837223976
16.599999999999998,0.1859070499414988
16.799999999999997,0.20070962873428538
16.999999999999996,0.21693737343882832
17.199999999999996,0.23166925014602255
17.399999999999995,0.24743349229881326
17.599999999999994,0.19674790467079
17.799999999999994,0.1928307524998176
17.999999999999993,0.21131592989351244
18.199999999999992,0.23169956467891464
18.39999999999999,0.2541545323123791
18.59999999999999,0.2789312503290574
18.79999999999999,0.3062885962819907
18.99999999999999,0.3365245105996663
19.19999999999999,0.37004498992755613
19.399999999999988,0.40721766209911275
19.599999999999987,0.44808157538543525
19.799999999999986,0.4935646830091771
19.999999999999986,0.5444666995166295
20.199999999999985,0.60089905462136
20.399999999999984,0.6643793018724329
20.599999999999984,0.7342060131947659
20.799999999999983,0.8131731097549141
20.999999999999982,0.9031647585983329
21.19999999999998,1.0052841651309197
21.39999999999998,1.119306308746995
21.59999999999998,1.241166195798755
21.79999999999998,1.3853876548295778
21.99999999999998,1.5530378473818012
22.199999999999978,1.7461046466378316
22.399999999999977,1.9727004494425868
22.599999999999977,2.237170537347016
22.799999999999976,2.526133934650162
22.999999999999975,2.8757389923140733
23.199999999999974,3.2911632389756185
23.399999999999974,3.7726611872008453
23.599999999999973,4.322818219788679
23.799999999999972,4.997875848077899
23.99999999999997,5.814153252279193
24.19999999999997,6.789400298857758
24.39999999999997,7.8435679234578695
24.59999999999997,9.211386184759142
24.79999999999997,10.851019197662493
24.999999999999968,12.736791469317243
25.199999999999967,15.077391529932184
25.399999999999967,17.887998002333685
25.599999999999966,21.264132461142754
25.799999999999965,25.320595591055845
25.999999999999964,30.195358430267383
26.199999999999964,36.05425109133609
26.399999999999963,43.09661709183298
26.599999999999962,51.30554840130944
26.79999999999996,61.42052978462207
26.99999999999996,73.58037464445337
