mags_ab,pos_errs_mas
16.0,0.237463752757282
16.2,0.25774483112674845
16.4,0.27918666495835026
16.599999999999998,0.21047330984375912
16.799999999999997,0.22863443048782647
16.999999999999996,0.24815916455645246
17.199999999999996,0.2688939831160079
17.399999999999995,0.20200009513125625
17.599999999999994,0.2198887390292213
17.799999999999994,0.2395619452877673
17.999999999999993,0.26061234455743953
18.199999999999992,0.212881480486817
18.39999999999999,0.2321737997434152
18.59999999999999,0.21166609629921085
18.79999999999999,0.2052439907372586
18.99999999999999,0.20567537795359178
19.19999999999999,0.21036069290752113
19.399999999999988,0.21811307541011288
19.599999999999987,0.22680221284668106
19.799999999999986,0.24854622427840964
19.999999999999986,0.2725854475386498
20.199999999999985,0.29912251813258084
20.399999999999984,0.32843992266487915
20.599999999999984,0.36091473171253186
20.799999999999983,0.39691310517032136
20.999999999999982,0.4368196790694771
21.19999999999998,0.481233875243931
21.39999999999998,0.5307482855323451
21.59999999999998,0.585990697057098
21.79999999999998,0.6478974384897146
21.99999999999998,0.7180578548013017
22.199999999999978,0.7965402501484639
22.399999999999977,0.8850798447912602
22.599999999999977,0.9860273864429167
22.799999999999976,1.1010244979051835
22.999999999999975,1.2323174031630062
23.199999999999974,1.3844102080445033
23.399999999999974,1.5597922042399497
23.599999999999973,1.7644936916834477
23.799999999999972,2.0031306168886647
23.99999999999997,2.2833262822978373
24.19999999999997,2.613646958530025
24.39999999999997,3.0044668246015194
24.59999999999997,3.46832630162097
24.79999999999997,4.020360392728638
24.999999999999968,4.678807604329156
25.199999999999967,5.46562483053423
25.399999999999967,6.407223462777658
25.599999999999966,7.535357251203969
25.799999999999965,8.876112451924918
25.999999999999964,10.494473431950343
26.199999999999964,12.43740348754273
26.399999999999963,14.770916361408203
26.599999999999962,17.574339605185976
26.79999999999996,20.94301585015594
26.99999999999996,24.991531776620906
