mags_ab,pos_errs_mas
16.0,0.21186869740187966
16.2,0.22772499892547532
16.4,0.24080059201361145
16.599999999999998,0.2547768549344159
16.799999999999997,0.1660101975200548
16.999999999999996,0.18021767639029856
17.199999999999996,0.19490024960957555
17.399999999999995,0.2109574400841206
17.599999999999994,0.17746070665124963
17.799999999999994,0.19351209432580832
17.999999999999993,0.17745399910757004
18.199999999999992,0.19107946078847615
18.39999999999999,0.2093686513618365
18.59999999999999,0.22952475713866907
18.79999999999999,0.25174768395463115
18.99999999999999,0.27636073737239286
19.19999999999999,0.3034335632096477
19.399999999999988,0.3332843230424206
19.599999999999987,0.36629059576193085
19.799999999999986,0.40283472641693224
19.999999999999986,0.4433592901626063
20.199999999999985,0.4883730837956531
20.399999999999984,0.5384575355562599
20.599999999999984,0.5945765848343363
20.799999999999983,0.6568814376180098
20.999999999999982,0.7258899434499642
21.19999999999998,0.8038318672316025
21.39999999999998,0.8920703392868254
21.59999999999998,0.9921317589494012
21.79999999999998,1.1060427810164426
21.99999999999998,1.2362610094020812
22.199999999999978,1.3856390179747011
22.399999999999977,1.55144983072292
22.599999999999977,1.746126306138535
22.799999999999976,1.9671293287307845
22.999999999999975,2.2324332755300706
23.199999999999974,2.543482897572767
23.399999999999974,2.9103757013574167
23.599999999999973,3.3443262093856565
23.799999999999972,3.859234648819291
23.99999999999997,4.471878261975912
24.19999999999997,5.148195934457587
24.39999999999997,5.990811603752021
24.59999999999997,7.012390587145655
24.79999999999997,8.235771057511887
24.999999999999968,9.702287244838526
25.199999999999967,11.461615898065734
25.399999999999967,13.573450346295639
25.599999999999966,16.10952319223531
25.799999999999965,19.156037000117873
25.999999999999964,22.740253362628206
26.199999999999964,27.121076312364654
26.399999999999963,32.38636278406547
26.599999999999962,38.715246468287624
26.79999999999996,46.32307253782589
26.99999999999996,55.46870022362894
