mags_ab,pos_errs_mas
16.0,inf
16.2,inf
16.4,0.2612484174195302
16.599999999999998,0.28518315767096225
16.799999999999997,0.30220510623564417
16.999999999999996,0.20900788199862644
17.199999999999996,0.22418562717720797
17.399999999999995,0.24140886786519855
17.599999999999994,0.2605739608304271
17.799999999999994,0.28153572394762716
17.999999999999993,0.18596296770498258
18.199999999999992,0.19925022735207035
18.39999999999999,0.2143970374399314
18.59999999999999,0.17083796879440463
18.79999999999999,0.18324126728757487
18.99999999999999,0.19933334375081457
19.19999999999999,0.17890379340188273
19.399999999999988,0.19526317379298494
19.599999999999987,0.18305194550696033
19.799999999999986,0.20005731471392957
19.999999999999986,0.1850342356825762
20.199999999999985,0.20250448220229578
20.399999999999984,0.1975022416126686
20.599999999999984,0.20085801008197238
20.799999999999983,0.2084189956850133
20.999999999999982,0.22964698497152372
21.19999999999998,0.25344248292696003
21.39999999999998,0.28024196768463094
21.59999999999998,0.31058913228757873
21.79999999999998,0.3447703168096558
21.99999999999998,0.3836320214209811
22.199999999999978,0.428006999498631
22.399999999999977,0.47895901341989205
22.599999999999977,0.5377635232774476
22.799999999999976,0.6058352116340235
22.999999999999975,0.6849910242904476
23.199999999999974,0.7775519350674013
23.399999999999974,0.8868531284486111
23.599999999999973,1.0155091340767288
23.799999999999972,1.1677675709136184
23.99999999999997,1.3478912210511065
24.19999999999997,1.5622606140949817
24.39999999999997,1.8179582453024854
24.59999999999997,2.123510545483471
24.79999999999997,2.4891743153058483
24.999999999999968,2.9272806499914212
25.199999999999967,3.45265051450713
25.399999999999967,4.0830942626957505
25.599999999999966,4.8419010310801704
25.799999999999965,5.751074564765456
25.999999999999964,6.843355684144178
26.199999999999964,8.155891823089883
26.399999999999963,9.73333169889475
26.599999999999962,11.62934145859516
26.79999999999996,13.908431647169115
26.99999999999996,16.648148416768272
