mags_ab,pos_errs_mas
16.0,0.2129165103666708
16.2,0.2237634424657973
16.4,0.24154486901165623
16.599999999999998,0.26089944028206496
16.799999999999997,0.2794745411366492
16.999999999999996,0.3018338245382395
17.199999999999996,0.17086662519035115
17.399999999999995,0.18562994214317377
17.599999999999994,0.19959048838173102
17.799999999999994,0.21538608031318734
17.999999999999993,0.2326603875591058
18.199999999999992,0.25118094508601624
18.39999999999999,0.17147191748297283
18.59999999999999,0.18690716771421248
18.79999999999999,0.15985771325091766
18.99999999999999,0.17448980894602265
19.19999999999999,0.16487271938162265
19.399999999999988,0.1801358293064818
19.599999999999987,0.19691067801932133
19.799999999999986,0.18521055916153234
19.999999999999986,0.17934466916792
20.199999999999985,0.1893136418762025
20.399999999999984,0.19865621744306278
20.599999999999984,0.21838469762438864
20.799999999999983,0.24051275096694047
20.999999999999982,0.2650364355626126
21.19999999999998,0.29246964664007297
21.39999999999998,0.3232722030809909
21.59999999999998,0.35799588616202965
21.79999999999998,0.39718295003940024
21.99999999999998,0.44155918215549067
22.199999999999978,0.49210357675263794
22.399999999999977,0.5501037617021111
22.599999999999977,0.617183231682187
22.799999999999976,0.6946646384110465
22.999999999999975,0.7839322822277818
23.199999999999974,0.8880491687736264
23.399999999999974,1.010036648363306
23.599999999999973,1.15356466168713
23.799999999999972,1.3230826561010018
23.99999999999997,1.5239743087844735
24.19999999999997,1.7627422781753261
24.39999999999997,2.047228519990753
24.59999999999997,2.389017890444939
24.79999999999997,2.795226646862468
24.999999999999968,3.2816194845609163
25.199999999999967,3.8646252353651662
25.399999999999967,4.563987980408942
25.599999999999966,5.40343310815842
25.799999999999965,6.411471704067255
25.999999999999964,7.622364983021668
26.199999999999964,9.077286730861939
26.399999999999963,10.825725723195092
26.599999999999962,12.927160871860186
26.79999999999996,15.453089989610262
26.99999999999996,18.489455362858138
