mags_ab,pos_errs_mas
16.0,0.20644841081117496
16.2,0.178555247617568
16.4,0.18242071762895407
16.599999999999998,0.19999355135927735
16.799999999999997,0.21938277072831192
16.999999999999996,0.24080067291296842
17.199999999999996,0.2644831916298418
17.399999999999995,0.2907013460795024
17.599999999999994,0.31976872850520915
17.799999999999994,0.35205416764909747
17.999999999999993,0.38790275479726877
18.199999999999992,0.42771600303304447
18.39999999999999,0.47210465529513895
18.59999999999999,0.5219778697065041
18.79999999999999,0.5780419880604888
18.99999999999999,0.6412440966716785
19.19999999999999,0.7127482674229293
19.399999999999988,0.7927498995533178
19.599999999999987,0.8844179860764341
19.799999999999986,0.9899540730306226
19.999999999999986,1.1115764392448375
20.199999999999985,1.2524399177552183
20.399999999999984,1.4163459775355856
20.599999999999984,1.605895526697958
20.799999999999983,1.8188638333821259
20.999999999999982,2.0797292271818977
21.19999999999998,2.3880955058007696
21.39999999999998,2.7538076577668504
21.59999999999998,3.1887514722368273
21.79999999999998,3.7072547190993133
21.99999999999998,4.273874438421051
22.199999999999978,5.000961439834461
22.399999999999977,5.871580196194614
22.599999999999977,6.915138092279303
22.799999999999976,8.166976663845176
22.999999999999975,9.632165561962829
23.199999999999974,11.427340028955872
23.399999999999974,13.583718532341418
23.599999999999973,16.174622317170645
23.799999999999972,19.288176007232583
23.99999999999997,23.030296711494124
24.19999999999997,27.5283043181151
24.39999999999997,32.93524256790808
24.59999999999997,39.43508741567699
24.79999999999997,47.249011869891305
24.999999999999968,56.642902816443886
25.199999999999967,67.93641473855085
25.399999999999967,81.51384230423474
25.599999999999966,97.8371934673173
25.799999999999965,117.46193606722137
25.999999999999964,141.05585342376162
26.199999999999964,169.42179246833336
26.399999999999963,203.52502217003678
26.599999999999962,244.52600089446813
26.79999999999996,293.81991526229416
26.99999999999996,353.08412118267273
