mags_ab,pos_errs_mas
16.0,0.20949689798242724
16.2,0.22607271268308216
16.4,0.2448096038894241
16.599999999999998,0.1856219360037634
16.799999999999997,0.2010336270083342
16.999999999999996,0.21853133780670717
17.199999999999996,0.23693557140485658
17.399999999999995,0.18844215552906596
17.599999999999994,0.2050796249380275
17.799999999999994,0.22307696720949463
17.999999999999993,0.1823631450983331
18.199999999999992,0.19884828875191846
18.39999999999999,0.18218618314416368
18.59999999999999,0.1989719838983677
18.79999999999999,0.1948299453287351
18.99999999999999,0.19318296489800543
19.19999999999999,0.20533967768066036
19.399999999999988,0.2253310989096963
19.599999999999987,0.24740509226930443
19.799999999999986,0.27188327219280223
19.999999999999986,0.29905195957989866
20.199999999999985,0.3292919174843647
20.399999999999984,0.3629625760845661
20.599999999999984,0.40063555238439286
20.799999999999983,0.4427969423760783
20.999999999999982,0.49020988138344235
21.19999999999998,0.543552038695814
21.39999999999998,0.6039278071752907
21.59999999999998,0.6732057586451453
21.79999999999998,0.7516020763928299
21.99999999999998,0.8415176835119231
22.199999999999978,0.9451913374992936
22.399999999999977,1.065337245903438
22.599999999999977,1.2048589289755962
22.799999999999976,1.368343473640198
22.999999999999975,1.5592349047325977
23.199999999999974,1.7861591993427521
23.399999999999974,2.0524338417883334
23.599999999999973,2.3664310342640262
23.799999999999972,2.738998747167006
23.99999999999997,3.186308340957931
24.19999999999997,3.7207372526778797
24.39999999999997,4.360215208010402
24.59999999999997,5.126298488702475
24.79999999999997,6.0448975742191635
24.999999999999968,7.14714762252641
25.199999999999967,8.470464487516804
25.399999999999967,10.059808181669705
25.599999999999966,11.96921033443788
25.799999999999965,14.26360830229354
25.999999999999964,17.021046900181446
26.199999999999964,20.314375474434005
26.399999999999963,24.29214819818101
26.599999999999962,29.07383312497799
26.79999999999996,34.82213528261389
26.99999999999996,41.73264922085664
