mags_ab,pos_errs_mas
16.0,0.16372987609115833
16.2,0.17813461174927916
16.4,0.14490915444383373
16.599999999999998,0.15525164407301326
16.799999999999997,0.14009442993475052
16.999999999999996,0.14594709699998662
17.199999999999996,0.13782103476254076
17.399999999999995,0.15045844839510578
17.599999999999994,0.1643017458869774
17.799999999999994,0.15545706281323504
17.999999999999993,0.16991246903332782
18.199999999999992,0.16885495032708142
18.39999999999999,0.16999869291924605
18.59999999999999,0.1854084063694909
18.79999999999999,0.20336816981392247
18.99999999999999,0.22321952253684432
19.19999999999999,0.24518185142660373
19.399999999999988,0.2695101448769206
19.599999999999987,0.29665943047973453
19.799999999999986,0.3267617516600058
19.999999999999986,0.36016158057481545
20.199999999999985,0.39741706830075063
20.399999999999984,0.43911112563831484
20.599999999999984,0.4859200365381246
20.799999999999983,0.538657219983769
20.999999999999982,0.5986470301985168
21.19999999999998,0.6667606315784037
21.39999999999998,0.7440954670697744
21.59999999999998,0.8325145971584982
21.79999999999998,0.9343181015857972
21.99999999999998,1.0521116840638554
22.199999999999978,1.1890726993041845
22.399999999999977,1.3490370142485555
22.599999999999977,1.5374314236395754
22.799999999999976,1.758319400998821
22.999999999999975,2.0194323556657294
23.199999999999974,2.3266051452375542
23.399999999999974,2.6942500187664447
23.599999999999973,3.132563443015137
23.799999999999972,3.65611712278288
23.99999999999997,4.282460975827523
24.19999999999997,5.032697100177238
24.39999999999997,5.932189453129805
24.59999999999997,7.001200267253714
24.79999999999997,8.28938505532439
24.999999999999968,9.840114363855223
25.199999999999967,11.703011763600404
25.399999999999967,13.941427244058866
25.599999999999966,16.631499454780297
25.799999999999965,19.864746455549728
25.999999999999964,23.73740024929116
26.199999999999964,28.40509764316365
26.399999999999963,34.01633028018672
26.599999999999962,40.7620298820814
26.79999999999996,48.87173881004213
26.99999999999996,58.621405049828226
