mags_ab,pos_errs_mas
16.0,0.21372866872723603
16.2,0.17106297892105785
16.4,0.18630008871417275
16.599999999999998,0.17737844080694168
16.799999999999997,0.19445787580086496
16.999999999999996,0.2133223902855299
17.199999999999996,0.23414804300079184
17.399999999999995,0.2571816829455711
17.599999999999994,0.28268920991672425
17.799999999999994,0.3109780530109769
17.999999999999993,0.3424064363919241
18.199999999999992,0.37746650066075454
18.39999999999999,0.4163798663657453
18.59999999999999,0.4597387362302193
18.79999999999999,0.5084684404419845
18.99999999999999,0.5632933813634448
19.19999999999999,0.6252924832453687
19.399999999999988,0.695417588598809
19.599999999999987,0.77526977886947
19.799999999999986,0.8650960658013841
19.999999999999986,0.9691640211637985
20.199999999999985,1.0891189705680222
20.399999999999984,1.2283825043095145
20.599999999999984,1.3906190870921138
20.799999999999983,1.579333116700623
20.999999999999982,1.8019821426675193
21.19999999999998,2.064689467636167
21.39999999999998,2.372427964176146
21.59999999999998,2.7283396007523826
21.79999999999998,3.1637223864770596
21.99999999999998,3.683123646534156
22.199999999999978,4.303874686421363
22.399999999999977,5.046822717125765
22.599999999999977,5.922140031707837
22.799999999999976,6.930741084098814
22.999999999999975,8.193850250091643
23.199999999999974,9.710261946022406
23.399999999999974,11.531497450076904
23.599999999999973,13.719469267926286
23.799999999999972,16.298246940659034
23.99999999999997,19.44616122316139
24.19999999999997,23.22974194646518
24.39999999999997,27.777720040917373
24.59999999999997,33.24484133024541
24.79999999999997,39.817135684134314
24.999999999999968,47.718238968139026
25.199999999999967,57.21700774257841
25.399999999999967,68.63666479902517
25.599999999999966,82.36579408007923
25.799999999999965,98.87158315102697
25.999999999999964,118.71568471964876
26.199999999999964,142.57334868019643
26.399999999999963,171.2564304137705
26.599999999999962,205.74095185374634
26.79999999999996,247.20035909037372
26.99999999999996,297.0454143863496
