mags_ab,pos_errs_mas
16.0,0.20611467219722834
16.2,0.22281616177502547
16.4,0.17008398515306433
16.599999999999998,0.184693764586102
16.799999999999997,0.20081439564432796
16.999999999999996,0.1693075234793068
17.199999999999996,0.18411784059413083
17.399999999999995,0.2004169176181788
17.599999999999994,0.17636107616196267
17.799999999999994,0.19228927819986233
17.999999999999993,0.18259829428780147
18.199999999999992,0.183993825862605
18.39999999999999,0.18515155393657595
18.59999999999999,0.19454811657147755
18.79999999999999,0.21324781606765716
18.99999999999999,0.23395590611178613
19.19999999999999,0.2566990030752278
19.399999999999988,0.28182266935138506
19.599999999999987,0.3095922004488662
19.799999999999986,0.3403290351328656
19.999999999999986,0.37437502159068003
20.199999999999985,0.4121786215757445
20.399999999999984,0.4543945780122009
20.599999999999984,0.5012464681972414
20.799999999999983,0.5535020287245905
20.999999999999982,0.6127281489525361
21.19999999999998,0.6785475448231741
21.39999999999998,0.7526338041527375
21.59999999999998,0.8361613959572979
21.79999999999998,0.9312121305679539
21.99999999999998,1.039964829444911
22.199999999999978,1.1647726730942574
22.399999999999977,1.3087117680736688
22.599999999999977,1.4717116464020046
22.799999999999976,1.663186529186703
22.999999999999975,1.8868398637563844
23.199999999999974,2.149227465733567
23.399999999999974,2.4581959576391488
23.599999999999973,2.823497045600353
23.799999999999972,3.256622800084877
23.99999999999997,3.771769872671099
24.19999999999997,4.38350068064058
24.39999999999997,5.109389607983386
24.59999999999997,5.974740649699611
24.79999999999997,7.012933367860019
24.999999999999968,8.262696851450034
25.199999999999967,9.762037273123028
25.399999999999967,11.513045465548528
25.599999999999966,13.662128352036722
25.799999999999965,16.243711057601175
25.999999999999964,19.345577632280474
26.199999999999964,23.073231085363666
26.399999999999963,27.553489277956604
26.599999999999962,32.93877956645555
26.79999999999996,39.41233945582706
26.99999999999996,47.19443421680855
