mags_ab,pos_errs_mas
16.0,0.15480571140320315
16.2,0.16158708210525835
16.4,0.17263882030781466
16.599999999999998,0.1482405739900756
16.799999999999997,0.15552135232486783
16.999999999999996,0.14725489416311258
17.199999999999996,0.1486313264198909
17.399999999999995,0.16260606253980203
17.599999999999994,0.16872316620965802
17.799999999999994,0.1727068236860609
17.999999999999993,0.18445415915320393
18.199999999999992,0.20273074627608148
18.39999999999999,0.2230870121391605
18.59999999999999,0.24572861613518127
18.79999999999999,0.2710191644645376
18.99999999999999,0.2993442738036034
19.19999999999999,0.3311668548808156
19.399999999999988,0.3670422619630214
19.599999999999987,0.40796153787546036
19.799999999999986,0.45410922592125436
19.999999999999986,0.5067866691844891
20.199999999999985,0.5672376883987518
20.399999999999984,0.636984093398898
20.599999999999984,0.7179067107104858
20.799999999999983,0.8117258114258877
20.999999999999982,0.9214046048879068
21.19999999999998,1.050186919626766
21.39999999999998,1.2020094274321946
21.59999999999998,1.3824344322976163
21.79999999999998,1.5955337303546904
21.99999999999998,1.8491195769420965
22.199999999999978,2.15156665072872
22.399999999999977,2.512957435694201
22.599999999999977,2.9460350753561872
22.799999999999976,3.4640630666546284
22.999999999999975,4.085244215611267
23.199999999999974,4.830634908280043
23.399999999999974,5.7255386605289464
23.599999999999973,6.800361036693929
23.799999999999972,8.0916427104836
23.99999999999997,9.643297882935931
24.19999999999997,11.50810981058488
24.39999999999997,13.74952148759031
24.59999999999997,16.443794156170334
24.79999999999997,19.682603308543754
24.999999999999968,23.576154530819394
25.199999999999967,28.2569354198811
25.399999999999967,33.88422193094335
25.599999999999966,40.64949667920214
25.799999999999965,48.78297446488372
25.999999999999964,58.56141781529326
26.199999999999964,70.31756486520032
26.399999999999963,84.45146680010834
26.599999999999962,101.44406911949272
26.79999999999996,121.8735985193606
26.99999999999996,146.43522346101253
