mags_ab,pos_errs_mas
16.0,0.25037105400393805
16.2,0.2654311832912271
16.4,0.28142574398801773
16.599999999999998,0.2879044441076971
16.799999999999997,0.2029926999207691
16.999999999999996,0.21909713749983545
17.199999999999996,0.23519789026561702
17.399999999999995,0.252672477021921
17.599999999999994,0.2696931123238291
17.799999999999994,0.21090426669073783
17.999999999999993,0.20546925576087424
18.199999999999992,0.22527364952868398
18.39999999999999,0.24713031388009582
18.59999999999999,0.2713150131061245
18.79999999999999,0.29802283809132446
18.99999999999999,0.3276685574291036
19.19999999999999,0.3605060038964738
19.399999999999988,0.39695322796498983
19.599999999999987,0.4373618728932584
19.799999999999986,0.4824457415474813
19.999999999999986,0.5330285862112255
20.199999999999985,0.5898404147113823
20.399999999999984,0.6533890716829835
20.599999999999984,0.7254205370919476
20.799999999999983,0.806390726442601
20.999999999999982,0.8982582037612722
21.19999999999998,1.0041845706542123
21.39999999999998,1.1221363016253056
21.59999999999998,1.256251698933311
21.79999999999998,1.4126740006917753
21.99999999999998,1.5947510257321162
22.199999999999978,1.8096430248265112
22.399999999999977,2.0621179216732655
22.599999999999977,2.3559907743229984
22.799999999999976,2.706946578743349
22.999999999999975,3.11173891931839
23.199999999999974,3.6041122441489795
23.399999999999974,4.1710635125248565
23.599999999999973,4.8398229999380336
23.799999999999972,5.648859929942319
23.99999999999997,6.590339406494982
24.19999999999997,7.75918318623497
24.39999999999997,9.161209840863862
24.59999999999997,10.843975537508278
24.79999999999997,12.864629910597895
24.999999999999968,15.291845201840992
25.199999999999967,18.208154535564713
25.399999999999967,21.712747267190714
25.599999999999966,25.924846211087242
25.799999999999965,30.98776079541342
25.999999999999964,36.92222246450385
26.199999999999964,44.204741890215054
26.399999999999963,52.959545928429634
26.599999999999962,63.48453375517139
26.79999999999996,76.13784823240888
26.99999999999996,91.35004562382494
