mags_ab,pos_errs_mas
16.0,0.3747340303929714
16.2,0.40209834454264093
16.4,0.27496408993723614
16.599999999999998,0.29625792185509564
16.799999999999997,0.32120153888351216
16.999999999999996,0.34899103166055045
17.199999999999996,0.3766146657908758
17.399999999999995,0.40514204718128266
17.599999999999994,0.43491312514504565
17.799999999999994,0.2439111575725066
17.999999999999993,0.2646129873993638
18.199999999999992,0.2874905654650086
18.39999999999999,0.31017734034787603
18.59999999999999,0.24088857302323208
18.79999999999999,0.26223979749996706
18.99999999999999,0.28540863286299073
19.19999999999999,0.23091307300741043
19.399999999999988,0.25193490942393193
19.599999999999987,0.27501427618676905
19.799999999999986,0.24776805049337328
19.999999999999986,0.27081186452688505
20.199999999999985,0.24451339822213147
20.399999999999984,0.24316016116063263
20.599999999999984,0.25203427059989086
20.799999999999983,0.26425513887136
20.999999999999982,0.27527108527074556
21.19999999999998,0.30353977557071166
21.39999999999998,0.33535915207308387
21.59999999999998,0.3712586038626975
21.79999999999998,0.411779593275917
21.99999999999998,0.45787791006589534
22.199999999999978,0.510461570052006
22.399999999999977,0.570643335939306
22.599999999999977,0.6401019682245355
22.799999999999976,0.7202935432629838
22.999999999999975,0.8137794977556395
23.199999999999974,0.9226967771914029
23.399999999999974,1.0504747336062792
23.599999999999973,1.2024967498883192
23.799999999999972,1.3805288347626126
23.99999999999997,1.5916830194889637
24.19999999999997,1.8428221641686355
24.39999999999997,2.142219724523367
24.59999999999997,2.4998384629892634
24.79999999999997,2.9276648081890992
24.999999999999968,3.4401113138398594
25.199999999999967,4.054501907367088
25.399999999999967,4.795448140198642
25.599999999999966,5.680568407228741
25.799999999999965,6.743554699352746
25.999999999999964,8.020539716124132
26.199999999999964,9.554948854011815
26.399999999999963,11.398977118899289
26.599999999999962,13.615356849838076
26.79999999999996,16.279498670831714
26.99999999999996,19.482047810487927
