mags_ab,pos_errs_mas
16.0,0.23767387807289744
16.2,0.25701069163535745
16.4,0.278713533698012
16.599999999999998,0.21172560238618945
16.799999999999997,0.22965553010056808
16.999999999999996,0.24952173042951528
17.199999999999996,0.270328786616962
17.399999999999995,0.21568373880830977
17.599999999999994,0.23463033737482203
17.799999999999994,0.2554406765999854
17.999999999999993,0.20943680190883507
18.199999999999992,0.22828601314647465
18.39999999999999,0.2147113117604449
18.59999999999999,0.2140451882625974
18.79999999999999,0.21604101574699333
18.99999999999999,0.23273077555291463
19.19999999999999,0.25515096713765995
19.399999999999988,0.279864161857065
19.599999999999987,0.3071888928018263
19.799999999999986,0.33739953281126633
19.999999999999986,0.37092000607596254
20.199999999999985,0.40800942278004887
20.399999999999984,0.44924475064471264
20.599999999999984,0.4950952537516805
20.799999999999983,0.5462985469776662
20.999999999999982,0.603503149636822
21.19999999999998,0.667571295331497
21.39999999999998,0.7405753736286015
21.59999999999998,0.8219614563302617
21.79999999999998,0.9141466579472644
21.99999999999998,1.0193946727344767
22.199999999999978,1.1382119186377992
22.399999999999977,1.2760280248573341
22.599999999999977,1.434246773746415
22.799999999999976,1.6185926719187562
22.999999999999975,1.832431808530823
23.199999999999974,2.082843124818187
23.399999999999974,2.3772591781977916
23.599999999999973,2.724749412089372
23.799999999999972,3.136206725730267
23.99999999999997,3.624130782547423
24.19999999999997,4.20577439008955
24.39999999999997,4.9002383040197275
24.59999999999997,5.730552908508975
24.79999999999997,6.723807889405177
24.999999999999968,7.9149360138080125
25.199999999999967,9.323751589438972
25.399999999999967,11.031465222319762
25.599999999999966,13.069297759492377
25.799999999999965,15.529374606156507
25.999999999999964,18.466381617160614
26.199999999999964,21.99138485064851
26.399999999999963,26.25028966369003
26.599999999999962,31.254643446313636
26.79999999999996,37.38353850426299
26.99999999999996,44.69093014594874
