mags_ab,pos_errs_mas
16.0,0.14515265372606906
16.2,0.15321722405729796
16.4,0.1633529892348093
16.599999999999998,0.14220101248085806
16.799999999999997,0.15256897983217982
16.999999999999996,0.14468848469358714
17.199999999999996,0.15794292172407193
17.399999999999995,0.15471349713120786
17.599999999999994,0.1565370992607637
17.799999999999994,0.1621800694452117
17.999999999999993,0.16818456059722134
18.199999999999992,0.18117621347757915
18.39999999999999,0.19854306811719533
18.59999999999999,0.2176888591968138
18.79999999999999,0.23880516470430316
18.99999999999999,0.2621096758920101
19.19999999999999,0.2880288420354654
19.399999999999988,0.31661489854536945
19.599999999999987,0.3481020337206574
19.799999999999986,0.38300173665451187
19.999999999999986,0.4217523889436036
20.199999999999985,0.46486825593904696
20.399999999999984,0.5129566781869873
20.599999999999984,0.5671270663991448
20.799999999999983,0.6277650779803081
20.999999999999982,0.6956698129263871
21.19999999999998,0.7721571443682548
21.39999999999998,0.8588677119897399
21.59999999999998,0.9570854343865679
21.79999999999998,1.0695040462773204
21.99999999999998,1.1988931151422457
22.199999999999978,1.3489299737440876
22.399999999999977,1.5221032238098486
22.599999999999977,1.723987635577954
22.799999999999976,1.9604225636616799
22.999999999999975,2.2349223580874185
23.199999999999974,2.5596997193942164
23.399999999999974,2.945377354763237
23.599999999999973,3.40343507753774
23.799999999999972,3.9488664284625346
23.99999999999997,4.599735472169825
24.19999999999997,5.377784058788635
24.39999999999997,6.303321213375223
24.59999999999997,7.416583521745526
24.79999999999997,8.751735228296033
24.999999999999968,10.354050001249561
25.199999999999967,12.277931883863031
25.399999999999967,14.588758041635156
25.599999999999966,17.36509524613856
25.799999999999965,20.701370438260923
25.999999999999964,24.711074990962697
26.199999999999964,29.53062550871282
26.399999999999963,35.32400825857736
26.599999999999962,42.288346263410055
26.79999999999996,50.66061690154655
26.99999999999996,60.72569872449317
