mags_ab,pos_errs_mas
16.0,0.14864140815844695
16.2,0.16129342270504016
16.4,0.14547527245007122
16.599999999999998,0.15867679915928656
16.799999999999997,0.15422887184664738
16.999999999999996,0.157939008809174
17.199999999999996,0.16637882303257492
17.399999999999995,0.17179596221904436
17.599999999999994,0.1881432283122336
17.799999999999994,0.2061420247434566
17.999999999999993,0.22596171391210157
18.199999999999992,0.24779363840921914
18.39999999999999,0.2718526530582492
18.59999999999999,0.29860241230633633
18.79999999999999,0.32794940367711606
18.99999999999999,0.3602205396779675
19.19999999999999,0.39588102852906204
19.399999999999988,0.43533718012754186
19.599999999999987,0.4790595539529514
19.799999999999986,0.5275876505536413
19.999999999999986,0.582328493201995
20.199999999999985,0.6424226915193039
20.399999999999984,0.7093283343129582
20.599999999999984,0.7834501624192985
20.799999999999983,0.8671722053674539
20.999999999999982,0.961487999193798
21.19999999999998,1.068152717066558
21.39999999999998,1.189889819688779
21.59999999999998,1.3277291914645846
21.79999999999998,1.485565482111486
21.99999999999998,1.6627147201572734
22.199999999999978,1.8666450096668534
22.399999999999977,2.1036338427631454
22.599999999999977,2.3816730777983035
22.799999999999976,2.7071572317519172
22.999999999999975,3.089797316938349
23.199999999999974,3.5413934063970047
23.399999999999974,4.067789885426867
23.599999999999973,4.688503623617487
23.799999999999972,5.422152865436455
23.99999999999997,6.308765506942182
24.19999999999997,7.3681188935055335
24.39999999999997,8.63576082305366
24.59999999999997,10.154428804360162
24.79999999999997,11.975492271200581
24.999999999999968,14.137588774638308
25.199999999999967,16.753127652124107
25.399999999999967,19.894403925237963
25.599999999999966,23.66820442824554
25.799999999999965,28.202870279651815
25.999999999999964,33.6526510179824
26.199999999999964,40.20295085704636
26.399999999999963,48.07664091527203
26.599999999999962,57.5416250831024
26.79999999999996,68.91996823825544
26.99999999999996,82.59883363654966
