mags_ab,pos_errs_mas
16.0,0.2153680247544369
16.2,0.23420375241754393
16.4,0.25312210686277226
16.599999999999998,0.1678270739681567
16.799999999999997,0.17878667013116212
16.999999999999996,0.1908493216405749
17.199999999999996,0.20572677948510582
17.399999999999995,0.15430472066772544
17.599999999999994,0.16504018959901007
17.799999999999994,0.17731027724619755
17.999999999999993,0.19136906021396496
18.199999999999992,0.1529261139914737
18.39999999999999,0.1668488121888572
18.59999999999999,0.1821183570529862
18.79999999999999,0.1668861533197434
18.99999999999999,0.16409219195160965
19.19999999999999,0.17946103290635304
19.399999999999988,0.18279587993873705
19.599999999999987,0.18087037146599455
19.799999999999986,0.19844239064145927
19.999999999999986,0.21790664298205678
20.199999999999985,0.23949237270229135
20.399999999999984,0.2635506468254952
20.599999999999984,0.2903289569743791
20.799999999999983,0.32014120013513
20.999999999999982,0.35340317070465505
21.19999999999998,0.3906971190346509
21.39999999999998,0.4326455711533355
21.59999999999998,0.48000679353450326
21.79999999999998,0.5336962083540848
21.99999999999998,0.5948260417283235
22.199999999999978,0.6654601500444696
22.399999999999977,0.7459156443367045
22.599999999999977,0.838660914386282
22.799999999999976,0.946277849828503
22.999999999999975,1.0717499056093318
23.199999999999974,1.2187079086368575
23.399999999999974,1.3915630125548997
23.599999999999973,1.5956635602739861
23.799999999999972,1.8383134952935294
23.99999999999997,2.12555708446878
24.19999999999997,2.467723634284572
24.39999999999997,2.8761632611634274
24.59999999999997,3.364534795410941
24.79999999999997,3.949265500363281
24.999999999999968,4.650101018382724
25.199999999999967,5.490772876648858
25.399999999999967,6.499798083479641
25.599999999999966,7.711444941295286
25.799999999999965,9.166894073825738
25.999999999999964,10.915634167993296
26.199999999999964,13.017144244732403
26.399999999999963,15.542918358505004
26.599999999999962,18.578886906320296
26.79999999999996,22.228350675780927
26.99999999999996,26.615483993925626
