mags_ab,pos_errs_mas
16.0,0.20712644778963063
16.2,0.22128475001513717
16.4,0.23648044767630166
16.599999999999998,0.2533200167809506
16.799999999999997,0.2714462560167835
16.999999999999996,0.29087912229152696
17.199999999999996,0.18714922425572963
17.399999999999995,0.2027351723829905
17.599999999999994,0.21981783013590983
17.799999999999994,0.18030258974249036
17.999999999999993,0.1965029534198823
18.199999999999992,0.18490660085239854
18.39999999999999,0.18907875467732493
18.59999999999999,0.2072576143695497
18.79999999999999,0.2274368269392781
18.99999999999999,0.24962630664368465
19.19999999999999,0.2741714413620491
19.399999999999988,0.30134912350673415
19.599999999999987,0.3314857793021229
19.799999999999986,0.3649601596444021
19.999999999999986,0.4022248939034798
20.199999999999985,0.4438076135115625
20.399999999999984,0.49025915959953614
20.599999999999984,0.542331749607175
20.799999999999983,0.6009456798448567
20.999999999999982,0.6675702556575704
21.19999999999998,0.7426378375264165
21.39999999999998,0.8278467119288504
21.59999999999998,0.9251559101716149
21.79999999999998,1.0368745640915185
21.99999999999998,1.1656967507451994
22.199999999999978,1.3159435999710623
22.399999999999977,1.491120039145348
22.599999999999977,1.6899527332746374
22.799999999999976,1.9263798174042204
22.999999999999975,2.2077003758852007
23.199999999999974,2.540857451137191
23.399999999999974,2.9365970750683243
23.599999999999973,3.4078816228943016
23.799999999999972,3.9703278663586428
23.99999999999997,4.642730538990243
24.19999999999997,5.447694145270396
24.39999999999997,6.412392293174949
24.59999999999997,7.569482141839137
24.79999999999997,8.935419381603175
24.999999999999968,10.596586214777309
25.199999999999967,12.591883387431652
25.399999999999967,14.989151946385737
25.599999999999966,17.86992422987451
25.799999999999965,21.332200231683352
25.999999999999964,25.49377321755162
26.199999999999964,30.49623528342561
26.399999999999963,36.509807658069036
26.599999999999962,43.73910790170939
26.79999999999996,52.43013403390866
26.99999999999996,62.87861403628804
