mags_ab,pos_errs_mas
16.0,0.3753068423958156
16.2,0.398449200242315
16.4,0.27300639666282794
16.599999999999998,0.29518762249232167
16.799999999999997,0.3196892430232378
16.999999999999996,0.34513816508463036
17.199999999999996,0.3695046798976673
17.399999999999995,0.3966607893119563
17.599999999999994,0.2647816494548862
17.799999999999994,0.2870298180864526
17.999999999999993,0.31049180131485915
18.199999999999992,0.33609719128567916
18.39999999999999,0.2564634277083
18.59999999999999,0.27930822545547607
18.79999999999999,0.25056588541836367
18.99999999999999,0.24941398747973453
19.19999999999999,0.2579157187067336
19.399999999999988,0.2825185400301126
19.599999999999987,0.3096644961409307
19.799999999999986,0.3396809310920138
19.999999999999986,0.3727475394169411
20.199999999999985,0.4092990841648398
20.399999999999984,0.44973239793841097
20.599999999999984,0.4945111990199848
20.799999999999983,0.5440898569260652
20.999999999999982,0.5992359887800335
21.19999999999998,0.6603324015619848
21.39999999999998,0.7286898207563993
21.59999999999998,0.8051613079490128
21.79999999999998,0.8909176240684731
21.99999999999998,0.987193358353966
22.199999999999978,1.0959112742998758
22.399999999999977,1.2183288288123624
22.599999999999977,1.3578919050362073
22.799999999999976,1.5164710361179474
22.999999999999975,1.6979555906475559
23.199999999999974,1.9067175610340072
23.399999999999974,2.150038908759297
23.599999999999973,2.428579284041021
23.799999999999972,2.7586960165018333
23.99999999999997,3.1465396376012085
24.19999999999997,3.5984366030489867
24.39999999999997,4.138310867516203
24.59999999999997,4.770377678548617
24.79999999999997,5.530833084034529
24.999999999999968,6.424718149958816
25.199999999999967,7.4777649954709755
25.399999999999967,8.761325552787879
25.599999999999966,10.298910276032533
25.799999999999965,12.142515063533923
25.999999999999964,14.354621032830421
26.199999999999964,17.010310631128622
26.399999999999963,20.199812868408962
26.599999999999962,24.031551329469846
26.79999999999996,28.63583856587801
26.99999999999996,34.06610291627089
