mags_ab,pos_errs_mas
16.0,0.14950548560926696
16.2,0.15792067510761512
16.4,0.16674945910874986
16.599999999999998,0.14483736362831265
16.799999999999997,0.15385019768256009
16.999999999999996,0.14470552059639497
17.199999999999996,0.15818708667179424
17.399999999999995,0.16031834563175207
17.599999999999994,0.16663543613426257
17.799999999999994,0.17082470475182188
17.999999999999993,0.18208053581473055
18.199999999999992,0.20018726324941818
18.39999999999999,0.2204003290460905
18.59999999999999,0.2429074059404883
18.79999999999999,0.26808962073396503
18.99999999999999,0.2963461268521123
19.19999999999999,0.3281571252212925
19.399999999999988,0.36410296643534873
19.599999999999987,0.40517506945641124
19.799999999999986,0.45164891324952855
19.999999999999986,0.5048465412126321
20.199999999999985,0.5660341867116476
20.399999999999984,0.636793187979651
20.599999999999984,0.719328380021158
20.799999999999983,0.8151707886202787
20.999999999999982,0.9275101220931763
21.19999999999998,1.0597366016874552
21.39999999999998,1.2159597946462535
21.59999999999998,1.4011513281163595
21.79999999999998,1.6221016602034457
21.99999999999998,1.8843840958162306
22.199999999999978,2.197562021070895
22.399999999999977,2.5721201454116582
22.599999999999977,3.0206662182786856
22.799999999999976,3.558942108360353
22.999999999999975,4.203908893589659
23.199999999999974,4.978095472521698
23.399999999999974,5.907798492008108
23.599999999999973,7.024617687958327
23.799999999999972,8.366530542514425
23.99999999999997,9.979179710535128
24.19999999999997,11.91742824301498
24.39999999999997,14.247221190331702
24.59999999999997,17.04782927947371
24.79999999999997,20.414548142031467
24.999999999999968,24.461937059248164
25.199999999999967,29.327718998069216
25.399999999999967,35.177466110785495
25.599999999999966,42.21023112033904
25.799999999999965,50.665331442006426
25.999999999999964,60.83047409928619
26.199999999999964,73.05155573314728
26.399999999999963,87.7444486229816
26.599999999999962,105.40911996729307
26.79999999999996,126.64666603390809
26.99999999999996,152.17974989493695
