mags_ab,pos_errs_mas
16.0,0.19495382561866675
16.2,0.20927369816983954
16.4,0.1783289048020398
16.599999999999998,0.19354056338015524
16.799999999999997,0.21228111030105748
16.999999999999996,0.23297632292516993
17.199999999999996,0.2558581035344953
17.399999999999995,0.2811880052695372
17.599999999999994,0.3092671770576726
17.799999999999994,0.34044613439417587
17.999999999999993,0.3751077332001312
18.199999999999992,0.4136363233181943
18.39999999999999,0.456486856515355
18.59999999999999,0.5046611632275663
18.79999999999999,0.5588060359999812
18.99999999999999,0.6198698240812014
19.19999999999999,0.6889546921655416
19.399999999999988,0.7674695561147244
19.599999999999987,0.8550911576777792
19.799999999999986,0.9570702197950358
19.999999999999986,1.0745856652478047
20.199999999999985,1.2106779957526876
20.399999999999984,1.3690621094709545
20.599999999999984,1.5525400475541087
20.799999999999983,1.7691880437340024
20.999999999999982,2.0150767556931237
21.19999999999998,2.310432084832936
21.39999999999998,2.6644486408374184
21.59999999999998,3.0855026771674847
21.79999999999998,3.587467340509434
21.99999999999998,4.1870491831581145
22.199999999999978,4.860589800264799
22.399999999999977,5.690691873766551
22.599999999999977,6.702958177874894
22.799999999999976,7.9172961603577425
22.999999999999975,9.374905951937196
23.199999999999974,11.125294871496761
23.399999999999974,13.17757060475664
23.599999999999973,15.692301337481965
23.799999999999972,18.71433996852046
23.99999999999997,22.346491243701582
24.19999999999997,26.71233393284769
24.39999999999997,31.960415446566643
24.59999999999997,38.26930663275982
24.79999999999997,45.85368326614137
24.999999999999968,54.97162132597491
25.199999999999967,65.9333849987604
25.399999999999967,79.11198085786688
25.599999999999966,94.95584572361956
25.799999999999965,114.00412992515658
25.999999999999964,136.90500230472344
26.199999999999964,164.43772721797134
26.399999999999963,197.539219153173
26.599999999999962,237.3358502340775
26.79999999999996,285.1818251975271
26.99999999999996,342.70522972025344
