mags_ab,pos_errs_mas
16.0,0.2423618555272935
16.2,0.2582337320744676
16.4,0.26712433164134297
16.599999999999998,0.1844168793610528
16.799999999999997,0.1994124682118253
16.999999999999996,0.21585376163510853
17.199999999999996,0.2312141807801269
17.399999999999995,0.24776444685916155
17.599999999999994,0.19268772930323624
17.799999999999994,0.18839430839785254
17.999999999999993,0.1984670062596944
18.199999999999992,0.21756153742988868
18.39999999999999,0.23865150931778842
18.59999999999999,0.26187375403330454
18.79999999999999,0.28752145076188784
18.99999999999999,0.31587011586708746
19.19999999999999,0.34724345467572165
19.399999999999988,0.38205009459041306
19.599999999999987,0.4207132227481648
19.799999999999986,0.4634182231001779
19.999999999999986,0.5111626897517553
20.199999999999985,0.5645002777682325
20.399999999999984,0.6245059916560198
20.599999999999984,0.691248751994032
20.799999999999983,0.7657347231496262
20.999999999999982,0.8509741131010292
21.19999999999998,0.9469215771491406
21.39999999999998,1.0572075061203592
21.59999999999998,1.1837209377770057
21.79999999999998,1.3195023971243593
21.99999999999998,1.4831252784386602
22.199999999999978,1.6722248707754328
22.399999999999977,1.8943431666165365
22.599999999999977,2.1489547803938462
22.799999999999976,2.450071800917919
22.999999999999975,2.80847143459522
23.199999999999974,3.2329727391514886
23.399999999999974,3.729211997511399
23.599999999999973,4.297206031856493
23.799999999999972,5.003109797980214
23.99999999999997,5.813395526749692
24.19999999999997,6.813213870964328
24.39999999999997,8.011007017770023
24.59999999999997,9.447287111625664
24.79999999999997,11.170740876416648
24.999999999999968,13.239870257472377
25.199999999999967,15.724977457351802
25.399999999999967,18.71054759577981
25.599999999999966,22.2195554907786
25.799999999999965,26.512093392604715
25.999999999999964,31.671446407664952
26.199999999999964,37.873150868121066
26.399999999999963,45.32823194078725
26.599999999999962,54.29035415957363
26.79999999999996,65.06447809044558
26.99999999999996,78.0172117003146
