mags_ab,pos_errs_mas
16.0,0.18823334780626338
16.2,0.1798344516492507
16.4,0.19707861672712385
16.599999999999998,0.2160904007589182
16.799999999999997,0.23706540748846353
16.999999999999996,0.26021497054563797
17.199999999999996,0.28578927813763305
17.399999999999995,0.3137345432593282
17.599999999999994,0.344897961490878
17.799999999999994,0.379430317584105
17.999999999999993,0.41776084519887874
18.199999999999992,0.4603934988461614
18.39999999999999,0.5078868699642798
18.59999999999999,0.5610004916480495
18.79999999999999,0.6188491583078591
18.99999999999999,0.6843651686558101
19.19999999999999,0.7558872563704214
19.399999999999988,0.8378286574259919
19.599999999999987,0.9316239998081224
19.799999999999986,1.0384377842902142
19.999999999999986,1.1604187889900937
20.199999999999985,1.2974216533261345
20.399999999999984,1.4541699259767535
20.599999999999984,1.6137582702358582
20.799999999999983,1.8123522683513382
20.999999999999982,2.0509323641058543
21.19999999999998,2.3298743485127584
21.39999999999998,2.658160733582984
21.59999999999998,3.044105750377686
21.79999999999998,3.442938466379476
21.99999999999998,3.899570698487754
22.199999999999978,4.506662982967928
22.399999999999977,5.229610875788713
22.599999999999977,6.092365335519978
22.799999999999976,7.123752755017733
22.999999999999975,8.358442312689428
23.199999999999974,9.589531780435484
23.399999999999974,11.300405472739001
23.599999999999973,13.3530159519533
23.799999999999972,15.81701754657709
23.99999999999997,18.776110813221518
24.19999999999997,22.330881926163688
24.39999999999997,26.60221549880165
24.59999999999997,31.542243221727954
24.79999999999997,37.66557590980136
24.999999999999968,45.02583175559098
25.199999999999967,53.87344339061604
25.399999999999967,64.50946341354842
25.599999999999966,77.29580223528878
25.799999999999965,92.66755399476482
25.999999999999964,111.14778071362316
26.199999999999964,133.36532087957892
26.399999999999963,160.07621156815293
26.599999999999962,192.18936258429116
26.79999999999996,230.7975367032581
26.99999999999996,277.21446164597893
