mags_ab,pos_errs_mas
16.0,0.17601292610654737
16.2,0.1786149008142096
16.4,0.1925541258819826
16.599999999999998,0.2111704097504549
16.799999999999997,0.23173083621679905
16.999999999999996,0.25446130973373515
17.199999999999996,0.27961407853320147
17.399999999999995,0.3074867643283993
17.599999999999994,0.3384231098879546
17.799999999999994,0.37272745238896965
17.999999999999993,0.4108854585806065
18.199999999999992,0.4532028512670708
18.39999999999999,0.5008320822593666
18.59999999999999,0.5543119717025383
18.79999999999999,0.6144898026313763
18.99999999999999,0.6825154231099392
19.19999999999999,0.759628170904475
19.399999999999988,0.8448005342618996
19.599999999999987,0.9445244971192029
19.799999999999986,1.0592355629509371
19.999999999999986,1.1918513595701192
20.199999999999985,1.3458729726850904
20.399999999999984,1.5231105370502978
20.599999999999984,1.7183974168254685
20.799999999999983,1.9609193895260633
20.999999999999982,2.2471077869450222
21.19999999999998,2.586005852221647
21.39999999999998,2.9885408054107456
21.59999999999998,3.467894484119545
21.79999999999998,3.970682805405357
21.99999999999998,4.636316099994218
22.199999999999978,5.432758671716943
22.399999999999977,6.38685616254424
22.599999999999977,7.53087439417466
22.799999999999976,8.853831468820779
22.999999999999975,10.48957066646764
23.199999999999974,12.454037635037782
23.399999999999974,14.814012820684226
23.599999999999973,17.64975047735106
23.799999999999972,21.05771012099646
23.99999999999997,25.153829717738507
24.19999999999997,30.07747731161299
24.39999999999997,35.9961818443831
24.59999999999997,43.11133487632701
24.79999999999997,51.66504792113984
24.999999999999968,61.94838221374561
25.199999999999967,74.31125865357163
25.399999999999967,89.17436085203292
25.599999999999966,107.04344589582006
25.799999999999965,128.52658092228688
25.999999999999964,154.35478628024305
26.199999999999964,185.4069377661117
26.399999999999963,222.7397129189859
26.599999999999962,267.623464476199
26.79999999999996,321.5855031386466
26.99999999999996,386.4620296595486
