mags_ab,pos_errs_mas
16.0,0.21330123342258597
16.2,0.16920047299543553
16.4,0.17845839949960704
16.599999999999998,0.19137660800717954
16.799999999999997,0.15329506171000967
16.999999999999996,0.16472448286739008
17.199999999999996,0.17880790873019672
17.399999999999995,0.19456591688943164
17.599999999999994,0.16278596329298967
17.799999999999994,0.17755463151590511
17.999999999999993,0.1660401950993585
18.199999999999992,0.18136523787703784
18.39999999999999,0.18049415286878165
18.59999999999999,0.17819300763412854
18.79999999999999,0.19452478067718587
18.99999999999999,0.21317017305684877
19.19999999999999,0.23372241114750944
19.399999999999988,0.25647866609331077
19.599999999999987,0.2816245243230788
19.799999999999986,0.3092169097676002
19.999999999999986,0.3397069625417753
20.199999999999985,0.37343568520965137
20.399999999999984,0.4108023699547485
20.599999999999984,0.45226894366264575
20.799999999999983,0.4983785687665034
20.999999999999982,0.5499482338547007
21.19999999999998,0.6077899033925724
21.39999999999998,0.6719002336303874
21.59999999999998,0.7434672567973571
21.79999999999998,0.8242230397196486
21.99999999999998,0.9156949688403674
22.199999999999978,1.0196344269754845
22.399999999999977,1.13825514159339
22.599999999999977,1.2742792108053682
22.799999999999976,1.4314458956690457
22.999999999999975,1.6092836425584913
23.199999999999974,1.8168178020817314
23.399999999999974,2.0599802179498585
23.599999999999973,2.3451904974311004
23.799999999999972,2.6807280274817114
23.99999999999997,3.075554163044442
24.19999999999997,3.538029832191695
24.39999999999997,4.094658703466485
24.59999999999997,4.7576342378215575
24.79999999999997,5.540034806386087
24.999999999999968,6.483287672029869
25.199999999999967,7.612786266447956
25.399999999999967,8.966686142975242
25.599999999999966,10.539983625731795
25.799999999999965,12.47626318644645
25.999999999999964,14.80133950736194
26.199999999999964,17.59423274907366
26.399999999999963,20.94991226936619
26.599999999999962,24.982509413839786
26.79999999999996,29.829211469835645
26.99999999999996,35.654911144246675
