mags_ab,pos_errs_mas
16.0,0.151405440654864
16.2,0.159761792760189
16.4,0.14009176714704724
16.599999999999998,0.15265636971033142
16.799999999999997,0.16646708916328
16.999999999999996,0.15425760024824037
17.199999999999996,0.16841398264395438
17.399999999999995,0.16640280431748672
17.599999999999994,0.16914366142671414
17.799999999999994,0.18100209573218712
17.999999999999993,0.1982657223234197
18.199999999999992,0.21727077817577892
18.39999999999999,0.23819665405471038
18.59999999999999,0.2612454216060866
18.79999999999999,0.286860114177914
18.99999999999999,0.31497627661573774
19.19999999999999,0.345840743909068
19.399999999999988,0.37991326971721806
19.599999999999987,0.4175684207496988
19.799999999999986,0.4592377379476333
19.999999999999986,0.505415176154585
20.199999999999985,0.5571410018126649
20.399999999999984,0.6145934884818063
20.599999999999984,0.67795763721897
20.799999999999983,0.7484586620061816
20.999999999999982,0.8271530255045827
21.19999999999998,0.9158269315564289
21.39999999999998,1.0157912192885472
21.59999999999998,1.1289309223200996
21.79999999999998,1.258045636549195
21.99999999999998,1.404447729155763
22.199999999999978,1.5702779159028817
22.399999999999977,1.7586822304172811
22.599999999999977,1.976250435311752
22.799999999999976,2.231066371838183
22.999999999999975,2.5283261672807607
23.199999999999974,2.8766571053702155
23.399999999999974,3.2865561189589108
23.599999999999973,3.7649628431219875
23.799999999999972,4.335403106933716
23.99999999999997,4.990573854488484
24.19999999999997,5.789846671779764
24.39999999999997,6.743581791950304
24.59999999999997,7.883631608921274
24.79999999999997,9.248308164754823
24.999999999999968,10.883666730743855
25.199999999999967,12.845059279146522
25.399999999999967,15.173249831725085
25.599999999999966,17.99139670439058
25.799999999999965,21.376315299109113
25.999999999999964,25.44308923094096
26.199999999999964,30.330030323289076
26.399999999999963,36.20338404200911
26.599999999999962,43.262970217233075
26.79999999999996,51.74898949785848
26.99999999999996,61.95017836165176
