mags_ab,pos_errs_mas
16.0,0.22259974725788967
16.2,0.23650039808254894
16.4,0.1628886906511615
16.599999999999998,0.17691435599380265
16.799999999999997,0.192033114608928
16.999999999999996,0.17603109335360856
17.199999999999996,0.1767132150597965
17.399999999999995,0.1935628050112962
17.599999999999994,0.21211645545561725
17.799999999999994,0.23255089477793645
17.999999999999993,0.2550666027448808
18.199999999999992,0.2798855579419561
18.39999999999999,0.3073492815477765
18.59999999999999,0.33750901362318964
18.79999999999999,0.37082075424079275
18.99999999999999,0.4076569167051462
19.19999999999999,0.4484478215074973
19.399999999999988,0.4936792117251778
19.599999999999987,0.5439566544902026
19.799999999999986,0.5998620606182987
19.999999999999986,0.661928695620719
20.199999999999985,0.7306902598251629
20.399999999999984,0.8073621016085852
20.599999999999984,0.8943966263717718
20.799999999999983,0.99264335157816
20.999999999999982,1.1039047006693303
21.19999999999998,1.2299279292166878
21.39999999999998,1.3743150948771907
21.59999999999998,1.5370993093221612
21.79999999999998,1.7084054540865592
21.99999999999998,1.9225358418812457
22.199999999999978,2.171285173243064
22.399999999999977,2.461593923872052
22.599999999999977,2.8019370303194444
22.799999999999976,3.2026058079245128
22.999999999999975,3.6608406909572153
23.199999999999974,4.1659430291344615
23.399999999999974,4.810906615312183
23.599999999999973,5.579814524117143
23.799999999999972,6.494376245957864
23.99999999999997,7.586262326260424
24.19999999999997,8.808154293227187
24.39999999999997,10.321521494732957
24.59999999999997,12.110042422037877
24.79999999999997,14.312135506711229
24.999999999999968,16.955662915605227
25.199999999999967,20.130428788048444
25.399999999999967,23.944353729572686
25.599999999999966,28.11077787653016
25.799999999999965,33.35183358584724
25.999999999999964,39.814254784967375
26.199999999999964,47.58193234205986
26.399999999999963,56.919164043275266
26.599999999999962,68.14365496240742
26.79999999999996,81.6373439906002
26.99999999999996,97.31909844144727
