mags_ab,pos_errs_mas
16.0,0.3742736365001578
16.2,0.3995366598814782
16.4,0.27460646646038217
16.599999999999998,0.29519070893141663
16.799999999999997,0.3200976236239809
16.999999999999996,0.3465605282595056
17.199999999999996,0.26430854963486083
17.399999999999995,0.28638348335586433
17.599999999999994,0.3101628229968966
17.799999999999994,0.2465309324771787
17.999999999999993,0.2680864041542168
18.199999999999992,0.2917828723631385
18.39999999999999,0.3169205234982196
18.59999999999999,0.2596786381498771
18.79999999999999,0.24332853228661022
18.99999999999999,0.26556915927348956
19.19999999999999,0.24984895061632484
19.399999999999988,0.26169146332928095
19.599999999999987,0.28663622644823616
19.799999999999986,0.31414643573331297
19.999999999999986,0.34457035874160935
20.199999999999985,0.37804796867835777
20.399999999999984,0.41502143367483035
20.599999999999984,0.4559048356337657
20.799999999999983,0.5011131116302987
20.999999999999982,0.551168552115477
21.19999999999998,0.6065441163616615
21.39999999999998,0.6682887598215482
21.59999999999998,0.7369363067517098
21.79999999999998,0.8142890764657204
21.99999999999998,0.8997277319907513
22.199999999999978,0.9958072617361765
22.399999999999977,1.1040839447695
22.599999999999977,1.225437291068658
22.799999999999976,1.36316826283052
22.999999999999975,1.5196772347585983
23.199999999999974,1.6998529142615284
23.399999999999974,1.905768043469275
23.599999999999973,2.1409998146389193
23.799999999999972,2.41621609635334
23.99999999999997,2.7371244799027465
24.19999999999997,3.1098545410953338
24.39999999999997,3.5509458306644848
24.59999999999997,4.066571059142832
24.79999999999997,4.681878014723771
24.999999999999968,5.405304878004414
25.199999999999967,6.2735523365639745
25.399999999999967,7.286729631530968
25.599999999999966,8.516474392454285
25.799999999999965,9.988395248877763
25.999999999999964,11.7521540581882
26.199999999999964,13.867438519093952
26.399999999999963,16.405978582127148
26.599999999999962,19.453962804052257
26.79999999999996,23.114968726064102
26.99999999999996,27.450544705881548
