mags_ab,pos_errs_mas
16.0,inf
16.2,inf
16.4,0.26321102685711634
16.599999999999998,0.2826194390712611
16.799999999999997,0.30312359935525046
16.999999999999996,0.2111540264457515
17.199999999999996,0.2292671290797053
17.399999999999995,0.24746206340900115
17.599999999999994,0.2610243539616709
17.799999999999994,0.18526625057554413
17.999999999999993,0.1999594747670936
18.199999999999992,0.21386041835820796
18.39999999999999,0.23079134811740046
18.59999999999999,0.1811009961113631
18.79999999999999,0.19534810709018574
18.99999999999999,0.21139678898325254
19.19999999999999,0.22885861118833117
19.399999999999988,0.24818558758899642
19.599999999999987,0.18316569342954034
19.799999999999986,0.19988568570986548
19.999999999999986,0.17565294929284847
20.199999999999985,0.19199835930467982
20.399999999999984,0.18481962756869333
20.599999999999984,0.18568671134057227
20.799999999999983,0.19124759517954804
20.999999999999982,0.20018042065918532
21.19999999999998,0.20898014600350565
21.39999999999998,0.23041194441920732
21.59999999999998,0.2544756201160479
21.79999999999998,0.2816253521398685
21.99999999999998,0.3124256513561313
22.199999999999978,0.34720925230272004
22.399999999999977,0.3868463174544133
22.599999999999977,0.432226285680945
22.799999999999976,0.48442040985491863
22.999999999999975,0.5448274547064673
23.199999999999974,0.6150876032626236
23.399999999999974,0.6970089265119823
23.599999999999973,0.7929098201995278
23.799999999999972,0.9063492269916636
23.99999999999997,1.0397346767291085
24.19999999999997,1.1993917887636585
24.39999999999997,1.387540875414247
24.59999999999997,1.6117486938012064
24.79999999999997,1.8794633935482
24.999999999999968,2.1996470083402624
25.199999999999967,2.5830767602695714
25.399999999999967,3.0427071903519805
25.599999999999966,3.594107368304694
25.799999999999965,4.25598556992025
25.999999999999964,5.050823464058354
26.199999999999964,6.008581195680647
26.399999999999963,7.156112481871635
26.599999999999962,8.535160617823752
26.79999999999996,10.192640578033004
26.99999999999996,12.184943592460927
