mags_ab,pos_errs_mas
16.0,0.37593474452215
16.2,0.402721464529788
16.4,0.2764442434177035
16.599999999999998,0.2984359696387701
16.799999999999997,0.32400358195972767
16.999999999999996,0.34788558371093553
17.199999999999996,0.3757371260214438
17.399999999999995,0.4058232408589096
17.599999999999994,0.4343303260339856
17.799999999999994,0.24478346314521016
17.999999999999993,0.26392665169700524
18.199999999999992,0.2867530812428618
18.39999999999999,0.3097485145728354
18.59999999999999,0.3356203003311851
18.79999999999999,0.36276603838720284
18.99999999999999,0.24427337418354672
19.19999999999999,0.26627797894177463
19.399999999999988,0.290189634273777
19.599999999999987,0.24564644213309247
19.799999999999986,0.22967343992143693
19.999999999999986,0.25084054496413616
20.199999999999985,0.2741007494422098
20.399999999999984,0.25384414648772347
20.599999999999984,0.241602269231854
20.799999999999983,0.25334431987631556
20.999999999999982,0.26355433073204654
21.19999999999998,0.2896509355828499
21.39999999999998,0.31867851724131263
21.59999999999998,0.3511511189043881
21.79999999999998,0.3874420518282735
21.99999999999998,0.4281496517276434
22.199999999999978,0.4739108415853368
22.399999999999977,0.5257058904210231
22.599999999999977,0.5843200116099388
22.799999999999976,0.6512454971697255
22.999999999999975,0.7276212472420935
23.199999999999974,0.8157459521625859
23.399999999999974,0.9171740074951252
23.599999999999973,1.035898137615815
23.799999999999972,1.173228484866504
23.99999999999997,1.3341002479447714
24.19999999999997,1.5233460549633244
24.39999999999997,1.7468251745578707
24.59999999999997,2.011628092214942
24.79999999999997,2.3263195777679027
24.999999999999968,2.701229109961869
25.199999999999967,3.1519765597175486
25.399999999999967,3.6871735547437847
25.599999999999966,4.327976392182004
25.799999999999965,5.096026175981797
25.999999999999964,6.017329752642025
26.199999999999964,7.123139620315006
26.399999999999963,8.451012583809888
26.599999999999962,10.046077672819164
26.79999999999996,11.962573007231741
26.99999999999996,14.265681814749334
