mags_ab,pos_errs_mas
16.0,0.23394445646179043
16.2,0.24774169354032285
16.4,0.2524746121294806
16.599999999999998,0.17010287370564178
16.799999999999997,0.18345528624113194
16.999999999999996,0.198239461183779
17.199999999999996,0.21259044559456497
17.399999999999995,0.1822211711966611
17.599999999999994,0.18342819848942338
17.799999999999994,0.20098109587187185
17.999999999999993,0.2203384202790394
18.199999999999992,0.24169165500439743
18.39999999999999,0.2652693560457862
18.59999999999999,0.2911541037847942
18.79999999999999,0.31983767807611146
18.99999999999999,0.35156778188436705
19.19999999999999,0.38672880454987174
19.399999999999988,0.4257506122270343
19.599999999999987,0.4691264591171742
19.799999999999986,0.5174906461877304
19.999999999999986,0.5705020914363554
20.199999999999985,0.6304972865566244
20.399999999999984,0.6961654555749562
20.599999999999984,0.7707088712223702
20.799999999999983,0.8553590811479675
20.999999999999982,0.9514098934754925
21.19999999999998,1.0606999660961636
21.39999999999998,1.1858121334004994
21.59999999999998,1.327486678045458
21.79999999999998,1.4806463641405696
21.99999999999998,1.6532478885263393
22.199999999999978,1.866879300900594
22.399999999999977,2.115745535891134
22.599999999999977,2.4078692474474206
22.799999999999976,2.751719984580204
22.999999999999975,3.15799088807088
23.199999999999974,3.639616874782319
23.399999999999974,4.165924370703979
23.599999999999973,4.781966069675735
23.799999999999972,5.566780639605728
23.99999999999997,6.504710475586641
24.19999999999997,7.627252386423747
24.39999999999997,8.971822822079186
24.59999999999997,10.580241597056022
24.79999999999997,12.514784022156302
24.999999999999968,14.744345403820287
25.199999999999967,17.50470999588055
25.399999999999967,20.560445976404097
25.599999999999966,24.390022055064126
25.799999999999965,29.081256309306546
25.999999999999964,34.73444026962149
26.199999999999964,41.52967063556434
26.399999999999963,49.69816648872184
26.599999999999962,59.51786314756338
26.79999999999996,70.12012235670208
26.99999999999996,83.5749759268021
