mags_ab,pos_errs_mas
16.0,0.14887539061877025
16.2,0.15925331422600114
16.4,0.1398720211114125
16.599999999999998,0.14902167446382159
16.799999999999997,0.16236133563649438
16.999999999999996,0.15269748092279145
17.199999999999996,0.15137020153000896
17.399999999999995,0.1548287307614591
17.599999999999994,0.16127559062885843
17.799999999999994,0.17063969328283296
17.999999999999993,0.17917044602836887
18.199999999999992,0.1963036496606429
18.39999999999999,0.2151820270525899
18.59999999999999,0.23599025429260365
18.79999999999999,0.2589372875395704
18.99999999999999,0.28438778911475904
19.19999999999999,0.31255587120686223
19.399999999999988,0.3434564834442638
19.599999999999987,0.37765344991866096
19.799999999999986,0.41555584655411376
19.999999999999986,0.4576405610923512
20.199999999999985,0.5044671198048496
20.399999999999984,0.5571166249736369
20.599999999999984,0.6158553792487204
20.799999999999983,0.6813501974625046
20.999999999999982,0.7548230810154173
21.19999999999998,0.8376368680093587
21.39999999999998,0.9309771700512618
21.59999999999998,1.0375890012183648
21.79999999999998,1.1594755813951765
21.99999999999998,1.3001626039544059
22.199999999999978,1.4615327288846824
22.399999999999977,1.648679691472028
22.599999999999977,1.8667687421950794
22.799999999999976,2.116550707163846
22.999999999999975,2.413666796044301
23.199999999999974,2.7640631326361955
23.399999999999974,3.1787705570095244
23.599999999999973,3.671120910010767
23.799999999999972,4.257200899407967
23.99999999999997,4.956394658261704
24.19999999999997,5.784348801045155
24.39999999999997,6.78010454343933
24.59999999999997,7.973807196154014
24.79999999999997,9.403938400713972
24.999999999999968,11.092608615811853
25.199999999999967,13.147621721486667
25.399999999999967,15.615954545741294
25.599999999999966,18.581383481881232
25.799999999999965,22.144761090672706
25.999999999999964,26.427300237099775
26.199999999999964,31.57469649005973
26.399999999999963,37.6645355984414
26.599999999999962,45.04158494348257
26.79999999999996,53.94770621347137
26.99999999999996,64.65450234706314
