mags_ab,pos_errs_mas
16.0,0.23296485844737894
16.2,0.2452552560087649
16.4,0.24608548778925746
16.599999999999998,0.22914455410961435
16.799999999999997,0.18750155320782969
16.999999999999996,0.20296725985236727
17.199999999999996,0.19573390798581913
17.399999999999995,0.21457413981962753
17.599999999999994,0.23535972924656312
17.799999999999994,0.25831124368304725
17.999999999999993,0.28347359011857537
18.199999999999992,0.3113331772706813
18.39999999999999,0.3422146523006663
18.59999999999999,0.37644090719980955
18.79999999999999,0.41442969549653824
18.99999999999999,0.45668280447160453
19.19999999999999,0.5037573812516929
19.399999999999988,0.5553271856749933
19.599999999999987,0.6131931923589448
19.799999999999986,0.6768487534463938
19.999999999999986,0.7491316730562312
20.199999999999985,0.8312239636076512
20.399999999999984,0.924286540024822
20.599999999999984,1.030253728813545
20.799999999999983,1.1512950896435779
20.999999999999982,1.2904258178162613
21.19999999999998,1.4288439004242766
21.39999999999998,1.6023386483451518
21.59999999999998,1.8080547972654746
21.79999999999998,2.0479299052702813
21.99999999999998,2.3290901900373693
22.199999999999978,2.659313180821199
22.399999999999977,3.0493232379219615
22.599999999999977,3.4598120664885164
22.799999999999976,3.982914625956277
22.999999999999975,4.578426682714345
23.199999999999974,5.323361468318863
23.399999999999974,6.213164907937101
23.599999999999973,7.277663778710524
23.799999999999972,8.552722080928373
23.99999999999997,9.986229331795235
24.19999999999997,11.70404353181404
24.39999999999997,13.854365549226547
24.59999999999997,16.436467942659224
24.79999999999997,19.53811088310939
24.999999999999968,23.2647550268115
25.199999999999967,27.74315547254346
25.399999999999967,33.1256606408256
25.599999999999966,39.441989458570674
25.799999999999965,47.182928842514876
25.999999999999964,56.48849070078429
26.199999999999964,67.67531167023367
26.399999999999963,81.1240660127114
26.599999999999962,97.29236827065183
26.79999999999996,116.73040462189493
26.99999999999996,140.09959515063218
