mags_ab,pos_errs_mas
16.0,0.20954305574820384
16.2,0.22524110575529924
16.4,0.2436879563625444
16.599999999999998,0.26080700019804337
16.799999999999997,0.27934040247411485
16.999999999999996,0.29928328757214784
17.199999999999996,0.18845803317896667
17.399999999999995,0.20438321557391884
17.599999999999994,0.2213435497197347
17.799999999999994,0.23931495236393543
17.999999999999993,0.1943438825072156
18.199999999999992,0.21175370490678525
18.39999999999999,0.19734532927446166
18.59999999999999,0.20072536830689217
18.79999999999999,0.22000938483589602
18.99999999999999,0.24124748616867628
19.19999999999999,0.2647018698819054
19.399999999999988,0.29062763929261265
19.599999999999987,0.31930479905241654
19.799999999999986,0.3510753369971702
19.999999999999986,0.3862978592956588
20.199999999999985,0.42542528690351794
20.399999999999984,0.46894642031093586
20.599999999999984,0.517527561706931
20.799999999999983,0.5718859714796694
20.999999999999982,0.6329379042999905
21.19999999999998,0.7019221141280642
21.39999999999998,0.7795771203775922
21.59999999999998,0.8668547969224338
21.79999999999998,0.9670799628443414
21.99999999999998,1.0811303067433427
22.199999999999978,1.2106378849244792
22.399999999999977,1.3592408860991916
22.599999999999977,1.5338899454358972
22.799999999999976,1.7372778951796266
22.999999999999975,1.975615577164786
23.199999999999974,2.2556318034214606
23.399999999999974,2.586253980476991
23.599999999999973,2.978271417673102
23.799999999999972,3.439755244419067
23.99999999999997,3.9935655553953806
24.19999999999997,4.641200903964448
24.39999999999997,5.428298980044171
24.59999999999997,6.360392430674293
24.79999999999997,7.431931794877735
24.999999999999968,8.749812544849677
25.199999999999967,10.326667834785598
25.399999999999967,12.242540500645763
25.599999999999966,14.543667311700672
25.799999999999965,17.308283816964803
25.999999999999964,20.630411706657636
26.199999999999964,24.62305998807712
26.399999999999963,29.42206864848043
26.599999999999962,35.190717654650925
26.79999999999996,42.12529097093726
26.99999999999996,50.461744343290555
