mags_ab,pos_errs_mas
16.0,0.2159415072402537
16.2,0.16634330850805293
16.4,0.1790310996053524
16.599999999999998,0.190728711412809
16.799999999999997,0.15997112505910718
16.999999999999996,0.17361299150044157
17.199999999999996,0.15274899597352048
17.399999999999995,0.16651626409263717
17.599999999999994,0.1815622020781636
17.799999999999994,0.16579639533982127
17.999999999999993,0.18100598955441788
18.199999999999992,0.17666605347928763
18.39999999999999,0.1776532368459093
18.59999999999999,0.18941694281962423
18.79999999999999,0.20750690543548003
18.99999999999999,0.22743434045565333
19.19999999999999,0.24939147604961784
19.399999999999988,0.27378809776767854
19.599999999999987,0.30054542840812204
19.799999999999986,0.3299822134631326
19.999999999999986,0.36249012171284106
20.199999999999985,0.39843256497834645
20.399999999999984,0.4382256501727402
20.599999999999984,0.4823489245586313
20.799999999999983,0.5316422612629189
20.999999999999982,0.5867567135872593
21.19999999999998,0.6474458596656907
21.39999999999998,0.7148795308598106
21.59999999999998,0.7905432505779937
21.79999999999998,0.875736274326447
21.99999999999998,0.9719184654537159
22.199999999999978,1.0809278891203862
22.399999999999977,1.2049955795682452
22.599999999999977,1.347610589130477
22.799999999999976,1.5071028038231693
22.999999999999975,1.691618059194104
23.199999999999974,1.9029618609947148
23.399999999999974,2.151500872521818
23.599999999999973,2.4418104037624038
23.799999999999972,2.7827167974058966
23.99999999999997,3.184504695589016
24.19999999999997,3.65977332892748
24.39999999999997,4.223754486684998
24.59999999999997,4.869642645908381
24.79999999999997,5.653711563888227
24.999999999999968,6.595537671956349
25.199999999999967,7.722066243564052
25.399999999999967,9.071229272270083
25.599999999999966,10.688621997123377
25.799999999999965,12.629039134555283
25.999999999999964,14.958323829464959
26.199999999999964,17.755598013248772
26.399999999999963,21.08176639932424
26.599999999999962,25.109260005865472
26.79999999999996,29.949316844510886
26.99999999999996,35.766589149906366
