mags_ab,pos_errs_mas
16.0,0.28560821071847775
16.2,0.3031342030476617
16.4,0.3227959927600342
16.599999999999998,0.33345417205397565
16.799999999999997,0.22562529298718503
16.999999999999996,0.24374592489951644
17.199999999999996,0.2620101819610348
17.399999999999995,0.2818644624506258
17.599999999999994,0.3014780244210551
17.799999999999994,0.22502962182261013
17.999999999999993,0.24404794136608512
18.199999999999992,0.22295473666410137
18.39999999999999,0.22686865989536908
18.59999999999999,0.2485389177541557
18.79999999999999,0.27245085869529023
18.99999999999999,0.29878418052903666
19.19999999999999,0.3278944209773873
19.399999999999988,0.35997537886043096
19.599999999999987,0.3954350173663329
19.799999999999986,0.4346650987042947
19.999999999999986,0.4781853738849993
20.199999999999985,0.5263630426799456
20.399999999999984,0.5797633626312093
20.599999999999984,0.6395283567724536
20.799999999999983,0.7060262434780058
20.999999999999982,0.77990861270789
21.19999999999998,0.8634254924284575
21.39999999999998,0.9538436434263666
21.59999999999998,1.059020358221389
21.79999999999998,1.1750578753845071
21.99999999999998,1.3069509370119787
22.199999999999978,1.4568446495221938
22.399999999999977,1.6286678260303122
22.599999999999977,1.825240088083028
22.799999999999976,2.047939838535469
22.999999999999975,2.3133090747112877
23.199999999999974,2.6162373826563314
23.399999999999974,2.9643288693803216
23.599999999999973,3.3852934303421622
23.799999999999972,3.882381686929221
23.99999999999997,4.452247072202122
24.19999999999997,5.103873858696028
24.39999999999997,5.866127059619303
24.59999999999997,6.82122510498516
24.79999999999997,7.933806533938282
24.999999999999968,9.290569983570087
25.199999999999967,10.872459771634068
25.399999999999967,12.80870273405411
25.599999999999966,15.033123685852825
25.799999999999965,17.795660581274326
25.999999999999964,21.11292832777116
26.199999999999964,25.09767017108537
26.399999999999963,29.88538149432053
26.599999999999962,35.63890108805128
26.79999999999996,42.55396267903229
26.99999999999996,50.86582862847655
