mags_ab,pos_errs_mas
16.0,0.20894886369928195
16.2,0.22632792259840556
16.4,0.24533530210222523
16.599999999999998,0.18533368540298292
16.799999999999997,0.20081599370966968
16.999999999999996,0.21796684680175155
17.199999999999996,0.23652018262575936
17.399999999999995,0.18677767032344406
17.599999999999994,0.20336753425986745
17.799999999999994,0.1741579612329277
17.999999999999993,0.18987249774401943
18.199999999999992,0.175714065070326
18.39999999999999,0.19179859622126025
18.59999999999999,0.1830640393089338
18.79999999999999,0.19998199739863542
18.99999999999999,0.19783659652787736
19.19999999999999,0.19182533769444768
19.399999999999988,0.19952760336275527
19.599999999999987,0.21883949945903505
19.799999999999986,0.24013837830224555
19.999999999999986,0.2637272231090277
20.199999999999985,0.2898641956589299
20.399999999999984,0.3189085188044979
20.599999999999984,0.3511686345863962
20.799999999999983,0.3871464032117084
20.999999999999982,0.4273848028116736
21.19999999999998,0.47245893455459603
21.39999999999998,0.5229540050339326
21.59999999999998,0.5798953497486132
21.79999999999998,0.6443683417488529
21.99999999999998,0.7182752405826349
22.199999999999978,0.8019595340159504
22.399999999999977,0.8979931237736624
22.599999999999977,1.0085283435756018
22.799999999999976,1.136748280206145
22.999999999999975,1.285394551665764
23.199999999999974,1.4597164187733278
23.399999999999974,1.665057869912827
23.599999999999973,1.9044034297934846
23.799999999999972,2.186804296708325
23.99999999999997,2.52343069231941
24.19999999999997,2.923956345531197
24.39999999999997,3.4016016129691615
24.59999999999997,3.9722822188462974
24.79999999999997,4.655145409574276
24.999999999999968,5.473210481163414
25.199999999999967,6.4541463658114
25.399999999999967,7.631201973397504
25.599999999999966,9.04433231218033
25.799999999999965,10.741551022524417
25.999999999999964,12.780555348573092
26.199999999999964,15.217538587052239
26.399999999999963,18.15742622872679
26.599999999999962,21.690982467987084
26.79999999999996,25.93843260904721
26.99999999999996,31.044295013721413
