mags_ab,pos_errs_mas
16.0,0.1651277159917217
16.2,0.15750454795328284
16.4,0.1546422277842306
16.599999999999998,0.1664744972948599
16.799999999999997,0.14652293512981665
16.999999999999996,0.15470608604967923
17.199999999999996,0.16826497796134482
17.399999999999995,0.15679636300455144
17.599999999999994,0.17162779724341032
17.799999999999994,0.1712319994430807
17.999999999999993,0.17577329492350727
18.199999999999992,0.19119154838770336
18.39999999999999,0.21042433637625246
18.59999999999999,0.2319251452544946
18.79999999999999,0.255927417414842
18.99999999999999,0.2828588785407386
19.19999999999999,0.31317703081791953
19.399999999999988,0.34743233255631917
19.599999999999987,0.38629166710590207
19.799999999999986,0.43095380739446804
19.999999999999986,0.481638986850138
20.199999999999985,0.5399264430841159
20.399999999999984,0.6072845384515372
20.599999999999984,0.6855047878380093
20.799999999999983,0.7774835386561141
20.999999999999982,0.8844768065955956
21.19999999999998,1.01039221035241
21.39999999999998,1.1591391811369038
21.59999999999998,1.3354475826324734
21.79999999999998,1.545029341371247
21.99999999999998,1.7965109666007426
22.199999999999978,2.094783347128703
22.399999999999977,2.4514957514524784
22.599999999999977,2.8786532269230616
22.799999999999976,3.390686456378736
22.999999999999975,4.006195467952311
23.199999999999974,4.743532861069798
23.399999999999974,5.628971777706565
23.599999999999973,6.692606812900038
23.799999999999972,7.970606435654855
23.99999999999997,9.506439052309753
24.19999999999997,11.352354117351625
24.39999999999997,13.571155027454685
24.59999999999997,16.238335889593074
24.79999999999997,19.444652139450508
24.999999999999968,23.299204971319117
25.199999999999967,27.93315555055172
25.399999999999967,33.50418726957953
25.599999999999966,40.201868817293715
25.799999999999965,48.254115060777956
25.999999999999964,57.934924843183346
26.199999999999964,69.57371405257204
26.399999999999963,83.56654008003783
26.599999999999962,100.38954836641798
26.79999999999996,120.61519493599432
26.99999999999996,144.9317103261325
