mags_ab,pos_errs_mas
16.0,0.23805081564265
16.2,0.25766949056250726
16.4,0.27956247669215883
16.599999999999998,0.3011321880232449
16.799999999999997,0.3251260604731542
16.999999999999996,0.20962098901477152
17.199999999999996,0.22686158440794554
17.399999999999995,0.24635483726105975
17.599999999999994,0.26717382676363527
17.799999999999994,0.21106459413383638
17.999999999999993,0.22991818567300867
18.199999999999992,0.20444142441895888
18.39999999999999,0.22303670462180403
18.59999999999999,0.20685903632233277
18.79999999999999,0.22581470773595505
18.99999999999999,0.20538180932063993
19.19999999999999,0.22434779751775624
19.399999999999988,0.2149644120631296
19.599999999999987,0.21405496544380723
19.799999999999986,0.2257980715168784
19.999999999999986,0.24772193507034773
20.199999999999985,0.27204438669764563
20.399999999999984,0.29900290503020543
20.599999999999984,0.32895641586476665
20.799999999999983,0.3622844381519345
20.999999999999982,0.3995578211749809
21.19999999999998,0.44113150915907295
21.39999999999998,0.487824060839561
21.59999999999998,0.5402875493301451
21.79999999999998,0.5996376678879443
21.99999999999998,0.6668529275792613
22.199999999999978,0.743413870298524
22.399999999999977,0.8316847457784836
22.599999999999977,0.9324316161943409
22.799999999999976,1.048842586686787
22.999999999999975,1.1840121290152144
23.199999999999974,1.3414425291737568
23.399999999999974,1.5261541544215926
23.599999999999973,1.7426987495155615
23.799999999999972,1.9991574697634586
23.99999999999997,2.303324154026915
24.19999999999997,2.6619481164386456
24.39999999999997,3.0908154117441557
24.59999999999997,3.6011146881917204
24.79999999999997,4.210867456297333
24.999999999999968,4.942469005266436
25.199999999999967,5.819328600323769
25.399999999999967,6.871136913063274
25.599999999999966,8.133572924172993
25.799999999999965,9.649510547929431
25.999999999999964,11.470470894817804
26.199999999999964,13.658371572859389
26.399999999999963,16.287630651983147
26.599999999999962,19.447690096729232
26.79999999999996,23.246066282953457
26.99999999999996,27.79441158308867
