mags_ab,pos_errs_mas
16.0,0.19173207129311917
16.2,0.1910238567111027
16.4,0.15764464301078562
16.599999999999998,0.1586053265683303
16.799999999999997,0.17125980947881567
16.999999999999996,0.1808826170886709
17.199999999999996,0.14941153692997447
17.399999999999995,0.15852408973699145
17.599999999999994,0.1444706138493996
17.799999999999994,0.158069732307159
17.999999999999993,0.15901778087042562
18.199999999999992,0.1649518878297312
18.39999999999999,0.1741590896842438
18.59999999999999,0.18301749251756705
18.79999999999999,0.20166434216935897
18.99999999999999,0.2225716917524144
19.19999999999999,0.2461017556712078
19.399999999999988,0.27258571493812156
19.599999999999987,0.30256093954639646
19.799999999999986,0.33662733726380906
19.999999999999986,0.37551480539925464
20.199999999999985,0.4201130065084271
20.399999999999984,0.4718636322807323
20.599999999999984,0.5314042808339811
20.799999999999983,0.60068641190353
20.999999999999982,0.6816783276065642
21.19999999999998,0.7767670943641108
21.39999999999998,0.8891591364907773
21.59999999999998,1.021774628128566
21.79999999999998,1.1791585073826405
21.99999999999998,1.3664425931353792
22.199999999999978,1.5898113496805075
22.399999999999977,1.8575735197161196
22.599999999999977,2.17746228153303
22.799999999999976,2.5603558142202254
22.999999999999975,3.019498832289711
23.199999999999974,3.570455333129825
23.399999999999974,4.2319286644891925
23.599999999999973,5.029965053779082
23.799999999999972,5.986439097954045
23.99999999999997,7.134305717267908
24.19999999999997,8.513836094475394
24.39999999999997,10.171963458892941
24.59999999999997,12.168232290819667
24.79999999999997,14.564687520103945
24.999999999999968,17.4455974640246
25.199999999999967,20.908992058200027
25.399999999999967,25.072722622097995
25.599999999999966,30.078470518998532
25.799999999999965,36.09657563501611
25.999999999999964,43.331819845787024
26.199999999999964,52.030401684008275
26.399999999999963,62.488326122848534
26.599999999999962,75.06145358590196
26.79999999999996,90.17762395086024
26.99999999999996,108.35120474166493
