mags_ab,pos_errs_mas
16.0,0.3754684327183227
16.2,0.40288792410359514
16.4,0.27293827647192115
16.599999999999998,0.29612459493859933
16.799999999999997,0.32183593391595583
16.999999999999996,0.3479068492901378
17.199999999999996,0.3757953599549525
17.399999999999995,0.4047189405559249
17.599999999999994,0.2612260747103962
17.799999999999994,0.2827035406155842
17.999999999999993,0.30664196869390586
18.199999999999992,0.33237735435568927
18.39999999999999,0.2425468421468152
18.59999999999999,0.26407711551650803
18.79999999999999,0.22876322208140243
18.99999999999999,0.24949263165456823
19.19999999999999,0.27223989851612046
19.399999999999988,0.23779516905615522
19.599999999999987,0.25961177050841666
19.799999999999986,0.24253005061386906
19.999999999999986,0.2650236652266957
20.199999999999985,0.26089286097509146
20.399999999999984,0.2489039839537484
20.599999999999984,0.269364406376903
20.799999999999983,0.29562031919540405
20.999999999999982,0.3247984946726287
21.19999999999998,0.35716001951646953
21.39999999999998,0.3931563194348274
21.59999999999998,0.4332610353926166
21.79999999999998,0.4781241181660791
21.99999999999998,0.5283354168354069
22.199999999999978,0.5848563799976999
22.399999999999977,0.6485345126018004
22.599999999999977,0.7207911120869458
22.799999999999976,0.8028096426191237
22.999999999999975,0.8973038264068434
23.199999999999974,1.004894073869516
23.399999999999974,1.1288903863727904
23.599999999999973,1.2727081554844484
23.799999999999972,1.439854753630223
23.99999999999997,1.6357132271531483
24.19999999999997,1.8658692340435254
24.39999999999997,2.1369532933527964
24.59999999999997,2.4593171070665267
24.79999999999997,2.84040175925364
24.999999999999968,3.2931698413835866
25.199999999999967,3.834085029271884
25.399999999999967,4.479145107025858
25.599999999999966,5.252413147004083
25.799999999999965,6.177052356333001
25.999999999999964,7.287499971287872
26.199999999999964,8.620094309565768
26.399999999999963,10.220079892850915
26.599999999999962,12.141822731857555
26.79999999999996,14.450660884205107
26.99999999999996,17.22511555476239
