mags_ab,pos_errs_mas
16.0,0.1486436362745465
16.2,0.16129631331475378
16.4,0.14547913233551008
16.599999999999998,0.15868186327871453
16.799999999999997,0.15423571479821077
16.999999999999996,0.15794819231742563
17.199999999999996,0.16639108956996276
17.399999999999995,0.17181247985880616
17.599999999999994,0.18816494429989655
17.799999999999994,0.2061705840623484
17.999999999999993,0.22599927298728612
18.199999999999992,0.24784303800751453
18.39999999999999,0.27191762354739446
18.59999999999999,0.2986881798404375
18.79999999999999,0.3280624997175671
18.99999999999999,0.3603692035068203
19.19999999999999,0.39607637344828506
19.399999999999988,0.4355937454436952
19.599999999999987,0.47939632982888436
19.799999999999986,0.5280295352539345
19.999999999999986,0.5829098500527778
20.199999999999985,0.6431876756210843
20.399999999999984,0.7103296976542187
20.599999999999984,0.7849497419980918
20.799999999999983,0.8688961188667115
20.999999999999982,0.9637346145802937
21.19999999999998,1.0710747961945697
21.39999999999998,1.1937218339857603
21.59999999999998,1.3326458562524226
21.79999999999998,1.4919167306552779
21.99999999999998,1.670996430263699
22.199999999999978,1.8781938129564442
22.399999999999977,2.117498479196917
22.599999999999977,2.3993663033586974
22.799999999999976,2.729646340786304
22.999999999999975,3.118264758666298
23.199999999999974,3.577277023351293
23.399999999999974,4.113066056780078
23.599999999999973,4.755397139924597
23.799999999999972,5.493990392283504
23.99999999999997,6.3979690672357945
24.19999999999997,7.478472306761721
24.39999999999997,8.771802334043954
24.59999999999997,10.321599873069776
24.79999999999997,12.180317362193598
24.999999999999968,14.410983719534352
25.199999999999967,17.05985132893186
25.399999999999967,20.267665634183246
25.599999999999966,24.12161655056708
25.799999999999965,28.7527793759826
25.999999999999964,34.31869229220735
26.199999999999964,41.00871509265507
26.399999999999963,49.05047607522411
26.599999999999962,58.71760010829986
26.79999999999996,70.3390322630936
26.99999999999996,84.31020802287149
