mags_ab,pos_errs_mas
16.0,inf
16.2,inf
16.4,0.2587646826083955
16.599999999999998,0.2833688508910922
16.799999999999997,0.30260520673422586
16.999999999999996,0.21040667811508015
17.199999999999996,0.22474880114780763
17.399999999999995,0.2392948181033602
17.599999999999994,0.185897874273417
17.799999999999994,0.19938936794251969
17.999999999999993,0.21541098254413138
18.199999999999992,0.2342831951543286
18.39999999999999,0.18916773074962834
18.59999999999999,0.20590802009834291
18.79999999999999,0.22400851608197025
18.99999999999999,0.18809071745181807
19.19999999999999,0.2052054132641498
19.399999999999988,0.19655050331209611
19.599999999999987,0.19872339193190708
19.799999999999986,0.2007813626284399
19.999999999999986,0.22011019730823506
20.199999999999985,0.24147013504575487
20.399999999999984,0.2652197687605087
20.599999999999984,0.29141494020202413
20.799999999999983,0.3204131021142972
20.999999999999982,0.35257876716325404
21.19999999999998,0.3883452369345836
21.39999999999998,0.42818409645930544
21.59999999999998,0.47269327530615396
21.79999999999998,0.5225671727358607
21.99999999999998,0.5788346616419989
22.199999999999978,0.6419357463025711
22.399999999999977,0.7139660668353862
22.599999999999977,0.7951305456779731
22.799999999999976,0.8878662027825809
22.999999999999975,0.9942208511475477
23.199999999999974,1.1169120486574309
23.399999999999974,1.257621171579221
23.599999999999973,1.4226068736005433
23.799999999999972,1.614756891545545
23.99999999999997,1.8415137372267865
24.19999999999997,2.1079203548486007
24.39999999999997,2.423122358781976
24.59999999999997,2.7876515601605423
24.79999999999997,3.2295120915105033
24.999999999999968,3.7563975901709017
25.199999999999967,4.385858208060891
25.399999999999967,5.139006489106367
25.599999999999966,6.041227659850567
25.799999999999965,7.123031838053006
25.999999999999964,8.421084801355605
26.199999999999964,9.979445736812595
26.399999999999963,11.851060381207942
26.599999999999962,14.079618597348937
26.79999999999996,16.775407513414894
26.99999999999996,20.01518790930304
