mags_ab,pos_errs_mas
16.0,0.17341335893529886
16.2,0.16904276627513573
16.4,0.18361307869210483
16.599999999999998,0.15108707352606793
16.799999999999997,0.1609920144207267
16.999999999999996,0.17567644702051144
17.199999999999996,0.14539463372218236
17.399999999999995,0.15243553618459071
17.599999999999994,0.16228234813899348
17.799999999999994,0.1495457898715969
17.999999999999993,0.16254110303146888
18.199999999999992,0.15639837192880213
18.39999999999999,0.1618255554533397
18.59999999999999,0.1722092653650451
18.79999999999999,0.1848305856256704
18.99999999999999,0.1981118301384489
19.19999999999999,0.218961527060002
19.399999999999988,0.24252679014265163
19.599999999999987,0.2692206893562274
19.799999999999986,0.29952134671118674
19.999999999999986,0.3341269152110108
20.199999999999985,0.3738328651893919
20.399999999999984,0.41960990040235985
20.599999999999984,0.4730143986036886
20.799999999999983,0.5349280839847016
20.999999999999982,0.6071729515648694
21.19999999999998,0.6920218081499666
21.39999999999998,0.7920712757361604
21.59999999999998,0.9104661051295884
21.79999999999998,1.0514650092416775
21.99999999999998,1.2187730945118014
22.199999999999978,1.418346801404808
22.399999999999977,1.6568423569423452
22.599999999999977,1.9422663246857048
22.799999999999976,2.284244768817814
22.999999999999975,2.694347485881229
23.199999999999974,3.1864777355170153
23.399999999999974,3.7773431460298217
23.599999999999973,4.487020278136875
23.799999999999972,5.339636823311562
23.99999999999997,6.364189389127862
24.19999999999997,7.595531036276751
24.39999999999997,9.075553714279375
24.59999999999997,10.85461356843931
24.79999999999997,12.99324528097754
24.999999999999968,15.564219232565389
25.199999999999967,18.65501908883858
25.399999999999967,22.370817733618964
25.599999999999966,26.83805448888081
25.799999999999965,32.20874457792456
25.999999999999964,38.66563957106777
26.199999999999964,46.42845290839914
26.399999999999963,55.7613459615086
26.599999999999962,66.98189718431648
26.79999999999996,80.47192020143179
26.99999999999996,96.69044939295266
