mags_ab,pos_errs_mas
16.0,0.16874532622222596
16.2,0.18250104906042858
16.4,0.1960116078442359
16.599999999999998,0.17215377182584826
16.799999999999997,0.1752200754154323
16.999999999999996,0.19195568453040898
17.199999999999996,0.21039439950168934
17.399999999999995,0.23071841946649385
17.599999999999994,0.2531278406064577
17.799999999999994,0.27785377923115695
17.999999999999993,0.3050570748320794
18.199999999999992,0.3350847149964258
18.39999999999999,0.36832237585896727
18.59999999999999,0.40512759307421253
18.79999999999999,0.4459500240837776
18.99999999999999,0.49129307245961434
19.19999999999999,0.5418085241951858
19.399999999999988,0.5973608177769134
19.599999999999987,0.6595752120668391
19.799999999999986,0.7284565850030039
19.999999999999986,0.8052586485061769
20.199999999999985,0.8931449715414292
20.399999999999984,0.9925497755223351
20.599999999999984,1.105607983651087
20.799999999999983,1.232874384448851
20.999999999999982,1.3799048558433045
21.19999999999998,1.5453421620187255
21.39999999999998,1.7121492566031102
21.59999999999998,1.9298299935252747
21.79999999999998,2.1832712237357748
21.99999999999998,2.4796791281250115
22.199999999999978,2.8271613514420935
22.399999999999977,3.2374713720992965
22.599999999999977,3.6947803952453153
22.799999999999976,4.195433265285817
22.999999999999975,4.836255317502174
23.199999999999974,5.555559404745724
23.399999999999974,6.468718982923858
23.599999999999973,7.5604753055041485
23.799999999999972,8.867232568020146
23.99999999999997,10.36891064190398
24.19999999999997,12.230466171720629
24.39999999999997,14.464321962316648
24.59999999999997,16.742417473651866
24.79999999999997,19.864844412935557
24.999999999999968,23.615579560847863
25.199999999999967,28.122160013023745
25.399999999999967,33.53786893709381
25.599999999999966,40.04694240272686
25.799999999999965,47.870840309772156
25.999999999999964,56.87173448372289
26.199999999999964,68.08376732940127
26.399999999999963,81.5624572211552
26.599999999999962,97.76644376180678
26.79999999999996,117.24711754570434
26.99999999999996,140.66734676917247
