mags_ab,pos_errs_mas
16.0,inf
16.2,inf
16.4,0.2613979737856219
16.599999999999998,0.28623885888445166
16.799999999999997,0.3059587891526562
16.999999999999996,0.20849749600062967
17.199999999999996,0.22621821156038344
17.399999999999995,0.24055229362916936
17.599999999999994,0.2614910349743563
17.799999999999994,0.28247396848246875
17.999999999999993,0.183474416952567
18.199999999999992,0.1997649801380951
18.39999999999999,0.21383858674336334
18.59999999999999,0.2314048335608281
18.79999999999999,0.17108881413629767
18.99999999999999,0.18413833476514319
19.19999999999999,0.20040939187579904
19.399999999999988,0.1759379264425015
19.599999999999987,0.19203505326574719
19.799999999999986,0.20964666042387423
19.999999999999986,0.18675212532400717
20.199999999999985,0.2040688166313102
20.399999999999984,0.19452125035304665
20.599999999999984,0.19477813137120747
20.799999999999983,0.20034044438252496
20.999999999999982,0.20736340446822485
21.19999999999998,0.22790507863953385
21.39999999999998,0.25077007707362486
21.59999999999998,0.2764328528235949
21.79999999999998,0.3049509539896427
21.99999999999998,0.33691988377231386
22.199999999999978,0.3728932656125011
22.399999999999977,0.4135167327210063
22.599999999999977,0.4595230253921764
22.799999999999976,0.5118338031910926
22.999999999999975,0.5716286774288837
23.199999999999974,0.6403048463584653
23.399999999999974,0.7200638333562314
23.599999999999973,0.8124711760618935
23.799999999999972,0.9195596491215361
23.99999999999997,1.0449018415732356
24.19999999999997,1.1922398628167112
24.39999999999997,1.3661122819450877
24.59999999999997,1.5720132724890115
24.79999999999997,1.8165816139058377
24.999999999999968,2.107825811806429
25.199999999999967,2.4553944173596034
25.399999999999967,2.8720105378526646
25.599999999999966,3.369306321842823
25.799999999999965,3.9652573412363097
25.999999999999964,4.68003607859362
26.199999999999964,5.5378833226757
26.399999999999963,6.567928741566175
26.599999999999962,7.805176706479905
26.79999999999996,9.291694992970092
26.99999999999996,11.07804131684647
