mags_ab,pos_errs_mas
16.0,0.23908695991764858
16.2,0.25240652418449855
16.4,0.1744583935286473
16.599999999999998,0.18757453526256104
16.799999999999997,0.20197447813637182
16.999999999999996,0.21761120031654763
17.199999999999996,0.23192050339990106
17.399999999999995,0.18264170447193268
17.599999999999994,0.1985475123459453
17.799999999999994,0.18029259189795083
17.999999999999993,0.19553827466739632
18.199999999999992,0.21434214604757537
18.39999999999999,0.23508423254012586
18.59999999999999,0.2580071969300859
18.79999999999999,0.28322009500304374
18.99999999999999,0.311090034168304
19.19999999999999,0.3419173631939214
19.399999999999988,0.3760704319854855
19.599999999999987,0.4139672499324503
19.799999999999986,0.4560982217531306
19.999999999999986,0.503024655883401
20.199999999999985,0.5549460172904399
20.399999999999984,0.6132009297082599
20.599999999999984,0.6785335702571744
20.799999999999983,0.7498276697698133
20.999999999999982,0.8321958974792759
21.19999999999998,0.9254647937056178
21.39999999999998,1.0317511982657648
21.59999999999998,1.153322148817505
21.79999999999998,1.2929531129459353
21.99999999999998,1.4522736723226968
22.199999999999978,1.6257721961872387
22.399999999999977,1.8330658129335236
22.599999999999977,2.0711636846947794
22.799999999999976,2.354744258093395
22.999999999999975,2.6914651581326896
23.199999999999974,3.089915761851948
23.399999999999974,3.5623915282111747
23.599999999999973,4.12423563839618
23.799999999999972,4.767268541976734
23.99999999999997,5.50760441516204
24.19999999999997,6.419921190037897
24.39999999999997,7.532070113423289
24.59999999999997,8.864856910052781
24.79999999999997,10.463397893894772
24.999999999999968,12.38190491073115
25.199999999999967,14.685525071312147
25.399999999999967,17.452543321231424
25.599999999999966,20.77704150303615
25.799999999999965,24.664117799926444
25.999999999999964,29.44052455617742
26.199999999999964,35.181616759783864
26.399999999999963,42.08273945566373
26.599999999999962,50.378701464624505
26.79999999999996,60.351794797138176
26.99999999999996,72.34136842094014
