mags_ab,pos_errs_mas
16.0,inf
16.2,0.31126406050105343
16.4,0.3278402978092944
16.599999999999998,0.34801300381252853
16.799999999999997,0.3706084087132309
16.999999999999996,0.39463442342486965
17.199999999999996,0.2620611591422881
17.399999999999995,0.2829751792619775
17.599999999999994,0.3041500172283548
17.799999999999994,0.32726699595994774
17.999999999999993,0.3502095906579511
18.199999999999992,0.262714002213726
18.39999999999999,0.252157648654215
18.59999999999999,0.2634820147021604
18.79999999999999,0.2887317336741672
18.99999999999999,0.31661963266095056
19.19999999999999,0.34740074517681624
19.399999999999988,0.38142966572601184
19.599999999999987,0.41909488726214966
19.799999999999986,0.4607655611866042
19.999999999999986,0.5070566930217868
20.199999999999985,0.5582428710215678
20.399999999999984,0.6152332950455878
20.599999999999984,0.6785907182169777
20.799999999999983,0.7497983216605375
20.999999999999982,0.8294735474076245
21.19999999999998,0.9184708171009824
21.39999999999998,1.0194453403998904
21.59999999999998,1.1340077202254841
21.79999999999998,1.2620397641490209
21.99999999999998,1.408323985420963
22.199999999999978,1.5758420527225736
22.399999999999977,1.7711345795706441
22.599999999999977,1.9903345335144413
22.799999999999976,2.2454142694556514
22.999999999999975,2.548241964602607
23.199999999999974,2.9036756261605943
23.399999999999974,3.3163833394585236
23.599999999999973,3.810032985413091
23.799999999999972,4.385864719557519
23.99999999999997,5.079865280160136
24.19999999999997,5.892535500690028
24.39999999999997,6.8769125116317795
24.59999999999997,8.00540905524215
24.79999999999997,9.401289867934699
24.999999999999968,11.074556911845216
25.199999999999967,13.081887457182233
25.399999999999967,15.491386852181513
25.599999999999966,18.38489594709007
25.799999999999965,21.86076767836282
25.999999999999964,26.037194665327274
26.199999999999964,30.940613583383346
26.399999999999963,36.94497602186702
26.599999999999962,44.16220009105262
26.79999999999996,52.83785665863621
26.99999999999996,63.267135415264995
