mags_ab,pos_errs_mas
16.0,0.24050287267626377
16.2,0.25354092680860946
16.4,0.25599350603714516
16.599999999999998,0.25592673465658783
16.799999999999997,0.25177549178036895
16.999999999999996,0.24135792363784245
17.199999999999996,0.2048083180059709
17.399999999999995,0.19324182920737287
17.599999999999994,0.21182890319114517
17.799999999999994,0.23230590843962165
17.999999999999993,0.25492399846917374
18.199999999999992,0.27991441823778856
18.39999999999999,0.30753749323222324
18.59999999999999,0.33812233189052865
18.79999999999999,0.37211909743694
18.99999999999999,0.40991762088501693
19.19999999999999,0.45141968563552487
19.399999999999988,0.49788292374062104
19.599999999999987,0.550039672716617
19.799999999999986,0.6085488802210742
19.999999999999986,0.6735974174780888
20.199999999999985,0.7461275863255377
20.399999999999984,0.82964937541318
20.599999999999984,0.9233660984620855
20.799999999999983,1.0315494161375804
20.999999999999982,1.155718886969468
21.19999999999998,1.2853586108515018
21.39999999999998,1.4419105982769929
21.59999999999998,1.6239921859070152
21.79999999999998,1.839858785555005
21.99999999999998,2.089668244204792
22.199999999999978,2.3863169556194332
22.399999999999977,2.736551114894024
22.599999999999977,3.120795068010561
22.799999999999976,3.6048812674714803
22.999999999999975,4.180699928989814
23.199999999999974,4.831759216080789
23.399999999999974,5.632924132565983
23.599999999999973,6.5869919798776975
23.799999999999972,7.727674154145038
23.99999999999997,9.091033362725426
24.19999999999997,10.746646506018998
24.39999999999997,12.734233383343897
24.59999999999997,14.93903498179114
24.79999999999997,17.68621494128016
24.999999999999968,21.063451909506583
25.199999999999967,25.122031376075334
25.399999999999967,30.000024637530785
25.599999999999966,35.86339213938456
25.799999999999965,42.91163955069636
25.999999999999964,51.38459195535644
26.199999999999964,61.57055248153069
26.399999999999963,73.81613900313661
26.599999999999962,88.53803068678191
26.79999999999996,105.8583781720764
26.99999999999996,127.05522652032627
