mags_ab,pos_errs_mas
16.0,inf
16.2,0.3097649133031335
16.4,0.3259870969241141
16.599999999999998,0.34333819446932107
16.799999999999997,0.36150770276734007
16.999999999999996,0.3802268894972472
17.199999999999996,0.38105369816054635
17.399999999999995,0.37657900057567645
17.599999999999994,0.33679764640133114
17.799999999999994,0.27987584939360144
17.999999999999993,0.2563891312967318
18.199999999999992,0.2809257104944661
18.39999999999999,0.30803854358389
18.59999999999999,0.3379008753817541
18.79999999999999,0.3709264041961284
18.99999999999999,0.40753381512907344
19.19999999999999,0.4479542729609831
19.399999999999988,0.4927425660498765
19.599999999999987,0.5424330121947011
19.799999999999986,0.5973422901140903
19.999999999999986,0.6587010174932303
20.199999999999985,0.7276355525034554
20.399999999999984,0.804110685667433
20.599999999999984,0.8894683032558746
20.799999999999983,0.9863105489876254
20.999999999999982,1.0945684564451108
21.19999999999998,1.2173641233592785
21.39999999999998,1.355949331297219
21.59999999999998,1.5174566223303378
21.79999999999998,1.6994158761022857
21.99999999999998,1.8992136466250298
22.199999999999978,2.1428514096184896
22.399999999999977,2.416775010188562
22.599999999999977,2.7404860435094385
22.799999999999976,3.126068436073986
22.999999999999975,3.574157323590183
23.199999999999974,4.091856377020416
23.399999999999974,4.723569398951463
23.599999999999973,5.461844243009041
23.799999999999972,6.298706674021488
23.99999999999997,7.328339089071031
24.19999999999997,8.57977179190886
24.39999999999997,10.078512806030174
24.59999999999997,11.83577299595095
24.79999999999997,13.981406991854792
24.999999999999968,16.55693066563911
25.199999999999967,19.54927230839222
25.399999999999967,23.240349076146142
25.599999999999966,27.675247909944755
25.799999999999965,33.00481827456742
25.999999999999964,39.4103622878195
26.199999999999964,47.10981229893497
26.399999999999963,56.13536998717977
26.599999999999962,67.20686505060533
26.79999999999996,80.51664231135018
26.99999999999996,96.51758367460957
