mags_ab,pos_errs_mas
16.0,0.2119676754407568
16.2,0.2270500759375393
16.4,0.2461698622080553
16.599999999999998,0.26542913895651976
16.799999999999997,0.28533340088630604
16.999999999999996,0.30796604201793154
17.199999999999996,0.3302669069633429
17.399999999999995,0.18693822005225205
17.599999999999994,0.201668213850063
17.799999999999994,0.2181359482465611
17.999999999999993,0.23624936793966794
18.199999999999992,0.2556915377607191
18.39999999999999,0.27677478751740137
18.59999999999999,0.18803879170151622
18.79999999999999,0.20496506952796148
18.99999999999999,0.1742968162513516
19.19999999999999,0.1902403595973146
19.399999999999988,0.17880062888081144
19.599999999999987,0.19530611447919236
19.799999999999986,0.21340087510207673
19.999999999999986,0.183368770627694
20.199999999999985,0.19108818037573658
20.399999999999984,0.19421514398954023
20.599999999999984,0.20990013702172702
20.799999999999983,0.2305076133624169
20.999999999999982,0.25334143683007765
21.19999999999998,0.278746593043936
21.39999999999998,0.3070193361883902
21.59999999999998,0.3386579704172864
21.79999999999998,0.3739877942972888
21.99999999999998,0.4138134570492682
22.199999999999978,0.45861260146186755
22.399999999999977,0.5094250361833326
22.599999999999977,0.5668137855222298
22.799999999999976,0.6322611087808956
22.999999999999975,0.7079565938285937
23.199999999999974,0.79432308081179
23.399999999999974,0.8942388573689137
23.599999999999973,1.0103953639092378
23.799999999999972,1.146067934215674
23.99999999999997,1.3052411595640256
24.19999999999997,1.4927378361106947
24.39999999999997,1.7144216640685401
24.59999999999997,1.9796976243660345
24.79999999999997,2.2924949322627532
24.999999999999968,2.6653801811249656
25.199999999999967,3.110804297316093
25.399999999999967,3.643692434383528
25.599999999999966,4.281909051568246
25.799999999999965,5.047196872728058
25.999999999999964,5.965381706782714
26.199999999999964,7.068407552859236
26.399999999999963,8.392311915901052
26.599999999999962,9.985033278355985
26.79999999999996,11.89644776134786
26.99999999999996,14.195242485498474
