mags_ab,pos_errs_mas
16.0,0.2066208039303048
16.2,0.22318289559968713
16.4,0.1700453386289466
16.599999999999998,0.18357005504340965
16.799999999999997,0.19868033473484362
16.999999999999996,0.16517086652820917
17.199999999999996,0.17967815851267538
17.399999999999995,0.1956346468147401
17.599999999999994,0.16938075729255145
17.799999999999994,0.1846480445670623
17.999999999999993,0.16982222607119363
18.199999999999992,0.18537894074713054
18.39999999999999,0.18040407016350687
18.59999999999999,0.181710632776839
18.79999999999999,0.17893773315982925
18.99999999999999,0.18516208941502613
19.19999999999999,0.20288450994591434
19.399999999999988,0.22254215741763952
19.599999999999987,0.2441755228229554
19.799999999999986,0.2680449746656615
19.999999999999986,0.2944586944712737
20.199999999999985,0.32366277252273606
20.399999999999984,0.3560586510743335
20.599999999999984,0.3920123072837785
20.799999999999983,0.43202372473672296
20.999999999999982,0.47689655773601125
21.19999999999998,0.5267178127988527
21.39999999999998,0.5825859525468149
21.59999999999998,0.6460341035465426
21.79999999999998,0.7169888350377234
21.99999999999998,0.7973154211640864
22.199999999999978,0.8886706846831827
22.399999999999977,0.993037975277583
22.599999999999977,1.1128383735040819
22.799999999999976,1.2514007354763543
22.999999999999975,1.4121909100499463
23.199999999999974,1.5973745692973464
23.399999999999974,1.81482592825768
23.599999999999973,2.0703513069256516
23.799999999999972,2.371806699148174
23.99999999999997,2.72870275484188
24.19999999999997,3.1525324759973423
24.39999999999997,3.657161760777923
24.59999999999997,4.25929658612432
24.79999999999997,4.979045690866519
24.999999999999968,5.840593674519411
25.199999999999967,6.873015233179898
25.399999999999967,8.101411033949994
25.599999999999966,9.583073817606278
25.799999999999965,11.36204072017363
25.999999999999964,13.498761266102594
26.199999999999964,16.065879415084193
26.399999999999963,19.150707236216487
26.599999999999962,22.8581794607865
26.79999999999996,27.314432371258317
26.99999999999996,32.67108277480944
