mags_ab,pos_errs_mas
16.0,inf
16.2,0.3097930549384454
16.4,0.3260237356796135
16.599999999999998,0.3433859983400798
16.799999999999997,0.3615701649388634
16.999999999999996,0.3803086227151574
17.199999999999996,0.38116123100365296
17.399999999999995,0.37672068037912976
17.599999999999994,0.33699197674301057
17.799999999999994,0.28016627180088727
17.999999999999993,0.25681948301336555
18.199999999999992,0.28148729450767856
18.39999999999999,0.30877642961560325
18.59999999999999,0.3388901921087404
18.79999999999999,0.37220474756778904
18.99999999999999,0.40921456831142333
19.19999999999999,0.45016255459823057
19.399999999999988,0.4958288275429829
19.599999999999987,0.5462652700055771
19.799999999999986,0.6029629787842435
19.999999999999986,0.665709179703803
20.199999999999985,0.7362922226893869
20.399999999999984,0.8161879450532481
20.599999999999984,0.9051350130825132
20.799999999999983,1.006061541147431
20.999999999999982,1.1220066389609749
21.19999999999998,1.2516805674294842
21.39999999999998,1.403492037734081
21.59999999999998,1.5723221962423803
21.79999999999998,1.7739583518109459
21.99999999999998,1.9972764891704342
22.199999999999978,2.264895819208479
22.399999999999977,2.5787066491130948
22.599999999999977,2.9518752010066573
22.799999999999976,3.3865800326090407
22.999999999999975,3.9087925458706723
23.199999999999974,4.519474022283829
23.399999999999974,5.257830658387769
23.599999999999973,6.14000510623728
23.799999999999972,7.175352628557879
23.99999999999997,8.373220228866911
24.19999999999997,9.867098939020714
24.39999999999997,11.659376051907225
24.59999999999997,13.810871884139418
24.79999999999997,16.394672491680772
24.999999999999968,19.4986061041822
25.199999999999967,23.228226724717373
25.399999999999967,27.710394345568606
25.599999999999966,32.975119056710405
25.799999999999965,39.42281367460862
25.999999999999964,47.17349654427702
26.199999999999964,56.49089340388981
26.399999999999963,67.69206094254058
26.599999999999962,81.15813553728246
26.79999999999996,97.34734856518588
26.99999999999996,116.81056673068964
