mags_ab,pos_errs_mas
16.0,0.2413960612260562
16.2,0.25690819393697506
16.4,0.2655824866346407
16.599999999999998,0.18168343043749885
16.799999999999997,0.196360039994042
16.999999999999996,0.2124460572767031
17.199999999999996,0.22736576229831315
17.399999999999995,0.24341443045379407
17.599999999999994,0.18586007447103034
17.799999999999994,0.20174079197990144
17.999999999999993,0.18769254128488919
18.199999999999992,0.19278159747048687
18.39999999999999,0.21125134330757891
18.59999999999999,0.23164876323081637
18.79999999999999,0.25409225536925845
18.99999999999999,0.27885733042877625
19.19999999999999,0.3062019954030632
19.399999999999988,0.3364254476520528
19.599999999999987,0.36991532653058795
19.799999999999986,0.4070530716627648
19.999999999999986,0.4479904772472326
20.199999999999985,0.49352317968515386
20.399999999999984,0.5444178797160938
20.599999999999984,0.6014077291854935
20.799999999999983,0.6645809003853071
20.999999999999982,0.7347006635512566
21.19999999999998,0.8139923315725921
21.39999999999998,0.9042643603439526
21.59999999999998,1.0068127551115695
21.79999999999998,1.1236055314330442
21.99999999999998,1.2466668333119217
22.199999999999978,1.393757290820188
22.399999999999977,1.56417297471906
22.599999999999977,1.7605229835840357
22.799999999999976,1.9883531319021341
22.999999999999975,2.257421609709615
23.199999999999974,2.5733579217761586
23.399999999999974,2.9227479921441675
23.599999999999973,3.3468174564600757
23.799999999999972,3.8585982798718077
23.99999999999997,4.437272684434885
24.19999999999997,5.153297384216613
24.39999999999997,6.008121923315986
24.59999999999997,7.030091187245588
24.79999999999997,8.254054303215764
24.999999999999968,9.721146781036158
25.199999999999967,11.480580054131737
25.399999999999967,13.588695203258041
25.599999999999966,16.036477419668238
25.799999999999965,19.050538839221556
25.999999999999964,22.670658376642635
26.199999999999964,26.95231427598915
26.399999999999963,31.971643330065355
26.599999999999962,38.207243261924745
26.79999999999996,45.5602978783821
26.99999999999996,54.540540994571764
