mags_ab,pos_errs_mas
16.0,0.2139682251143991
16.2,0.23125752463441324
16.4,0.24782392888554386
16.599999999999998,0.16559779327524518
16.799999999999997,0.17889395244275497
16.999999999999996,0.19057724541945978
17.199999999999996,0.15250790923804647
17.399999999999995,0.16489059176792922
17.599999999999994,0.14540204985880104
17.799999999999994,0.15774048986283115
17.999999999999993,0.1483360449651496
18.199999999999992,0.1618908690644982
18.39999999999999,0.1767223685642485
18.59999999999999,0.164222026128361
18.79999999999999,0.17940144455701604
18.99999999999999,0.1753860998463396
19.19999999999999,0.17837687881564027
19.399999999999988,0.18478947146616231
19.599999999999987,0.20247328185784366
19.799999999999986,0.2219711729415098
19.999999999999986,0.24348013681961797
20.199999999999985,0.2673884117361799
20.399999999999984,0.2937288444524447
20.599999999999984,0.32272850982020107
20.799999999999983,0.3548335758314169
20.999999999999982,0.39042489944695097
21.19999999999998,0.4299551463527855
21.39999999999998,0.4739529173759418
21.59999999999998,0.5230421522435593
21.79999999999998,0.5784672405963398
21.99999999999998,0.6405585959046044
22.199999999999978,0.7098676450084478
22.399999999999977,0.7881808011318908
22.599999999999977,0.876732070833785
22.799999999999976,0.9777789167455955
22.999999999999975,1.093434415347706
23.199999999999974,1.22648612807563
23.399999999999974,1.3814128948198319
23.599999999999973,1.5599311795812985
23.799999999999972,1.7682491544035472
23.99999999999997,2.010787587787306
24.19999999999997,2.296292226387971
24.39999999999997,2.633870355507718
24.59999999999997,3.033902370617844
24.79999999999997,3.5093353296658893
24.999999999999968,4.075781637164729
25.199999999999967,4.752046841105616
25.399999999999967,5.560759671573723
25.599999999999966,6.526483384959744
25.799999999999965,7.685005095225777
25.999999999999964,9.074691615042685
26.199999999999964,10.742684087964838
26.399999999999963,12.745632990283926
26.599999999999962,15.15161027906507
26.79999999999996,18.042428262674264
26.99999999999996,21.51640945213217
