mags_ab,pos_errs_mas
16.0,0.3748839170556312
16.2,0.3963979022786949
16.4,0.2752993189918597
16.599999999999998,0.29474390650628884
16.799999999999997,0.3188904568395496
16.999999999999996,0.34380118439597335
17.199999999999996,0.36794036625056575
17.399999999999995,0.39409971733120186
17.599999999999994,0.41724109116310193
17.799999999999994,0.2643396935975051
17.999999999999993,0.28604895929570956
18.199999999999992,0.30987705991938724
18.39999999999999,0.24753706784061444
18.59999999999999,0.26964252702859703
18.79999999999999,0.2936292973447976
18.99999999999999,0.25016587604362156
19.19999999999999,0.2739658634878672
19.399999999999988,0.30018651158953036
19.599999999999987,0.329155147856095
19.799999999999986,0.3610527170269066
19.999999999999986,0.3962784386188969
20.199999999999985,0.4351970926743885
20.399999999999984,0.4782478937603642
20.599999999999984,0.5258168819406948
20.799999999999983,0.578651115556142
20.999999999999982,0.6370458183355046
21.19999999999998,0.7022083610291988
21.39999999999998,0.7749575571002353
21.59999999999998,0.8562453117503225
21.79999999999998,0.9471756119444431
21.99999999999998,1.049140640720329
22.199999999999978,1.163651988683776
22.399999999999977,1.2929050224730676
22.599999999999977,1.439458601463897
22.799999999999976,1.6083659044236418
22.999999999999975,1.7976481614596929
23.199999999999974,2.017162594795079
23.399999999999974,2.2730439927900035
23.599999999999973,2.566983784233023
23.799999999999972,2.913902319745822
23.99999999999997,3.3149049592382176
24.19999999999997,3.7930640023695763
24.39999999999997,4.358620777162907
24.59999999999997,5.017185492922107
24.79999999999997,5.812028687253632
24.999999999999968,6.726845682625556
25.199999999999967,7.847769579751743
25.399999999999967,9.188953815154997
25.599999999999966,10.786528175027263
25.799999999999965,12.710576115348209
25.999999999999964,15.013571714732585
26.199999999999964,17.783354983549483
26.399999999999963,20.970306198209904
26.599999999999962,24.932130923008526
26.79999999999996,29.5220586151885
26.99999999999996,35.205715708271775
