mags_ab,pos_errs_mas
16.0,0.2190468166484295
16.2,0.23815854901675687
16.4,0.16824968327500953
16.599999999999998,0.17792759718682938
16.799999999999997,0.19328727580931104
16.999999999999996,0.20412134680751046
17.199999999999996,0.16221203873692833
17.399999999999995,0.17448177113972788
17.599999999999994,0.18746901181189737
17.799999999999994,0.20281186327175796
17.999999999999993,0.21807702600124587
18.199999999999992,0.16142086577117565
18.39999999999999,0.1760163954279323
18.59999999999999,0.1555642007054833
18.79999999999999,0.16985167258543288
18.99999999999999,0.16405901536282388
19.19999999999999,0.16514471093202152
19.399999999999988,0.17013275393777857
19.599999999999987,0.17787789611741314
19.799999999999986,0.18536178431062714
19.999999999999986,0.20325531675628566
20.199999999999985,0.22303134591243357
20.399999999999984,0.2449095517363377
20.599999999999984,0.2692859853048531
20.799999999999983,0.2963218339727251
20.999999999999982,0.32618490695016533
21.19999999999998,0.3594268874584361
21.39999999999998,0.3965085480709027
21.59999999999998,0.4379905741577888
21.79999999999998,0.4845385894758482
21.99999999999998,0.5369526705171566
22.199999999999978,0.596751884278385
22.399999999999977,0.664721596757081
22.599999999999977,0.7413952094522404
22.799999999999976,0.8291965013239826
22.999999999999975,0.9302324708839153
23.199999999999974,1.0470752796377307
23.399999999999974,1.1828411862216348
23.599999999999973,1.3413522657077424
23.799999999999972,1.5273986928350074
23.99999999999997,1.7483088396411823
24.19999999999997,2.006975458350296
24.39999999999997,2.313706597999728
24.59999999999997,2.6784260067022125
24.79999999999997,3.113157363699233
24.999999999999968,3.6323583488478173
25.199999999999967,4.254357490960544
25.399999999999967,5.000934138290014
25.599999999999966,5.89235693859324
25.799999999999965,6.96180756709458
25.999999999999964,8.245574640517363
26.199999999999964,9.787265172118815
26.399999999999963,11.6392852022876
26.599999999999962,13.864611452477133
26.79999999999996,16.538938972494254
26.99999999999996,19.757782799589982
