mags_ab,pos_errs_mas
16.0,0.2383148019094462
16.2,0.2578067626849359
16.4,0.2794057510489945
16.599999999999998,0.21158011428641785
16.799999999999997,0.2283825492324994
16.999999999999996,0.2482969411945008
17.199999999999996,0.2687382643653541
17.399999999999995,0.2107723928114544
17.599999999999994,0.22934881307127514
17.799999999999994,0.20027633951466942
17.999999999999993,0.21827480667744095
18.199999999999992,0.2379444312082203
18.39999999999999,0.21068349389340527
18.59999999999999,0.22984671784558958
18.79999999999999,0.25077568286676144
18.99999999999999,0.21845984021784937
19.19999999999999,0.23857163146484994
19.399999999999988,0.22427181541129332
19.599999999999987,0.21375441010610924
19.799999999999986,0.2334650746582941
19.999999999999986,0.2559000835010129
20.199999999999985,0.28062005134466106
20.399999999999984,0.3079474978865695
20.599999999999984,0.3381214766726247
20.799999999999983,0.3716089195163693
20.999999999999982,0.40858459383440376
21.19999999999998,0.44966856099741204
21.39999999999998,0.4952585378341284
21.59999999999998,0.5461296010374755
21.79999999999998,0.6028174276640427
21.99999999999998,0.666240448750393
22.199999999999978,0.7383004275785384
22.399999999999977,0.8185517638512515
22.599999999999977,0.9092572942094791
22.799999999999976,1.012390549584859
22.999999999999975,1.1293351076923674
23.199999999999974,1.2638076576007624
23.399999999999974,1.4182413857036202
23.599999999999973,1.597212985802356
23.799999999999972,1.805837470852734
23.99999999999997,2.047820420869203
24.19999999999997,2.331770108124454
24.39999999999997,2.666241496596177
24.59999999999997,3.0616413150488366
24.79999999999997,3.530399006245262
24.999999999999968,4.088074090169245
25.199999999999967,4.752895712513743
25.399999999999967,5.546987094279058
25.599999999999966,6.494072596462206
25.799999999999965,7.624945302723077
25.999999999999964,8.979850783823597
26.199999999999964,10.60411230133358
26.399999999999963,12.559035640249537
26.599999999999962,14.879217197821827
26.79999999999996,17.692915888255314
26.99999999999996,21.05909446595644
