mags_ab,pos_errs_mas
16.0,0.238441469325959
16.2,0.2539600508444288
16.4,0.17788423558577177
16.599999999999998,0.19141151221320987
16.799999999999997,0.20626712999702082
16.999999999999996,0.22241738144792675
17.199999999999996,0.23735387995249993
17.399999999999995,0.19089386018945687
17.599999999999994,0.1835318688469146
17.799999999999994,0.20108254062079628
17.999999999999993,0.220432905417237
18.199999999999992,0.24177399713478132
18.39999999999999,0.2653863385054414
18.59999999999999,0.29132465252745093
18.79999999999999,0.3199861062134026
18.99999999999999,0.35168205587101936
19.19999999999999,0.3867876025287361
19.399999999999988,0.42572837333615
19.599999999999987,0.46900887244943895
19.799999999999986,0.5171974024117968
19.999999999999986,0.570427016106271
20.199999999999985,0.6304135268237404
20.399999999999984,0.6962169192468863
20.599999999999984,0.770652409146621
20.799999999999983,0.8549805055872435
20.999999999999982,0.950561868749039
21.19999999999998,1.059313154175741
21.39999999999998,1.183533642341237
21.59999999999998,1.3250733804040633
21.79999999999998,1.4829830979503256
21.99999999999998,1.6595537505338027
22.199999999999978,1.8700679244326115
22.399999999999977,2.1189064797680657
22.599999999999977,2.4107536376111804
22.799999999999976,2.754178909918346
22.999999999999975,3.1598416424923768
23.199999999999974,3.640637671380286
23.399999999999974,4.19256678638499
23.599999999999973,4.817063177081758
23.799999999999972,5.608248794396384
23.99999999999997,6.553835785311854
24.19999999999997,7.685582862521892
24.39999999999997,9.041670225512673
24.59999999999997,10.667984695626773
24.79999999999997,12.619671691506747
24.999999999999968,14.962992336701749
25.199999999999967,17.71186071552219
25.399999999999967,21.07701921790972
25.599999999999966,25.12076098959314
25.799999999999965,29.980642941608803
25.999999999999964,35.82200240856235
26.199999999999964,42.84358467160141
26.399999999999963,51.28431410711737
26.599999999999962,61.43139117850507
26.79999999999996,73.63010188226498
26.99999999999996,88.29552860581829
