mags_ab,pos_errs_mas
16.0,0.17961886467002677
16.2,0.19040494340801592
16.4,0.20041016197445782
16.599999999999998,0.21497789081273663
16.799999999999997,0.22984930799102973
16.999999999999996,0.1485392475194295
17.199999999999996,0.1561495359971614
17.399999999999995,0.16519142843385154
17.599999999999994,0.13796646141372484
17.799999999999994,0.14815727144755172
17.999999999999993,0.14115299653409208
18.199999999999992,0.1542107974961844
18.39999999999999,0.16856565466042367
18.59999999999999,0.16170105829319753
18.79999999999999,0.1662245645154077
18.99999999999999,0.17087661026558124
19.19999999999999,0.18417741461941436
19.399999999999988,0.20223565789220016
19.599999999999987,0.22226371458592944
19.799999999999986,0.2445114348545756
19.999999999999986,0.2692689023085861
20.199999999999985,0.29699329018484144
20.399999999999984,0.32800641301871375
20.599999999999984,0.36275757343507126
20.799999999999983,0.4017384205376123
20.999999999999982,0.4457586021728748
21.19999999999998,0.49567234659764164
21.39999999999998,0.5525174019832828
21.59999999999998,0.6179073633422824
21.79999999999998,0.6927010180581609
21.99999999999998,0.7797177137139084
22.199999999999978,0.8802942357880975
22.399999999999977,0.997328755177005
22.599999999999977,1.134453685148133
22.799999999999976,1.2957960856563482
22.999999999999975,1.4863591784371557
23.199999999999974,1.7121966639862634
23.399999999999974,1.9816506677862784
23.599999999999973,2.301473723510962
23.799999999999972,2.683306198583021
23.99999999999997,3.1399250400266867
24.19999999999997,3.6866954228908195
24.39999999999997,4.342087218199529
24.59999999999997,5.128296592738104
24.79999999999997,6.071997580173369
24.999999999999968,7.205241926296827
25.199999999999967,8.566547068494557
25.399999999999967,10.202202975291511
25.599999999999966,12.167843642097685
25.799999999999965,14.530339965805348
25.999999999999964,17.37007021508356
26.199999999999964,20.783655220596433
26.399999999999963,24.88724968985978
26.599999999999962,29.8204851226866
26.79999999999996,35.75122923989416
26.99999999999996,42.88128654656632
