mags_ab,pos_errs_mas
16.0,0.28427182408298834
16.2,0.30124838476559473
16.4,0.31926029107482395
16.599999999999998,0.3263006789441294
16.799999999999997,0.33146563948045343
16.999999999999996,0.3334654162084742
17.199999999999996,0.23232864243003845
17.399999999999995,0.2504672747401923
17.599999999999994,0.26901330348342795
17.799999999999994,0.2890591904807244
17.999999999999993,0.2369306206890464
18.199999999999992,0.23338422707948525
18.39999999999999,0.25578107436462044
18.59999999999999,0.2804712194438366
18.79999999999999,0.3077239031894692
18.99999999999999,0.3378761952979725
19.19999999999999,0.3710423619142368
19.399999999999988,0.4079075105766879
19.599999999999987,0.448677554316272
19.799999999999986,0.49402966709008345
19.999999999999986,0.5442939783850312
20.199999999999985,0.6001629774117881
20.399999999999984,0.6629360235554599
20.599999999999984,0.7321379277425024
20.799999999999983,0.8107405928824477
20.999999999999982,0.8982284999562078
21.19999999999998,0.9953278838570011
21.39999999999998,1.1080157426888761
21.59999999999998,1.2326009021491782
21.79999999999998,1.3748039332676059
21.99999999999998,1.5371993647727509
22.199999999999978,1.7244787469957432
22.399999999999977,1.9367649667544184
22.599999999999977,2.185265178843713
22.799999999999976,2.473830291115888
22.999999999999975,2.818626529229874
23.199999999999974,3.213920847680539
23.399999999999974,3.6815521737092523
23.599999999999973,4.245048419984275
23.799999999999972,4.884853082976281
23.99999999999997,5.626163248434917
24.19999999999997,6.527460699298883
24.39999999999997,7.564774075952798
24.59999999999997,8.86918364592779
24.79999999999997,10.375701220168219
24.999999999999968,12.168472593627884
25.199999999999967,14.383417720506229
25.399999999999967,16.919196993225388
25.599999999999966,20.082591358394783
25.799999999999965,23.882744087473533
25.999999999999964,28.448879944448635
26.199999999999964,33.93631357537969
26.399999999999963,40.53173118824939
26.599999999999962,48.459524254624405
26.79999999999996,57.98944509621933
26.99999999999996,69.44575458603494
