mags_ab,pos_errs_mas
16.0,0.17275479086880643
16.2,0.17574196553944738
16.4,0.15148964213674282
16.599999999999998,0.15914573340261662
16.799999999999997,0.14449784655628284
16.999999999999996,0.15465896413279845
17.199999999999996,0.1634623965940066
17.399999999999995,0.17691919002719314
17.599999999999994,0.15247233986508443
17.799999999999994,0.1664857902663234
17.999999999999993,0.15710859694621204
18.199999999999992,0.15757581996782477
18.39999999999999,0.17241217646242235
18.59999999999999,0.17030060394763002
18.79999999999999,0.1862100857499954
18.99999999999999,0.20430694461121243
19.19999999999999,0.22432713582566283
19.399999999999988,0.24649835994591596
19.599999999999987,0.27108746252805543
19.799999999999986,0.2985964082266264
19.999999999999986,0.3291270905837662
20.199999999999985,0.3631012722847652
20.399999999999984,0.4010460284601365
20.599999999999984,0.44361654423569674
20.799999999999983,0.49154134621923035
20.999999999999982,0.5456998714049496
21.19999999999998,0.6075671114341566
21.39999999999998,0.6781461257963094
21.59999999999998,0.758544517857559
21.79999999999998,0.8507887276458522
21.99999999999998,0.9574267224951242
22.199999999999978,1.081308724885423
22.399999999999977,1.2259074166434563
22.599999999999977,1.3954474699153692
22.799999999999976,1.5959981883786107
22.999999999999975,1.8318102903158184
23.199999999999974,2.1113892511126857
23.399999999999974,2.44380677731069
23.599999999999973,2.840000443550182
23.799999999999972,3.313142131766285
23.99999999999997,3.879080024133258
24.19999999999997,4.556774434196131
24.39999999999997,5.369271530816705
24.59999999999997,6.3437697366167916
24.79999999999997,7.513448001092395
24.999999999999968,8.916688234745905
25.199999999999967,10.598644845140377
25.399999999999967,12.624820005265285
25.599999999999966,15.05988834845244
25.799999999999965,17.98662757351014
25.999999999999964,21.504613973338603
26.199999999999964,25.733546543034617
26.399999999999963,30.817324495568542
26.599999999999962,36.896918775847745
26.79999999999996,44.236616991373424
26.99999999999996,53.06055458004463
