mags_ab,pos_errs_mas
16.0,0.2108872445910297
16.2,0.22784411400248736
16.4,0.24566214867623873
16.599999999999998,0.2649530330710972
16.799999999999997,0.2854882910485259
16.999999999999996,0.18440981265142292
17.199999999999996,0.19923466314665023
17.399999999999995,0.21609588221341655
17.599999999999994,0.23396497431130883
17.799999999999994,0.2530760572847441
17.999999999999993,0.18569259684558148
18.199999999999992,0.20231799560042152
18.39999999999999,0.2204538518299154
18.59999999999999,0.24006865811314743
18.79999999999999,0.18807108698882402
18.99999999999999,0.20529316474928813
19.19999999999999,0.1842502133279144
19.399999999999988,0.20139991075949834
19.599999999999987,0.1948574260213306
19.799999999999986,0.1957567073627115
19.999999999999986,0.2012015866000164
20.199999999999985,0.20413043909196413
20.399999999999984,0.22456546873678468
20.599999999999984,0.2473798567064351
20.799999999999983,0.2728756634454537
20.999999999999982,0.3014990770430292
21.19999999999998,0.33370111818806975
21.39999999999998,0.3701352685585377
21.59999999999998,0.4113966518084198
21.79999999999998,0.4584435479220468
21.99999999999998,0.5122946708521212
22.199999999999978,0.5743029706911312
22.399999999999977,0.6458521975297807
22.599999999999977,0.7287921240759555
22.799999999999976,0.8260588263594756
22.999999999999975,0.9394169620064506
23.199999999999974,1.0727862543285756
23.399999999999974,1.2302993944670304
23.599999999999973,1.4169569666732893
23.799999999999972,1.6387993695721057
23.99999999999997,1.9031110127063064
24.19999999999997,2.2186660343830473
24.39999999999997,2.5960231097528044
24.59999999999997,3.0492387066957325
24.79999999999997,3.5908157621480643
24.999999999999968,4.240477523296272
25.199999999999967,5.020263919512754
25.399999999999967,5.95665849421538
25.599999999999966,7.081487584992507
25.799999999999965,8.433000175969658
25.999999999999964,10.057164310788044
26.199999999999964,12.009232679885464
26.399999999999963,14.355621929927079
26.599999999999962,17.17616674738204
26.79999999999996,20.56684005831089
26.99999999999996,24.643013912403127
