mags_ab,pos_errs_mas
16.0,0.20999158250534156
16.2,0.2246351092516255
16.4,0.24246785011042649
16.599999999999998,0.16915627644648717
16.799999999999997,0.18244742596781205
16.999999999999996,0.19699479101424008
17.199999999999996,0.21287347616081898
17.399999999999995,0.2304410350319052
17.599999999999994,0.24834040994903508
17.799999999999994,0.2675342975587891
17.999999999999993,0.28761464574635864
18.199999999999992,0.17084025843482428
18.39999999999999,0.18604147929844897
18.59999999999999,0.20265224167514997
18.79999999999999,0.16778140120967777
18.99999999999999,0.183134978377001
19.19999999999999,0.170901096964548
19.399999999999988,0.18671529663264316
19.599999999999987,0.17414027445252364
19.799999999999986,0.17584749410790623
19.999999999999986,0.18378175056863524
20.199999999999985,0.18932282308963552
20.399999999999984,0.2076910161486049
20.599999999999984,0.22815059544956034
20.799999999999983,0.2507096026720631
20.999999999999982,0.27577034459451405
21.19999999999998,0.3036499923137588
21.39999999999998,0.33472356864992
21.59999999999998,0.36945054473387257
21.79999999999998,0.40832864583256007
21.99999999999998,0.45203490255218187
22.199999999999978,0.5016278349333879
22.399999999999977,0.5575947583467489
22.599999999999977,0.621138281048364
22.799999999999976,0.6942653243529804
22.999999999999975,0.777660503136703
23.199999999999974,0.8738785014697452
23.399999999999974,0.9854356915712106
23.599999999999973,1.1154044603413897
23.799999999999972,1.2675174773585611
23.99999999999997,1.4463001162981077
24.19999999999997,1.6572798208620858
24.39999999999997,1.908369761471496
24.59999999999997,2.2050047707038893
24.79999999999997,2.5581801010746505
24.999999999999968,2.979567487333768
25.199999999999967,3.483151468443616
25.399999999999967,4.085917511356382
25.599999999999966,4.808364469564964
25.799999999999965,5.674845883864778
25.999999999999964,6.713602618570044
26.199999999999964,7.961037257713903
26.399999999999963,9.459689326338852
26.599999999999962,11.260250844743583
26.79999999999996,13.423961547220866
26.99999999999996,16.02442409444989
