mags_ab,pos_errs_mas
16.0,0.17272475070254123
16.2,0.1757100018487928
16.4,0.15144918504345994
16.599999999999998,0.1590972192192034
16.799999999999997,0.14317665927345985
16.999999999999996,0.15458633330827407
17.199999999999996,0.16313813608810898
17.399999999999995,0.1768094049792142
17.599999999999994,0.15232811598017656
17.799999999999994,0.1662966638126084
17.999999999999993,0.15685313917558338
18.199999999999992,0.1572314512101559
18.39999999999999,0.1719664032636729
18.59999999999999,0.1696808846588507
18.79999999999999,0.18539509492184603
18.99999999999999,0.20323639534332025
19.19999999999999,0.22292089934244505
19.399999999999988,0.2446523720803387
19.599999999999987,0.268663095179022
19.799999999999986,0.2954113319568421
19.999999999999986,0.3249842475413912
20.199999999999985,0.3576079385773914
20.399999999999984,0.3938534499354214
20.599999999999984,0.4342095109503259
20.799999999999983,0.4792541162517509
20.999999999999982,0.5296751996115328
21.19999999999998,0.5867076811990664
21.39999999999998,0.6509791559693107
21.59999999999998,0.7232920424102648
21.79999999999998,0.8052005800831715
21.99999999999998,0.8986270068389731
22.199999999999978,1.005706376210885
22.399999999999977,1.1288465296132792
22.599999999999977,1.2711752196719848
22.799999999999976,1.437760149188056
22.999999999999975,1.6312523405257735
23.199999999999974,1.8582941701118614
23.399999999999974,2.125794903322309
23.599999999999973,2.442124684220621
23.799999999999972,2.8174044693004094
23.99999999999997,3.26006128314877
24.19999999999997,3.7902853715166414
24.39999999999997,4.423610598907748
24.59999999999997,5.18126470824559
24.79999999999997,6.088773190756581
24.999999999999968,7.176815416663887
25.199999999999967,8.482260532948336
25.399999999999967,10.044878142615152
25.599999999999966,11.92479195704477
25.799999999999965,14.183159151394188
25.999999999999964,16.896777963591862
26.199999999999964,20.157951237506598
26.399999999999963,24.07762731235687
26.599999999999962,28.78916560927012
26.79999999999996,34.45287968943782
26.99999999999996,41.26148043115951
