mags_ab,pos_errs_mas
16.0,0.2086091908540611
16.2,0.22658596256302033
16.4,0.2415839075407429
16.599999999999998,0.25968943481920514
16.799999999999997,0.16905141008026392
16.999999999999996,0.1831012254397358
17.199999999999996,0.19696830566370196
17.399999999999995,0.2130746381540796
17.599999999999994,0.2305151173743371
17.799999999999994,0.16925175032235584
17.999999999999993,0.18435457962646656
18.199999999999992,0.2008478406611264
18.39999999999999,0.21868606723491074
18.59999999999999,0.17269693099900563
18.79999999999999,0.1884509083480418
18.99999999999999,0.17041174796425695
19.19999999999999,0.18615456065106703
19.399999999999988,0.18116725935403583
19.599999999999987,0.18282885672407356
19.799999999999986,0.1826308874643199
19.999999999999986,0.19514204693256318
20.199999999999985,0.2141352793015282
20.399999999999984,0.23522781913667018
20.599999999999984,0.2585192902207458
20.799999999999983,0.2843898431369267
20.999999999999982,0.3131848886553307
21.19999999999998,0.3452675468120527
21.39999999999998,0.38109191962896094
21.59999999999998,0.421239666675469
21.79999999999998,0.4664421588536194
21.99999999999998,0.5175751175711798
22.199999999999978,0.5752461440528539
22.399999999999977,0.64133038835828
22.599999999999977,0.7163159174213977
22.799999999999976,0.8024169545389779
22.999999999999975,0.9017658053908421
23.199999999999974,1.0169618363130428
23.399999999999974,1.1511516509602544
23.599999999999973,1.3082210597021657
23.799999999999972,1.4928169824359228
23.99999999999997,1.7115955795999303
24.19999999999997,1.9690618959750101
24.39999999999997,2.2741155128371475
24.59999999999997,2.638305558183302
24.79999999999997,3.0720526721246983
24.999999999999968,3.5912767184129115
25.199999999999967,4.212804329534389
25.399999999999967,4.950220902000595
25.599999999999966,5.841236186070705
25.799999999999965,6.910541931465846
25.999999999999964,8.194444481599303
26.199999999999964,9.73657192282658
26.399999999999963,11.589358159316541
26.599999999999962,13.815816236327496
26.79999999999996,16.491686134844294
26.99999999999996,19.70800347857194
