mags_ab,pos_errs_mas
16.0,0.37473540118909865
16.2,0.4013004124505007
16.4,0.2743486238549119
16.599999999999998,0.295447028941836
16.799999999999997,0.3207901165157628
16.999999999999996,0.34760240199287595
17.199999999999996,0.26357256117992545
17.399999999999995,0.2856440315825353
17.599999999999994,0.3093626714207482
17.799999999999994,0.33552005092319664
17.999999999999993,0.25171086835276396
18.199999999999992,0.2741851661120719
18.39999999999999,0.298237019355209
18.59999999999999,0.24311676249336267
18.79999999999999,0.26510379750111895
18.99999999999999,0.24112609653404213
19.19999999999999,0.23340215405456677
19.399999999999988,0.25489701011865257
19.599999999999987,0.2551412677223259
19.799999999999986,0.24694650441839108
19.999999999999986,0.2564378509786857
20.199999999999985,0.2811173972696603
20.399999999999984,0.3084165561536774
20.599999999999984,0.33871146370401645
20.799999999999983,0.37221558756299555
20.999999999999982,0.4093881866896391
21.19999999999998,0.4507480734327632
21.39999999999998,0.4967818304990713
21.59999999999998,0.5482462329364249
21.79999999999998,0.605809293542912
21.99999999999998,0.6704862409722229
22.199999999999978,0.7433973999416713
22.399999999999977,0.8258572501851388
22.599999999999977,0.9200392670470606
22.799999999999976,1.0268666878535964
22.999999999999975,1.1493670242969054
23.199999999999974,1.2898172102404761
23.399999999999974,1.4529672362057937
23.599999999999973,1.642774795673758
23.799999999999972,1.8637771383144341
23.99999999999997,2.1240415353306488
24.19999999999997,2.429733364248586
24.39999999999997,2.791232153481491
24.59999999999997,3.2180972344533956
24.79999999999997,3.7274757204627194
24.999999999999968,4.334816598434663
25.199999999999967,5.060342800482615
25.399999999999967,5.928382516685539
25.599999999999966,6.968187498054361
25.799999999999965,8.21491802170987
25.999999999999964,9.710824855676904
26.199999999999964,11.506680005385425
26.399999999999963,13.663497848288037
26.599999999999962,16.237336567944386
26.79999999999996,19.344737511965175
26.99999999999996,23.079163714832234
