mags_ab,pos_errs_mas
16.0,0.26090235704777087
16.2,0.15475244786049105
16.4,0.167897938113318
16.599999999999998,0.17742866330569895
16.799999999999997,0.14539092786529198
16.999999999999996,0.15852484156100452
17.199999999999996,0.1642252992690422
17.399999999999995,0.1753835969442646
17.599999999999994,0.14531350740385246
17.799999999999994,0.15620325403137272
17.999999999999993,0.1445560633973425
18.199999999999992,0.15791654479569683
18.39999999999999,0.17257612845634895
18.59999999999999,0.16263627669493502
18.79999999999999,0.16606193316007353
18.99999999999999,0.16967416242654296
19.19999999999999,0.1794783380312775
19.399999999999988,0.19705896196329245
19.599999999999987,0.21655927122939833
19.799999999999986,0.2382233271436349
19.999999999999986,0.26233268626003875
20.199999999999985,0.28922598102175234
20.399999999999984,0.3196173878806112
20.599999999999984,0.3534489494086289
20.799999999999983,0.3915297489764391
20.999999999999982,0.43442687344572417
21.19999999999998,0.48306887599817283
21.39999999999998,0.5384677294459737
21.59999999999998,0.6018557773856379
21.79999999999998,0.6752051042938192
21.99999999999998,0.7597579105377632
22.199999999999978,0.8586632240024538
22.399999999999977,0.972799431953905
22.599999999999977,1.1065263390721964
22.799999999999976,1.2638681617587362
22.999999999999975,1.4497034930143535
23.199999999999974,1.6699352920994213
23.399999999999974,1.9333867993948075
23.599999999999973,2.2453086665819897
23.799999999999972,2.6176999560330656
23.99999999999997,3.0630207007140022
24.19999999999997,3.5962550623468
24.39999999999997,4.235414981566181
24.59999999999997,5.002146350005148
24.79999999999997,5.922461930356567
24.999999999999968,7.027618874286216
25.199999999999967,8.355179711299533
25.399999999999967,9.9502867733079
25.599999999999966,11.867194714944489
25.799999999999965,14.171116446497996
25.999999999999964,16.94043730091114
26.199999999999964,20.269382398518484
26.399999999999963,24.271226349863326
26.599999999999962,29.082138399021947
26.79999999999996,34.86582383708977
26.99999999999996,41.81908321235946
