mags_ab,pos_errs_mas
16.0,inf
16.2,inf
16.4,0.25928713953980326
16.599999999999998,0.2840309457335738
16.799999999999997,0.3047740277566816
16.999999999999996,0.21224391386641892
17.199999999999996,0.2249540328526006
17.399999999999995,0.24279550161863736
17.599999999999994,0.264090826734305
17.799999999999994,0.2807718219495744
17.999999999999993,0.3012877975429107
18.199999999999992,0.3247729972770717
18.39999999999999,0.18639198345614288
18.59999999999999,0.2026001309874078
18.79999999999999,0.21633144568315357
18.99999999999999,0.16960598432070914
19.19999999999999,0.18350140513089763
19.399999999999988,0.1988470947520366
19.599999999999987,0.2161302568152737
19.799999999999986,0.17764394586201265
19.999999999999986,0.19397098655094605
20.199999999999985,0.17752982531378628
20.399999999999984,0.19414480394835024
20.599999999999984,0.21241969274953992
20.799999999999983,0.19649187301938184
20.999999999999982,0.198732691091536
21.19999999999998,0.20092273601499033
21.39999999999998,0.21180162488190696
21.59999999999998,0.23384158298708213
21.79999999999998,0.2586705435696288
21.99999999999998,0.28679203320627206
22.199999999999978,0.3188427124068071
22.399999999999977,0.35517241903116753
22.599999999999977,0.3967599444611548
22.799999999999976,0.44460038302401683
22.999999999999975,0.49988883334441087
23.199999999999974,0.5641076031768442
23.399999999999974,0.6391522577278494
23.599999999999973,0.7273082180989207
23.799999999999972,0.8307490812321633
23.99999999999997,0.9531841106120775
24.19999999999997,1.0987607356185662
24.39999999999997,1.2710469841989016
24.59999999999997,1.4769280918349872
24.79999999999997,1.7242457490960714
24.999999999999968,2.0178498881843816
25.199999999999967,2.3694449670814213
25.399999999999967,2.7909094300865953
25.599999999999966,3.29651912235543
25.799999999999965,3.903428371437555
25.999999999999964,4.6322514831425
26.199999999999964,5.507760709772122
26.399999999999963,6.559727725783828
26.599999999999962,7.8239336973936116
26.79999999999996,9.348300730302771
26.99999999999996,11.175342472267806
