mags_ab,pos_errs_mas
16.0,inf
16.2,inf
16.4,0.259560771590937
16.599999999999998,0.2842090209023422
16.799999999999997,0.300963409727891
16.999999999999996,0.20957489074145189
17.199999999999996,0.22462103400963002
17.399999999999995,0.23875623080191571
17.599999999999994,0.2558380520099445
17.799999999999994,0.2741157763835458
17.999999999999993,0.29047615311468483
18.199999999999992,0.18789088743549137
18.39999999999999,0.20333402067336576
18.59999999999999,0.22038892349409203
18.79999999999999,0.23848909179401187
18.99999999999999,0.1979289910142865
19.19999999999999,0.21585295841260266
19.399999999999988,0.20459521671729777
19.599999999999987,0.21027819540726334
19.799999999999986,0.23060764539260786
19.999999999999986,0.2531111995670535
20.199999999999985,0.27807883066878986
20.399999999999984,0.30561746905516257
20.599999999999984,0.33615370725144755
20.799999999999983,0.3700737321350819
20.999999999999982,0.40783051612561133
21.19999999999998,0.4499646181751872
21.39999999999998,0.4971117781122814
21.59999999999998,0.5500204364870208
21.79999999999998,0.6094764840798933
21.99999999999998,0.6771150288865598
22.199999999999978,0.7532695590051619
22.399999999999977,0.8401154502036766
22.599999999999977,0.9394902971319355
22.799999999999976,1.0538784275241433
22.999999999999975,1.1853943900579464
23.199999999999974,1.3370965152319234
23.399999999999974,1.5145465223948902
23.599999999999973,1.7233306067717316
23.799999999999972,1.9687815076015653
23.99999999999997,2.2587195924854098
24.19999999999997,2.588853070078591
24.39999999999997,2.9932367032095244
24.59999999999997,3.4749218408211853
24.79999999999997,4.049884717330979
24.999999999999968,4.737351089800884
25.199999999999967,5.560442521675869
25.399999999999967,6.546952967731135
25.599999999999966,7.730286584550637
25.799999999999965,9.150582836163352
25.999999999999964,10.85607691717266
26.199999999999964,12.876765123775577
26.399999999999963,15.33093337587248
26.599999999999962,18.280133176215635
26.79999999999996,21.824692715785194
26.99999999999996,26.085203792185983
