mags_ab,pos_errs_mas
16.0,0.2225935877722965
16.2,0.2364923846682942
16.4,0.16287830429150946
16.599999999999998,0.17690070141667769
16.799999999999997,0.19201514221918672
16.999999999999996,0.17600621479418724
17.199999999999996,0.17667935417592345
17.399999999999995,0.1935182829932182
17.599999999999994,0.21205790350686607
17.799999999999994,0.2324738875191834
17.999999999999993,0.25496533067955457
18.199999999999992,0.2797520177710192
18.39999999999999,0.3071733492072013
18.59999999999999,0.3372777053109462
18.79999999999999,0.3705167364965961
18.99999999999999,0.40725749361789026
19.19999999999999,0.4479233142163019
19.399999999999988,0.4929907418394309
19.599999999999987,0.5430538055423316
19.799999999999986,0.5986750566418989
19.999999999999986,0.660372438479214
20.199999999999985,0.7286461454157326
20.399999999999984,0.8046792352398776
20.599999999999984,0.8908956648111385
20.799999999999983,0.9880209464537584
20.999999999999982,1.09797446927036
21.19999999999998,1.2222236064106844
21.39999999999998,1.364166962743629
21.59999999999998,1.5141544199367725
21.79999999999998,1.6913617451497338
21.99999999999998,1.9006293271786578
22.199999999999978,2.1432278859998073
22.399999999999977,2.425793755843785
22.599999999999977,2.756438120898206
22.799999999999976,3.144296866356089
22.999999999999975,3.5546585594237974
23.199999999999974,4.069029684774431
23.399999999999974,4.68773177941103
23.599999999999973,5.363466284086407
23.799999999999972,6.2255260292762555
23.99999999999997,7.254726709407662
24.19999999999997,8.485239542475336
24.39999999999997,9.909030304728425
24.59999999999997,11.661321806425049
24.79999999999997,13.7629650018525
24.999999999999968,16.039490136945435
25.199999999999967,18.903589400043817
25.399999999999967,22.438504100118752
25.599999999999966,26.68496986275908
25.799999999999965,31.78739259314668
25.999999999999964,37.919327358968765
26.199999999999964,45.28938025864559
26.399999999999963,53.81910582611305
26.599999999999962,64.38713626682492
26.79999999999996,77.09126531690025
26.99999999999996,92.36376399846621
