mags_ab,pos_errs_mas
16.0,0.3748019294840681
16.2,0.399372955189072
16.4,0.27315423598738886
16.599999999999998,0.29527609563693513
16.799999999999997,0.3200742059293306
16.999999999999996,0.34745012401891867
17.199999999999996,0.26471664940092676
17.399999999999995,0.2877131071547042
17.599999999999994,0.23931144241566316
17.799999999999994,0.2605529993930922
17.999999999999993,0.2835039877800552
18.199999999999992,0.24575018965915976
18.39999999999999,0.2678298528799172
18.59999999999999,0.25081955023512204
18.79999999999999,0.25005266897109185
18.99999999999999,0.24837952843941596
19.19999999999999,0.2591451386007529
19.399999999999988,0.2841073925624008
19.599999999999987,0.31172067187643604
19.799999999999986,0.3423801802355205
19.999999999999986,0.3762709529677757
20.199999999999985,0.413868612349657
20.399999999999984,0.455698624503002
20.599999999999984,0.5022590683569661
20.799999999999983,0.5543035796605924
20.999999999999982,0.6125115644052822
21.19999999999998,0.6778096184503163
21.39999999999998,0.7515725053057336
21.59999999999998,0.8345655499873001
21.79999999999998,0.9300681824325545
21.99999999999998,1.0378587866857414
22.199999999999978,1.1609892160306627
22.399999999999977,1.3026329022827163
22.599999999999977,1.4669118645124852
22.799999999999976,1.6570304633266817
22.999999999999975,1.8797987447485456
23.199999999999974,2.1409545174102385
23.399999999999974,2.44749338292687
23.599999999999973,2.807632801289351
23.799999999999972,3.2362581481891888
23.99999999999997,3.745903847531503
24.19999999999997,4.35334116140831
24.39999999999997,5.078766387690513
24.59999999999997,5.946479800942447
24.79999999999997,6.985701368745654
24.999999999999968,8.231553184187527
25.199999999999967,9.726244275710101
25.399999999999967,11.520494143146477
25.599999999999966,13.655711237522393
25.799999999999965,16.23660571350172
25.999999999999964,19.33765757129406
26.199999999999964,23.064344270111683
26.399999999999963,27.54345069305669
26.599999999999962,32.92736451028539
26.79999999999996,39.3992780152265
26.99999999999996,47.17939904206142
