mags_ab,pos_errs_mas
16.0,0.16557584692827512
16.2,0.14735015395324472
16.4,0.1549487466725624
16.599999999999998,0.14376445832978035
16.799999999999997,0.15680914629519982
16.999999999999996,0.1575343930370496
17.199999999999996,0.16289471553281154
17.399999999999995,0.171303350979066
17.599999999999994,0.17659679648874338
17.799999999999994,0.1938958616446332
17.999999999999993,0.21315413137697567
18.199999999999992,0.23449347202546988
18.39999999999999,0.2582551938348694
18.59999999999999,0.28477477172696164
18.79999999999999,0.3144477406633986
18.99999999999999,0.3477508803183273
19.19999999999999,0.3855301963526172
19.399999999999988,0.42803203951136026
19.599999999999987,0.47615073573155803
19.799999999999986,0.5310439338707752
19.999999999999986,0.5940009890895764
20.199999999999985,0.666634159413194
20.399999999999984,0.7502058921541072
20.599999999999984,0.8473096262855455
20.799999999999983,0.9606709690720892
20.999999999999982,1.093850507448155
21.19999999999998,1.2510927326100867
21.39999999999998,1.4359603495417055
21.59999999999998,1.65514911386179
21.79999999999998,1.9157719483422273
21.99999999999998,2.2264057818362812
22.199999999999978,2.5981410280718396
22.399999999999977,3.0417547649771697
22.599999999999977,3.5730380443329235
22.799999999999976,4.209945078859293
22.999999999999975,4.974053093186601
23.199999999999974,5.891289993459521
23.399999999999974,6.992813687083752
23.599999999999973,8.316065683850548
23.799999999999972,9.906044531779843
23.99999999999997,11.81683135977455
24.19999999999997,14.113432707456134
24.39999999999997,16.87398638382005
24.59999999999997,20.19242003634395
24.79999999999997,24.181649492852095
24.999999999999968,28.977416380766005
25.199999999999967,34.74290931690105
25.399999999999967,41.674315787667446
25.599999999999966,50.00749482944321
25.799999999999965,60.02601559733046
25.999999999999964,72.07078463633368
26.199999999999964,86.55165801390467
26.399999999999963,103.9614066845861
26.599999999999962,124.89244655401225
26.79999999999996,150.0570223962388
26.99999999999996,180.31142476502612
