mags_ab,pos_errs_mas
16.0,0.23766218155973876
16.2,0.2569959214596458
16.4,0.2786944536228448
16.599999999999998,0.21170402348707676
16.799999999999997,0.22962749225851525
16.999999999999996,0.24948503305578304
17.199999999999996,0.2702807392384278
17.399999999999995,0.2156215451212377
17.599999999999994,0.2345486222839778
17.799999999999994,0.25533321137980536
17.999999999999993,0.20928943547571355
18.199999999999992,0.2280855369739883
18.39999999999999,0.21444083963193497
18.59999999999999,0.21365350078422726
18.79999999999999,0.21549952669484745
18.99999999999999,0.2320134560915117
19.19999999999999,0.2542001315556226
19.399999999999988,0.27861616377383236
19.599999999999987,0.3055375132081
19.799999999999986,0.3352296391085399
19.999999999999986,0.36805550532715997
20.199999999999985,0.4042444159122074
20.399999999999984,0.44430105318865354
20.599999999999984,0.48860639822050306
20.799999999999983,0.5377804112297259
20.999999999999982,0.5922172973618025
21.19999999999998,0.6528983622124516
21.39999999999998,0.7212313429903332
21.59999999999998,0.796623266771477
21.79999999999998,0.8813860881915434
21.99999999999998,0.9753568778949808
22.199999999999978,1.0824684233200546
22.399999999999977,1.2030099674481567
22.599999999999977,1.3392994243804506
22.799999999999976,1.496123362170498
22.999999999999975,1.6748733286800688
23.199999999999974,1.8811540453472784
23.399999999999974,2.118440967159535
23.599999999999973,2.391782349173545
23.799999999999972,2.7147052872772663
23.99999999999997,3.0900678889935653
24.19999999999997,3.5311714479001113
24.39999999999997,4.056492358387302
24.59999999999997,4.679689457146933
24.79999999999997,5.405741619501643
24.999999999999968,6.282823678407751
25.199999999999967,7.330291136417504
25.399999999999967,8.583234884132544
25.599999999999966,10.083849954502345
25.799999999999965,11.882854519689298
25.999999999999964,14.041198403608552
26.199999999999964,16.632123668075224
26.399999999999963,19.696219494632142
26.599999999999962,23.41974747154838
26.79999999999996,27.893741765886663
26.99999999999996,33.270376142546404
