mags_ab,pos_errs_mas
16.0,0.3757115157859769
16.2,0.4031652531192424
16.4,0.27340784248032546
16.599999999999998,0.29693573333698015
16.799999999999997,0.3215069075522572
16.999999999999996,0.3495856646771664
17.199999999999996,0.3750380190389695
17.399999999999995,0.4052474975738027
17.599999999999994,0.2621895509172086
17.799999999999994,0.28308586714642664
17.999999999999993,0.30619615032834924
18.199999999999992,0.3319559662184578
18.39999999999999,0.24227530697409194
18.59999999999999,0.2635243399101481
18.79999999999999,0.2870228618293167
18.99999999999999,0.3124321408955135
19.19999999999999,0.24310822913516889
19.399999999999988,0.26517509717809723
19.599999999999987,0.23634166212434535
19.799999999999986,0.25805091733809427
19.999999999999986,0.24789119640948934
20.199999999999985,0.24733816457760327
20.399999999999984,0.2524333369447491
20.599999999999984,0.2584020798149634
20.799999999999983,0.28329121424347936
20.999999999999982,0.3108246299482825
21.19999999999998,0.34138532672937794
21.39999999999998,0.3751947187186302
21.59999999999998,0.41271072311851026
21.79999999999998,0.4544748233437399
21.99999999999998,0.500964042583986
22.199999999999978,0.5529725152777777
22.399999999999977,0.6111628894758555
22.599999999999977,0.6765751770455937
22.799999999999976,0.7504232408423112
22.999999999999975,0.834708472217809
23.199999999999974,0.9295122740962243
23.399999999999974,1.0379467372272235
23.599999999999973,1.1623990091059015
23.799999999999972,1.3056737276030705
23.99999999999997,1.4716184820564686
24.19999999999997,1.6650816720646118
24.39999999999997,1.8908532343221933
24.59999999999997,2.1579615934332343
24.79999999999997,2.470117736933926
24.999999999999968,2.8402654814717345
25.199999999999967,3.2784090677209
25.399999999999967,3.8008518256794326
25.599999999999966,4.424061966355817
25.799999999999965,5.168829175647507
25.999999999999964,6.0601587946071644
26.199999999999964,7.128114025423642
26.399999999999963,8.408828968753129
26.599999999999962,9.945723231052597
26.79999999999996,11.790975090328258
26.99999999999996,14.0072828294657
