mags_ab,pos_errs_mas
16.0,0.21595965563476352
16.2,0.16636265012959106
16.4,0.17905525494873695
16.599999999999998,0.19075786736874653
16.799999999999997,0.16000630723233544
16.999999999999996,0.1736584822920341
17.199999999999996,0.1890492386946479
17.399999999999995,0.16659543956773595
17.599999999999994,0.18166615670616584
17.799999999999994,0.16593918181837047
17.999999999999993,0.18119410594780996
18.199999999999992,0.17692438050805914
18.39999999999999,0.17800653290024931
18.59999999999999,0.18988746827318212
18.79999999999999,0.20812627499294303
18.99999999999999,0.22824897956532209
19.19999999999999,0.2504628750767277
19.399999999999988,0.27519082219662705
19.599999999999987,0.3024088080847021
19.799999999999986,0.33243120900549394
19.999999999999986,0.3657070084160501
20.199999999999985,0.4026557909247505
20.399999999999984,0.4437670373243259
20.599999999999984,0.48961768763939206
20.799999999999983,0.5410909162189869
20.999999999999982,0.59927879420771
21.19999999999998,0.6638286730420467
21.39999999999998,0.7366676244120939
21.59999999999998,0.8192343643053362
21.79999999999998,0.9123028526250989
21.99999999999998,1.0193721561462936
22.199999999999978,1.1423160468734184
22.399999999999977,1.2842714240713267
22.599999999999977,1.4497091226625594
22.799999999999976,1.6412818478858873
22.999999999999975,1.8655321859751381
23.199999999999974,2.124381160779039
23.399999999999974,2.431313381290765
23.599999999999973,2.796167762673673
23.799999999999972,3.2293423207556224
23.99999999999997,3.7449918344178363
24.19999999999997,4.3601727001075306
24.39999999999997,5.095415607996144
24.59999999999997,5.9754146901861525
24.79999999999997,7.021299276828484
24.999999999999968,8.282043352596881
25.199999999999967,9.794938316062877
25.399999999999967,11.611343976656563
25.599999999999966,13.792979455711155
25.799999999999965,16.41401601807715
25.999999999999964,19.563592537148295
26.199999999999964,23.34884691367626
26.399999999999963,27.89856419304969
26.599999999999962,33.3675390668645
26.79999999999996,39.94186189196102
26.99999999999996,47.84522989925884
