mags_ab,pos_errs_mas
16.0,0.24044237683621986
16.2,0.2549675194231514
16.4,0.26095303670622483
16.599999999999998,0.2655493880686466
16.799999999999997,0.18688550134002824
16.999999999999996,0.20221422997769742
17.199999999999996,0.21670452041085372
17.399999999999995,0.2324390144328834
17.599999999999994,0.24933593424127837
17.799999999999994,0.1869672369674915
17.999999999999993,0.20492582532561682
18.199999999999992,0.22476447866075336
18.39999999999999,0.24666080854551653
18.59999999999999,0.27084842090570593
18.79999999999999,0.2975715299432794
18.99999999999999,0.3271999401801216
19.19999999999999,0.36012025918588836
19.399999999999988,0.39673645052834705
19.599999999999987,0.43755384108801804
19.799999999999986,0.4824557943055887
19.999999999999986,0.5332149535395214
20.199999999999985,0.5902023387804191
20.399999999999984,0.6543756029447304
20.599999999999984,0.726346566880422
20.799999999999983,0.8069449946939429
20.999999999999982,0.9002208142201694
21.19999999999998,1.005721214529963
21.39999999999998,1.1282668437479835
21.59999999999998,1.2699705481280643
21.79999999999998,1.4186857177654069
21.99999999999998,1.6052505799233292
22.199999999999978,1.823396682796457
22.399999999999977,2.079470932709775
22.599999999999977,2.3814279418745983
22.799999999999976,2.7344983307660073
22.999999999999975,3.1452430351388636
23.199999999999974,3.6463860983057805
23.399999999999974,4.234527579676813
23.599999999999973,4.946505854150101
23.799999999999972,5.798534186922728
23.99999999999997,6.687091755823173
24.19999999999997,7.878626853623105
24.39999999999997,9.308104525902086
24.59999999999997,11.024028201000613
24.79999999999997,13.084685715838786
24.999999999999968,15.560119338266764
25.199999999999967,18.53450750171319
25.399999999999967,22.109022797870555
25.599999999999966,26.40526739929837
25.799999999999965,31.569416475157897
25.999999999999964,37.777180735065684
26.199999999999964,45.04423309957585
26.399999999999963,53.97324123587544
26.599999999999962,64.70770499954192
26.79999999999996,77.6128998400986
26.99999999999996,93.12795126023367
