mags_ab,pos_errs_mas
16.0,inf
16.2,0.3104770155458048
16.4,0.3268035792766637
16.599999999999998,0.34427572819526986
16.799999999999997,0.36258537131049995
16.999999999999996,0.38146719292304143
17.199999999999996,0.38255500208504106
17.399999999999995,0.3784247235677178
17.599999999999994,0.27971136091508897
17.799999999999994,0.3012114610190261
17.999999999999993,0.27020975139503306
18.199999999999992,0.2962371126972345
18.39999999999999,0.3250001276126965
18.59999999999999,0.35662724618196806
18.79999999999999,0.3917887994018338
18.99999999999999,0.43074529647950804
19.19999999999999,0.4738026756967047
19.399999999999988,0.5213327560660715
19.599999999999987,0.5746775105508831
19.799999999999986,0.6332460118932909
19.999999999999986,0.6990486729557389
20.199999999999985,0.7732493227579803
20.399999999999984,0.8541427704913397
20.599999999999984,0.9468976721624026
20.799999999999983,1.0524755147265532
20.999999999999982,1.1674116535644161
21.19999999999998,1.3029282717769632
21.39999999999998,1.4534509168292293
21.59999999999998,1.6279374870789658
21.79999999999998,1.8194094431612073
21.99999999999998,2.0448152059633067
22.199999999999978,2.3007886144192358
22.399999999999977,2.611490026485608
22.599999999999977,2.9666478501360745
22.799999999999976,3.384818005908468
22.999999999999975,3.8629938430052486
23.199999999999974,4.452064460308255
23.399999999999974,5.134388361811774
23.599999999999973,5.964001976074822
23.799999999999972,6.841952820923875
23.99999999999997,7.995817389619169
24.19999999999997,9.37686548032995
24.39999999999997,10.978312396443032
24.59999999999997,12.949285068398588
24.79999999999997,15.314443953823087
24.999999999999968,18.023400447100798
25.199999999999967,21.402093575908363
25.399999999999967,25.461099720280156
25.599999999999966,30.338456095394456
25.799999999999965,36.20007554882557
25.999999999999964,43.24536947965985
26.199999999999964,51.399635385891166
26.399999999999963,61.50391226108327
26.599999999999962,73.65064623447293
26.79999999999996,88.25316477517445
26.99999999999996,105.80833856861379
