mags_ab,pos_errs_mas
16.0,0.2339384677964711
16.2,0.24773394984127792
16.4,0.2524646859234307
16.599999999999998,0.1700899892823145
16.799999999999997,0.18343832053447476
16.999999999999996,0.1982170924162892
17.199999999999996,0.21256089666942257
17.399999999999995,0.18217885721512403
17.599999999999994,0.1833702416230263
17.799999999999994,0.20090487447364022
17.999999999999993,0.22023819165800987
18.199999999999992,0.24155985766707172
18.39999999999999,0.2650752387141963
18.59999999999999,0.2909251112297945
18.79999999999999,0.3195367282263165
18.99999999999999,0.35117239259124494
19.19999999999999,0.3862096609367888
19.399999999999988,0.42506940755835954
19.599999999999987,0.46823312100349496
19.799999999999986,0.5163204525559768
19.999999999999986,0.5689622879568644
20.199999999999985,0.6284824580793467
20.399999999999984,0.6935146078983736
20.599999999999984,0.7672418781026507
20.799999999999983,0.8508353412499662
20.999999999999982,0.9454612709215142
21.19999999999998,1.053082983732033
21.39999999999998,1.1757913792065402
21.59999999999998,1.314613328841111
21.79999999999998,1.4580892539988533
21.99999999999998,1.6314640696483191
22.199999999999978,1.8386486878527812
22.399999999999977,2.0801641233908406
22.599999999999977,2.3626348803300545
22.799999999999976,2.694371052697431
22.999999999999975,3.084878976744342
23.199999999999974,3.5099885969183253
23.399999999999974,4.031262035681537
23.599999999999973,4.63003022719052
23.799999999999972,5.323256645073671
23.99999999999997,6.179587086836108
24.19999999999997,7.2208788067983685
24.39999999999997,8.470312220644542
24.59999999999997,9.967542772708024
24.79999999999997,11.763247100167442
24.999999999999968,13.828036721791898
25.199999999999967,16.117762099930612
25.399999999999967,19.020452901479104
25.599999999999966,22.615626438576072
25.799999999999965,26.93538274786705
25.999999999999964,32.12665073188424
26.199999999999964,38.36603301292647
26.399999999999963,45.86582061753144
26.599999999999962,54.88118543816021
26.79999999999996,65.71889444689943
26.99999999999996,78.21078017990335
