mags_ab,pos_errs_mas
16.0,0.3747953945668568
16.2,0.40056973943116875
16.4,0.2729015219560361
16.599999999999998,0.29641456524424825
16.799999999999997,0.32066468153759137
16.999999999999996,0.3478137704578227
17.199999999999996,0.26340144847479785
17.399999999999995,0.2860499630640528
17.599999999999994,0.23562506974934486
17.799999999999994,0.2563720389528931
17.999999999999993,0.2790525120366954
18.199999999999992,0.23899238099327194
18.39999999999999,0.26043281582054356
18.59999999999999,0.23671005766159328
18.79999999999999,0.25827730316458225
18.99999999999999,0.24848777627838264
19.19999999999999,0.2477592386256589
19.399999999999988,0.2524507688005227
19.599999999999987,0.2469410697416661
19.799999999999986,0.2693983848879049
19.999999999999986,0.2953048203202829
20.199999999999985,0.3240152955589944
20.399999999999984,0.35567721741014635
20.599999999999984,0.3906935327822945
20.799999999999983,0.42949193757909065
20.999999999999982,0.47258863462633527
21.19999999999998,0.5205128094476188
21.39999999999998,0.5738164887604303
21.59999999999998,0.6332829754985365
21.79999999999998,0.7000454954161747
21.99999999999998,0.7746536258380762
22.199999999999978,0.8598518892331024
22.399999999999977,0.9549674122017
22.599999999999977,1.0628989909558855
22.799999999999976,1.186164583139253
22.999999999999975,1.3274619858112968
23.199999999999974,1.4895946857812887
23.399999999999974,1.6769917652700883
23.599999999999973,1.8953170394300278
23.799999999999972,2.151639115006257
23.99999999999997,2.448741175485181
24.19999999999997,2.799638728214958
24.39999999999997,3.214400451268418
24.59999999999997,3.706261803187605
24.79999999999997,4.291202642013842
24.999999999999968,4.988487752804046
25.199999999999967,5.8213154602326505
25.399999999999967,6.817595261308049
25.599999999999966,8.010886457522473
25.799999999999965,9.441528007134114
25.999999999999964,11.143181071591028
26.199999999999964,13.197108096363118
26.399999999999963,15.663668406942213
26.599999999999962,18.626699428176455
26.79999999999996,22.18696194601793
26.99999999999996,26.465551377792796
