mags_ab,pos_errs_mas
16.0,0.18334855243915552
16.2,0.19767550463385997
16.4,0.21094527260839513
16.599999999999998,0.17023153913671044
16.799999999999997,0.18516786636840435
16.999999999999996,0.1718987791659311
17.199999999999996,0.18665106053278321
17.399999999999995,0.2045306158493252
17.599999999999994,0.2242297674937471
17.799999999999994,0.24593941645574044
17.999999999999993,0.2698787915462473
18.199999999999992,0.2962922852255738
18.39999999999999,0.325347036363789
18.59999999999999,0.35746011365957203
18.79999999999999,0.39297753677313246
18.99999999999999,0.43231560978293815
19.19999999999999,0.4759590373585266
19.399999999999988,0.5244502473678843
19.599999999999987,0.5781917821154715
19.799999999999986,0.6377087140098819
19.999999999999986,0.7044771240414368
20.199999999999985,0.776907902905485
20.399999999999984,0.8603356936793106
20.599999999999984,0.9544327945378449
20.799999999999983,1.060901050706954
20.999999999999982,1.1807809678372632
21.19999999999998,1.3184127968288926
21.39999999999998,1.4759577124905559
21.59999999999998,1.635662741643995
21.79999999999998,1.8326183484781904
21.99999999999998,2.0660968582852846
22.199999999999978,2.3379644946343845
22.399999999999977,2.656006340562199
22.599999999999977,3.0296847084069944
22.799999999999976,3.4697978317403733
22.999999999999975,3.925655428646136
23.199999999999974,4.507017900600505
23.399999999999974,5.2126098252579665
23.599999999999973,6.011339347018096
23.799999999999972,6.985310037750208
23.99999999999997,8.1680970723499
24.19999999999997,9.584396990319688
24.39999999999997,11.21996545571693
24.59999999999997,13.239594821110828
24.79999999999997,15.663341560996788
24.999999999999968,18.350159580699774
25.199999999999967,21.697872696282626
25.399999999999967,25.806162962204006
25.599999999999966,30.742598000574084
25.799999999999965,36.675092282674356
25.999999999999964,43.80546836496344
26.199999999999964,52.37632349568777
26.399999999999963,62.38417493419695
26.599999999999962,74.69814183522594
26.79999999999996,89.50165192711773
26.99999999999996,107.29841752616318
