mags_ab,pos_errs_mas
16.0,0.37543852843498937
16.2,0.40126969154845227
16.4,0.2738138467391492
16.599999999999998,0.29616770620434474
16.799999999999997,0.3209454020215922
16.999999999999996,0.34897913646578754
17.199999999999996,0.37496581353961156
17.399999999999995,0.4051735712155161
17.599999999999994,0.2620939026924018
17.799999999999994,0.28312065921526286
17.999999999999993,0.22917202753768273
18.199999999999992,0.24977340289918395
18.39999999999999,0.2236807094515966
18.59999999999999,0.2439517516198785
18.79999999999999,0.2660570278826183
18.99999999999999,0.2901311943005891
19.19999999999999,0.23965621630156653
19.399999999999988,0.26152840276601186
19.599999999999987,0.23661295980493646
19.799999999999986,0.2585151189756499
19.999999999999986,0.25078796854642066
20.199999999999985,0.2521687020763681
20.399999999999984,0.2563476274674298
20.599999999999984,0.2814215566195367
20.799999999999983,0.30925179688243315
20.999999999999982,0.3402857464959815
21.19999999999998,0.3748304887589618
21.39999999999998,0.4134214200802322
21.59999999999998,0.4566248364865763
21.79999999999998,0.5052362238923589
21.99999999999998,0.5599817296382114
22.199999999999978,0.6220489658957504
22.399999999999977,0.6924917804825491
22.599999999999977,0.7731214045992056
22.799999999999976,0.8653944261860828
22.999999999999975,0.9726838633710932
23.199999999999974,1.095917546871616
23.399999999999974,1.239349715318319
23.599999999999973,1.4070679023130834
23.799999999999972,1.604041583202188
23.99999999999997,1.8363006574399199
24.19999999999997,2.1111477175362405
24.39999999999997,2.437409574029516
24.59999999999997,2.8276254087547423
24.79999999999997,3.2906421706175113
24.999999999999968,3.843935031780634
25.199999999999967,4.506077230554021
25.399999999999967,5.2993980415031645
25.599999999999966,6.250735352707579
25.799999999999965,7.392341906583688
25.999999999999964,8.762972032879551
26.199999999999964,10.409197175170425
26.399999999999963,12.386987105255342
26.599999999999962,14.76360331621636
26.79999999999996,17.619892746581336
26.99999999999996,21.05302701865234
