mags_ab,pos_errs_mas
16.0,inf
16.2,0.30991381087584774
16.4,0.32589576227484024
16.599999999999998,0.3446726103209188
16.799999999999997,0.36522059389042105
16.999999999999996,0.386816348629655
17.199999999999996,0.3942360759513544
17.399999999999995,0.39864892043845424
17.599999999999994,0.2661060892829899
17.799999999999994,0.2866447244496771
17.999999999999993,0.3077147065456909
18.199999999999992,0.3305427903986555
18.39999999999999,0.2684538739359479
18.59999999999999,0.26325943843260935
18.79999999999999,0.2884991503249467
18.99999999999999,0.316375320735449
19.19999999999999,0.3470788139746487
19.399999999999988,0.38109108468871944
19.599999999999987,0.41874010736299777
19.799999999999986,0.4603526749805367
19.999999999999986,0.5064640122387477
20.199999999999985,0.5576582731554552
20.399999999999984,0.6142712636585571
20.599999999999984,0.6776211378082169
20.799999999999983,0.7486880495548123
20.999999999999982,0.8277649217022227
21.19999999999998,0.916271590604384
21.39999999999998,1.0169822967534534
21.59999999999998,1.1286093411919298
21.79999999999998,1.2578113609360113
21.99999999999998,1.399774936591759
22.199999999999978,1.567609339187505
22.399999999999977,1.7611446473176608
22.599999999999977,1.9681399751849415
22.799999999999976,2.2232725930255777
22.999999999999975,2.5211314754457814
23.199999999999974,2.862809390632533
23.399999999999974,3.270656003703865
23.599999999999973,3.7412044991529205
23.799999999999972,4.308880013283658
23.99999999999997,4.964020346745869
24.19999999999997,5.764210194074951
24.39999999999997,6.665039988808196
24.59999999999997,7.791922753645938
24.79999999999997,9.109768303014318
24.999999999999968,10.718959810201973
25.199999999999967,12.554863764982986
25.399999999999967,14.849500870161123
25.599999999999966,17.604518204936834
25.799999999999965,20.72362388585816
25.999999999999964,24.50152762964718
26.199999999999964,29.19136570657395
26.399999999999963,34.63542274379737
26.599999999999962,41.13527273644609
26.79999999999996,49.17761530121987
26.99999999999996,58.84518671622369
