mags_ab,pos_errs_mas
16.0,0.3756936743605239
16.2,0.4007881495054314
16.4,0.2735121883105506
16.599999999999998,0.2954608844561861
16.799999999999997,0.32082223472356625
16.999999999999996,0.3475191626102567
17.199999999999996,0.3753918946763062
17.399999999999995,0.4053135849777991
17.599999999999994,0.26137867802525644
17.799999999999994,0.2836284503975787
17.999999999999993,0.3069001457533753
18.199999999999992,0.24141628476036275
18.39999999999999,0.26234797785692243
18.59999999999999,0.2326726074130904
18.79999999999999,0.2537653986740178
18.99999999999999,0.23454352818016574
19.19999999999999,0.25600928567327597
19.399999999999988,0.279477750833612
19.599999999999987,0.25289050471721697
19.799999999999986,0.24090193652307637
19.999999999999986,0.2634286065812347
20.199999999999985,0.24739765037261802
20.399999999999984,0.26743827023375805
20.599999999999984,0.2935648540139318
20.799999999999983,0.32256158650079736
20.999999999999982,0.3548920015390844
21.19999999999998,0.3908096300640381
21.39999999999998,0.4308639008813518
21.59999999999998,0.47574028013464364
21.79999999999998,0.526027561969057
21.99999999999998,0.5827415248971033
22.199999999999978,0.6467216388398589
22.399999999999977,0.7193098199717242
22.599999999999977,0.8022292532111424
22.799999999999976,0.8978787038729321
22.999999999999975,1.0068406443460474
23.199999999999974,1.1328158440860778
23.399999999999974,1.279132716214918
23.599999999999973,1.4499173161705994
23.799999999999972,1.6499876133197073
23.99999999999997,1.8856433601771838
24.19999999999997,2.1636227581013023
24.39999999999997,2.4955966324188914
24.59999999999997,2.887683933024978
24.79999999999997,3.3539307289232685
24.999999999999968,3.911490798957586
25.199999999999967,4.57833348179407
25.399999999999967,5.375787538419154
25.599999999999966,6.331417832841023
25.799999999999965,7.478880534916562
25.999999999999964,8.856238376881487
26.199999999999964,10.508041113127108
26.399999999999963,12.494167553783447
26.599999999999962,14.880585825646838
26.79999999999996,17.748468815897027
26.99999999999996,21.19537706558257
