mags_ab,pos_errs_mas
16.0,0.1639405104770088
16.2,0.1772684185916533
16.4,0.1820941840042524
16.599999999999998,0.19315390593160098
16.799999999999997,0.20199606903306527
16.999999999999996,0.15420960732820294
17.199999999999996,0.16337686282461217
17.399999999999995,0.16889810967598923
17.599999999999994,0.1498497932031391
17.799999999999994,0.14233990615637612
17.999999999999993,0.15310503929186717
18.199999999999992,0.16769137221729655
18.39999999999999,0.1648930647005446
18.59999999999999,0.16697131988292932
18.79999999999999,0.1794489355839116
18.99999999999999,0.19252925535767398
19.19999999999999,0.21267423619474746
19.399999999999988,0.23539776685021177
19.599999999999987,0.26115134213742136
19.799999999999986,0.2903269014469961
19.999999999999986,0.3236028251856775
20.199999999999985,0.36172952632517485
20.399999999999984,0.4056225627604396
20.599999999999984,0.45639932270325967
20.799999999999983,0.5159387181651369
20.999999999999982,0.5849185034476848
21.19999999999998,0.6658308162075529
21.39999999999998,0.761129400751013
21.59999999999998,0.8737876941390678
21.79999999999998,1.0078318977952836
21.99999999999998,1.1667746245592252
22.199999999999978,1.3562526228310516
22.399999999999977,1.5825701163122186
22.599999999999977,1.8533117959157812
22.799999999999976,2.1775976934342536
22.999999999999975,2.5663902123633027
23.199999999999974,3.0328631159550308
23.399999999999974,3.5928474847170793
23.599999999999973,4.265366330249622
23.799999999999972,5.073280897376109
23.99999999999997,6.044065067198079
24.19999999999997,7.210741094085741
24.39999999999997,8.612999636524686
24.59999999999997,10.298550019960965
24.79999999999997,12.324744488091016
24.999999999999968,14.760527048812117
25.199999999999967,17.688780967715104
25.399999999999967,21.20914759725064
25.599999999999966,25.441416067668495
25.799999999999965,30.529605946708955
25.999999999999964,36.64685587916419
26.199999999999964,44.001321554024656
26.399999999999963,52.843269177558476
26.599999999999962,63.47357072463029
26.79999999999996,76.2539554171088
26.99999999999996,91.61930959911575
