mags_ab,pos_errs_mas
16.0,0.2387940453220961
16.2,0.2584071784393072
16.4,0.2805036795984007
16.599999999999998,0.3012883177076211
16.799999999999997,0.32507887089916965
16.999999999999996,0.20925566917471
17.199999999999996,0.22693701751955084
17.399999999999995,0.24599709139970907
17.599999999999994,0.26643941364792767
17.799999999999994,0.2891674280996336
17.999999999999993,0.21146234155878238
18.199999999999992,0.23036372018735532
18.39999999999999,0.2509871050470248
18.59999999999999,0.2732912578892566
18.79999999999999,0.21339535203080187
18.99999999999999,0.23290344565835558
19.19999999999999,0.20838848137246155
19.399999999999988,0.2277467091985254
19.599999999999987,0.2197224341936491
19.799999999999986,0.220209298011994
19.999999999999986,0.21794162390945956
20.199999999999985,0.2325501681188406
20.399999999999984,0.2557317442944041
20.599999999999984,0.2816381605453279
20.799999999999983,0.310551365037354
20.999999999999982,0.3429804111131959
21.19999999999998,0.37944613808782496
21.39999999999998,0.4205734058747672
21.59999999999998,0.4672741832613292
21.79999999999998,0.5202637539266738
21.99999999999998,0.5808796839559073
22.199999999999978,0.6504912618342743
22.399999999999977,0.7306670867997312
22.599999999999977,0.8236060449368106
22.799999999999976,0.9324824955097619
22.999999999999975,1.059145403408704
23.199999999999974,1.2079831487605102
23.399999999999974,1.3835687320064476
23.599999999999973,1.5914388512704425
23.799999999999972,1.838284986085057
23.99999999999997,2.1321799165934587
24.19999999999997,2.482851391261943
24.39999999999997,2.9032641344662733
24.59999999999997,3.404847849565227
24.79999999999997,4.005883413599161
24.999999999999968,4.726710077806832
25.199999999999967,5.591770415138359
25.399999999999967,6.6304357961134475
25.599999999999966,7.878001749630958
25.799999999999965,9.376885063804403
25.999999999999964,11.178063236021178
26.199999999999964,13.342808049469395
26.399999999999963,15.94476984487156
26.599999999999962,19.072476398955654
26.79999999999996,22.83235377129601
26.99999999999996,27.35233545921086
