mags_ab,pos_errs_mas
16.0,0.15030298889805177
16.2,0.1632340222159316
16.4,0.16751201294267032
16.599999999999998,0.17808925309837834
16.799999999999997,0.18856439034920933
16.999999999999996,0.14808435465148526
17.199999999999996,0.1570602174144767
17.399999999999995,0.16524667215619096
17.599999999999994,0.14808658973677905
17.799999999999994,0.1455018316023699
17.999999999999993,0.15931542875954974
18.199999999999992,0.16393709989586513
18.39999999999999,0.17216993806023628
18.59999999999999,0.18318018848651413
18.79999999999999,0.194920969146566
18.99999999999999,0.2150369206987228
19.19999999999999,0.23770196426244763
19.399999999999988,0.2631690955479539
19.599999999999987,0.29197195058677416
19.799999999999986,0.32467913431430173
19.999999999999986,0.3619821304361302
20.199999999999985,0.4047235370857953
20.399999999999984,0.454348759220891
20.599999999999984,0.5113107446378281
20.799999999999983,0.5775256055651559
20.999999999999982,0.6548662422802808
21.19999999999998,0.7455947081394901
21.39999999999998,0.8528437300781632
21.59999999999998,0.9792060268117326
21.79999999999998,1.1290795516680892
21.99999999999998,1.3073375950399524
22.199999999999978,1.5198518658909184
22.399999999999977,1.7736955952364475
22.599999999999977,2.0783956071407363
22.799999999999976,2.443575561430669
22.999999999999975,2.880166046938099
23.199999999999974,3.4039970784465177
23.399999999999974,4.032847082881727
23.599999999999973,4.788079042069493
23.799999999999972,5.701640065946996
23.99999999999997,6.795441820248999
24.19999999999997,8.107399180246034
24.39999999999997,9.684277883549361
24.59999999999997,11.579728477590477
24.79999999999997,13.858245330627154
24.999999999999968,16.603733103669832
25.199999999999967,19.89774536608478
25.399999999999967,23.857829425389784
25.599999999999966,28.61873705818347
25.799999999999965,34.34247641382609
25.999999999999964,41.223812443001655
26.199999999999964,49.496901264202364
26.399999999999963,59.44326872453788
26.599999999999962,71.40136756728121
26.79999999999996,85.77811046402014
26.99999999999996,103.06270248643203
