mags_ab,pos_errs_mas
16.0,0.20749656441117892
16.2,0.2254028346304703
16.4,0.24106024327994113
16.599999999999998,0.2594156504985146
16.799999999999997,0.17021663919632182
16.999999999999996,0.18300405674040082
17.199999999999996,0.19738937672922474
17.399999999999995,0.16072565259891383
17.599999999999994,0.1738470649452691
17.799999999999994,0.1572648822594612
17.999999999999993,0.1714764488820371
18.199999999999992,0.18704236728383974
18.39999999999999,0.20398799314833008
18.59999999999999,0.17092982424813763
18.79999999999999,0.1865576250202363
18.99999999999999,0.17127825941233585
19.19999999999999,0.18713363985211007
19.399999999999988,0.1837653263745739
19.599999999999987,0.18664262506300336
19.799999999999986,0.19161507639256325
19.999999999999986,0.21008677590360655
20.199999999999985,0.2306362521402852
20.399999999999984,0.25322077822151157
20.599999999999984,0.27823890084644315
20.799999999999983,0.30600032662443205
20.999999999999982,0.33681130238112295
21.19999999999998,0.3710595093524874
21.39999999999998,0.40925161705786867
21.59999999999998,0.45203253523331743
21.79999999999998,0.5001727181490528
21.99999999999998,0.5540222543555036
22.199999999999978,0.614827688944669
22.399999999999977,0.684354580009246
22.599999999999977,0.7628473006179499
22.799999999999976,0.8526517284977134
22.999999999999975,0.955859259958375
23.199999999999974,1.0749868912446359
23.399999999999974,1.2130536486957906
23.599999999999973,1.374095937127594
23.799999999999972,1.5640934221042204
23.99999999999997,1.7859655044574982
24.19999999999997,2.047938289818742
24.39999999999997,2.3561123078872153
24.59999999999997,2.7237004828952625
24.79999999999997,3.1615179571510983
24.999999999999968,3.6840800003277163
25.199999999999967,4.30885579698204
25.399999999999967,5.056854607309993
25.599999999999966,5.953331291371445
25.799999999999965,7.028638693703568
25.999999999999964,8.319250450474927
26.199999999999964,9.868994415869961
26.399999999999963,11.72662435662143
26.599999999999962,13.96095421411696
26.79999999999996,16.64596081589945
26.99999999999996,19.87298104135713
