mags_ab,pos_errs_mas
16.0,0.16370395391405115
16.2,0.17810077201322277
16.4,0.14487010319256
16.599999999999998,0.15520142808197407
16.799999999999997,0.14003320991007573
16.999999999999996,0.14587552391281777
17.199999999999996,0.1377295790925945
17.399999999999995,0.15033863177219167
17.599999999999994,0.16414463057344164
17.799999999999994,0.15524469149029335
17.999999999999993,0.16963359351038462
18.199999999999992,0.16848290673326882
18.39999999999999,0.16948481700689863
18.59999999999999,0.18473183644272229
18.79999999999999,0.2024792676014181
18.99999999999999,0.22205158637290318
19.19999999999999,0.24364795994525207
19.399999999999988,0.2674952788568514
19.599999999999987,0.2940108305842704
19.799999999999986,0.3232912900451685
19.999999999999986,0.3555874305637973
20.199999999999985,0.3914236288471344
20.399999999999984,0.4312656308678741
20.599999999999984,0.4756620951056997
20.799999999999983,0.5252634308956484
20.999999999999982,0.581187329920091
21.19999999999998,0.6439688846145804
21.39999999999998,0.7144628541980144
21.59999999999998,0.7940919274394443
21.79999999999998,0.884625995641383
21.99999999999998,0.9878768164242496
22.199999999999978,1.105754916536964
22.399999999999977,1.2421927022427492
22.599999999999977,1.4008672426038886
22.799999999999976,1.5846926782195474
22.999999999999975,1.7996664052430478
23.199999999999974,2.0521668671523257
23.399999999999974,2.3499329794552923
23.599999999999973,2.696016463827723
23.799999999999972,3.111314590242444
23.99999999999997,3.6054625616278577
24.19999999999997,4.194773632673063
24.39999999999997,4.898887554153744
24.59999999999997,5.741429227711926
24.79999999999997,6.750804406795969
24.999999999999968,7.953492474477223
25.199999999999967,9.40259540185169
25.399999999999967,11.142285956028115
25.599999999999966,13.231668854486411
25.799999999999965,15.741773942116517
25.999999999999964,18.75796414126909
26.199999999999964,22.38283716636592
26.399999999999963,26.739716986107094
26.599999999999962,31.97683962639256
26.79999999999996,38.27240319430086
26.99999999999996,45.8406184101503
