mags_ab,pos_errs_mas
16.0,0.24084272166879897
16.2,0.2554222824703083
16.4,0.2614880237492952
16.599999999999998,0.18597064661229232
16.799999999999997,0.2007933394776178
16.999999999999996,0.2170476447092287
17.199999999999996,0.2318150215889199
17.399999999999995,0.2476262316671409
17.599999999999994,0.19703375075600596
17.799999999999994,0.193231325273241
17.999999999999993,0.2118413215462105
18.199999999999992,0.2323920602246541
18.39999999999999,0.2550659585052485
18.59999999999999,0.280134125831683
18.79999999999999,0.30786696464833324
18.99999999999999,0.3385985920929258
19.19999999999999,0.37276877929423813
19.399999999999988,0.4107966623460412
19.599999999999987,0.4527874903865271
19.799999999999986,0.4997962065130398
19.999999999999986,0.5525356891245311
20.199999999999985,0.6119018718280765
20.399999999999984,0.6786911766390591
20.599999999999984,0.7536781478133062
20.799999999999983,0.8376448713966195
20.999999999999982,0.933916118709766
21.19999999999998,1.0452257143967802
21.39999999999998,1.1734464032092569
21.59999999999998,1.3189054454319535
21.79999999999998,1.4762268818003348
21.99999999999998,1.6715130045595
22.199999999999978,1.8999723894544966
22.399999999999977,2.1685167121415936
22.599999999999977,2.481966082793282
22.799999999999976,2.846304330810409
22.999999999999975,3.288905093291556
23.199999999999974,3.8080429774899685
23.399999999999974,4.434941731433926
23.599999999999973,5.184285212936605
23.799999999999972,5.970137093715195
23.99999999999997,7.016733988512556
24.19999999999997,8.271577157429393
24.39999999999997,9.777191425771631
24.59999999999997,11.584675989868758
24.79999999999997,13.755438444403014
24.999999999999968,16.363270797660785
25.199999999999967,19.496859197944676
25.399999999999967,23.262795380175362
25.599999999999966,27.78919644621728
25.799999999999965,33.230070529123445
25.999999999999964,39.60703057307865
26.199999999999964,47.43379027154178
26.399999999999963,56.84297464504477
26.599999999999962,68.15474684106846
26.79999999999996,81.75402754805548
26.99999999999996,98.10356023699659
