mags_ab,pos_errs_mas
16.0,0.3757330926579849
16.2,0.40318837775381006
16.4,0.27341744068882695
16.599999999999998,0.29693835523476647
16.799999999999997,0.3215108181957899
16.999999999999996,0.34960323701076507
17.199999999999996,0.3750622697830455
17.399999999999995,0.40524642265163036
17.599999999999994,0.26215295145946627
17.799999999999994,0.28301983926266466
17.999999999999993,0.3062084343396054
18.199999999999992,0.3318332207143545
18.39999999999999,0.24205710479685114
18.59999999999999,0.2633682257053958
18.79999999999999,0.28661497896472427
18.99999999999999,0.31197890367602177
19.19999999999999,0.2424003720036477
19.399999999999988,0.26439122802817644
19.599999999999987,0.23527042568892761
19.799999999999986,0.25686823976528605
19.999999999999986,0.24639724700827612
20.199999999999985,0.24550119827434047
20.399999999999984,0.25026502749204405
20.599999999999984,0.25078584298490103
20.799999999999983,0.274935171347295
20.999999999999982,0.3016024649091917
21.19999999999998,0.3312053230362903
21.39999999999998,0.36395501422811116
21.59999999999998,0.40028194887662655
21.79999999999998,0.44067626125140835
21.99999999999998,0.4857330583681429
22.199999999999978,0.5360791263479407
22.399999999999977,0.5923832165287277
22.599999999999977,0.6556453665635568
22.799999999999976,0.7271405844960875
22.999999999999975,0.8078642613607692
23.199999999999974,0.9004174893977137
23.399999999999974,1.0051527943148844
23.599999999999973,1.1253639052698778
23.799999999999972,1.2639509619824567
23.99999999999997,1.4242961788542507
24.19999999999997,1.611049766629217
24.39999999999997,1.829450467551341
24.59999999999997,2.0857049151127725
24.79999999999997,2.3894585258871794
24.999999999999968,2.7467950447704585
25.199999999999967,3.1709279235422194
25.399999999999967,3.675144748035822
25.599999999999966,4.276803786271469
25.799999999999965,4.99575032727619
25.999999999999964,5.856115339687994
26.199999999999964,6.886911456381396
26.399999999999963,8.1230104930367
26.599999999999962,9.606315478231018
26.79999999999996,11.38718220486912
26.99999999999996,13.526118886617096
