mags_ab,pos_errs_mas
16.0,inf
16.2,inf
16.4,0.2616905214291533
16.599999999999998,0.28296221561334267
16.799999999999997,0.3036459191630477
16.999999999999996,0.2110109516615547
17.199999999999996,0.22451861439971915
17.399999999999995,0.24169634660149564
17.599999999999994,0.18531423161122068
17.799999999999994,0.19989876078502886
17.999999999999993,0.21559419796725596
18.199999999999992,0.2334331581152991
18.39999999999999,0.17662120553865696
18.59999999999999,0.19115861908924692
18.79999999999999,0.20816499933836685
18.99999999999999,0.17254447604699236
19.19999999999999,0.18828305080416305
19.399999999999988,0.17432171741071956
19.599999999999987,0.19050112771290464
19.799999999999986,0.187525120737273
19.999999999999986,0.1905626477691369
20.199999999999985,0.19747927533943185
20.399999999999984,0.2005119542064657
20.599999999999984,0.2188432051406825
20.799999999999983,0.24095600542981316
20.999999999999982,0.2657123749603359
21.19999999999998,0.2935502561425707
21.39999999999998,0.32470826639665346
21.59999999999998,0.3598591146327046
21.79999999999998,0.3996842598947812
21.99999999999998,0.44499790109684645
22.199999999999978,0.4967386713530376
22.399999999999977,0.5560878181596013
22.599999999999977,0.6245355453730854
22.799999999999976,0.7038628736532275
22.999999999999975,0.7964335571619602
23.199999999999974,0.9051676906077509
23.399999999999974,1.0320546471316445
23.599999999999973,1.181703777077771
23.799999999999972,1.3588260731078574
23.99999999999997,1.5691153066952543
24.19999999999997,1.8194422742728185
24.39999999999997,2.118085978841292
24.59999999999997,2.475012352722303
24.79999999999997,2.902209045333152
24.999999999999968,3.4149396074437854
25.199999999999967,4.028658386352926
25.399999999999967,4.765149528097038
25.599999999999966,5.649417862021715
25.799999999999965,6.711510230544824
25.999999999999964,7.987536411733583
26.199999999999964,9.520893965869424
26.399999999999963,11.363744158511578
26.599999999999962,13.57878328149707
26.79999999999996,16.241377097223094
26.99999999999996,19.442120804130887
