mags_ab,pos_errs_mas
16.0,0.2095305473817385
16.2,0.22522582302523694
16.4,0.24366808178552318
16.599999999999998,0.2607811868936469
16.799999999999997,0.2793068390749989
16.999999999999996,0.29923961084938966
17.199999999999996,0.18840417045572083
17.399999999999995,0.20431240422370917
17.599999999999994,0.22125032129899794
17.799999999999994,0.23919213321575694
17.999999999999993,0.19416626362084013
18.199999999999992,0.21151948085459268
18.39999999999999,0.19701066701152764
18.59999999999999,0.20026454961529444
18.79999999999999,0.21940244560926303
18.99999999999999,0.2404473034518179
19.19999999999999,0.2636492945190889
19.399999999999988,0.2892429345049604
19.599999999999987,0.3174835135173159
19.799999999999986,0.34866949790562224
19.999999999999986,0.3831474828007362
20.199999999999985,0.4212720366765562
20.399999999999984,0.4635044902864402
20.599999999999984,0.5103761913016562
20.799999999999983,0.5625407706177343
20.999999999999982,0.6205025147818707
21.19999999999998,0.6859082905722081
21.39999999999998,0.7579435597082173
21.59999999999998,0.8395234413484867
21.79999999999998,0.930918171883472
21.99999999999998,1.032949018137635
22.199999999999978,1.1479993753593614
22.399999999999977,1.2803962348947402
22.599999999999977,1.4325007541771748
22.799999999999976,1.6044608018033806
22.999999999999975,1.8057970740820817
23.199999999999974,2.0372719232874164
23.399999999999974,2.3054038593385724
23.599999999999973,2.613194167861243
23.799999999999972,2.977876496485001
23.99999999999997,3.413921992151534
24.19999999999997,3.9284563565142347
24.39999999999997,4.52347526129132
24.59999999999997,5.245556580487969
24.79999999999997,6.108949204859237
24.999999999999968,7.1389189313457395
25.199999999999967,8.373721937636681
25.399999999999967,9.82799487181097
25.599999999999966,11.596447726887238
25.799999999999965,13.642518080204802
25.999999999999964,16.104797733161032
26.199999999999964,19.06907832308369
26.399999999999963,22.514924587577436
26.599999999999962,26.61268294935929
26.79999999999996,31.739474904216536
26.99999999999996,37.90132755954603
