mags_ab,pos_errs_mas
16.0,0.23804438268504866
16.2,0.2576616919714719
16.4,0.2795525483454713
16.599999999999998,0.30111985334468255
16.799999999999997,0.3251102556248587
16.999999999999996,0.2096056158276469
17.199999999999996,0.22684223113484167
17.399999999999995,0.24632982723783636
17.599999999999994,0.26714142958592124
17.799999999999994,0.21102517559504738
17.999999999999993,0.22986651753252893
18.199999999999992,0.20437329130062873
18.39999999999999,0.2229472041394202
18.59999999999999,0.2067373946887834
18.79999999999999,0.22565470054453515
18.99999999999999,0.2051565857813548
19.19999999999999,0.22405127865122731
19.399999999999988,0.21454694188714832
19.599999999999987,0.21347439395636789
19.799999999999986,0.22501547235421285
19.999999999999986,0.24669183961118216
20.199999999999985,0.27068986124296973
20.399999999999984,0.2972220776592672
20.599999999999984,0.32661556243763107
20.799999999999983,0.3592076844586179
20.999999999999982,0.395509788178424
21.19999999999998,0.4358307775646157
21.39999999999998,0.48088435769091675
21.59999999999998,0.531318419645034
21.79999999999998,0.5878276492057519
21.99999999999998,0.6514814322173536
22.199999999999978,0.7234601550902059
22.399999999999977,0.8057456130640511
22.599999999999977,0.8988888134423089
22.799999999999976,1.0054447574389853
22.999999999999975,1.1279861371765074
23.199999999999974,1.2698983241208948
23.399999999999974,1.4336130665857814
23.599999999999973,1.6256218275010292
23.799999999999972,1.8513043709400474
23.99999999999997,2.115726874363229
24.19999999999997,2.426971785338907
24.39999999999997,2.7968281940484805
24.59999999999997,3.236531022744156
24.79999999999997,3.7605404409139593
24.999999999999968,4.386269969672462
25.199999999999967,5.134672973428404
25.399999999999967,6.030945286915918
25.599999999999966,7.105372991866665
25.799999999999965,8.39435291649854
25.999999999999964,9.941621307267205
26.199999999999964,11.799735053792988
26.399999999999963,14.018756843940434
26.599999999999962,16.695578132726478
26.79999999999996,19.912437124058457
26.99999999999996,23.778766569366873
