mags_ab,pos_errs_mas
16.0,0.20701187414515387
16.2,0.22350201376409914
16.4,0.24069381392053665
16.599999999999998,0.2600597204703894
16.799999999999997,0.16891208646381395
16.999999999999996,0.18348485451342705
17.199999999999996,0.1975336983573643
17.399999999999995,0.21288326232000263
17.599999999999994,0.16865753859155846
17.799999999999994,0.1837169551135055
17.999999999999993,0.16418591103376132
18.199999999999992,0.17910765655864458
18.39999999999999,0.1670645966219977
18.59999999999999,0.1823874517333867
18.79999999999999,0.1991311851508208
18.99999999999999,0.1827696827159921
19.19999999999999,0.17655313406980466
19.399999999999988,0.19304099561740845
19.599999999999987,0.18342342671436876
19.799999999999986,0.2001937494677462
19.999999999999986,0.21963668453449312
20.199999999999985,0.24105596762439196
20.399999999999984,0.2647179832715978
20.599999999999984,0.2909222252101081
20.799999999999983,0.31997314325311427
20.999999999999982,0.3522415675200634
21.19999999999998,0.3881168397276868
21.39999999999998,0.42813115453767026
21.59999999999998,0.47313352809135245
21.79999999999998,0.5233980176956137
21.99999999999998,0.5798492244760473
22.199999999999978,0.644213331728778
22.399999999999977,0.7165233498623576
22.599999999999977,0.798902807669524
22.799999999999976,0.8931547772925914
22.999999999999975,1.0014518932992074
23.199999999999974,1.126392719365129
23.399999999999974,1.271474458108041
23.599999999999973,1.4407805049815923
23.799999999999972,1.6404077245269617
23.99999999999997,1.873324511667214
24.19999999999997,2.147045831603043
24.39999999999997,2.472229618966846
24.59999999999997,2.858619515381527
24.79999999999997,3.31889121932365
24.999999999999968,3.8683128300110208
25.199999999999967,4.5252586956310825
25.399999999999967,5.311825966233484
25.599999999999966,6.254576726283291
25.799999999999965,7.385434612532302
25.999999999999964,8.742760685687337
26.199999999999964,10.368897609726421
26.399999999999963,12.324287479865443
26.599999999999962,14.673674877644299
26.79999999999996,17.496968809515316
26.99999999999996,20.890211025104545
