mags_ab,pos_errs_mas
16.0,0.1816489019525043
16.2,0.19674702525198592
16.4,0.15057914583218482
16.599999999999998,0.16414793013755766
16.799999999999997,0.14432485451049687
16.999999999999996,0.15256907864752267
17.199999999999996,0.16113689404688272
17.399999999999995,0.14444349516887484
17.599999999999994,0.15768988230537884
17.799999999999994,0.15553083421285316
17.999999999999993,0.15993383909199707
18.199999999999992,0.17542131055203475
18.39999999999999,0.17808842371149264
18.59999999999999,0.1955933550829843
18.79999999999999,0.21556866007883194
18.99999999999999,0.23797559196229112
19.19999999999999,0.26309826987503154
19.399999999999988,0.29141510985935676
19.599999999999987,0.32345197226672506
19.799999999999986,0.3598467774076403
19.999999999999986,0.4013772654653038
20.199999999999985,0.44934520198358585
20.399999999999984,0.504208278525659
20.599999999999984,0.5677073944305875
20.799999999999983,0.6415621455714717
20.999999999999982,0.7278629609369693
21.19999999999998,0.8294689479583198
21.39999999999998,0.9488413176528384
21.59999999999998,1.0905542522433165
21.79999999999998,1.2581367720998329
21.99999999999998,1.4575164342221645
22.199999999999978,1.6952713278611695
22.399999999999977,1.9793217029747197
22.599999999999977,2.319195448383959
22.799999999999976,2.7287352328975034
22.999999999999975,3.2172007397451265
23.199999999999974,3.8033077291083073
23.399999999999974,4.506950532971268
23.599999999999973,5.352034801218353
23.799999999999972,6.36891723611366
23.99999999999997,7.589023802280344
24.19999999999997,9.055354572508918
24.39999999999997,10.817795208945395
24.59999999999997,12.936310158858873
24.79999999999997,15.482983854426246
24.999999999999968,18.544470674959918
25.199999999999967,22.224945047555515
25.399999999999967,26.649644743111423
25.599999999999966,31.969131257095945
25.799999999999965,38.36442076526143
25.999999999999964,46.05312942562353
26.199999999999964,55.29688644172958
26.399999999999963,66.41024859404533
26.599999999999962,79.77137905848586
26.79999999999996,95.83493228659398
26.99999999999996,115.14751290770766
