mags_ab,pos_errs_mas
16.0,0.18932693886618693
16.2,0.1487880128591676
16.4,0.15786085250038553
16.599999999999998,0.16901673745237433
16.799999999999997,0.14077682697396843
16.999999999999996,0.15196911426691923
17.199999999999996,0.1430534923665553
17.399999999999995,0.15619425249834953
17.599999999999994,0.15566711633497438
17.799999999999994,0.15969246362412884
17.999999999999993,0.1666656656445414
18.199999999999992,0.17007803665304425
18.39999999999999,0.18626055909380765
18.59999999999999,0.20408052971762683
18.79999999999999,0.22370652162866458
18.99999999999999,0.24532918536690723
19.19999999999999,0.2691627504868824
19.399999999999988,0.29562438212757614
19.599999999999987,0.3247100850224151
19.799999999999986,0.35673816301718947
19.999999999999986,0.3921544998808593
20.199999999999985,0.4313720786012132
20.399999999999984,0.4748708333509535
20.599999999999984,0.5232119295685257
20.799999999999983,0.5774756317312975
20.999999999999982,0.6377626487683389
21.19999999999998,0.7048882806431537
21.39999999999998,0.7802014215250316
21.59999999999998,0.8642982890867131
21.79999999999998,0.959889981195257
21.99999999999998,1.068400123872334
22.199999999999978,1.1926726979746078
22.399999999999977,1.3342160879889997
22.599999999999977,1.497116747565391
22.799999999999976,1.6855263616213831
22.999999999999975,1.8990393718318581
23.199999999999974,2.1519307413422486
23.399999999999974,2.4480667841887924
23.599999999999973,2.7964276032791187
23.799999999999972,3.204458053789899
23.99999999999997,3.686522344953438
24.19999999999997,4.263626052194938
24.39999999999997,4.943844356695817
24.59999999999997,5.761361118042052
24.79999999999997,6.738800537132688
24.999999999999968,7.9090320372008405
25.199999999999967,9.301905906502869
25.399999999999967,10.94535708079794
25.599999999999966,12.951376054823506
25.799999999999965,15.360047574225232
25.999999999999964,18.253225364318997
26.199999999999964,21.729278006970066
26.399999999999963,25.9064336766398
26.599999999999962,30.887981965875106
26.79999999999996,36.911978156192056
26.99999999999996,44.15316409323269
