mags_ab,pos_errs_mas
16.0,inf
16.2,0.30991086898897424
16.4,0.32589214387592885
16.599999999999998,0.34466798718038183
16.799999999999997,0.3652146002048309
16.999999999999996,0.38680856732837726
17.199999999999996,0.39422607134990006
17.399999999999995,0.3986360219182431
17.599999999999994,0.2660884337273207
17.799999999999994,0.286621376380931
17.999999999999993,0.3076837951123427
18.199999999999992,0.3305018027006479
18.39999999999999,0.26839177452508745
18.59999999999999,0.26317175331264964
18.79999999999999,0.2883837366606708
18.99999999999999,0.316223458003089
19.19999999999999,0.3468785083847325
19.399999999999988,0.38082770610656286
19.599999999999987,0.41838276106345906
19.799999999999986,0.4598974371556419
19.999999999999986,0.5057238681807421
20.199999999999985,0.5568677346618486
20.399999999999984,0.6132341014808589
20.599999999999984,0.6762229936291607
20.799999999999983,0.7469121683720003
20.999999999999982,0.8254327683812448
21.19999999999998,0.9132269433844722
21.39999999999998,1.0123872871621569
21.59999999999998,1.1234234421968783
21.79999999999998,1.2489533949156282
21.99999999999998,1.3909831805027608
22.199999999999978,1.5559606732624094
22.399999999999977,1.73841947847614
22.599999999999977,1.948460933741487
22.799999999999976,2.1970244250169926
22.999999999999975,2.48160812801763
23.199999999999974,2.8193166976899318
23.399999999999974,3.2070533381518995
23.599999999999973,3.664803176266184
23.799999999999972,4.214345469145156
23.99999999999997,4.82036370791481
24.19999999999997,5.584437835769577
24.39999999999997,6.441712430103281
24.59999999999997,7.482900770197576
24.79999999999997,8.725509524728821
24.999999999999968,10.244562590670206
25.199999999999967,12.004532104103061
25.399999999999967,14.173873319988218
25.599999999999966,16.685693440080325
25.799999999999965,19.657764319180043
25.999999999999964,23.220703275085132
26.199999999999964,27.63060345529883
26.399999999999963,32.92972538683455
26.599999999999962,39.298321293019754
26.79999999999996,46.953063595533706
26.99999999999996,56.15438816350924
