mags_ab,pos_errs_mas
16.0,0.20700885447911388
16.2,0.22349838650363504
16.4,0.24068926066016666
16.599999999999998,0.26005382382489534
16.799999999999997,0.16890636336317855
16.999999999999996,0.18347752843721474
17.199999999999996,0.19752446190793868
17.399999999999995,0.21287223813766062
17.599999999999994,0.168644571280401
17.799999999999994,0.18369998756852438
17.999999999999993,0.16416386149803536
18.199999999999992,0.1790787473410213
18.39999999999999,0.16702584387049307
18.59999999999999,0.18233655859532286
18.79999999999999,0.19906428313013375
18.99999999999999,0.18267760766293833
19.19999999999999,0.1764246411179335
19.399999999999988,0.19287183010252418
19.599999999999987,0.18318354266123318
19.799999999999986,0.19987746096715026
19.999999999999986,0.21922015418235974
20.199999999999985,0.2405080330556718
20.399999999999984,0.26399719293361146
20.599999999999984,0.2899944932043365
20.799999999999983,0.31872742227589135
20.999999999999982,0.3506054369885278
21.19999999999998,0.38597099693080544
21.39999999999998,0.425320171285209
21.59999999999998,0.4695388478905405
21.79999999999998,0.51856787311151
21.99999999999998,0.5735432863888195
22.199999999999978,0.635989809180859
22.399999999999977,0.705844501360707
22.599999999999977,0.7850264798820533
22.799999999999976,0.8751200196870988
22.999999999999975,0.978010197773166
23.199999999999974,1.096277126499765
23.399999999999974,1.2329185632785362
23.599999999999973,1.3915065287032082
23.799999999999972,1.5773576759100125
23.99999999999997,1.7921533187730145
24.19999999999997,2.04546034269648
24.39999999999997,2.34442646093461
24.59999999999997,2.698508319678894
24.79999999999997,3.1191319208790556
24.999999999999968,3.6200792629823693
25.199999999999967,4.2179538800960055
25.399999999999967,4.932738274216819
25.599999999999966,5.78846395067581
25.799999999999965,6.8140211603426595
25.999999999999964,8.040498530298043
26.199999999999964,9.514297352196975
26.399999999999963,11.283928563259565
26.599999999999962,13.409528557627105
26.79999999999996,15.963370258282918
26.99999999999996,19.032311062608294
