mags_ab,pos_errs_mas
16.0,0.20699345800123026
16.2,0.22347477548391004
16.4,0.24069245525142913
16.599999999999998,0.2600293455680602
16.799999999999997,0.16898964124819238
16.999999999999996,0.18357570196257744
17.199999999999996,0.19707208635680734
17.399999999999995,0.2129363078123558
17.599999999999994,0.16928549046226438
17.799999999999994,0.18441362571136388
17.999999999999993,0.16512575015179648
18.199999999999992,0.18015059377748716
18.39999999999999,0.1684140677149481
18.59999999999999,0.18388691554604722
18.79999999999999,0.20079947963694042
18.99999999999999,0.18497391747744046
19.19999999999999,0.17931437794621957
19.399999999999988,0.18041508708530443
19.599999999999987,0.19111454814533324
19.799999999999986,0.20954598737762614
19.999999999999986,0.23003160010684168
20.199999999999985,0.2525696301439251
20.399999999999984,0.27753722522123475
20.599999999999984,0.30524038278385146
20.799999999999983,0.33599512349599325
20.999999999999982,0.3701938136054079
21.19999999999998,0.4083406274333884
21.39999999999998,0.45106479114704434
21.59999999999998,0.49909575052095007
21.79999999999998,0.5528953595631062
21.99999999999998,0.6136611534706596
22.199999999999978,0.6830493065141549
22.399999999999977,0.7615003453563013
22.599999999999977,0.8512954552853987
22.799999999999976,0.9545104677435514
22.999999999999975,1.0735861205457617
23.199999999999974,1.2114298630800768
23.399999999999974,1.3723239775338514
23.599999999999973,1.5620134733877078
23.799999999999972,1.7838138508517565
23.99999999999997,2.0457305842990685
24.19999999999997,2.351642147982991
24.39999999999997,2.7185101250709196
24.59999999999997,3.1554673254461423
24.79999999999997,3.6770009454905788
24.999999999999968,4.3005451202613125
25.199999999999967,5.047067474733933
25.399999999999967,5.941773541454612
25.599999999999966,7.014954804346545
25.799999999999965,8.30301357449476
25.999999999999964,9.849691903384281
26.199999999999964,11.69924895760222
26.399999999999963,13.927884661530522
26.599999999999962,16.606038311263326
26.79999999999996,19.824817171938324
26.99999999999996,23.693728189654276
