mags_ab,pos_errs_mas
16.0,0.21536020128618463
16.2,0.23419366431706043
16.4,0.25310909830700756
16.599999999999998,0.16781425774843176
16.799999999999997,0.17877120621495432
16.999999999999996,0.19083095090376329
17.199999999999996,0.20530374826501105
17.399999999999995,0.1542780940885243
17.599999999999994,0.16500728934598527
17.799999999999994,0.17727020578838734
17.999999999999993,0.19131888778453698
18.199999999999992,0.15286142545684292
18.39999999999999,0.16676401746933145
18.59999999999999,0.18200711926812216
18.79999999999999,0.1667351017827089
18.99999999999999,0.16388669159938785
19.19999999999999,0.179190840008263
19.399999999999988,0.18242438838037006
19.599999999999987,0.18036636479089754
19.799999999999986,0.19778042284116262
19.999999999999986,0.21703735674999702
20.199999999999985,0.2383517546273014
20.399999999999984,0.2620523554174593
20.599999999999984,0.2883882494898397
20.799999999999983,0.3175588271728007
20.999999999999982,0.35002506912854225
21.19999999999998,0.38627759176359866
21.39999999999998,0.4268753783034813
21.59999999999998,0.4724852708361687
21.79999999999998,0.5239100963257228
21.99999999999998,0.5823186633605875
22.199999999999978,0.6490932643169256
22.399999999999977,0.724598464611357
22.599999999999977,0.8112047898761519
22.799999999999976,0.9110317524316126
22.999999999999975,1.0266654406467348
23.199999999999974,1.1612550138245132
23.399999999999974,1.3186463932710224
23.599999999999973,1.5034706371033082
23.799999999999972,1.722220616706293
23.99999999999997,1.9799298984512577
24.19999999999997,2.2853821969135217
24.39999999999997,2.6474020578924393
24.59999999999997,3.0809969399009445
24.79999999999997,3.5990185547601743
24.999999999999968,4.219066205595745
25.199999999999967,4.961951249933663
25.399999999999967,5.85280517511734
25.599999999999966,6.9218293518995875
25.799999999999965,8.192425474371618
25.999999999999964,9.730322342950396
26.199999999999964,11.577933314824685
26.399999999999963,13.798096096462737
26.599999999999962,16.4663302099126
26.79999999999996,19.673414173036115
26.99999999999996,23.528462949938312
