mags_ab,pos_errs_mas
16.0,0.15356445743358466
16.2,0.166821758382247
16.4,0.18147456861411407
16.599999999999998,0.16990363683112558
16.799999999999997,0.17626805748652152
16.999999999999996,0.18965206465931225
17.199999999999996,0.20806859236283343
17.399999999999995,0.22839097838563038
17.599999999999994,0.2508782207361592
17.799999999999994,0.2757909141721748
17.999999999999993,0.30343359319651547
18.199999999999992,0.33416167896656374
18.39999999999999,0.3685697840482467
18.59999999999999,0.40676517327051015
18.79999999999999,0.44946931571371823
18.99999999999999,0.49741693126943576
19.19999999999999,0.5514682010398395
19.399999999999988,0.6128002095162817
19.599999999999987,0.6822455899851892
19.799999999999986,0.7614948645347509
19.999999999999986,0.8520063395741675
20.199999999999985,0.9562189721703762
20.399999999999984,1.0769259241290439
20.599999999999984,1.217301511731115
20.799999999999983,1.3813193888816409
20.999999999999982,1.5734567686688656
21.19999999999998,1.7999561953723642
21.39999999999998,2.067605353548765
21.59999999999998,2.3846198985877893
21.79999999999998,2.7620622122290746
21.99999999999998,3.2121859089999494
22.199999999999978,3.750026533196752
22.399999999999977,4.393676037087857
22.599999999999977,5.1647075231118125
22.799999999999976,6.0891934655432145
22.999999999999975,7.170715069869042
23.199999999999974,8.484752654857799
23.399999999999974,10.073982027153718
23.599999999999973,11.983177773949945
23.799999999999972,14.277266708104268
23.99999999999997,17.034281587314325
24.19999999999997,20.237995550031663
24.39999999999997,24.153281158437952
24.59999999999997,28.903361089916817
24.79999999999997,34.61363300377064
24.999999999999968,41.47840042248595
25.199999999999967,49.63567399242073
25.399999999999967,59.53708487726359
25.599999999999966,71.44090141768936
25.799999999999965,85.7521979023691
25.999999999999964,102.95795346661477
26.199999999999964,123.64364101416868
26.399999999999963,148.5131761955958
26.599999999999962,178.41281464499667
26.79999999999996,214.35998554102125
26.99999999999996,257.57788604000797
