mags_ab,pos_errs_mas
16.0,0.20703382037567103
16.2,0.22352837062141717
16.4,0.2407268267959937
16.599999999999998,0.26010248457858715
16.799999999999997,0.1689535893349518
16.999999999999996,0.18353793434813992
17.199999999999996,0.19759932722682694
17.399999999999995,0.2129634995690731
17.599999999999994,0.16875149465509226
17.799999999999994,0.18383988459925876
17.999999999999993,0.16434564086394235
18.199999999999992,0.1793170560825545
18.39999999999999,0.16737942997734606
18.59999999999999,0.18275566357878645
18.79999999999999,0.19961200513894084
18.99999999999999,0.1834342669061834
19.19999999999999,0.1774940518314899
19.399999999999988,0.1942627877232257
19.599999999999987,0.1851529912654263
19.799999999999986,0.2024708024184856
19.999999999999986,0.22256117481457438
20.199999999999985,0.24499005959599396
20.399999999999984,0.2698675148785339
20.599999999999984,0.29767681312353056
20.799999999999983,0.3288352981100377
20.999999999999982,0.36384478058299907
21.19999999999998,0.4033279422872043
21.39999999999998,0.4479800621070785
21.59999999999998,0.49873860499236433
21.79999999999998,0.5570152032597196
21.99999999999998,0.6236177166778863
22.199999999999978,0.7008409758451616
22.399999999999977,0.789621064051424
22.599999999999977,0.8929469502939029
22.799999999999976,1.0137620388581638
22.999999999999975,1.155644944828203
23.199999999999974,1.3229377960362805
23.399999999999974,1.5208994316318174
23.599999999999973,1.7558862925621748
23.799999999999972,2.0355694102997055
23.99999999999997,2.370483996969604
24.19999999999997,2.7690485948048544
24.39999999999997,3.2460210828432965
24.59999999999997,3.817486143840619
24.79999999999997,4.502776898711947
24.999999999999968,5.32512512849468
25.199999999999967,6.312448147696101
25.399999999999967,7.498293801487931
25.599999999999966,8.922977093282142
25.799999999999965,10.634951815393546
25.999999999999964,12.692453822421509
26.199999999999964,15.165480514210863
26.399999999999963,18.138178180774478
26.599999999999962,21.711692377360695
26.79999999999996,26.007619984757426
26.99999999999996,31.17213611459666
