mags_ab,pos_errs_mas
16.0,0.20682882440010228
16.2,0.2233961357343017
16.4,0.17039673590287435
16.599999999999998,0.1836181403567952
16.799999999999997,0.19870391944898969
16.999999999999996,0.21538133835922424
17.199999999999996,0.23232926921964886
17.399999999999995,0.16913956383025522
17.599999999999994,0.1842815198315459
17.799999999999994,0.20053927331384483
17.999999999999993,0.1675403885207827
18.199999999999992,0.18276732679225793
18.39999999999999,0.1698913427998145
18.59999999999999,0.1669421396527106
18.79999999999999,0.18237362560865183
18.99999999999999,0.1846893694973749
19.19999999999999,0.18195956404083347
19.399999999999988,0.18972727422073357
19.599999999999987,0.20792657504285017
19.799999999999986,0.2281164850990926
19.999999999999986,0.2503027464680891
20.199999999999985,0.2748293995546283
20.399999999999984,0.3019737658799351
20.599999999999984,0.33203256287606936
20.799999999999983,0.36536248018539635
20.999999999999982,0.40240949511365215
21.19999999999998,0.44371379974247543
21.39999999999998,0.4898792512414878
21.59999999999998,0.5413909955269494
21.79999999999998,0.5992405753204495
21.99999999999998,0.6648652335296881
22.199999999999978,0.7385921874980137
22.399999999999977,0.8221998339537657
22.599999999999977,0.9172737125841265
22.799999999999976,1.0265939543891505
22.999999999999975,1.1521251315637115
23.199999999999974,1.2977259473426372
23.399999999999974,1.467668453969522
23.599999999999973,1.661425611877084
23.799999999999972,1.8915501452408652
23.99999999999997,2.162532966155511
24.19999999999997,2.4828228863748536
24.39999999999997,2.862638523438745
24.59999999999997,3.3143172738320263
24.79999999999997,3.8527337357720692
24.999999999999968,4.495798657531408
25.199999999999967,5.265061507053627
25.399999999999967,6.186433762477816
25.599999999999966,7.291059665366544
25.799999999999965,8.604725250600593
25.999999999999964,10.191368081106292
26.199999999999964,12.096781574202055
26.399999999999963,14.385735711741772
26.599999999999962,17.13606545547711
26.79999999999996,20.44132302238678
26.99999999999996,24.413949879891202
