mags_ab,pos_errs_mas
16.0,0.23394233749651877
16.2,0.24773895407815388
16.4,0.25247110019444885
16.599999999999998,0.17009831521534668
16.799999999999997,0.18344928349639625
16.999999999999996,0.19823154688765338
17.199999999999996,0.21257999139323636
17.399999999999995,0.18220620020020478
17.599999999999994,0.18340769429811002
17.799999999999994,0.20095413031150172
17.999999999999993,0.22030296254121529
18.199999999999992,0.24164503039491816
18.39999999999999,0.26520797054082307
18.59999999999999,0.2910731012215459
18.79999999999999,0.3197312281149277
18.99999999999999,0.3514279349772213
19.19999999999999,0.3865451984444396
19.399999999999988,0.4255097105771026
19.599999999999987,0.4688105692018382
19.799999999999986,0.5170769077276465
19.999999999999986,0.5699577482378986
20.199999999999985,0.6297851293315987
20.399999999999984,0.6952286779639227
20.599999999999984,0.7694839534014625
20.799999999999983,0.8537569232269436
20.999999999999982,0.9493365221619905
21.19999999999998,1.0580111667427337
21.39999999999998,1.1821696406017492
21.59999999999998,1.3229367107957808
21.79999999999998,1.470806607241665
21.99999999999998,1.6455529789513383
22.199999999999978,1.8567105903584293
22.399999999999977,2.103224810670069
22.599999999999977,2.3919620549885363
22.799999999999976,2.7315937464238744
22.999999999999975,3.13263373352851
23.199999999999974,3.583359849998934
23.399999999999974,4.110088611725701
23.599999999999973,4.730563855363831
23.799999999999972,5.500951499907235
23.99999999999997,6.42322799847227
24.19999999999997,7.522293084167094
24.39999999999997,8.839969823686324
24.59999999999997,10.26108946444745
24.79999999999997,12.121960203697578
24.999999999999968,14.26283632257267
25.199999999999967,16.92355934727242
25.399999999999967,20.119703665175095
25.599999999999966,23.95995017237589
25.799999999999965,28.574919520022377
25.999999999999964,33.54310757759798
26.199999999999964,39.84903710452334
26.399999999999963,47.65852109168441
26.599999999999962,57.04637030177015
26.79999999999996,68.33202975342319
26.99999999999996,81.89950993433678
