mags_ab,pos_errs_mas
16.0,0.2414072981205124
16.2,0.2581199217956813
16.4,0.2803133544477381
16.599999999999998,0.30184380176281234
16.799999999999997,0.20864531450329282
16.999999999999996,0.22632985318466275
17.199999999999996,0.24483217492825632
17.399999999999995,0.26548328282743244
17.599999999999994,0.28767997519906424
17.799999999999994,0.3113762517597909
17.999999999999993,0.3359201438330052
18.199999999999992,0.36189832476809153
18.39999999999999,0.2130501632202183
18.59999999999999,0.2319806840939133
18.79999999999999,0.252547898337656
18.99999999999999,0.20695361787324862
19.19999999999999,0.2258487219588556
19.399999999999988,0.20876929578332845
19.599999999999987,0.228000376577073
19.799999999999986,0.20970707140418218
19.999999999999986,0.2098147141562777
20.199999999999985,0.21783363792035787
20.399999999999984,0.2222655872159866
20.599999999999984,0.2436700228126111
20.799999999999983,0.26736989854340076
20.999999999999982,0.29358084706288584
21.19999999999998,0.3226282977517282
21.39999999999998,0.3548427113492839
21.59999999999998,0.39077269853698804
21.79999999999998,0.4306662110167133
21.99999999999998,0.47528754620847374
22.199999999999978,0.5251688411974834
22.399999999999977,0.5813107639443705
22.599999999999977,0.6444691107647819
22.799999999999976,0.7159425896952621
22.999999999999975,0.797869484208353
23.199999999999974,0.8906086760955639
23.399999999999974,0.9969733361057063
23.599999999999973,1.119534860901495
23.799999999999972,1.261423635003947
23.99999999999997,1.4265620372438075
24.19999999999997,1.6193713410506212
24.39999999999997,1.847543246301606
24.59999999999997,2.1142443345354733
24.79999999999997,2.429755470255428
24.999999999999968,2.8038838360213387
25.199999999999967,3.249144639168085
25.399999999999967,3.7801577055633584
25.599999999999966,4.414620028488542
25.799999999999965,5.173820214179024
25.999999999999964,6.083353192388991
26.199999999999964,7.173982247470618
26.399999999999963,8.482677028785687
26.599999999999962,10.053860247710514
26.79999999999996,11.940916720795023
26.99999999999996,14.206519842360128
