mags_ab,pos_errs_mas
16.0,0.2509522143000507
16.2,0.26726586450922407
16.4,0.2847174538885996
16.599999999999998,0.294371527165179
16.799999999999997,0.20157555256272175
16.999999999999996,0.21790861013024734
17.199999999999996,0.23444525205760317
17.399999999999995,0.25244057311777585
17.599999999999994,0.2703366767011847
17.799999999999994,0.20673128045845696
17.999999999999993,0.19458158899989392
18.199999999999992,0.21089239779098534
18.39999999999999,0.23115821413397367
18.59999999999999,0.2534940433909527
18.79999999999999,0.2781653286840738
18.99999999999999,0.30538722412939834
19.19999999999999,0.3355081969538677
19.399999999999988,0.36882830929734456
19.599999999999987,0.4056811864174026
19.799999999999986,0.44649282784494915
19.999999999999986,0.49195041644640447
20.199999999999985,0.542633700364307
20.399999999999984,0.5990020038639688
20.599999999999984,0.6626367966997772
20.799999999999983,0.7332652020466973
20.999999999999982,0.812614790681941
21.19999999999998,0.9029931572334002
21.39999999999998,1.00317671860526
21.59999999999998,1.1159555505009853
21.79999999999998,1.2456957908668764
21.99999999999998,1.39555127770391
22.199999999999978,1.5674470335205053
22.399999999999977,1.7643167991307651
22.599999999999977,1.9969844596303579
22.799999999999976,2.2661504296626505
22.999999999999975,2.5754699012337863
23.199999999999974,2.9366086889301477
23.399999999999974,3.3748421208926076
23.599999999999973,3.8947969373441893
23.799999999999972,4.51356077657693
23.99999999999997,5.220166302727402
24.19999999999997,6.091695388473716
24.39999999999997,7.133747759203034
24.59999999999997,8.382252589071717
24.79999999999997,9.879160146154064
24.999999999999968,11.671723492227363
25.199999999999967,13.823966683572973
25.399999999999967,16.411401055491062
25.599999999999966,19.43387500170637
25.799999999999965,23.14810535883936
25.999999999999964,27.604585269222685
26.199999999999964,32.96791965860093
26.399999999999963,39.327271949957094
26.599999999999962,47.05843967443184
26.79999999999996,56.096581102193376
26.99999999999996,67.21597987206435
