mags_ab,pos_errs_mas
16.0,0.2135548916725035
16.2,0.16622650739551198
16.4,0.17761061976603115
16.599999999999998,0.19114460394305682
16.799999999999997,0.16258526138064475
16.999999999999996,0.17715209393338782
17.199999999999996,0.15756911421897793
17.399999999999995,0.17184073147887952
17.599999999999994,0.1650500697668663
17.799999999999994,0.16764174555068773
17.999999999999993,0.17562007584425984
18.199999999999992,0.1796790019820214
18.39999999999999,0.19677347769809914
18.59999999999999,0.21559901034894444
18.79999999999999,0.23633520186428603
18.99999999999999,0.2593419233312874
19.19999999999999,0.28461957879229277
19.399999999999988,0.3123622317938564
19.599999999999987,0.3429722021299846
19.799999999999986,0.37677404276260695
19.999999999999986,0.41414407167267153
20.199999999999985,0.45551648870291184
20.399999999999984,0.501384651091224
20.599999999999984,0.5525043113070737
20.799999999999983,0.6096616972332305
20.999999999999982,0.6722089928591192
21.19999999999998,0.7421303296773542
21.39999999999998,0.820539319800783
21.59999999999998,0.908658093857403
21.79999999999998,1.0080127740299532
21.99999999999998,1.1205344600001819
22.199999999999978,1.2491792006943299
22.399999999999977,1.3917519961234641
22.599999999999977,1.5536573233471909
22.799999999999976,1.7413480040123197
22.999999999999975,1.9587165465531362
23.199999999999974,2.211149334342664
23.399999999999974,2.5055897465519172
23.599999999999973,2.8505927032018636
23.799999999999972,3.256549279582725
23.99999999999997,3.7236515052851678
24.19999999999997,4.271169596352312
24.39999999999997,4.933182490997672
24.59999999999997,5.721263044013811
24.79999999999997,6.661483459221611
24.999999999999968,7.785224334149285
25.199999999999967,9.130232047867537
25.399999999999967,10.74188422006506
25.599999999999966,12.674719455731097
25.799999999999965,14.963830013579283
25.999999999999964,17.73871734578353
26.199999999999964,21.071553794822346
26.399999999999963,25.075652269901603
26.599999999999962,29.887185324197112
26.79999999999996,35.669830125245525
26.99999999999996,42.620315265801004
