mags_ab,pos_errs_mas
16.0,0.23169151575190047
16.2,0.23702085465114223
16.4,0.16698616561557467
16.599999999999998,0.1811643653759745
16.799999999999997,0.19113099792507895
16.999999999999996,0.20535240449596573
17.199999999999996,0.21981235774678187
17.399999999999995,0.23700153529576434
17.599999999999994,0.2546708616165778
17.799999999999994,0.15384594260000795
17.999999999999993,0.1650259031517244
18.199999999999992,0.17795130641534626
18.39999999999999,0.14843121537138776
18.59999999999999,0.16196671272043117
18.79999999999999,0.15261951356240128
18.99999999999999,0.1666761985124295
19.19999999999999,0.18210706738152607
19.399999999999988,0.17215918449133435
19.599999999999987,0.17533638001755483
19.799999999999986,0.1782578328360142
19.999999999999986,0.19132609078291624
20.199999999999985,0.20980659194970344
20.399999999999984,0.23022621835678078
20.599999999999984,0.2528070597635109
20.799999999999983,0.2780084819746172
20.999999999999982,0.3057875791598582
21.19999999999998,0.3365740227579102
21.39999999999998,0.3708278178247926
21.59999999999998,0.40902103639762855
21.79999999999998,0.4517235864367943
21.99999999999998,0.49961276844460867
22.199999999999978,0.5535019066586385
22.399999999999977,0.6153633624981217
22.599999999999977,0.6844106858167889
22.799999999999976,0.7630482912638196
22.999999999999975,0.8530262057349175
23.199999999999974,0.9564847756454602
23.399999999999974,1.0760091996067576
23.599999999999973,1.2147860009006657
23.799999999999972,1.376483559683896
23.99999999999997,1.5671814629796814
24.19999999999997,1.7901887566333272
24.39999999999997,2.053601284409329
24.59999999999997,2.365779204261391
24.79999999999997,2.7368314251372157
24.999999999999968,3.178947460110557
25.199999999999967,3.7058428508371746
25.399999999999967,4.33584272811301
25.599999999999966,5.090346709728226
25.799999999999965,5.994711041420035
25.999999999999964,7.079561839687283
26.199999999999964,8.38170196159605
26.399999999999963,9.945358199522357
26.599999999999962,11.823674085327859
26.79999999999996,14.079258612701647
26.99999999999996,16.789967579272368
