mags_ab,pos_errs_mas
16.0,0.21389457109161567
16.2,0.23126733487829254
16.4,0.24785997815778402
16.599999999999998,0.16568239563613285
16.799999999999997,0.17899041350090095
16.999999999999996,0.1906878460772888
17.199999999999996,0.15267073626562686
17.399999999999995,0.1633895097448538
17.599999999999994,0.1460761244432427
17.799999999999994,0.15895843272525378
17.999999999999993,0.14989784771881665
18.199999999999992,0.16363123244295358
18.39999999999999,0.17866474591061668
18.59999999999999,0.16675248848249688
18.79999999999999,0.18224398251647622
18.99999999999999,0.1789133368137552
19.19999999999999,0.17778889283991722
19.399999999999988,0.1937025852624753
19.599999999999987,0.21242110930128527
19.799999999999986,0.23310233009586215
19.999999999999986,0.2559714573796627
20.199999999999985,0.2814888282332963
20.399999999999984,0.30956787125973095
20.599999999999984,0.3407094894434962
20.799999999999983,0.37534289285199957
20.999999999999982,0.4139496195561608
21.19999999999998,0.4570982418208811
21.39999999999998,0.5054673808597945
21.59999999999998,0.5600606856878072
21.79999999999998,0.6220436854249639
21.99999999999998,0.6915244328954551
22.199999999999978,0.7705704737112434
22.399999999999977,0.8609339837383669
22.599999999999977,0.9646926425683124
22.799999999999976,1.0844487618571939
22.999999999999975,1.22228320314693
23.199999999999974,1.3837159534254186
23.399999999999974,1.5733686837423195
23.599999999999973,1.79523352763735
23.799999999999972,2.057024760722151
23.99999999999997,2.3670106352924525
24.19999999999997,2.7351820418789585
24.39999999999997,3.1686157475682446
24.59999999999997,3.6876576763553017
24.79999999999997,4.309683038466124
24.999999999999968,5.054187425517277
25.199999999999967,5.946289477717801
25.399999999999967,7.016177521849851
25.599999999999966,8.300129526318377
25.799999999999965,9.841739315919197
25.999999999999964,11.685283162850045
26.199999999999964,13.906593018821889
26.399999999999963,16.575855739490724
26.599999999999962,19.783868740982125
26.79999999999996,23.639776054069596
26.99999999999996,28.27476848622802
