mags_ab,pos_errs_mas
16.0,0.2373827048121472
16.2,0.2517685567250912
16.4,0.25722777310776507
16.599999999999998,0.18709348123196684
16.799999999999997,0.2019184501370358
16.999999999999996,0.18299571721630153
17.199999999999996,0.18260600932711482
17.399999999999995,0.20007701676562847
17.599999999999994,0.21934476730482905
17.799999999999994,0.24059926433202064
17.999999999999993,0.26404368016217433
18.199999999999992,0.2897370839315586
18.39999999999999,0.3182611620930249
18.59999999999999,0.34980779107510723
18.79999999999999,0.384760442489682
18.99999999999999,0.42354188191156594
19.19999999999999,0.46663486307204605
19.399999999999988,0.5146726484423106
19.599999999999987,0.5672527738025087
19.799999999999986,0.6262235711817224
19.999999999999986,0.6901396085090169
20.199999999999985,0.7640799203476486
20.399999999999984,0.8473243560853528
20.599999999999984,0.9415630470335067
20.799999999999983,1.0486020353693277
20.999999999999982,1.1708457626323787
21.19999999999998,1.3036643084312287
21.39999999999998,1.4458355765993627
21.59999999999998,1.6173558036040647
21.79999999999998,1.821310308075039
21.99999999999998,2.0587100985948443
22.199999999999978,2.335410310825813
22.399999999999977,2.660207619985178
22.599999999999977,2.9914784229015154
22.799999999999976,3.407018880334406
22.999999999999975,3.8829311037041156
23.199999999999974,4.479337951318223
23.399999999999974,5.188810847235194
23.599999999999973,6.034746369526772
23.799999999999972,7.04531510310202
23.99999999999997,8.144552034728564
24.19999999999997,9.516772666458074
24.39999999999997,11.120844215625553
24.59999999999997,13.122573308987512
24.79999999999997,15.524836684985631
24.999999999999968,18.409196155028024
25.199999999999967,21.873668307025937
25.399999999999967,26.036042360209244
25.599999999999966,31.037884761793812
25.799999999999965,36.817979556872245
25.999999999999964,43.984978085279025
26.199999999999964,52.5999614906943
26.399999999999963,62.95607162068458
26.599999999999962,75.40567949474989
26.79999999999996,90.37242108596253
26.99999999999996,108.36556568580232
