mags_ab,pos_errs_mas
16.0,inf
16.2,inf
16.4,inf
16.599999999999998,inf
16.799999999999997,0.23425925052457477
16.999999999999996,0.24658346374367293
17.199999999999996,0.2616192453761678
17.399999999999995,0.26852712382857574
17.599999999999994,0.1972973948339867
17.799999999999994,0.21267099661972405
17.999999999999993,0.22805073474504217
18.199999999999992,0.24646883704084935
18.39999999999999,0.26288642175827776
18.59999999999999,0.21591654460162907
18.79999999999999,0.20684521009254137
18.99999999999999,0.22680188511834046
19.19999999999999,0.24885477469049228
19.399999999999988,0.27320493267711565
19.599999999999987,0.3001288244184847
19.799999999999986,0.32987667194640535
19.999999999999986,0.3629047623793287
20.199999999999985,0.3996751187862935
20.399999999999984,0.44063959979036094
20.599999999999984,0.4863594364983108
20.799999999999983,0.5373117070358823
20.999999999999982,0.5935335551237896
21.19999999999998,0.657765714374883
21.39999999999998,0.7300276078650955
21.59999999999998,0.8122031995040034
21.79999999999998,0.9020707634927974
21.99999999999998,1.0080287226386437
22.199999999999978,1.127706748826259
22.399999999999977,1.267599833369596
22.599999999999977,1.4298194578349748
22.799999999999976,1.6152383343790173
22.999999999999975,1.8079771038058257
23.199999999999974,2.0574748536170353
23.399999999999974,2.35072608543122
23.599999999999973,2.6978670812357826
23.799999999999972,3.1086172090288007
23.99999999999997,3.597782648203503
24.19999999999997,4.169733383556323
24.39999999999997,4.838420422333579
24.59999999999997,5.646474026152421
24.79999999999997,6.628789332922651
24.999999999999968,7.74154189949564
25.199999999999967,9.137142232048973
25.399999999999967,10.725036804039881
25.599999999999966,12.610552712854409
25.799999999999965,14.978476885265172
25.999999999999964,17.823287428364512
26.199999999999964,21.241733186132453
26.399999999999963,25.350099688597783
26.599999999999962,30.288157551459836
26.79999999999996,36.22392108990971
26.99999999999996,43.359354798395906
