mags_ab,pos_errs_mas
16.0,0.2095338350241337
16.2,0.22522983970730198
16.4,0.24367330628135858
16.599999999999998,0.26078797278970295
16.799999999999997,0.27931566294237065
16.999999999999996,0.2992510923804917
17.199999999999996,0.1884183277859396
17.399999999999995,0.20433101890494593
17.599999999999994,0.2212748304378237
17.799999999999994,0.23922442434109664
17.999999999999993,0.19421296734220783
18.199999999999992,0.21158105988211193
18.39999999999999,0.19709868976934314
18.59999999999999,0.20038575507776707
18.79999999999999,0.21956214594722906
18.99999999999999,0.24065795920987126
19.19999999999999,0.2639260970208748
19.399999999999988,0.28960811746757414
19.599999999999987,0.31796314082716703
19.799999999999986,0.3493064609010473
19.999999999999986,0.3839777578125587
20.199999999999985,0.42237581916796896
20.399999999999984,0.46494280331444177
20.599999999999984,0.512264316881162
20.799999999999983,0.5650091750124399
20.999999999999982,0.6237418466220018
21.19999999999998,0.6901694159484459
21.39999999999998,0.7635227373090455
21.59999999999998,0.846766957478974
21.79999999999998,0.9404245420673913
21.99999999999998,1.0453488064443348
22.199999999999978,1.1640932863224784
22.399999999999977,1.3021075957951593
22.599999999999977,1.459471648106876
22.799999999999976,1.64211778161602
22.999999999999975,1.8523735171969336
23.199999999999974,2.096854773532479
23.399999999999974,2.3854706814988464
23.599999999999973,2.716429597789686
23.799999999999972,3.103032621952111
23.99999999999997,3.5642304080438554
24.19999999999997,4.118882469795012
24.39999999999997,4.7793657105186576
24.59999999999997,5.5449292568057125
24.79999999999997,6.4799119951537065
24.999999999999968,7.598972109297831
25.199999999999967,8.9398633546742
25.399999999999967,10.547958697867152
25.599999999999966,12.47778440434701
25.799999999999965,14.794863050911765
25.999999999999964,17.577928619376856
26.199999999999964,20.846576508832964
26.399999999999963,24.845985400310955
26.599999999999962,29.652583278557167
26.79999999999996,35.42989759739628
26.99999999999996,42.374491948172704
