mags_ab,pos_errs_mas
16.0,0.374451619008268
16.2,0.400285628097792
16.4,0.2744480465430263
16.599999999999998,0.2954166988176615
16.799999999999997,0.3204041548311095
16.999999999999996,0.3467809910078533
17.199999999999996,0.2641858153114494
17.399999999999995,0.2857936051117394
17.599999999999994,0.30930395922503723
17.799999999999994,0.24445128102444674
17.999999999999993,0.26591130915588834
18.199999999999992,0.2895058114235675
18.39999999999999,0.3145846730368045
18.59999999999999,0.2555345752432679
18.79999999999999,0.2785685840077197
18.99999999999999,0.2531029494812823
19.19999999999999,0.24587075330607897
19.399999999999988,0.25114488126370593
19.599999999999987,0.25562032732977025
19.799999999999986,0.2801623074123041
19.999999999999986,0.30729286701886993
20.199999999999985,0.33738458434683155
20.399999999999984,0.37062888712939274
20.599999999999984,0.4074730160099525
20.799999999999983,0.4484124608094452
20.999999999999982,0.4939238686932964
21.19999999999998,0.544711634078143
21.39999999999998,0.601421541204116
21.59999999999998,0.6649197653467467
21.79999999999998,0.7364835691954724
21.99999999999998,0.8168524175966803
22.199999999999978,0.9090177355432985
22.399999999999977,1.012861255592744
22.599999999999977,1.1308990596011386
22.799999999999976,1.266932084677222
22.999999999999975,1.4239044484399705
23.199999999999974,1.605116885244924
23.399999999999974,1.8168560910387097
23.599999999999973,2.0644914948020627
23.799999999999972,2.3546540181994855
23.99999999999997,2.694948431827241
24.19999999999997,3.0992307294197197
24.39999999999997,3.579212403196601
24.59999999999997,4.1505767988268945
24.79999999999997,4.83222207583996
24.999999999999968,5.646896281884823
25.199999999999967,6.621961429038093
25.399999999999967,7.790311612175708
25.599999999999966,9.191481755084803
25.799999999999965,10.872982833527745
25.999999999999964,12.874021799460294
26.199999999999964,15.292335336424186
26.399999999999963,18.19770903108253
26.599999999999962,21.688949808355147
26.79999999999996,25.884821220919676
26.99999999999996,30.92806753808412
