mags_ab,pos_errs_mas
16.0,inf
16.2,inf
16.4,0.2611638275679752
16.599999999999998,0.2858119349470962
16.799999999999997,0.3024487283668728
16.999999999999996,0.20841175110496887
17.199999999999996,0.22568284823680088
17.399999999999995,0.2384386295296739
17.599999999999994,0.25693365539276836
17.799999999999994,0.275233035793793
17.999999999999993,0.1859256320008105
18.199999999999992,0.2021989632563976
18.39999999999999,0.21879740451915047
18.59999999999999,0.2369834324304826
18.79999999999999,0.18608522297360444
18.99999999999999,0.2027881682069761
19.19999999999999,0.2210797841107641
19.399999999999988,0.20448084194856495
19.599999999999987,0.1995644206584848
19.799999999999986,0.2178040244319973
19.999999999999986,0.23914812003937
20.199999999999985,0.26285208143040745
20.399999999999984,0.2892540330011901
20.599999999999984,0.3185036909911368
20.799999999999983,0.35111175102827547
20.999999999999982,0.38754507437401603
21.19999999999998,0.4283681485568674
21.39999999999998,0.47427418958374473
21.59999999999998,0.526085010828513
21.79999999999998,0.5848045606896669
21.99999999999998,0.6515756578503146
22.199999999999978,0.728244664845844
22.399999999999977,0.8157070990632611
22.599999999999977,0.916616058421168
22.799999999999976,1.0336118269824932
22.999999999999975,1.1699128829562044
23.199999999999974,1.3294373325005646
23.399999999999974,1.5169348126418714
23.599999999999973,1.7382011688442673
23.799999999999972,2.0003594254299433
23.99999999999997,2.310949558037905
24.19999999999997,2.680504848564211
24.39999999999997,3.1218142440617047
24.59999999999997,3.6489456312577992
24.79999999999997,4.2803413605791425
24.999999999999968,5.032772921719642
25.199999999999967,5.928231035931576
25.399999999999967,7.007236800046172
25.599999999999966,8.308971739188461
25.799999999999965,9.872515570809295
25.999999999999964,11.751028323575836
26.199999999999964,13.97394518565831
26.399999999999963,16.638193413121122
26.599999999999962,19.88087603937586
26.79999999999996,23.77874410085453
26.99999999999996,28.464423081178477
