mags_ab,pos_errs_mas
16.0,0.2329694591507334
16.2,0.24526126470655893
16.4,0.24609332970039685
16.599999999999998,0.22915495468661837
16.799999999999997,0.18751650452236987
16.999999999999996,0.20298701546795028
17.199999999999996,0.1957614805735757
17.399999999999995,0.21461039103637486
17.599999999999994,0.2354073929450809
17.799999999999994,0.25837389536347566
17.999999999999993,0.2835562866070436
18.199999999999992,0.31144199742494744
18.39999999999999,0.3423575972794645
18.59999999999999,0.37662855542683715
18.79999999999999,0.4146758676372728
18.99999999999999,0.45700548079152276
19.19999999999999,0.5041800270678302
19.399999999999988,0.5558829131231708
19.599999999999987,0.6139214011110133
19.799999999999986,0.6778071630024387
19.999999999999986,0.7503888917507504
20.199999999999985,0.8328564645383878
20.399999999999984,0.9264082317253547
20.599999999999984,1.0330125808293622
20.799999999999983,1.1548680878901358
20.999999999999982,1.2950116095833024
21.19999999999998,1.4349080002959174
21.39999999999998,1.610168490491856
21.59999999999998,1.8180825760152133
21.79999999999998,2.0609753929912182
21.99999999999998,2.345384332950252
22.199999999999978,2.6804196612013262
22.399999999999977,3.0755787822506147
22.599999999999977,3.516272796620007
22.799999999999976,4.025360269917249
22.999999999999975,4.632801328600927
23.199999999999974,5.389667244014552
23.399999999999974,6.295248585891772
23.599999999999973,7.37892015651992
23.799999999999972,8.677221691696879
23.99999999999997,10.234070011782487
24.19999999999997,11.987665046073475
24.39999999999997,14.090629123533267
24.59999999999997,16.724257611419656
24.79999999999997,19.887986956903035
24.999999999999968,23.689397059475404
25.199999999999967,28.25779216656114
25.399999999999967,33.748586655990486
25.599999999999966,40.34859614309251
25.799999999999965,48.10028256498377
25.999999999999964,57.595946463414066
26.199999999999964,69.01137232703711
26.399999999999963,82.73501445084253
26.599999999999962,99.23384156985256
26.79999999999996,119.0692875790487
26.99999999999996,142.9162957315408
