mags_ab,pos_errs_mas
16.0,0.2089887383506778
16.2,0.2260314768472998
16.4,0.24466779231786479
16.599999999999998,0.18568107209646081
16.799999999999997,0.20158646583562473
16.999999999999996,0.21914952233024157
17.199999999999996,0.18253192998661324
17.399999999999995,0.1987657274478593
17.599999999999994,0.21629273423901246
17.799999999999994,0.18737382213894038
17.999999999999993,0.20421379119880262
18.199999999999992,0.18231286541429537
18.39999999999999,0.1989839338657004
18.59999999999999,0.190359068744904
18.79999999999999,0.19429747937554834
18.99999999999999,0.1989896410177428
19.19999999999999,0.21808349978588706
19.399999999999988,0.23908829969297193
19.599999999999987,0.26226142493618165
19.799999999999986,0.287857893928749
19.999999999999986,0.31618146023978605
20.199999999999985,0.3474916896479368
20.399999999999984,0.3822477782072678
20.599999999999984,0.420827155465404
20.799999999999983,0.46364598182520655
20.999999999999982,0.5112613276517921
21.19999999999998,0.5644457878121258
21.39999999999998,0.6240309218677768
21.59999999999998,0.6915936514348319
21.79999999999998,0.7670261445748858
21.99999999999998,0.8519919999482479
22.199999999999978,0.9488338264530332
22.399999999999977,1.0590403768528982
22.599999999999977,1.184529588534359
22.799999999999976,1.3284183499987858
22.999999999999975,1.4968762523583525
23.199999999999974,1.6909991157764692
23.399999999999974,1.9177007917778806
23.599999999999973,2.1834274614306977
23.799999999999972,2.4965157634932362
23.99999999999997,2.866428244839757
24.19999999999997,3.305283999482746
24.39999999999997,3.824954347615428
24.59999999999997,4.4465102054549455
24.79999999999997,5.181964791084798
24.999999999999968,6.0681739504690375
25.199999999999967,7.105213795654408
25.399999999999967,8.361376657993604
25.599999999999966,9.856194840285982
25.799999999999965,11.66875816298546
25.999999999999964,13.845335835332476
26.199999999999964,16.459904732854355
26.399999999999963,19.601371751130404
26.599999999999962,23.376586358721866
26.79999999999996,27.913978616695786
26.99999999999996,33.367919638639435
