mags_ab,pos_errs_mas
16.0,0.16556880508693128
16.2,0.1794347425832022
16.4,0.15781177723260836
16.599999999999998,0.17221543833535002
16.799999999999997,0.18803466054867857
16.999999999999996,0.17883874114864987
17.199999999999996,0.19612068035028807
17.399999999999995,0.2152418075053368
17.599999999999994,0.23635577115976633
17.799999999999994,0.25973794886198515
17.999999999999993,0.2856673043856702
18.199999999999992,0.3144713392284327
18.39999999999999,0.3465337667457175
18.59999999999999,0.3825548449568394
18.79999999999999,0.4225498856049399
18.99999999999999,0.4673938739215018
19.19999999999999,0.5178501990017412
19.399999999999988,0.5748561462959924
19.599999999999987,0.6397786395183266
19.799999999999986,0.7134506937579207
19.999999999999986,0.7977873772303998
20.199999999999985,0.8946388889198963
20.399999999999984,1.0064477587100553
20.599999999999984,1.136275423786262
20.799999999999983,1.2877454900512035
20.999999999999982,1.465266958303901
21.19999999999998,1.6740863884581572
21.39999999999998,1.920628439907396
21.59999999999998,2.2128376820027773
21.79999999999998,2.5601796162783734
21.99999999999998,2.9740696587059254
22.199999999999978,3.468255364504705
22.399999999999977,4.05927952898065
22.599999999999977,4.7670347198956735
22.799999999999976,5.615432621339236
22.999999999999975,6.633210320929259
23.199999999999974,7.854899398250636
23.399999999999974,9.32199672837358
23.599999999999973,11.084367631008085
23.799999999999972,13.201941567020455
23.99999999999997,15.746743932497798
24.19999999999997,18.805350070219255
24.39999999999997,22.481822808841677
24.59999999999997,26.901253484511386
24.79999999999997,32.21402121357341
24.999999999999968,38.600903175136594
25.199999999999967,46.279229940866735
25.399999999999967,55.51027820177273
25.599999999999966,66.60815849193123
25.799999999999965,79.95051960035053
25.999999999999964,95.99137019517333
26.199999999999964,115.27654406438079
26.399999999999963,138.46229871611558
26.599999999999962,166.3375941003679
26.79999999999996,199.85097632932795
26.99999999999996,240.14282369653532
