mags_ab,pos_errs_mas
16.0,0.1887525370511707
16.2,0.20256055802395528
16.4,0.15214403719853328
16.599999999999998,0.16284498930270577
16.799999999999997,0.1741271580220425
16.999999999999996,0.14792082071663024
17.199999999999996,0.16137518850897065
17.399999999999995,0.15333355311731084
17.599999999999994,0.15337240018956522
17.799999999999994,0.15762671730166264
17.999999999999993,0.16467691698224338
18.199999999999992,0.1686456735401698
18.39999999999999,0.18365823459181124
18.59999999999999,0.20126774881871637
18.79999999999999,0.22067852293382734
18.99999999999999,0.24208437535722696
19.19999999999999,0.265705478562138
19.399999999999988,0.29193435537224116
19.599999999999987,0.32085838465882305
19.799999999999986,0.3527532275963757
19.999999999999986,0.3880985167870767
20.199999999999985,0.4273358659555399
20.399999999999984,0.4709831861423691
20.599999999999984,0.5196516363284405
20.799999999999983,0.5743769059715049
20.999999999999982,0.6356573312304087
21.19999999999998,0.7041294420037906
21.39999999999998,0.7814352919646586
21.59999999999998,0.8690014425033392
21.79999999999998,0.967762556895007
21.99999999999998,1.0813561743766427
22.199999999999978,1.2118399227774759
22.399999999999977,1.3627897035150356
22.599999999999977,1.5372515835227256
22.799999999999976,1.7405534492975974
22.999999999999975,1.9785548008140885
23.199999999999974,2.253490574463809
23.399999999999974,2.5794454998138376
23.599999999999973,2.9669407374943337
23.799999999999972,3.427036530694842
23.99999999999997,3.974773917314606
24.19999999999997,4.628276539748461
24.39999999999997,5.409359412246278
24.59999999999997,6.336364991094918
24.79999999999997,7.453437599378568
24.999999999999968,8.7930675996681
25.199999999999967,10.40067446257811
25.399999999999967,12.330837167700675
25.599999999999966,14.64914162162792
25.799999999999965,17.434407586114485
25.999999999999964,20.78136123410087
26.199999999999964,24.80385559662683
26.399999999999963,29.638745415115842
26.599999999999962,35.45053246205526
26.79999999999996,42.43696994463095
26.99999999999996,50.83577717076653
