mags_ab,pos_errs_mas
16.0,0.37481126765143186
16.2,0.40058924995803236
16.4,0.2729205295339471
16.599999999999998,0.29643920101793053
16.799999999999997,0.3206953397866845
16.999999999999996,0.34785273128552785
17.199999999999996,0.2634441169384222
17.399999999999995,0.28610515534208464
17.599999999999994,0.23569260978013976
17.799999999999994,0.25646011209579156
17.999999999999993,0.2791680199684624
18.199999999999992,0.23914595777380743
18.39999999999999,0.260634600095041
18.59999999999999,0.23698832352687232
18.79999999999999,0.25864366459856575
18.99999999999999,0.248995301567115
19.19999999999999,0.2484579615194873
19.399999999999988,0.25340843099819715
19.599999999999987,0.24829053958223732
19.799999999999986,0.2711830711417175
19.999999999999986,0.297651823549692
20.199999999999985,0.32708560157645494
20.399999999999984,0.35972437306349897
20.599999999999984,0.3960371214674612
20.799999999999983,0.43650808007251657
20.999999999999982,0.48179645802878357
21.19999999999998,0.5324992028149981
21.39999999999998,0.5895950160008724
21.59999999999998,0.6539414130573893
21.79999999999998,0.7270015686769417
21.99999999999998,0.809960514881471
22.199999999999978,0.9057248072646259
22.399999999999977,1.0146356338769336
22.599999999999977,1.140133698433928
22.799999999999976,1.2858311866558751
22.999999999999975,1.4549725188216964
23.199999999999974,1.6534782772145031
23.399999999999974,1.8868301909766405
23.599999999999973,2.1608309154898713
23.799999999999972,2.487929884630728
23.99999999999997,2.8741854831940694
24.19999999999997,3.332510591699319
24.39999999999997,3.8789066688983067
24.59999999999997,4.5335100797435635
24.79999999999997,5.3170348593443215
24.999999999999968,6.252525084877509
25.199999999999967,7.37737855814317
25.399999999999967,8.727292639564547
25.599999999999966,10.348099997124429
25.799999999999965,12.294879236416351
25.999999999999964,14.633817506517795
26.199999999999964,17.444462768815985
26.399999999999963,20.822430004774315
26.599999999999962,24.88264008647097
26.79999999999996,29.76324229710506
26.99999999999996,35.60440275277227
