mags_ab,pos_errs_mas
16.0,inf
16.2,0.3081097783387546
16.4,0.3277815447369422
16.599999999999998,0.34788615817422247
16.799999999999997,0.37003227476246087
16.999999999999996,0.26641795781635946
17.199999999999996,0.28686274686261365
17.399999999999995,0.3093555416301922
17.599999999999994,0.33145491465280896
17.799999999999994,0.3553009336414415
17.999999999999993,0.3780038317183377
18.199999999999992,0.2690334950925156
18.39999999999999,0.291400482568006
18.59999999999999,0.2534329530180667
18.79999999999999,0.2733327026090719
18.99999999999999,0.2997461834520015
19.19999999999999,0.3289643749619349
19.399999999999988,0.36125814212396834
19.599999999999987,0.39704474262180356
19.799999999999986,0.4367837747225342
19.999999999999986,0.480856738030134
20.199999999999985,0.5299252460554945
20.399999999999984,0.584563316648923
20.599999999999984,0.6458986572588336
20.799999999999983,0.7138008272772653
20.999999999999982,0.7910058549627395
21.19999999999998,0.8784972183746472
21.39999999999998,0.9763522434652335
21.59999999999998,1.0875741749798848
21.79999999999998,1.215585062705475
21.99999999999998,1.3607163268373916
22.199999999999978,1.5301014643921906
22.399999999999977,1.722738985446828
22.599999999999977,1.9506617715044132
22.799999999999976,2.207983677313228
22.999999999999975,2.51786748965872
23.199999999999974,2.879940811078635
23.399999999999974,3.3115800697726967
23.599999999999973,3.813316626041836
23.799999999999972,4.420505718875738
23.99999999999997,5.144761826417561
24.19999999999997,5.9977785712489675
24.39999999999997,7.017790096232501
24.59999999999997,8.252049571657324
24.79999999999997,9.656551070161772
24.999999999999968,11.412477515712224
25.199999999999967,13.484797841074478
25.399999999999967,16.008259528964043
25.599999999999966,19.039723540831346
25.799999999999965,22.619064529255006
25.999999999999964,26.982694210891207
26.199999999999964,32.22740409374209
26.399999999999963,38.53164353040524
26.599999999999962,46.10990924399583
26.79999999999996,55.22006867297038
26.99999999999996,66.1721038695747
