mags_ab,pos_errs_mas
16.0,0.23830611986934863
16.2,0.25763815843843935
16.4,0.2799099326529025
16.599999999999998,0.3014862135071663
16.799999999999997,0.3248343662279531
16.999999999999996,0.20963707035677123
17.199999999999996,0.2266094542433882
17.399999999999995,0.24617821718879068
17.599999999999994,0.2666625697813158
17.799999999999994,0.2891314817675056
17.999999999999993,0.21176886521053614
18.199999999999992,0.23067699985343118
18.39999999999999,0.20021918768486946
18.59999999999999,0.21839995755498634
18.79999999999999,0.238279041188915
18.99999999999999,0.20863517744359034
19.19999999999999,0.22777360620387327
19.399999999999988,0.21328952762213452
19.599999999999987,0.21022696060760515
19.799999999999986,0.21320816502226447
19.999999999999986,0.21717516544433968
20.199999999999985,0.2380684716643138
20.399999999999984,0.2611732218861009
20.599999999999984,0.2867026464894979
20.799999999999983,0.3150121165874175
20.999999999999982,0.3463827511772972
21.19999999999998,0.38132978921308
21.39999999999998,0.4201236848203487
21.59999999999998,0.46347027140345953
21.79999999999998,0.511893652487357
21.99999999999998,0.5663145466194524
22.199999999999978,0.6274870004584374
22.399999999999977,0.6966273553306552
22.599999999999977,0.7757760306210623
22.799999999999976,0.8651574458213056
22.999999999999975,0.9675634291049476
23.199999999999974,1.085276838955237
23.399999999999974,1.221289846255115
23.599999999999973,1.3794521262569286
23.799999999999972,1.5631026202981246
23.99999999999997,1.7790999678473165
24.19999999999997,2.034060062952044
24.39999999999997,2.3339708349087456
24.59999999999997,2.6885377445254384
24.79999999999997,3.1107201460074774
24.999999999999968,3.6138073484133746
25.199999999999967,4.214512512868692
25.399999999999967,4.932945847685989
25.599999999999966,5.793290299317388
25.799999999999965,6.8246144951921615
25.999999999999964,8.061851874838496
26.199999999999964,9.546981365363509
26.399999999999963,11.330448593327736
26.599999999999962,13.472871967877738
26.79999999999996,16.03708815499123
26.99999999999996,19.12665303867258
