mags_ab,pos_errs_mas
16.0,0.1754879208099253
16.2,0.19063173387316162
16.4,0.15230610215430615
16.599999999999998,0.16278111372079523
16.799999999999997,0.17344924896652905
16.999999999999996,0.18487433570036535
17.199999999999996,0.19841877178398282
17.399999999999995,0.1497636546260265
17.599999999999994,0.16054028826243105
17.799999999999994,0.14304721220220692
17.999999999999993,0.15618456510148207
18.199999999999992,0.15241636465978053
18.39999999999999,0.1546886560711919
18.59999999999999,0.16045020560275727
18.79999999999999,0.16873039888708147
18.99999999999999,0.17700279961470727
19.19999999999999,0.19404071263993583
19.399999999999988,0.21285313029509859
19.599999999999987,0.23363794433827703
19.799999999999986,0.2566260232403749
19.999999999999986,0.28208042749682327
20.199999999999985,0.3106230506637562
20.399999999999984,0.34205131681870504
20.599999999999984,0.3769577748881767
20.799999999999983,0.41589716632320683
20.999999999999982,0.4594545991189281
21.19999999999998,0.508329405812751
21.39999999999998,0.5633620789310333
21.59999999999998,0.6259759896610126
21.79999999999998,0.697562038950977
21.99999999999998,0.7780654279407542
22.199999999999978,0.8702538447675381
22.399999999999977,0.9763430419479084
22.599999999999977,1.0990203005569918
22.799999999999976,1.2415757428773933
22.999999999999975,1.408016179785292
23.199999999999974,1.604647537308551
23.399999999999974,1.834988556053725
23.599999999999973,2.106555355062148
23.799999999999972,2.4285753914962953
23.99999999999997,2.8115013963780506
24.19999999999997,3.2679401791561897
24.39999999999997,3.813072876704736
24.59999999999997,4.465164146236968
24.79999999999997,5.250157652968516
24.999999999999968,6.185983156346015
25.199999999999967,7.308701805511213
25.399999999999967,8.656410374047107
25.599999999999966,10.274887874675926
25.799999999999965,12.219149062494646
25.999999999999964,14.55530903867005
26.199999999999964,17.366236795916464
26.399999999999963,20.740023136159824
26.599999999999962,24.79535198730938
26.79999999999996,29.670208098698524
26.99999999999996,35.53046046047441
