mags_ab,pos_errs_mas
16.0,0.17787661353630427
16.2,0.1545165485537749
16.4,0.15994824936681157
16.599999999999998,0.14861653567353253
16.799999999999997,0.1530647995065351
16.999999999999996,0.1448517030740686
17.199999999999996,0.1520266566997182
17.399999999999995,0.16556714163969202
17.599999999999994,0.15888695125839422
17.799999999999994,0.1597471692960871
17.999999999999993,0.17509351709883667
18.199999999999992,0.17670621967501063
18.39999999999999,0.19287173577640876
18.59999999999999,0.21234692566541355
18.79999999999999,0.23413940531458477
18.99999999999999,0.2584896122625333
19.19999999999999,0.28584175189801264
19.399999999999988,0.3166718237275753
19.599999999999987,0.3515534765955533
19.799999999999986,0.3912753506774363
19.999999999999986,0.4368132334452617
20.199999999999985,0.48867593715707697
20.399999999999984,0.5484185747377468
20.599999999999984,0.6175758185342615
20.799999999999983,0.6980190875746222
20.999999999999982,0.7926083130271866
21.19999999999998,0.9032328378974855
21.39999999999998,1.0333426803720056
21.59999999999998,1.187233947087263
21.79999999999998,1.3698347236433739
21.99999999999998,1.5870940271632366
22.199999999999978,1.847692424824947
22.399999999999977,2.1579515227321258
22.599999999999977,2.528539161305397
22.799999999999976,2.9724860809347855
22.999999999999975,3.504806084235431
23.199999999999974,4.143541209143018
23.399999999999974,4.911936224070046
23.599999999999973,5.833024676153467
23.799999999999972,6.939589046492911
23.99999999999997,8.26926070456251
24.19999999999997,9.867270926195955
24.39999999999997,11.787985313148205
24.59999999999997,14.096753421179196
24.79999999999997,16.87213327837613
24.999999999999968,20.2085613729187
25.199999999999967,24.219567695617403
25.399999999999967,29.04163725272545
25.599999999999966,34.838853058619975
25.799999999999965,41.80848789280531
25.999999999999964,50.187701495893464
26.199999999999964,60.26161938289046
26.399999999999963,72.37304796895711
26.599999999999962,86.9341124307247
26.79999999999996,104.44029874516178
26.99999999999996,125.48730092727928
