mags_ab,pos_errs_mas
16.0,0.374573746640275
16.2,0.40191178887077195
16.4,0.27313525835682667
16.599999999999998,0.29633003479032827
16.799999999999997,0.32085111882317613
16.999999999999996,0.34817463378472796
17.199999999999996,0.26453096680233096
17.399999999999995,0.2854015616084513
17.599999999999994,0.30950886019775076
17.799999999999994,0.24223333760056515
17.999999999999993,0.2629011886975481
18.199999999999992,0.2289726862371259
18.39999999999999,0.2494942139183531
18.59999999999999,0.2720798101595537
18.79999999999999,0.24038334299259426
18.99999999999999,0.262194000201724
19.19999999999999,0.28609759742255764
19.399999999999988,0.24837642512120436
19.599999999999987,0.2712121566756763
19.799999999999986,0.25409034709815465
19.999999999999986,0.24552065567857806
20.199999999999985,0.2633462071581335
20.399999999999984,0.28857891820615833
20.599999999999984,0.31644013004044363
20.799999999999983,0.3473308633564851
20.999999999999982,0.38136569787270314
21.19999999999998,0.419037837293314
21.39999999999998,0.46084126316936747
21.59999999999998,0.5071902869353911
21.79999999999998,0.558810964851707
21.99999999999998,0.6162252160990485
22.199999999999978,0.680562524648726
22.399999999999977,0.7523342221752127
22.599999999999977,0.834038173185296
22.799999999999976,0.9251746659120339
22.999999999999975,1.0280757704951515
23.199999999999974,1.14529124393639
23.399999999999974,1.279210986048588
23.599999999999973,1.4325348088774137
23.799999999999972,1.6092181262550025
23.99999999999997,1.8141982797551026
24.19999999999997,2.0545738680649244
24.39999999999997,2.332363638858043
24.59999999999997,2.659181485555106
24.79999999999997,3.044540970964573
24.999999999999968,3.5005599952909634
25.199999999999967,4.04188592756756
25.399999999999967,4.686193429805956
25.599999999999966,5.4547819065525625
25.799999999999965,6.373292083160319
25.999999999999964,7.472563865171855
26.199999999999964,8.789674990000979
26.399999999999963,10.358970899984662
26.599999999999962,12.249099420599284
26.79999999999996,14.5183491579035
26.99999999999996,17.2438191838064
