mags_ab,pos_errs_mas
16.0,0.208943719683732
16.2,0.22632152348770881
16.4,0.2453272812018253
16.599999999999998,0.18532517047051314
16.799999999999997,0.20080529571992944
16.999999999999996,0.21795323130158156
17.199999999999996,0.23650245681064308
17.399999999999995,0.1867563164641123
17.599999999999994,0.2033395661676265
17.799999999999994,0.17412117619642273
17.999999999999993,0.18982421388448653
18.199999999999992,0.17564839016617914
18.39999999999999,0.19171223580041924
18.59999999999999,0.18294499010609527
18.79999999999999,0.19982512533576927
18.99999999999999,0.19760007896479287
19.19999999999999,0.1915217774949862
19.399999999999988,0.1991152111308495
19.599999999999987,0.21829645148975044
19.799999999999986,0.2394244699647252
19.999999999999986,0.2627880888075951
20.199999999999985,0.2886298236824924
20.399999999999984,0.31728388796490276
20.599999999999984,0.34903820897368776
20.799999999999983,0.38439196782772267
20.999999999999982,0.4237130161753119
21.19999999999998,0.46764144936290347
21.39999999999998,0.5166670847902279
21.59999999999998,0.5716902227516485
21.79999999999998,0.633674963893909
21.99999999999998,0.7044028647576004
22.199999999999978,0.7838731478064853
22.399999999999977,0.8745774029242964
22.599999999999977,0.9783132634758628
22.799999999999976,1.097573824670389
22.999999999999975,1.2357530818742675
23.199999999999974,1.3953636858479408
23.399999999999974,1.5821188160278457
23.599999999999973,1.7996166937687728
23.799999999999972,2.0562697151406883
23.99999999999997,2.3594817193888336
24.19999999999997,2.718900020872145
24.39999999999997,3.1461753903367145
24.59999999999997,3.655355708021393
24.79999999999997,4.263360482960224
24.999999999999968,4.990546608497973
25.199999999999967,5.861394614780518
25.399999999999967,6.9053293379692295
25.599999999999966,8.157713708978164
25.799999999999965,9.651290136413964
25.999999999999964,11.452369289801798
26.199999999999964,13.615900614178212
26.399999999999963,16.215454579803247
26.599999999999962,19.339449602847797
26.79999999999996,23.094162136172937
26.99999999999996,27.607335408323078
