mags_ab,pos_errs_mas
16.0,0.2073138223627887
16.2,0.2228386329708761
16.4,0.170836135574888
16.599999999999998,0.18351080283050844
16.799999999999997,0.19841192787759196
16.999999999999996,0.21569380951697747
17.199999999999996,0.1717715996581653
17.399999999999995,0.18692095373470724
17.599999999999994,0.20355956772821962
17.799999999999994,0.16752815594012882
17.999999999999993,0.18261967075508173
18.199999999999992,0.19914852990543858
18.39999999999999,0.1838529073488891
18.59999999999999,0.18096786925860242
18.79999999999999,0.18649096122195227
18.99999999999999,0.19181288755046622
19.19999999999999,0.21016573336781505
19.399999999999988,0.23046294130251516
19.599999999999987,0.2527417975398372
19.799999999999986,0.27731934507874456
19.999999999999986,0.3044435399710976
20.199999999999985,0.33441029159486035
20.399999999999984,0.3675336410720466
20.599999999999984,0.40421767577120477
20.799999999999983,0.4450424482834487
20.999999999999982,0.49023794934523485
21.19999999999998,0.5404594863916995
21.39999999999998,0.5970744900012737
21.59999999999998,0.6596714340252294
21.79999999999998,0.7298384628099397
21.99999999999998,0.8086867612545751
22.199999999999978,0.8976801121312364
22.399999999999977,0.9988418865849865
22.599999999999977,1.1141227450715054
22.799999999999976,1.2439478901949526
22.999999999999975,1.3942611310419255
23.199999999999974,1.5671952091092018
23.399999999999974,1.7677961175029002
23.599999999999973,2.0007085728514173
23.799999999999972,2.272955775840003
23.99999999999997,2.592235638892792
24.19999999999997,2.9685728255445145
24.39999999999997,3.4159783576528593
24.59999999999997,3.947360204621013
24.79999999999997,4.565648388629053
24.999999999999968,5.299634548567691
25.199999999999967,6.190176288763195
25.399999999999967,7.25585727337174
25.599999999999966,8.532610206628492
25.799999999999965,10.063624632055365
25.999999999999964,11.900800594916968
26.199999999999964,14.106502853805313
26.399999999999963,16.755678980886753
26.599999999999962,19.938390501351883
26.79999999999996,23.76288040344201
26.99999999999996,28.312817908199207
