mags_ab,pos_errs_mas
16.0,0.23763578890085368
16.2,0.25760376683396063
16.4,0.2787881627033682
16.599999999999998,0.21106177908279192
16.799999999999997,0.22892978081163728
16.999999999999996,0.24856322096594383
17.199999999999996,0.26946192580730316
17.399999999999995,0.21363728328213655
17.599999999999994,0.2324558604945154
17.799999999999994,0.25312695692061704
17.999999999999993,0.20560924496103541
18.199999999999992,0.2241019111596105
18.39999999999999,0.24435431624072423
18.59999999999999,0.22273894311412115
18.79999999999999,0.21693760972620285
18.99999999999999,0.21373551285807865
19.19999999999999,0.22648742442163788
19.399999999999988,0.24823992867751882
19.599999999999987,0.27230540917686613
19.799999999999986,0.29888481527004074
19.999999999999986,0.32826117059423743
20.199999999999985,0.3608322008367204
20.399999999999984,0.3969692084759881
20.599999999999984,0.43706899673999927
20.799999999999983,0.4817458556072934
20.999999999999982,0.5316254057028154
21.19999999999998,0.587349827607051
21.39999999999998,0.6499032465173971
21.59999999999998,0.7210042765622108
21.79999999999998,0.8006087729623208
21.99999999999998,0.8907645604620917
22.199999999999978,0.9934114866638054
22.399999999999977,1.1112002030337569
22.599999999999977,1.2451236368719967
22.799999999999976,1.401176093757437
22.999999999999975,1.5814937480149827
23.199999999999974,1.7924751059675499
23.399999999999974,2.0389463097219434
23.599999999999973,2.328932253156172
23.799999999999972,2.6714238482423864
23.99999999999997,3.077298768643012
24.19999999999997,3.5596962016105764
24.39999999999997,4.134460574356515
24.59999999999997,4.820675279958823
24.79999999999997,5.641305335153867
24.999999999999968,6.6239653191510985
25.199999999999967,7.801850709432362
25.399999999999967,9.201662192947824
25.599999999999966,10.892359214276052
25.799999999999965,12.922552920521412
25.999999999999964,15.36124200080943
26.199999999999964,18.291348434648423
26.399999999999963,21.812535438254127
26.599999999999962,26.044586496250375
26.79999999999996,31.131490738089017
26.99999999999996,37.246325078466484
