mags_ab,pos_errs_mas
16.0,0.21085866178172546
16.2,0.22780937907569035
16.4,0.24562132054764538
16.599999999999998,0.26490349332390634
16.799999999999997,0.28542606178431457
16.999999999999996,0.18437888682318893
17.199999999999996,0.19919837036919813
17.399999999999995,0.2160040958470801
17.599999999999994,0.23385195019404595
17.799999999999994,0.25307742023059876
17.999999999999993,0.18588184065291463
18.199999999999992,0.20249803874517977
18.39999999999999,0.22061460362675603
18.59999999999999,0.24019622953892575
18.79999999999999,0.1883482208880797
18.99999999999999,0.20547284709273442
19.19999999999999,0.18453015987100702
19.399999999999988,0.201534145064371
19.599999999999987,0.19491104092761982
19.799999999999986,0.19560427595192467
19.999999999999986,0.19394222900036806
20.199999999999985,0.2067064752414031
20.399999999999984,0.22666349448614126
20.599999999999984,0.24870104525071715
20.799999999999983,0.2730680556698322
20.999999999999982,0.3000814032556513
21.19999999999998,0.32999924368494177
21.39999999999998,0.3632561805682579
21.59999999999998,0.40027212329555695
21.79999999999998,0.44159931399515345
21.99999999999998,0.48775450018100397
22.199999999999978,0.5394532105761777
22.399999999999977,0.5976244076733266
22.599999999999977,0.66389156807917
22.799999999999976,0.73843017295093
22.999999999999975,0.823257510727631
23.199999999999974,0.9203958609121002
23.399999999999974,1.0321022601380274
23.599999999999973,1.160730413176776
23.799999999999972,1.3104316230810948
23.99999999999997,1.4842949309675224
24.19999999999997,1.6884997577520533
24.39999999999997,1.9274524089272822
24.59999999999997,2.2101069156616444
24.79999999999997,2.5449826906065023
24.999999999999968,2.942904404633553
25.199999999999967,3.4169283289342727
25.399999999999967,3.9827807712249306
25.599999999999966,4.6593874320143955
25.799999999999965,5.469508610354916
25.999999999999964,6.440502807306944
26.199999999999964,7.605250341629479
26.399999999999963,9.003263835767985
26.599999999999962,10.674740459464946
26.79999999999996,12.688185320259148
26.99999999999996,15.107333101995643
