mags_ab,pos_errs_mas
16.0,0.23833537549051767
16.2,0.25783203618552986
16.4,0.2794369641045062
16.599999999999998,0.21161415939687755
16.799999999999997,0.2284238431790414
16.999999999999996,0.24835018548721044
17.199999999999996,0.2688058042228405
17.399999999999995,0.2108503887122076
17.599999999999994,0.2294503690868666
17.799999999999994,0.20040655028650955
17.999999999999993,0.21844556166119292
18.199999999999992,0.23816848365892332
18.39999999999999,0.21098519469376134
18.59999999999999,0.23024341476386512
18.79999999999999,0.2512936179512123
18.99999999999999,0.2191992427251749
19.19999999999999,0.2395345639698555
19.399999999999988,0.22565276875292722
19.599999999999987,0.21691548013481324
19.799999999999986,0.236054486288701
19.999999999999986,0.2593193161985093
20.199999999999985,0.2851133185215912
20.399999999999984,0.3138425378379831
20.599999999999984,0.3458865815893471
20.799999999999983,0.38169485952857524
20.999999999999982,0.4219670902484739
21.19999999999998,0.4671243817916523
21.39999999999998,0.5181781644467433
21.59999999999998,0.575953257212401
21.79999999999998,0.641824198608316
21.99999999999998,0.7170119413647086
22.199999999999978,0.8041597350060672
22.399999999999977,0.9038934473395582
22.599999999999977,1.0195901242999277
22.799999999999976,1.154448288207759
22.999999999999975,1.3123610348515489
23.199999999999974,1.498058619730196
23.399999999999974,1.7172771733224206
23.599999999999973,1.976959013928416
23.799999999999972,2.2870405714438684
23.99999999999997,2.654268675680037
24.19999999999997,3.092553889800249
24.39999999999997,3.6165657135360503
24.59999999999997,4.2439075592563364
24.79999999999997,4.995640609394137
24.999999999999968,5.896992896470013
25.199999999999967,6.9786963396357695
25.399999999999967,8.277748850592527
25.599999999999966,9.83849423555247
25.799999999999965,11.71329372479165
25.999999999999964,13.966570429685655
26.199999999999964,16.674831279210753
26.399999999999963,19.93012932097378
26.599999999999962,23.84322214327122
26.79999999999996,28.539562961961572
26.99999999999996,34.19297695612326
