mags_ab,pos_errs_mas
16.0,0.37443708701783124
16.2,0.40105207182307284
16.4,0.27404306459144134
16.599999999999998,0.29708533904821943
16.799999999999997,0.32057209436901474
16.999999999999996,0.34747367485565106
17.199999999999996,0.2633774559862832
17.399999999999995,0.2855609424326643
17.599999999999994,0.30921016146538155
17.799999999999994,0.3353636629014066
17.999999999999993,0.24131388966519557
18.199999999999992,0.26283860653449004
18.39999999999999,0.28593386274888016
18.59999999999999,0.23591606773481555
18.79999999999999,0.2572471519626473
18.99999999999999,0.2362012500625101
19.19999999999999,0.25783745838293587
19.399999999999988,0.2506729768311325
19.599999999999987,0.25139597747346437
19.799999999999986,0.24368343647316018
19.999999999999986,0.25168048565023604
20.199999999999985,0.2756867781328624
20.399999999999984,0.3021824345476486
20.599999999999984,0.3315046972260561
20.799999999999983,0.36384305390067245
20.999999999999982,0.39958872890097147
21.19999999999998,0.43919905896663036
21.39999999999998,0.48307795822143146
21.59999999999998,0.5318502137331079
21.79999999999998,0.5860143625202566
21.99999999999998,0.6464655212093977
22.199999999999978,0.7139316565730104
22.399999999999977,0.7896230140557672
22.599999999999977,0.8754966592084804
22.799999999999976,0.9711935614366457
22.999999999999975,1.0799788742702843
23.199999999999974,1.2038261063065625
23.399999999999974,1.3448997368649311
23.599999999999973,1.5074097605614107
23.799999999999972,1.6939453281153714
23.99999999999997,1.9121503395618034
24.19999999999997,2.1631744918184195
24.39999999999997,2.4582582295973836
24.59999999999997,2.8051010223336346
24.79999999999997,3.2141636241087945
24.999999999999968,3.6968152765272553
25.199999999999967,4.27186609721586
25.399999999999967,4.953589388374162
25.599999999999966,5.76611152074685
25.799999999999965,6.7410003597052635
25.999999999999964,7.9010545679602515
26.199999999999964,9.275894260650894
26.399999999999963,10.943153158311137
26.599999999999962,12.943931842711775
26.79999999999996,15.329901121489273
26.99999999999996,18.191820304881798
