mags_ab,pos_errs_mas
16.0,0.14887852995066536
16.2,0.15925721239501822
16.4,0.13987690767733482
16.599999999999998,0.14902774543194713
16.799999999999997,0.16236927178880686
16.999999999999996,0.1527080550423878
17.199999999999996,0.1513843845709694
17.399999999999995,0.154847729045195
17.599999999999994,0.1613010045746971
17.799999999999994,0.1706735639082023
17.999999999999993,0.17921575469049195
18.199999999999992,0.19636320922695957
18.39999999999999,0.21526033721610333
18.59999999999999,0.23609290465983074
18.79999999999999,0.2590726413083764
18.99999999999999,0.2845658728773163
19.19999999999999,0.31279103702975664
19.399999999999988,0.3437654306035229
19.599999999999987,0.37805914029208554
19.799999999999986,0.41608826830381157
19.999999999999986,0.45833880980080666
20.199999999999985,0.5053820555902566
20.399999999999984,0.5583141717844765
20.599999999999984,0.6174281321831784
20.799999999999983,0.6834050220700366
20.999999999999982,0.757526054583766
21.19999999999998,0.8412615974042869
21.39999999999998,0.9355573603558625
21.59999999999998,1.043525946588678
21.79999999999998,1.1671505485324833
21.99999999999998,1.310062184855871
22.199999999999978,1.4742540326439106
22.399999999999977,1.664969553875329
22.599999999999977,1.8875497263083734
22.799999999999976,2.14441860941556
22.999999999999975,2.447583925971159
23.199999999999974,2.8068416908601272
23.399999999999974,3.232497898211446
23.599999999999973,3.738316917583917
23.799999999999972,4.340899351667109
23.99999999999997,5.060240887683251
24.19999999999997,5.913623717043259
24.39999999999997,6.94022717438255
24.59999999999997,8.170607501585534
24.79999999999997,9.646423121210079
24.999999999999968,11.417731901241437
25.199999999999967,13.544687014743936
25.399999999999967,16.09957500088866
25.599999999999966,19.16926704338869
25.799999999999965,22.858172270277954
25.999999999999964,27.291781135552764
26.199999999999964,32.62093471970628
26.399999999999963,39.02696050744423
26.599999999999962,46.72782837090709
26.79999999999996,55.98557873576258
26.99999999999996,67.11522055640381
