mags_ab,pos_errs_mas
16.0,0.14948449396538183
16.2,0.15789486940794248
16.4,0.1667177843795364
16.599999999999998,0.14479845724681087
16.799999999999997,0.1538002863936279
16.999999999999996,0.14464401992670095
17.199999999999996,0.15810661302902337
17.399999999999995,0.16021189692788118
17.599999999999994,0.16649460565095175
17.799999999999994,0.17063716434732892
17.999999999999993,0.18183286792265302
18.199999999999992,0.19986308435154646
18.39999999999999,0.2199755615106664
18.59999999999999,0.2423519735644195
18.79999999999999,0.26736388986246734
18.99999999999999,0.2953988735528054
19.19999999999999,0.32692313537234247
19.399999999999988,0.3624960847486332
19.599999999999987,0.403085750902366
19.799999999999986,0.44894138157572233
19.999999999999986,0.5013467814150874
20.199999999999985,0.5615232818610411
20.399999999999984,0.6310297282401119
20.599999999999984,0.711884753418196
20.799999999999983,0.8056742517908609
20.999999999999982,0.9154419628918495
21.19999999999998,1.044462984534845
21.39999999999998,1.1967100018637533
21.59999999999998,1.377547393901562
21.79999999999998,1.5918059009812893
21.99999999999998,1.846668263998253
22.199999999999978,2.1507906326515034
22.399999999999977,2.514330708106192
22.599999999999977,2.949505249729376
22.799999999999976,3.4715186353633625
22.999999999999975,4.096888117600106
23.199999999999974,4.847414366533179
23.399999999999974,5.748582130739698
23.599999999999973,6.831015065345581
23.799999999999972,8.13151660329549
23.99999999999997,9.69431742650273
24.19999999999997,11.572582124070639
24.39999999999997,13.830212981253226
24.59999999999997,16.54402418545628
24.79999999999997,19.806356907522645
24.999999999999968,23.728217860075326
25.199999999999967,28.443058154468687
25.399999999999967,34.11131318561374
25.599999999999966,40.92585978592384
25.799999999999965,49.11858954624007
25.999999999999964,58.96828141237301
26.199999999999964,70.81009777486317
26.399999999999963,85.04700528671319
26.599999999999962,102.16345452937622
26.79999999999996,122.74188645789731
26.99999999999996,147.48253665626626
