mags_ab,pos_errs_mas
16.0,0.16185704127944564
16.2,0.17499763139613161
16.4,0.18912506580035313
16.599999999999998,0.1535938338747593
16.799999999999997,0.1673908503148197
16.999999999999996,0.18246488262571922
17.199999999999996,0.1730030024481837
17.399999999999995,0.17166819002501751
17.599999999999994,0.18799154109083102
17.799999999999994,0.2059601715138372
17.999999999999993,0.22574239374224322
18.199999999999992,0.24752654170908187
18.39999999999999,0.27152481098125386
18.59999999999999,0.29812552307333207
18.79999999999999,0.3273222928414773
18.99999999999999,0.35946398149701203
19.19999999999999,0.39496120526619893
19.399999999999988,0.4342103540727077
19.599999999999987,0.4776692333660001
19.799999999999986,0.5258552701300844
19.999999999999986,0.5797604944836716
20.199999999999985,0.6391966880749936
20.399999999999984,0.7053574652932337
20.599999999999984,0.7781016033230272
20.799999999999983,0.8605878947941598
20.999999999999982,0.9533389988439733
21.19999999999998,1.057968332687073
21.39999999999998,1.1766457708396698
21.59999999999998,1.3111591481085079
21.79999999999998,1.4648303110852094
21.99999999999998,1.6303496097878583
22.199999999999978,1.8250577103603327
22.399999999999977,2.054078346885083
22.599999999999977,2.3201347201733307
22.799999999999976,2.630688819185263
22.999999999999975,2.994817942581675
23.199999999999974,3.423544122059077
23.399999999999974,3.892258409579318
23.599999999999973,4.469884941705674
23.799999999999972,5.165136315850686
23.99999999999997,5.9920015070389825
24.19999999999997,6.979444885689564
24.39999999999997,8.15760112666256
24.59999999999997,9.566952913882512
24.79999999999997,11.16256304621341
24.999999999999968,13.139839868152103
25.199999999999967,15.53673649683559
25.399999999999967,18.414937691540885
25.599999999999966,21.871780156595673
25.799999999999965,26.024785958991195
25.999999999999964,31.015192862361097
26.199999999999964,36.74061489647125
26.399999999999963,43.77360591240866
26.599999999999962,52.33206364508251
26.79999999999996,62.62006149520219
26.99999999999996,74.98765294336505
