mags_ab,pos_errs_mas
16.0,0.20930870720384973
16.2,0.22706058217724906
16.4,0.24602302032036752
16.599999999999998,0.18579293095071484
16.799999999999997,0.20127864187858738
16.999999999999996,0.21772925168433357
17.199999999999996,0.2357980941694587
17.399999999999995,0.1853657870476938
17.599999999999994,0.20180203762149398
17.799999999999994,0.1765425975575861
17.999999999999993,0.1924512287709527
18.199999999999992,0.20983421504893396
18.39999999999999,0.1865251223822197
18.59999999999999,0.2035475662286613
18.79999999999999,0.22213534579390565
18.99999999999999,0.19477512567548752
19.19999999999999,0.2127988578726309
19.399999999999988,0.18867816792768738
19.599999999999987,0.19305179293591304
19.799999999999986,0.21165790163909984
19.999999999999986,0.2322032940185744
20.199999999999985,0.25491054533612895
20.399999999999984,0.2800468715643391
20.599999999999984,0.307961932275364
20.799999999999983,0.3389216167448767
20.999999999999982,0.3734111951003399
21.19999999999998,0.4119457629017101
21.39999999999998,0.4549698894563001
21.59999999999998,0.5032029229306006
21.79999999999998,0.5573873069208345
21.99999999999998,0.6185864280056996
22.199999999999978,0.6886299393860418
22.399999999999977,0.7676603818764564
22.599999999999977,0.8580895154897212
22.799999999999976,0.9619323940978843
22.999999999999975,1.0819814001346737
23.199999999999974,1.2209595672794984
23.399999999999974,1.3833156935280493
23.599999999999973,1.5732263885870597
23.799999999999972,1.7970555836336402
23.99999999999997,2.0596537461811972
24.19999999999997,2.370305857028927
24.39999999999997,2.7400314229229528
24.59999999999997,3.180389053596787
24.79999999999997,3.7059782577648837
24.999999999999968,4.334367994362511
25.199999999999967,5.086688848858633
25.399999999999967,5.988341075031459
25.599999999999966,7.069852008084315
25.799999999999965,8.367906235520369
25.999999999999964,9.926584101189139
26.199999999999964,11.798858281871764
26.399999999999963,14.039679801097328
26.599999999999962,16.739234650933035
26.79999999999996,19.983733077422023
26.99999999999996,23.883557595419564
