mags_ab,pos_errs_mas
16.0,0.18685690363385785
16.2,0.200667778319878
16.4,0.21497668837782227
16.599999999999998,0.23055420426791964
16.799999999999997,0.2473800755962238
16.999999999999996,0.26547022914808904
17.199999999999996,0.2786762418763494
17.399999999999995,0.1813024333450719
17.599999999999994,0.1969108552443787
17.799999999999994,0.21335214903134872
17.999999999999993,0.18715932341579503
18.199999999999992,0.1837272032594622
18.39999999999999,0.19989611077025526
18.59999999999999,0.21911591230146496
18.79999999999999,0.2402654089746665
18.99999999999999,0.263567321073165
19.19999999999999,0.2892722344745902
19.399999999999988,0.3176745949393535
19.599999999999987,0.34906163915339117
19.799999999999986,0.38382268866316377
19.999999999999986,0.42236393463686184
20.199999999999985,0.46497501259352675
20.399999999999984,0.5124200976639103
20.599999999999984,0.5653619839149093
20.799999999999983,0.6245438690435602
20.999999999999982,0.6904014244482054
21.19999999999998,0.7642072514636442
21.39999999999998,0.8472953047638085
21.59999999999998,0.9418481305362337
21.79999999999998,1.0493974128094634
21.99999999999998,1.170453420799044
22.199999999999978,1.3037949276989866
22.399999999999977,1.4614135318119956
22.599999999999977,1.6430548618074994
22.799999999999976,1.8529808292803098
22.999999999999975,2.0972541846378028
23.199999999999974,2.386196607780572
23.399999999999974,2.726216677159938
23.599999999999973,3.105372200893386
23.799999999999972,3.565407344512593
23.99999999999997,4.120561550633889
24.19999999999997,4.758612088470293
24.39999999999997,5.540358945647372
24.59999999999997,6.474676926627685
24.79999999999997,7.5929481835758805
24.999999999999968,8.932898897466545
25.199999999999967,10.539871874265161
25.399999999999967,12.46835558598184
25.599999999999966,14.783824769929995
25.799999999999965,17.486620959801616
25.999999999999964,20.80874531636489
26.199999999999964,24.80076779732152
26.399999999999963,29.59849007882846
26.599999999999962,35.36513273645814
26.79999999999996,42.29690336889932
26.99999999999996,50.62965421074934
