mags_ab,pos_errs_mas
16.0,0.17588192528368338
16.2,0.18882344527502323
16.4,0.15819242155683244
16.599999999999998,0.17253280845517485
16.799999999999997,0.16681038335517398
16.999999999999996,0.17335956130535915
17.199999999999996,0.18452057240886632
17.399999999999995,0.2024512934073938
17.599999999999994,0.22228607967915456
17.799999999999994,0.24422334022780445
17.999999999999993,0.26854871977920625
18.199999999999992,0.29556589521876026
18.39999999999999,0.32563312797860383
18.59999999999999,0.35937555658647613
18.79999999999999,0.39694951374522613
18.99999999999999,0.4390064227729971
19.19999999999999,0.4863209069092358
19.399999999999988,0.5397156572359553
19.599999999999987,0.6002636099690551
19.799999999999986,0.669493808384283
19.999999999999986,0.7483814454455392
20.199999999999985,0.839079501153475
20.399999999999984,0.9438559646761013
20.599999999999984,1.0651844744773067
20.799999999999983,1.206669406332346
20.999999999999982,1.3724121184418863
21.19999999999998,1.567394703287559
21.39999999999998,1.7976796601369138
21.59999999999998,2.0702533280372752
21.79999999999998,2.394163284078243
21.99999999999998,2.7800407334097836
22.199999999999978,3.240690320739355
22.399999999999977,3.791521457399686
22.599999999999977,4.451064872015536
22.799999999999976,5.24159596692819
22.999999999999975,6.189885827981467
23.199999999999974,7.328103740449227
23.399999999999974,8.694907654865405
23.599999999999973,10.336751324382655
23.799999999999972,12.309463529102747
23.99999999999997,14.680140989038552
24.19999999999997,17.529434045710904
24.39999999999997,20.954283292497667
24.59999999999997,25.071218164937324
24.79999999999997,30.02032407160607
24.999999999999968,35.97000378677473
25.199999999999967,43.12271085280727
25.399999999999967,51.721835914524924
25.599999999999966,62.05998644494741
25.799999999999965,74.48895867142788
25.999999999999964,89.43168067367039
26.199999999999964,107.3966194028047
26.399999999999963,128.99510580436686
26.599999999999962,154.96208887176724
26.79999999999996,186.18117682184058
26.99999999999996,223.71468131327302
