mags_ab,pos_errs_mas
16.0,inf
16.2,inf
16.4,0.2635576330783784
16.599999999999998,0.28797834687905144
16.799999999999997,0.309079826057163
16.999999999999996,0.22100831084021574
17.199999999999996,0.2360341998537041
17.399999999999995,0.24171838327045728
17.599999999999994,0.2628062060694581
17.799999999999994,0.18676561387487153
17.999999999999993,0.1975170742183256
18.199999999999992,0.21434025077048405
18.39999999999999,0.2301647156784612
18.59999999999999,0.24971797109124336
18.79999999999999,0.2692390782299913
18.99999999999999,0.28897504943532665
19.19999999999999,0.31022128500761403
19.399999999999988,0.18552010800092997
19.599999999999987,0.20214929061653444
19.799999999999986,0.2202905242010146
19.999999999999986,0.1837541308619699
20.199999999999985,0.20083853525555
20.399999999999984,0.18882753514171588
20.599999999999984,0.20676952114491007
20.799999999999983,0.1950659335803851
20.999999999999982,0.19896691334472782
21.19999999999998,0.20989218513835983
21.39999999999998,0.21909963261600196
21.59999999999998,0.2422745584153601
21.79999999999998,0.26847020313507963
21.99999999999998,0.29823623592375526
22.199999999999978,0.3322620587977918
22.399999999999977,0.3710436466866288
22.599999999999977,0.4156381900507365
22.799999999999976,0.4671676557338485
22.999999999999975,0.5269895476731566
23.199999999999974,0.5967747824769633
23.399999999999974,0.6785381671534712
23.599999999999973,0.774750715858462
23.799999999999972,0.8885001512629316
23.99999999999997,1.0240007623782885
24.19999999999997,1.184159411943829
24.39999999999997,1.375205307381464
24.59999999999997,1.603061251158126
24.79999999999997,1.8755427611463822
24.999999999999968,2.2023647470570626
25.199999999999967,2.59552292846791
25.399999999999967,3.0651068810564603
25.599999999999966,3.6287519709600917
25.799999999999965,4.305601284218971
25.999999999999964,5.118659828438632
26.199999999999964,6.09557446492848
26.399999999999963,7.269573664961217
26.599999999999962,8.680595699826645
26.79999999999996,10.376647923818101
26.99999999999996,12.419312261884594
