mags_ab,pos_errs_mas
16.0,inf
16.2,0.3092941722166795
16.4,0.32647957853225124
16.599999999999998,0.34601479662459106
16.799999999999997,0.3667479073353805
16.999999999999996,0.3885560645141186
17.199999999999996,0.27651404784629735
17.399999999999995,0.2979583611434302
17.599999999999994,0.31906849621707234
17.799999999999994,0.34190569834552215
17.999999999999993,0.2670513557277034
18.199999999999992,0.2899016487272957
18.39999999999999,0.2704434117649308
18.59999999999999,0.29648220302294287
18.79999999999999,0.3251962789464511
18.99999999999999,0.35689905153065626
19.19999999999999,0.3920545688672333
19.399999999999988,0.4309946054019279
19.599999999999987,0.47404670065635535
19.799999999999986,0.5215321688604009
19.999999999999986,0.5747877078990561
20.199999999999985,0.6333075214804126
20.399999999999984,0.6988964017500499
20.599999999999984,0.7728780319947646
20.799999999999983,0.8535451569583483
20.999999999999982,0.9464208911734563
21.19999999999998,1.0507195561569203
21.39999999999998,1.1671009079460024
21.59999999999998,1.2994592505199865
21.79999999999998,1.4483756833489143
21.99999999999998,1.623701228779665
22.199999999999978,1.8151119903545145
22.399999999999977,2.0346432418378084
22.599999999999977,2.299828534868203
22.799999999999976,2.601681449913382
22.999999999999975,2.962897098353019
23.199999999999974,3.3706466078397836
23.399999999999974,3.8685939902624717
23.599999999999973,4.42266250099452
23.799999999999972,5.114540213165838
23.99999999999997,5.938762318900392
24.19999999999997,6.819067294643985
24.39999999999997,7.945406776753716
24.59999999999997,9.313593028091226
24.79999999999997,10.912957271422535
24.999999999999968,12.868817771189638
25.199999999999967,15.155475734941016
25.399999999999967,17.958692772396766
25.599999999999966,21.075855685949335
25.799999999999965,25.060049649485055
25.999999999999964,29.847240093182325
26.199999999999964,35.60025643231633
26.399999999999963,42.51482130004802
26.599999999999962,50.82618176549005
26.79999999999996,60.81713907723435
26.99999999999996,72.82763724537962
