mags_ab,pos_errs_mas
16.0,0.16172739717598383
16.2,0.16880928708576876
16.4,0.1781456734371642
16.599999999999998,0.15308944063756014
16.799999999999997,0.16713332432255118
16.999999999999996,0.1614672871388823
17.199999999999996,0.16457238165844762
17.399999999999995,0.17356886020707094
17.599999999999994,0.18327299182745546
17.799999999999994,0.20127321930460298
17.999999999999993,0.22127889761786523
18.199999999999992,0.2434661171187478
18.39999999999999,0.26817278874600087
18.59999999999999,0.29574854270876677
18.79999999999999,0.3266068645187761
18.99999999999999,0.361245454557563
19.19999999999999,0.4006107976453428
19.399999999999988,0.4447176960865131
19.599999999999987,0.49478403558321477
19.799999999999986,0.5519951472661896
19.999999999999986,0.6173574985796288
20.199999999999985,0.6929234118779013
20.399999999999984,0.7799275272623055
20.599999999999984,0.8810414508061004
20.799999999999983,0.9991092016402472
20.999999999999982,1.1382858846051573
21.19999999999998,1.3012063034902794
21.39999999999998,1.493764228382342
21.59999999999998,1.7221012646369074
21.79999999999998,1.9936323424609854
21.99999999999998,2.3178729984955058
22.199999999999978,2.704292984374091
22.399999999999977,3.1665215852714668
22.599999999999977,3.7201253656147864
22.799999999999976,4.383815272214268
22.999999999999975,5.180077831134823
23.199999999999974,6.1359335541889255
23.399999999999974,7.283853382486656
23.599999999999973,8.66285675747248
23.799999999999972,10.319838780931986
23.99999999999997,12.311160108353382
24.19999999999997,14.70456749275993
24.39999999999997,17.58149266182814
24.59999999999997,21.039822986496883
24.79999999999997,25.19723467363763
24.999999999999968,30.195192189048715
25.199999999999967,36.20376428878143
25.399999999999967,43.42740997471713
25.599999999999966,52.11193251209777
25.799999999999965,62.55285692505536
25.999999999999964,75.10546316963321
26.199999999999964,90.19688786933988
26.399999999999963,108.34067849522718
26.599999999999962,130.15422881134162
26.79999999999996,156.3798137955845
26.99999999999996,187.90982762418847
