mags_ab,pos_errs_mas
16.0,0.21186502153258205
16.2,0.2277204061954246
16.4,0.24079503949356815
16.599999999999998,0.25476973431757544
16.799999999999997,0.1660015813204513
16.999999999999996,0.1802063686870473
17.199999999999996,0.1948853888042588
17.399999999999995,0.21093790067041027
17.599999999999994,0.1774333187421284
17.799999999999994,0.19347604137994792
17.999999999999993,0.17740279604051373
18.199999999999992,0.19101152845906363
18.39999999999999,0.209279297893561
18.59999999999999,0.22940721872296915
18.79999999999999,0.2515930908210855
18.99999999999999,0.2761566809968869
19.19999999999999,0.3031649282377399
19.399999999999988,0.3329311623478458
19.599999999999987,0.3658265302819308
19.799999999999986,0.40222522164052593
19.999999999999986,0.4425592338479422
20.199999999999985,0.48732347512111746
20.399999999999984,0.5370780535422078
20.599999999999984,0.5927680323292355
20.799999999999983,0.6545152125197922
20.999999999999982,0.7225013395769413
21.19999999999998,0.7997645756652365
21.39999999999998,0.8867705859512899
21.59999999999998,0.9852355405781309
21.79999999999998,1.0970407880958375
21.99999999999998,1.2246941720542215
22.199999999999978,1.3705427482899517
22.399999999999977,1.5319149975298871
22.599999999999977,1.7162711794847407
22.799999999999976,1.9347290245405653
22.999999999999975,2.1908641226970555
23.199999999999974,2.4910558004621057
23.399999999999974,2.844077934579361
23.599999999999973,3.2608411616871527
23.799999999999972,3.7545499578943557
23.99999999999997,4.297060089105394
24.19999999999997,4.970035057292771
24.39999999999997,5.784109462514363
24.59999999999997,6.7568926088671
24.79999999999997,7.921039848496132
24.999999999999968,9.31580854428832
25.199999999999967,10.988384126944096
25.399999999999967,12.99546827575037
25.599999999999966,15.40519815523603
25.799999999999965,18.233376229187247
25.999999999999964,21.694181564119695
26.199999999999964,25.85278648418606
26.399999999999963,30.850656955130884
26.599999999999962,36.85781961639127
26.79999999999996,44.07866634876939
26.99999999999996,52.75888441546938
