mags_ab,pos_errs_mas
16.0,0.16358844627666563
16.2,0.14918604300031155
16.4,0.16288164707140035
16.599999999999998,0.16081055765706867
16.799999999999997,0.1664642345326303
16.999999999999996,0.17277843036782545
17.199999999999996,0.18466120134083747
17.399999999999995,0.20262897961848847
17.599999999999994,0.22251104897744603
17.799999999999994,0.2444969970526136
17.999999999999993,0.26888395634922035
18.199999999999992,0.295978786750318
18.39999999999999,0.32614483736929384
18.59999999999999,0.3600874577559336
18.79999999999999,0.397855679222573
18.99999999999999,0.44014665084673643
19.19999999999999,0.48781350208925167
19.399999999999988,0.5415584834918524
19.599999999999987,0.6025491491807387
19.799999999999986,0.6724427525895044
19.999999999999986,0.7520407546164152
20.199999999999985,0.8436318253736077
20.399999999999984,0.9501415273781537
20.599999999999984,1.0729162619651855
20.799999999999983,1.2161960822998663
20.999999999999982,1.3841606786706553
21.19999999999998,1.5818857062609468
21.39999999999998,1.8160692969995322
21.59999999999998,2.0928093966754244
21.79999999999998,2.4218086062688866
21.99999999999998,2.8138862685315993
22.199999999999978,3.282071418653253
22.399999999999977,3.8420416536994377
22.599999999999977,4.512648627809264
22.799999999999976,5.316552468506288
22.999999999999975,6.28098602574572
23.199999999999974,7.4386732109113645
23.399999999999974,8.82893864286277
23.599999999999973,10.499037557844916
23.799999999999972,12.505762663440064
23.99999999999997,14.91736977286234
24.19999999999997,17.815903330681437
24.39999999999997,21.29998046683852
24.59999999999997,25.48814664074749
24.79999999999997,30.522911691153467
24.999999999999968,36.57559371129958
25.199999999999967,43.852151182952284
25.399999999999967,52.6001895810043
25.599999999999966,63.11738363129034
25.799999999999965,75.76162229543161
25.999999999999964,90.96315889349225
26.199999999999964,109.23926696133412
26.399999999999963,131.21186654167695
26.599999999999962,157.62863688419955
26.79999999999996,189.38849159405777
26.99999999999996,227.57214378478736
