mags_ab,pos_errs_mas
16.0,0.19171649198438073
16.2,0.19095330070600394
16.4,0.1577406929116667
16.599999999999998,0.15872664173428966
16.799999999999997,0.1713912522637177
16.999999999999996,0.1809546276199728
17.199999999999996,0.14964300353540214
17.399999999999995,0.15684680019422434
17.599999999999994,0.14621381332097383
17.799999999999994,0.1599894319890421
17.999999999999993,0.1613169249625315
18.199999999999992,0.16763783964582704
18.39999999999999,0.1772328711874915
18.59999999999999,0.18833192881737876
18.79999999999999,0.20750425666221636
18.99999999999999,0.2290167267731389
19.19999999999999,0.2531504143203146
19.399999999999988,0.2803280865279059
19.599999999999987,0.3110661683706219
19.799999999999986,0.34597275481129247
19.999999999999986,0.3857873872327859
20.199999999999985,0.43166031272523125
20.399999999999984,0.4843037639194695
20.599999999999984,0.5451096660599418
20.799999999999983,0.6157953332248048
20.999999999999982,0.6983580827019702
21.19999999999998,0.7955229680974424
21.39999999999998,0.9096416651263163
21.59999999999998,1.044567466901522
21.79999999999998,1.2047455830969067
21.99999999999998,1.3956190272893974
22.199999999999978,1.6226791993863343
22.399999999999977,1.893909873338157
22.599999999999977,2.2184039816520325
22.799999999999976,2.607094785963576
22.999999999999975,3.07372594779684
23.199999999999974,3.6350509093577528
23.399999999999974,4.306674093083934
23.599999999999973,5.1132772086542175
23.799999999999972,6.082280001506328
23.99999999999997,7.246634754915336
24.19999999999997,8.647788489498254
24.39999999999997,10.329878736650821
24.59999999999997,12.351797392818305
24.79999999999997,14.782342035331482
24.999999999999968,17.704215288857487
25.199999999999967,21.21684068535463
25.399999999999967,25.439744512659097
25.599999999999966,30.51662166364086
25.799999999999965,36.62023237559693
25.999999999999964,43.95826770703602
26.199999999999964,52.78042421406161
26.399999999999963,63.38691203162349
26.599999999999962,76.13864633422722
26.79999999999996,91.46954578265075
26.99999999999996,109.90128304966886
