mags_ab,pos_errs_mas
16.0,0.23831305330663172
16.2,0.25764657762271603
16.4,0.27992072897997833
16.599999999999998,0.3014996201757708
16.799999999999997,0.32485138698319277
16.999999999999996,0.20965332229983782
17.199999999999996,0.22662958242188053
17.399999999999995,0.24620410967966427
17.599999999999994,0.2666956330691889
17.799999999999994,0.2892007412287119
17.999999999999993,0.21181830347808278
18.199999999999992,0.23074177691707126
18.39999999999999,0.20030413105963116
18.59999999999999,0.21851144149174132
18.79999999999999,0.23842551086641017
18.99999999999999,0.20883741804966752
19.19999999999999,0.22803979786554274
19.399999999999988,0.21366168143076747
19.599999999999987,0.2107428285362534
19.799999999999986,0.21391714641801285
19.999999999999986,0.21814996623989102
20.199999999999985,0.23934330754369768
20.399999999999984,0.26286053773386325
20.599999999999984,0.2889191698755046
20.799999999999983,0.3179262135487916
20.999999999999982,0.35020618620673183
21.19999999999998,0.38628811195489227
21.39999999999998,0.4267099836738193
21.59999999999998,0.47202522816135545
21.79999999999998,0.5231513910718127
21.99999999999998,0.5810077506517817
22.199999999999978,0.6466049174087898
22.399999999999977,0.7214473314978253
22.599999999999977,0.807875113189547
22.799999999999976,0.9066855606888908
22.999999999999975,1.0210564805455227
23.199999999999974,1.1540775797871148
23.399999999999974,1.3094872215777804
23.599999999999973,1.4919100702119934
23.799999999999972,1.706886058620558
23.99999999999997,1.9611493037084993
24.19999999999997,2.263775907638271
24.39999999999997,2.6223833801202368
24.59999999999997,3.049396747266412
24.79999999999997,3.5592949022444023
24.999999999999968,4.170048250844346
25.199999999999967,4.897777449044823
25.399999999999967,5.773842289388047
25.599999999999966,6.822881188378746
25.799999999999965,8.084178742983404
25.999999999999964,9.595916800825856
26.199999999999964,11.414848911312331
26.399999999999963,13.60048705784809
26.599999999999962,16.22717484311417
26.79999999999996,19.384276026799185
26.99999999999996,23.179204038552804
