mags_ab,pos_errs_mas
16.0,0.23791145898923843
16.2,0.2573618036326858
16.4,0.2789790661133034
16.599999999999998,0.21089955401932078
16.799999999999997,0.22864601541427748
16.999999999999996,0.24838221813332428
17.199999999999996,0.2691987306417769
17.399999999999995,0.21204756129311217
17.599999999999994,0.2308495172298061
17.799999999999994,0.25149796984827905
17.999999999999993,0.2148447037714677
18.199999999999992,0.19802596864590402
18.39999999999999,0.2160754821635174
18.59999999999999,0.20530522030156598
18.79999999999999,0.22416284836640485
18.99999999999999,0.22077224468903472
19.19999999999999,0.2125765009113691
19.399999999999988,0.22014775218328814
19.599999999999987,0.24117709349132904
19.799999999999986,0.26441827374508114
19.999999999999986,0.2900459381494451
20.199999999999985,0.3183572086511903
20.399999999999984,0.34965145606706427
20.599999999999984,0.38437123273767726
20.799999999999983,0.42275795909716674
20.999999999999982,0.46542845304964753
21.19999999999998,0.5129178728746931
21.39999999999998,0.5657622241301437
21.59999999999998,0.6248385780808884
21.79999999999998,0.690985735954555
21.99999999999998,0.7662124209806291
22.199999999999978,0.8499857698801911
22.399999999999977,0.9451124775177793
22.599999999999977,1.0531008091691132
22.799999999999976,1.175918216017522
22.999999999999975,1.3175190584203864
23.199999999999974,1.480152161585237
23.399999999999974,1.6695809711212466
23.599999999999973,1.8887669826743396
23.799999999999972,2.145298319093274
23.99999999999997,2.4466761034291324
24.19999999999997,2.801981200393369
24.39999999999997,3.2226816611672766
24.59999999999997,3.722186103721805
24.79999999999997,4.316821576314594
24.999999999999968,5.02367045435073
25.199999999999967,5.8709076232253326
25.399999999999967,6.884959673702668
25.599999999999966,8.079362418233062
25.799999999999965,9.52891901635631
25.999999999999964,11.243118178743488
26.199999999999964,13.325266303215585
26.399999999999963,15.812512172601568
26.599999999999962,18.81359740509541
26.79999999999996,22.400319672210745
26.99999999999996,26.72969623108934
