mags_ab,pos_errs_mas
16.0,0.18822497815568823
16.2,0.1798228668526181
16.4,0.19706339031058845
16.599999999999998,0.2160703863030671
16.799999999999997,0.2370391007872412
16.999999999999996,0.26018039618646094
17.199999999999996,0.2857438501488602
17.399999999999995,0.31367457095130713
17.599999999999994,0.34481919825327867
17.799999999999994,0.37932693342199036
17.999999999999993,0.41762522727668855
18.199999999999992,0.4602157412467268
18.39999999999999,0.5076540318274252
18.59999999999999,0.5606959280974538
18.79999999999999,0.6184489799279032
18.99999999999999,0.6838283465999374
19.19999999999999,0.7551979422443802
19.399999999999988,0.8369280387530532
19.599999999999987,0.9304531444938151
19.799999999999986,1.0369195227243873
19.999999999999986,1.1584545375978297
20.199999999999985,1.294879450107214
20.399999999999984,1.4489668062452588
20.599999999999984,1.6094209616487012
20.799999999999983,1.8064691679207567
20.999999999999982,2.0437780866062343
21.19999999999998,2.32076452054737
21.39999999999998,2.6458474269814
21.59999999999998,3.016608762639275
21.79999999999998,3.41058486833641
21.99999999999998,3.8749534927660605
22.199999999999978,4.475866086742719
22.399999999999977,5.191240456708271
22.599999999999977,6.044746406057727
22.799999999999976,7.064875108913591
22.999999999999975,8.172571257965567
23.199999999999974,9.49551249357725
23.399999999999974,11.185058548292528
23.599999999999973,13.211892982105407
23.799999999999972,15.644782748948314
23.99999999999997,18.566361740369224
24.19999999999997,22.075933466482052
24.39999999999997,26.13433200725115
24.59999999999997,31.162652346892237
24.79999999999997,37.20606133711807
24.999999999999968,44.47016740405518
25.199999999999967,53.20213001964316
25.399999999999967,63.69906529457772
25.599999999999966,76.31815007658845
25.799999999999965,91.488786520841
25.999999999999964,109.72719282165927
26.199999999999964,131.6539785358259
26.399999999999963,158.0152863761777
26.599999999999962,189.7081306015528
26.79999999999996,227.81097145123954
26.99999999999996,273.6203415272594
