mags_ab,pos_errs_mas
16.0,0.23726182944053825
16.2,0.25746804294206604
16.4,0.2792084737331676
16.599999999999998,0.21104403788190315
16.799999999999997,0.22899080548557574
16.999999999999996,0.24870648628858552
17.199999999999996,0.2056314942401518
17.399999999999995,0.2240082585477852
17.599999999999994,0.2438825691186664
17.799999999999994,0.20935735095499583
17.999999999999993,0.22820213119921795
18.199999999999992,0.20784675092992275
18.39999999999999,0.22686110653401176
18.59999999999999,0.21879152830479748
18.79999999999999,0.2186300823740285
18.99999999999999,0.21265344139468365
19.19999999999999,0.21834550092445304
19.399999999999988,0.23932328440941636
19.599999999999987,0.26251004941296163
19.799999999999986,0.2881173968196134
19.999999999999986,0.31645980680682056
20.199999999999985,0.3478467192255974
20.399999999999984,0.38277473191262085
20.599999999999984,0.42149044313381673
20.799999999999983,0.46467966265868865
20.999999999999982,0.5128320301140225
21.19999999999998,0.5668396914158145
21.39999999999998,0.6274047466819337
21.59999999999998,0.6956883846850743
21.79999999999998,0.7736735010505552
21.99999999999998,0.8614427224551232
22.199999999999978,0.9614550171632288
22.399999999999977,1.0760154366655503
22.599999999999977,1.2082063280147544
22.799999999999976,1.3598849934335058
22.999999999999975,1.5372945704883907
23.199999999999974,1.743802781882064
23.399999999999974,1.987768412814065
23.599999999999973,2.272106173502679
23.799999999999972,2.6092839459071695
23.99999999999997,3.009203656810819
24.19999999999997,3.484869193100137
24.39999999999997,4.051955982316403
24.59999999999997,4.729338442159458
24.79999999999997,5.5397254298248635
24.999999999999968,6.510419888979574
25.199999999999967,7.674240076186475
25.399999999999967,9.070624513541166
25.599999999999966,10.736640549854165
25.799999999999965,12.744997414373776
25.999999999999964,15.157640019307044
26.199999999999964,18.056612590164914
26.399999999999963,21.540525008199815
26.599999999999962,25.727897029208886
26.79999999999996,30.761200912522575
26.99999999999996,36.81169194481096
