mags_ab,pos_errs_mas
16.0,inf
16.2,0.3108949324178174
16.4,0.32723411845631384
16.599999999999998,0.34835235007222215
16.799999999999997,0.3694173873131148
16.999999999999996,0.3932876669676116
17.199999999999996,0.2595533350354
17.399999999999995,0.28017268269219364
17.599999999999994,0.30099812354726946
17.799999999999994,0.32372638736629983
17.999999999999993,0.34620780364582243
18.199999999999992,0.2561812204000852
18.39999999999999,0.27767243334628566
18.59999999999999,0.3014746709958505
18.79999999999999,0.2562749606107787
18.99999999999999,0.28081217819489923
19.19999999999999,0.30791936703454964
19.399999999999988,0.33786397585152816
19.599999999999987,0.3709229286957494
19.799999999999986,0.4075640350799332
19.999999999999986,0.44810317238556263
20.199999999999985,0.4931668131320718
20.399999999999984,0.5429874086223514
20.599999999999984,0.5987388491113529
20.799999999999983,0.660232126853694
20.999999999999982,0.7296505826790444
21.19999999999998,0.8076531398882297
21.39999999999998,0.894810813538828
21.59999999999998,0.9927877821063876
21.79999999999998,1.1048178446468855
21.99999999999998,1.2306039960883794
22.199999999999978,1.3762454322497446
22.399999999999977,1.5393898586339678
22.599999999999977,1.7316627653995484
22.799999999999976,1.942844050541919
22.999999999999975,2.198652720046427
23.199999999999974,2.4979549141649913
23.399999999999974,2.839956783876519
23.599999999999973,3.2521304858372626
23.799999999999972,3.7399509601199674
23.99999999999997,4.308290125926899
24.19999999999997,4.981467934710827
24.39999999999997,5.796826392635903
24.59999999999997,6.7711089525394925
24.79999999999997,7.86140138031585
24.999999999999968,9.237368969556877
25.199999999999967,10.887017830752267
25.399999999999967,12.86624318550782
25.599999999999966,15.242213181266019
25.799999999999965,18.095644718765485
25.999999999999964,21.523531578626322
26.199999999999964,25.642443695520416
26.399999999999963,30.592491821869125
26.599999999999962,36.5420730477109
26.79999999999996,43.50651958050091
26.99999999999996,52.06069905693942
