mags_ab,pos_errs_mas
16.0,0.37574304690514837
16.2,0.40320112479925474
16.4,0.27342920025544853
16.599999999999998,0.29695343196493074
16.799999999999997,0.3215293225158825
16.999999999999996,0.3496272135589738
17.199999999999996,0.375091188865243
17.399999999999995,0.40528381572131567
17.599999999999994,0.26218937646430757
17.799999999999994,0.2830645713734675
17.999999999999993,0.30626558488686734
18.199999999999992,0.3319060900410432
18.39999999999999,0.2421395729579389
18.59999999999999,0.2634754604479443
18.79999999999999,0.28675459067865994
18.99999999999999,0.31216198336574
19.19999999999999,0.2426410022212585
19.399999999999988,0.26470736528551647
19.599999999999987,0.23570964567583172
19.799999999999986,0.25744645834819246
19.999999999999986,0.24721640097114853
20.199999999999985,0.24660937472302993
20.399999999999984,0.25178410583671007
20.599999999999984,0.2528956645251622
20.799999999999983,0.27771317777533366
20.999999999999982,0.3052520152153202
21.19999999999998,0.3359768731622677
21.39999999999998,0.37022678890870997
21.59999999999998,0.40853580402261
21.79999999999998,0.45148286002293364
21.99999999999998,0.4998756346562532
22.199999999999978,0.5544701592407976
22.399999999999977,0.6164741415869779
22.599999999999977,0.6869881435885378
22.799999999999976,0.767669094148056
22.999999999999975,0.8606047881125458
23.199999999999974,0.9685025620506079
23.399999999999974,1.0929112961637475
23.599999999999973,1.2380107155469173
23.799999999999972,1.4080100523766175
23.99999999999997,1.6080224114458137
24.19999999999997,1.8442469611682852
24.39999999999997,2.1241845925531955
24.59999999999997,2.456895427803464
24.79999999999997,2.8550792170378947
24.999999999999968,3.3282363545973315
25.199999999999967,3.8940406032121366
25.399999999999967,4.571527644182891
25.599999999999966,5.38358014955655
25.799999999999965,6.35769948841779
25.999999999999964,7.5269313954341674
26.199999999999964,8.930986499938703
26.399999999999963,10.617587649918299
26.599999999999962,12.644083516755316
26.79999999999996,15.079403307099577
26.99999999999996,18.006391690707762
