mags_ab,pos_errs_mas
16.0,0.2079411949009055
16.2,0.22377657157133882
16.4,0.2414776120295935
16.599999999999998,0.25923031605592134
16.799999999999997,0.16939998763638567
16.999999999999996,0.18284053990122554
17.199999999999996,0.1974326732075043
17.399999999999995,0.21331883608873975
17.599999999999994,0.2304218898021707
17.799999999999994,0.16972634540558648
17.999999999999993,0.18489509517546443
18.199999999999992,0.161701568039341
18.39999999999999,0.1764073188530029
18.59999999999999,0.1925372081613187
18.79999999999999,0.1705126379745209
18.99999999999999,0.1861971334324753
19.19999999999999,0.17637499015230254
19.399999999999988,0.17560194885660776
19.599999999999987,0.17964760339979308
19.799999999999986,0.18473772407174557
19.999999999999986,0.2025695460921435
20.199999999999985,0.2223809005230056
20.399999999999984,0.2442606940576832
20.599999999999984,0.2684936857254833
20.799999999999983,0.2954037376512031
20.999999999999982,0.32533378967175847
21.19999999999998,0.35870184322645826
21.39999999999998,0.39596433974020245
21.59999999999998,0.43772895685886076
21.79999999999998,0.48490819258221574
21.99999999999998,0.5379657888937094
22.199999999999978,0.5979790808571924
22.399999999999977,0.6667662113328787
22.599999999999977,0.7448248433582412
22.799999999999976,0.834468443475101
22.999999999999975,0.9379057402593147
23.199999999999974,1.0578709463110703
23.399999999999974,1.1976405637976253
23.599999999999973,1.361256855352291
23.799999999999972,1.5534122763244982
23.99999999999997,1.7807393126832092
24.19999999999997,2.0491333705919192
24.39999999999997,2.3673946440944182
24.59999999999997,2.7468060266389234
24.79999999999997,3.1995705836936796
24.999999999999968,3.736192614538697
25.199999999999967,4.3823503741294
25.399999999999967,5.156648847515377
25.599999999999966,6.085292964214993
25.799999999999965,7.199774436285447
25.999999999999964,8.537934554550622
26.199999999999964,10.145245955173884
26.399999999999963,12.076359490812631
26.599999999999962,14.39695257613168
26.79999999999996,17.185967834900566
26.99999999999996,20.538290453801817
