mags_ab,pos_errs_mas
16.0,0.3759333645208921
16.2,0.4027197509781335
16.4,0.2764424787605113
16.599999999999998,0.29843386187917803
16.799999999999997,0.32400089692415757
16.999999999999996,0.34788251761686945
17.199999999999996,0.3757331766260547
17.399999999999995,0.4058181756843544
17.599999999999994,0.43432402136451587
17.799999999999994,0.24477776825853995
17.999999999999993,0.2639197215377901
18.199999999999992,0.2867441260120101
18.39999999999999,0.30973722306129614
18.59999999999999,0.3356057424142396
18.79999999999999,0.36274710097241636
18.99999999999999,0.24425200648720471
19.19999999999999,0.2662499606331609
19.399999999999988,0.29015286170296356
19.599999999999987,0.2455972912890184
19.799999999999986,0.22960611827342786
19.999999999999986,0.2507519650445513
20.199999999999985,0.2739842009933867
20.399999999999984,0.2536799373322694
20.599999999999984,0.24136960603282767
20.799999999999983,0.253029804127607
20.999999999999982,0.2631268598818809
21.19999999999998,0.2890887253932825
21.39999999999998,0.3179411078619202
21.59999999999998,0.35018451834795467
21.79999999999998,0.3862191263235858
21.99999999999998,0.42649248850219873
22.199999999999978,0.4717479497190003
22.399999999999977,0.5228849799832799
22.599999999999977,0.5806521227054423
22.799999999999976,0.6464825905008299
22.999999999999975,0.7214584043870442
23.199999999999974,0.8077879627402961
23.399999999999974,0.9069390296299101
23.599999999999973,1.0227855048077819
23.799999999999972,1.1564832927338102
23.99999999999997,1.3128001188647505
24.19999999999997,1.496362795848274
24.39999999999997,1.7127857627215959
24.59999999999997,1.968868823722666
24.79999999999997,2.2728317339042228
24.999999999999968,2.6345940943773547
25.199999999999967,3.0692689731791685
25.399999999999967,3.584904518134744
25.599999999999966,4.201956106532268
25.799999999999965,4.941231060669576
25.999999999999964,5.827736293600151
26.199999999999964,6.891523647275686
26.399999999999963,8.168706890147785
26.599999999999962,9.702680319578965
26.79999999999996,11.545595663574694
26.99999999999996,13.760126773277033
