mags_ab,pos_errs_mas
16.0,0.2153587924386223
16.2,0.23419044308011697
16.4,0.25312382790779386
16.599999999999998,0.16778309158532395
16.799999999999997,0.1787215250371096
16.999999999999996,0.19076875624265532
17.199999999999996,0.20523245004451465
17.399999999999995,0.15416821426464203
17.599999999999994,0.16488030822730673
17.799999999999994,0.17754890185745204
17.999999999999993,0.19122056467595888
18.199999999999992,0.1519210286441924
18.39999999999999,0.1657091612982072
18.59999999999999,0.1808208021724489
18.79999999999999,0.16514998522599994
18.99999999999999,0.16191323169191102
19.19999999999999,0.17697767388362537
19.399999999999988,0.17973898909451477
19.599999999999987,0.1787191349359755
19.799999999999986,0.19116825838102305
19.999999999999986,0.20958034832067846
20.199999999999985,0.22990814467714168
20.399999999999984,0.25236655365902966
20.599999999999984,0.2774048565357002
20.799999999999983,0.3049384571096036
20.999999999999982,0.3354321363596593
21.19999999999998,0.3692941004978547
21.39999999999998,0.40697607542173125
21.59999999999998,0.44900856418618756
21.79999999999998,0.49602192629035907
21.99999999999998,0.548993642587559
22.199999999999978,0.6090240284741808
22.399999999999977,0.6761114133225364
22.599999999999977,0.7522159445317363
22.799999999999976,0.8389301166573888
22.999999999999975,0.9382047110450007
23.199999999999974,1.0522488774385903
23.399999999999974,1.1840716160732194
23.599999999999973,1.337231137877456
23.799999999999972,1.5169697508716555
23.99999999999997,1.726454158088088
24.19999999999997,1.9730458906072494
24.39999999999997,2.2644154989514456
24.59999999999997,2.608802960797592
24.79999999999997,3.018132163052321
24.999999999999968,3.5060758895613024
25.199999999999967,4.088681274138406
25.399999999999967,4.78545046426461
25.599999999999966,5.619835582944972
25.799999999999965,6.620027047620764
25.999999999999964,7.819902526337097
26.199999999999964,9.260172039388673
26.399999999999963,10.986767488243345
26.599999999999962,13.062546726918065
26.79999999999996,15.556667139568189
26.99999999999996,18.553960148213232
