mags_ab,pos_errs_mas
16.0,0.37489038549945236
16.2,0.3964060725566544
16.4,0.27530787020441705
16.599999999999998,0.2947542744332102
16.799999999999997,0.3189039768966721
16.999999999999996,0.343818302998581
17.199999999999996,0.36796257732934723
17.399999999999995,0.3941286280539599
17.599999999999994,0.41727861084650686
17.799999999999994,0.2643868055744102
17.999999999999993,0.2861110094526242
18.199999999999992,0.30995889990051756
18.39999999999999,0.2476568562408408
18.59999999999999,0.26980063532133625
18.79999999999999,0.2938380532508799
18.99999999999999,0.2504832718670763
19.19999999999999,0.2743840689233066
19.399999999999988,0.3007370463879912
19.599999999999987,0.3298836599674082
19.799999999999986,0.3620083022286471
19.999999999999986,0.3975351456140048
20.199999999999985,0.43685686728026196
20.399999999999984,0.48042065608324025
20.599999999999984,0.5286876122836246
20.799999999999983,0.5824214079464992
20.999999999999982,0.642008135326313
21.19999999999998,0.7087337915222885
21.39999999999998,0.783489598218414
21.59999999999998,0.8677596709792387
21.79999999999998,0.9617253177465918
21.99999999999998,1.0684934420758252
22.199999999999978,1.1888895416130487
22.399999999999977,1.3269403961547506
22.599999999999977,1.4828546948020207
22.799999999999976,1.6644399549083526
22.999999999999975,1.8715633783877188
23.199999999999974,2.1108905679537053
23.399999999999974,2.3930655173557795
23.599999999999973,2.7202958978608542
23.799999999999972,3.104943980457454
23.99999999999997,3.5628038161397892
24.19999999999997,4.098247781058334
24.39999999999997,4.741425939046178
24.59999999999997,5.496387917571942
24.79999999999997,6.408419967454714
24.999999999999968,7.473425572808815
25.199999999999967,8.749586489372494
25.399999999999967,10.299438938034728
25.599999999999966,12.158399652837877
25.799999999999965,14.389521444835923
25.999999999999964,17.068567734204557
26.199999999999964,20.286584930585256
26.399999999999963,24.152995304614997
26.599999999999962,28.799299225968404
26.79999999999996,34.38356023956919
26.99999999999996,40.96828225880936
