mags_ab,pos_errs_mas
16.0,0.22259452071068034
16.2,0.23649359891286836
16.4,0.16287987584865246
16.599999999999998,0.17690276764316418
16.799999999999997,0.19201786099419296
16.999999999999996,0.17600997773668453
17.199999999999996,0.17668447623959455
17.399999999999995,0.19352501853139098
17.599999999999994,0.21206676143373207
17.799999999999994,0.2324855381520706
17.999999999999993,0.25498065189301355
18.199999999999992,0.27977216845161784
18.39999999999999,0.3071999673764215
18.59999999999999,0.3373127040898815
18.79999999999999,0.37056273932262945
18.99999999999999,0.40731793712266684
19.19999999999999,0.4480026945414451
19.399999999999988,0.49309494495997763
19.599999999999987,0.5431904728106232
19.799999999999986,0.598854760438364
19.999999999999986,0.6606080836795845
20.199999999999985,0.7289557193533578
20.399999999999984,0.8050856348490895
20.599999999999984,0.8914261269494784
20.799999999999983,0.9887123232084112
20.999999999999982,1.0988735650661028
21.19999999999998,1.2233921281508617
21.39999999999998,1.3656803198407643
21.59999999999998,1.5203961616743495
21.79999999999998,1.6939508923828843
21.99999999999998,1.903959224880902
22.199999999999978,2.1474955384064236
22.399999999999977,2.431242960162869
22.599999999999977,2.7633686653539393
22.799999999999976,3.1530870181272475
22.999999999999975,3.577534243006387
23.199999999999974,4.083541819263005
23.399999999999974,4.706839516306765
23.599999999999973,5.403747435628588
23.799999999999972,6.255077765012767
23.99999999999997,7.291376258328633
24.19999999999997,8.530525236496537
24.39999999999997,9.965197730917954
24.59999999999997,11.730300110292983
24.79999999999997,13.847434230399763
24.999999999999968,16.147958680413335
25.199999999999967,19.038122683771615
25.399999999999967,22.602313814671525
25.599999999999966,26.884051610713648
25.799999999999965,32.02894572117701
25.999999999999964,38.21199895727792
26.199999999999964,45.6435588733499
26.399999999999963,54.254741970381765
26.599999999999962,64.91344886980882
26.79999999999996,77.72662978192498
26.99999999999996,93.13026701252745
