mags_ab,pos_errs_mas
16.0,0.21362562458068818
16.2,0.23234257842133807
16.4,0.25109887816792786
16.599999999999998,0.16649298797650877
16.799999999999997,0.1782234913777232
16.999999999999996,0.1905346956698823
17.199999999999996,0.15805609218132535
17.399999999999995,0.16975750980879445
17.599999999999994,0.1533291781748703
17.799999999999994,0.16444749798438654
17.999999999999993,0.17908338219603628
18.199999999999992,0.19535578808553386
18.39999999999999,0.16591912816774496
18.59999999999999,0.18113647106129704
18.79999999999999,0.168608744731057
18.99999999999999,0.16733313987653933
19.19999999999999,0.18298932726448508
19.399999999999988,0.17789460161358286
19.599999999999987,0.1943541724369198
19.799999999999986,0.21315808786249507
19.999999999999986,0.23393974762810413
20.199999999999985,0.25697592010524517
20.399999999999984,0.2826331949708664
20.599999999999984,0.3109057217582296
20.799999999999983,0.3422743679699574
20.999999999999982,0.3771855409676262
21.19999999999998,0.4161350141822186
21.39999999999998,0.4597088731392643
21.59999999999998,0.5086078197318674
21.79999999999998,0.5639274416709448
21.99999999999998,0.6269353941991823
22.199999999999978,0.6975446437108448
22.399999999999977,0.7780237773253901
22.599999999999977,0.8701755174225598
22.799999999999976,0.9762208520361054
22.999999999999975,1.0988207046660496
23.199999999999974,1.2412924391758713
23.399999999999974,1.4069590583071896
23.599999999999973,1.6027736764404563
23.799999999999972,1.8319207386045584
23.99999999999997,2.1027422197457577
24.19999999999997,2.423843000334966
24.39999999999997,2.805644451328624
24.59999999999997,3.260711242892792
24.79999999999997,3.800398155174571
24.999999999999968,4.448602388285978
25.199999999999967,5.224863716810053
25.399999999999967,6.155411178791111
25.599999999999966,7.271766638572584
25.799999999999965,8.611809073834937
25.999999999999964,10.221055075105172
26.199999999999964,12.154203040593044
26.399999999999963,14.472347732117091
26.599999999999962,17.26152762422472
26.79999999999996,20.61384387940129
26.99999999999996,24.643349237320923
