mags_ab,pos_errs_mas
16.0,0.25002571608745316
16.2,0.2650347800024191
16.4,0.2809698831036192
16.599999999999998,0.2873630837294376
16.799999999999997,0.2921650925357752
16.999999999999996,0.20356877963082437
17.199999999999996,0.218904647690687
17.399999999999995,0.2357562319508883
17.599999999999994,0.2526568443842605
17.799999999999994,0.20262665184932835
17.999999999999993,0.19835455124780188
18.199999999999992,0.21732415513141246
18.39999999999999,0.23822461782539403
18.59999999999999,0.26130550927562857
18.79999999999999,0.2867704916153347
18.99999999999999,0.3148921405804767
19.19999999999999,0.3460191735846722
19.399999999999988,0.3803571196567606
19.599999999999987,0.4183011534887039
19.799999999999986,0.4604638715931599
19.999999999999986,0.507465126938642
20.199999999999985,0.5599098385476579
20.399999999999984,0.618096280275188
20.599999999999984,0.6836029181929149
20.799999999999983,0.7557545718136333
20.999999999999982,0.8382795135371024
21.19999999999998,0.9305219205442065
21.39999999999998,1.0322796203216555
21.59999999999998,1.1454636931483988
21.79999999999998,1.2802110201859862
21.99999999999998,1.430052478406192
22.199999999999978,1.6040722052520586
22.399999999999977,1.80799752620928
22.599999999999977,2.035937023218112
22.799999999999976,2.298119533053465
22.999999999999975,2.608249498817628
23.199999999999974,2.97482723153052
23.399999999999974,3.413536242030966
23.599999999999973,3.9236279890750057
23.799999999999972,4.48833076278622
23.99999999999997,5.206510668740978
24.19999999999997,6.0190965984029665
24.39999999999997,6.970799788213299
24.59999999999997,8.12826410802415
24.79999999999997,9.549661597554085
24.999999999999968,11.253710384887519
25.199999999999967,13.205849325747597
25.399999999999967,15.636846081425183
25.599999999999966,18.55612943735023
25.799999999999965,22.062925069044827
25.999999999999964,26.276475661336097
26.199999999999964,31.340099217656256
26.399999999999963,37.42606218846503
26.599999999999962,44.741423808738844
26.79999999999996,53.200437805244285
26.99999999999996,63.690290192612174
