mags_ab,pos_errs_mas
16.0,0.24235931429538224
16.2,0.2582304347805505
16.4,0.26712009477767584
16.599999999999998,0.18441157040065131
16.799999999999997,0.19940548929742158
16.999999999999996,0.21584458353793481
17.199999999999996,0.23120207581391874
17.399999999999995,0.24774846599848585
17.599999999999994,0.19266419598771348
17.799999999999994,0.18836148388895005
17.999999999999993,0.19842285082421135
18.199999999999992,0.21750341591404726
18.39999999999999,0.23857493028505528
18.59999999999999,0.2617729513602718
18.79999999999999,0.28737475298246795
18.99999999999999,0.31569559452336454
19.19999999999999,0.3470139789034592
19.399999999999988,0.38174884891328337
19.599999999999987,0.42031804160984415
19.799999999999986,0.46289738555078125
19.999999999999986,0.5104510311297499
20.199999999999985,0.5636070992453495
20.399999999999984,0.6233382436634918
20.599999999999984,0.689717929272304
20.799999999999983,0.7637320647758703
20.999999999999982,0.8476776076560998
21.19999999999998,0.9435303893142105
21.39999999999998,1.0527960200909405
21.59999999999998,1.1761103642909483
21.79999999999998,1.3120678680245688
21.99999999999998,1.4733545033519009
22.199999999999978,1.659916640298974
22.399999999999977,1.8742695387314319
22.599999999999977,2.128837848055576
22.799999999999976,2.4245018591379015
22.999999999999975,2.776212122449836
23.199999999999974,3.1924459898230975
23.399999999999974,3.653847160381937
23.599999999999973,4.23277787631672
23.799999999999972,4.897202159454403
23.99999999999997,5.713536960597669
24.19999999999997,6.690000507860453
24.39999999999997,7.859476046124636
24.59999999999997,9.261488155220581
24.79999999999997,10.94353816628005
24.999999999999968,12.962703995968258
25.199999999999967,15.387575932150362
25.399999999999967,18.30058045823987
25.599999999999966,21.71914947542612
25.799999999999965,25.90579086618295
25.999999999999964,30.93772678754367
26.199999999999964,36.98615497457487
26.399999999999963,44.2568827261728
26.599999999999962,52.99729987879966
26.79999999999996,63.50482198257061
26.99999999999996,76.13698426979268
