mags_ab,pos_errs_mas
16.0,0.28525744705219613
16.2,0.3036671375986739
16.4,0.32340324854669195
16.599999999999998,0.2312301833192112
16.799999999999997,0.24920204771411764
16.999999999999996,0.268872844108349
17.199999999999996,0.28818265917229846
17.399999999999995,0.3089645198415778
17.599999999999994,0.3287211139867897
17.799999999999994,0.23650780471810606
17.999999999999993,0.25630350822679804
18.199999999999992,0.22111268518630908
18.39999999999999,0.24231941993351863
18.59999999999999,0.2657699281847115
18.79999999999999,0.29164893155421273
18.99999999999999,0.32027248990004553
19.19999999999999,0.35200695634084395
19.399999999999988,0.3870456730108586
19.599999999999987,0.4260583376891124
19.799999999999986,0.4693921017366884
19.999999999999986,0.5177913674924652
20.199999999999985,0.571732138773838
20.399999999999984,0.6320400683865423
20.599999999999984,0.700148210240092
20.799999999999983,0.7772052426910905
20.999999999999982,0.8627724389807426
21.19999999999998,0.9611531263094142
21.39999999999998,1.0695757789878584
21.59999999999998,1.1973640268063246
21.79999999999998,1.3421120360655827
21.99999999999998,1.5117839260051773
22.199999999999978,1.7029733574736035
22.399999999999977,1.9308876630738765
22.599999999999977,2.1981345514679953
22.799999999999976,2.5097212108372378
22.999999999999975,2.88077284425719
23.199999999999974,3.3158445726184036
23.399999999999974,3.831528507348135
23.599999999999973,4.451847811216968
23.799999999999972,5.1599230818613595
23.99999999999997,6.0376924603266895
24.19999999999997,7.070898692358244
24.39999999999997,8.255810635175823
24.59999999999997,9.742945959325947
24.79999999999997,11.52769343689778
24.999999999999968,13.67065203209933
25.199999999999967,16.244645571015816
25.399999999999967,19.33719005554117
25.599999999999966,23.053466875475557
25.799999999999965,27.51989655889127
25.999999999999964,32.888434304552774
26.199999999999964,39.34174188877037
26.399999999999963,47.099404629602084
26.599999999999962,56.23854328681596
26.79999999999996,67.40873257322417
26.99999999999996,80.83767639494917
