mags_ab,pos_errs_mas
16.0,0.3757141641196177
16.2,0.40316864442502487
16.4,0.27341096930643227
16.599999999999998,0.29693975024283126
16.799999999999997,0.3215118492783764
16.999999999999996,0.34959204251045006
17.199999999999996,0.37504576028772624
17.399999999999995,0.4052574292546016
17.599999999999994,0.26219926815444616
17.799999999999994,0.2830978542610595
17.999999999999993,0.30621170105589224
18.199999999999992,0.3319757892124734
18.39999999999999,0.24229770726489813
18.59999999999999,0.26355337689936015
18.79999999999999,0.28706093277297334
18.99999999999999,0.3124810428194643
19.19999999999999,0.24317447775921286
19.399999999999988,0.26526219523829164
19.599999999999987,0.2364632622164653
19.799999999999986,0.2582109993577267
19.999999999999986,0.24811419140392507
20.199999999999985,0.24763156713568704
20.399999999999984,0.2528560133293845
20.599999999999984,0.25898332947260133
20.799999999999983,0.2840556814217367
20.999999999999982,0.31182959846372654
21.19999999999998,0.3427072490447569
21.39999999999998,0.3769341934791527
21.59999999999998,0.4149939728537506
21.79999999999998,0.45746655801228
21.99999999999998,0.5048894779347346
22.199999999999978,0.5581107871008062
22.399999999999977,0.6178650467381785
22.599999999999977,0.6853147360190455
22.799999999999976,0.7618571507129602
22.999999999999975,0.848807376882933
23.199999999999974,0.9488748723468423
23.399999999999974,1.0630031810727645
23.599999999999973,1.194402300037554
23.799999999999972,1.3470256493470412
23.99999999999997,1.5248669025368395
24.19999999999997,1.7326512851228917
24.39999999999997,1.976796872694866
24.59999999999997,2.266740697202989
24.79999999999997,2.6073147181288205
24.999999999999968,3.012454561277626
25.199999999999967,3.493550106470769
25.399999999999967,4.068714372516181
25.599999999999966,4.754439685107777
25.799999999999965,5.576720396754635
25.999999999999964,6.56207230427466
26.199999999999964,7.743843782241134
26.399999999999963,9.162111387744513
26.599999999999962,10.865029921026258
26.79999999999996,12.910469908857982
26.99999999999996,15.367973780074637
