mags_ab,pos_errs_mas
16.0,0.2497480757059851
16.2,0.2647199285824657
16.4,0.2806128462634405
16.599999999999998,0.2869435023105405
16.799999999999997,0.29166877574627226
16.999999999999996,0.29367430408505757
17.199999999999996,0.20604842336751053
17.399999999999995,0.22223499562751473
17.599999999999994,0.238823691940034
17.799999999999994,0.25555226166370815
17.999999999999993,0.19560696262711044
18.199999999999992,0.21075402388045517
18.39999999999999,0.23100855782600843
18.59999999999999,0.2533389182644406
18.79999999999999,0.2780190376953681
18.99999999999999,0.3052253079485715
19.19999999999999,0.3353667590404265
19.399999999999988,0.36869229358401345
19.599999999999987,0.4055045287274923
19.799999999999986,0.446245971043614
19.999999999999986,0.4917596331283603
20.199999999999985,0.5425455742861557
20.399999999999984,0.5989548695326402
20.599999999999984,0.6624620386090863
20.799999999999983,0.7324589047226429
20.999999999999982,0.8125058259979023
21.19999999999998,0.9019627467848342
21.39999999999998,1.0027741747095824
21.59999999999998,1.1147626575074825
21.79999999999998,1.242540869965277
21.99999999999998,1.3907527848222372
22.199999999999978,1.5589183109983806
22.399999999999977,1.7579496768924365
22.599999999999977,1.989744867395216
22.799999999999976,2.2490280310487685
22.999999999999975,2.5491055202292765
23.199999999999974,2.90585958650008
23.399999999999974,3.3373836250622007
23.599999999999973,3.847980749478688
23.799999999999972,4.456454127861111
23.99999999999997,5.123034808277772
24.19999999999997,5.973243076712651
24.39999999999997,6.939250307518141
24.59999999999997,8.143927202987049
24.79999999999997,9.549222890690968
24.999999999999968,11.155007168847474
25.199999999999967,13.050087522152445
25.399999999999967,15.357381907673204
25.599999999999966,18.229996433119624
25.799999999999965,21.680870468847047
25.999999999999964,25.827351014761994
26.199999999999964,30.81047919582305
26.399999999999963,36.79978611180243
26.599999999999962,43.99904493953717
26.79999999999996,52.653213404735226
26.99999999999996,63.056755731640045
