mags_ab,pos_errs_mas
16.0,0.21376386993492374
16.2,0.2323919959471056
16.4,0.25111732413762783
16.599999999999998,0.26571680918364354
16.799999999999997,0.2836998576080277
16.999999999999996,0.1672096116845075
17.199999999999996,0.17862148081456
17.399999999999995,0.19407264643540087
17.599999999999994,0.15373354854502502
17.799999999999994,0.16377697637427932
17.999999999999993,0.1766542405910056
18.199999999999992,0.19039761737725194
18.39999999999999,0.15661911828516184
18.59999999999999,0.1709042628223745
18.79999999999999,0.15710069842552563
18.99999999999999,0.17158776419122346
19.19999999999999,0.18745473141410862
19.399999999999988,0.17410095677412932
19.599999999999987,0.17618483580575517
19.799999999999986,0.17809727349015084
19.999999999999986,0.18716918115861667
20.199999999999985,0.20538610256744985
20.399999999999984,0.22556458811085883
20.599999999999984,0.24794322765437102
20.799999999999983,0.2729722232614989
20.999999999999982,0.30080773055432736
21.19999999999998,0.33171157964550474
21.39999999999998,0.3662317610438915
21.59999999999998,0.40493633601180656
21.79999999999998,0.4484842247528836
21.99999999999998,0.4976642913250419
22.199999999999978,0.5534320322325784
22.399999999999977,0.6176647000139446
22.599999999999977,0.6912329220274632
22.799999999999976,0.7748458037683768
22.999999999999975,0.8714281548751799
23.199999999999974,0.9835393080265027
23.399999999999974,1.1142984115787329
23.599999999999973,1.2675009513506639
23.799999999999972,1.4477573650831397
23.99999999999997,1.6606569205686519
24.19999999999997,1.9148664555222712
24.39999999999997,2.214736671026636
24.59999999999997,2.572001940872346
24.79999999999997,2.998521808478083
24.999999999999968,3.508566411087828
25.199999999999967,4.119297414608822
25.399999999999967,4.851343691317261
25.599999999999966,5.729497294271867
25.799999999999965,6.78355032434617
25.999999999999964,8.049301851300624
26.199999999999964,9.569772242120743
26.399999999999963,11.39666528444429
26.599999999999962,13.59211754803671
26.79999999999996,16.230818377652326
26.99999999999996,19.402541472031135
