mags_ab,pos_errs_mas
16.0,0.3615185009945759
16.2,0.23246477888192918
16.4,0.25137591431050116
16.599999999999998,0.26920509658663505
16.799999999999997,0.2886073775897323
16.999999999999996,0.3095520814876621
17.199999999999996,0.32845768342963244
17.399999999999995,0.34824536467622746
17.599999999999994,0.2216310918597939
17.799999999999994,0.24056494303516426
17.999999999999993,0.2604438113123159
18.199999999999992,0.22378380973967024
18.39999999999999,0.2164561389587441
18.59999999999999,0.23522658667053234
18.79999999999999,0.2577524813540464
18.99999999999999,0.28256143293068287
19.19999999999999,0.3099240081147516
19.399999999999988,0.3401412936248061
19.599999999999987,0.3734600151313671
19.799999999999986,0.4103315354377912
19.999999999999986,0.45111475908319
20.199999999999985,0.4963326149640105
20.399999999999984,0.5464684049406134
20.599999999999984,0.6020671166346275
20.799999999999983,0.6642601442087697
20.999999999999982,0.7334236374244368
21.19999999999998,0.8110258116725119
21.39999999999998,0.896905248310273
21.59999999999998,0.9937816061475844
21.79999999999998,1.1029808285786438
21.99999999999998,1.227130425641261
22.199999999999978,1.367282275694918
22.399999999999977,1.525296762276382
22.599999999999977,1.7100098761559495
22.799999999999976,1.9204706137808405
22.999999999999975,2.1599668985943565
23.199999999999974,2.4450664341993105
23.399999999999974,2.7725725418191076
23.599999999999973,3.1552352510030963
23.799999999999972,3.6139405597629657
23.99999999999997,4.14741178056581
24.19999999999997,4.789395739467524
24.39999999999997,5.506071355911026
24.59999999999997,6.384495256004568
24.79999999999997,7.451269642375398
24.999999999999968,8.627969763571347
25.199999999999967,10.130291304235293
25.399999999999967,11.876807376196872
25.599999999999966,14.022999150065255
25.799999999999965,16.424837280156115
25.999999999999964,19.47396992562018
26.199999999999964,23.136288009815182
26.399999999999963,27.53630834582373
26.599999999999962,32.823672583081155
26.79999999999996,39.17824762332816
26.99999999999996,46.8162211639459
