mags_ab,pos_errs_mas
16.0,0.3757381978424157
16.2,0.40319491577212213
16.4,0.2734234704667633
16.599999999999998,0.29694608735007844
16.799999999999997,0.3215203150299453
16.999999999999996,0.34961552805512736
17.199999999999996,0.37507713182284
17.399999999999995,0.4052655087775323
17.599999999999994,0.262171547938232
17.799999999999994,0.28304272074519526
17.999999999999993,0.30623788541450864
18.199999999999992,0.33187072957461633
18.39999999999999,0.2420994029655961
18.59999999999999,0.2634231213364602
18.79999999999999,0.28668658689112986
18.99999999999999,0.3120728101433213
19.19999999999999,0.242523804715384
19.399999999999988,0.2645533683341527
19.599999999999987,0.2354957754520667
19.799999999999986,0.2571649323252124
19.999999999999986,0.2468096117505908
20.199999999999985,0.246070128963096
20.399999999999984,0.25104520741751946
20.599999999999984,0.2518700299548783
20.799999999999983,0.2763633044911392
20.999999999999982,0.3034795440242869
21.19999999999998,0.33365063631420705
21.39999999999998,0.3671973868223947
21.59999999999998,0.4045367772551532
21.79999999999998,0.4462526050376135
21.99999999999998,0.4930397452592961
22.199999999999978,0.5455572741823582
22.399999999999977,0.6048669566012972
22.599999999999977,0.6719159175945887
22.799999999999976,0.7483051457876441
22.999999999999975,0.8353532211878968
23.199999999999974,0.9359913825263217
23.399999999999974,1.0511507759465883
23.599999999999973,1.1845963632875314
23.799999999999972,1.3399396292031862
23.99999999999997,1.5216384349318197
24.19999999999997,1.734986379458909
24.39999999999997,1.9866699875559248
24.59999999999997,2.2842625572782733
24.79999999999997,2.6395159709742186
24.999999999999968,3.0601833460518106
25.199999999999967,3.5616750173586245
25.399999999999967,4.1608688773436695
25.599999999999966,4.878279788504042
25.799999999999965,5.737192089905369
25.999999999999964,6.76773927796668
26.199999999999964,8.003379964978773
26.399999999999963,9.487779276881936
26.599999999999962,11.27066151276655
26.79999999999996,13.410854656904545
26.99999999999996,15.984116112743854
