mags_ab,pos_errs_mas
16.0,0.21456156066237542
16.2,0.16723478781358248
16.4,0.1787016126486016
16.599999999999998,0.1913900131271548
16.799999999999997,0.2063943564601172
16.999999999999996,0.22211451822120312
17.199999999999996,0.16315861044475785
17.399999999999995,0.17612860585640486
17.599999999999994,0.19128046370570492
17.799999999999994,0.16190691023773177
17.999999999999993,0.17664247466734523
18.199999999999992,0.1660501510881966
18.39999999999999,0.16466382469483215
18.59999999999999,0.16805972386921106
18.79999999999999,0.17454670380384954
18.99999999999999,0.17894516426819543
19.19999999999999,0.19273058735194243
19.399999999999988,0.21135175552562127
19.599999999999987,0.23192582966680317
19.799999999999986,0.25467718154346364
19.999999999999986,0.28004015666606835
20.199999999999985,0.3079659749201772
20.399999999999984,0.3389468325804182
20.599999999999984,0.3734034024631287
20.799999999999983,0.4118145569065509
20.999999999999982,0.454746507785825
21.19999999999998,0.5028750038505273
21.39999999999998,0.5571393874820836
21.59999999999998,0.6187103691206134
21.79999999999998,0.6878493946168494
21.99999999999998,0.7665117268743064
22.199999999999978,0.8564514841481217
22.399999999999977,0.9597236845868484
22.599999999999977,1.0789374175743927
22.799999999999976,1.21586636875559
22.999999999999975,1.3765464239721221
23.199999999999974,1.565048954249091
23.399999999999974,1.7859076101896036
23.599999999999973,2.04653352072262
23.799999999999972,2.3551624434007787
23.99999999999997,2.7217453713794435
24.19999999999997,3.151984785989252
24.39999999999997,3.668078130083425
24.59999999999997,4.287168397859201
24.79999999999997,5.028183049032479
24.999999999999968,5.916123930235503
25.199999999999967,6.981041109394787
25.399999999999967,8.259044724219857
25.599999999999966,9.79352752494373
25.799999999999965,11.62614549066556
25.999999999999964,13.836911950804247
26.199999999999964,16.493515480198564
26.399999999999963,19.686330163490382
26.599999999999962,23.5239769629653
26.79999999999996,28.137032140179205
26.99999999999996,33.68245448797173
