mags_ab,pos_errs_mas
16.0,0.2404170108739864
16.2,0.25493463615699524
16.4,0.26091082485644196
16.599999999999998,0.26549504744646074
16.799999999999997,0.18681371063111035
16.999999999999996,0.20211965613158148
17.199999999999996,0.21657954825437
17.399999999999995,0.23227372761566256
17.599999999999994,0.2491172052322389
17.799999999999994,0.18662753400051882
17.999999999999993,0.2044787300089447
18.199999999999992,0.22417585573961193
18.39999999999999,0.24588635226814304
18.59999999999999,0.2698294611307453
18.79999999999999,0.2962292302729578
18.99999999999999,0.3254361083468257
19.19999999999999,0.35780476323582355
19.399999999999988,0.3936972619382798
19.599999999999987,0.43343166474773026
19.799999999999986,0.4771889300993698
19.999999999999986,0.526307142142783
20.199999999999985,0.5811754809783944
20.399999999999984,0.6421830659364064
20.599999999999984,0.7097414273052195
20.799999999999983,0.7869192952574423
20.999999999999982,0.8731038265163349
21.19999999999998,0.9718107247615626
21.39999999999998,1.0843073921343673
21.59999999999998,1.2019128353680792
21.79999999999998,1.342613335493186
21.99999999999998,1.5034980933298865
22.199999999999978,1.693469650465255
22.399999999999977,1.9110086442433785
22.599999999999977,2.1681784956285846
22.799999999999976,2.4698706043114615
22.999999999999975,2.7905983798087246
23.199999999999974,3.2001468380408724
23.399999999999974,3.684719819279196
23.599999999999973,4.2603061048024395
23.799999999999972,4.893253470028991
23.99999999999997,5.6633944033295505
24.19999999999997,6.616737635291219
24.39999999999997,7.731961892868633
24.59999999999997,9.092523583990085
24.79999999999997,10.724038299636552
24.999999999999968,12.449334463592132
25.199999999999967,14.646855320751829
25.399999999999967,17.37803120095049
25.599999999999966,20.658774426364747
25.799999999999965,24.60064279154089
25.999999999999964,29.337710484296807
26.199999999999964,35.03112392745513
26.399999999999963,41.8745967663628
26.599999999999962,50.100971333244715
26.79999999999996,59.99016422496722
26.99999999999996,71.87866605190679
