mags_ab,pos_errs_mas
16.0,0.21532632765454657
16.2,0.23091092165584357
16.4,0.24809637635090037
16.599999999999998,0.1675348075443551
16.799999999999997,0.17771836320058043
16.999999999999996,0.19139632869218698
17.199999999999996,0.20487631175910354
17.399999999999995,0.15349767507687978
17.599999999999994,0.16452843890036858
17.799999999999994,0.1767785616855783
17.999999999999993,0.15548969394380693
18.199999999999992,0.16967225237133288
18.39999999999999,0.1851328767763836
18.59999999999999,0.16599618718256914
18.79999999999999,0.15899290845257594
18.99999999999999,0.1737343498444366
19.19999999999999,0.17458412070890003
19.399999999999988,0.1799552666717606
19.599999999999987,0.1865834345458786
19.799999999999986,0.20449488106644523
19.999999999999986,0.22425837995514392
20.199999999999985,0.24607936739005964
20.399999999999984,0.27033053889547515
20.599999999999984,0.2970917501533323
20.799999999999983,0.3266202896391048
20.999999999999982,0.3593672505984751
21.19999999999998,0.39574435429741467
21.39999999999998,0.43624217862009185
21.59999999999998,0.48143823438277716
21.79999999999998,0.5320188829885839
21.99999999999998,0.589637572012793
22.199999999999978,0.6535470005200844
22.399999999999977,0.7258002834669215
22.599999999999977,0.8078063315020735
22.799999999999976,0.901327902851427
22.999999999999975,1.0079168396105878
23.199999999999974,1.1309943841411656
23.399999999999974,1.2733344755778777
23.599999999999973,1.439699389087022
23.799999999999972,1.6327984462072038
23.99999999999997,1.8592821534231763
24.19999999999997,2.1260213978529166
24.39999999999997,2.438529081211051
24.59999999999997,2.809879509618897
24.79999999999997,3.252279686383626
24.999999999999968,3.779552559932816
25.199999999999967,4.409227795917083
25.399999999999967,5.162396365760311
25.599999999999966,6.064419772538154
25.799999999999965,7.145782714215545
25.999999999999964,8.438422639957123
26.199999999999964,9.993316397650855
26.399999999999963,11.860572424969527
26.599999999999962,14.103656844905688
26.79999999999996,16.798847513280474
26.99999999999996,20.037816469744808
