mags_ab,pos_errs_mas
16.0,0.37489161671703003
16.2,0.4007371556450493
16.4,0.27317802875140057
16.599999999999998,0.2952504597110311
16.799999999999997,0.3207322617306151
16.999999999999996,0.34796709910709983
17.199999999999996,0.2635838075416134
17.399999999999995,0.2862641081506541
17.599999999999994,0.23575481628487782
17.799999999999994,0.25665139049266683
17.999999999999993,0.27935593283996746
18.199999999999992,0.24668673971679864
18.39999999999999,0.26883024045034726
18.59999999999999,0.24360423117167973
18.79999999999999,0.26578345907102996
18.99999999999999,0.2538205319145585
19.19999999999999,0.2520736251699933
19.399999999999988,0.24562387894363774
19.599999999999987,0.2506736523254809
19.799999999999986,0.2745219376579323
19.999999999999986,0.30082893023070584
20.199999999999985,0.32994561832642383
20.399999999999984,0.36199953934002094
20.599999999999984,0.3973941750151476
20.799999999999983,0.43657493872111475
20.999999999999982,0.47989189584454384
21.19999999999998,0.5279444511949375
21.39999999999998,0.5812340858192461
21.59999999999998,0.6404104507683026
21.79999999999998,0.7065555409363029
21.99999999999998,0.7803124097845027
22.199999999999978,0.8638260400954744
22.399999999999977,0.9564946927234519
22.599999999999977,1.0611460051181512
22.799999999999976,1.179380897373467
22.999999999999975,1.3140175807119725
23.199999999999974,1.4672569010652905
23.399999999999974,1.643143843833658
23.599999999999973,1.8479843098309034
23.799999999999972,2.080156799788927
23.99999999999997,2.352291436223517
24.19999999999997,2.6704082142482846
24.39999999999997,3.041080384281162
24.59999999999997,3.4803621606046318
24.79999999999997,4.0000141754009375
24.999999999999968,4.613475412700795
25.199999999999967,5.346194670991626
25.399999999999967,6.214903681624278
25.599999999999966,7.247389762448418
25.799999999999965,8.481226529081894
25.999999999999964,9.965326109771059
26.199999999999964,11.74459513060478
26.399999999999963,13.879322803808837
26.599999999999962,16.441951409113262
26.79999999999996,19.51953718177994
26.99999999999996,23.21669189778435
