mags_ab,pos_errs_mas
16.0,0.17549303119749107
16.2,0.19063830310538044
16.4,0.15231332543289805
16.599999999999998,0.16279008521699187
16.799999999999997,0.1734601564940897
16.999999999999996,0.1848880612989334
17.199999999999996,0.19843536187510297
17.399999999999995,0.14978329615347274
17.599999999999994,0.16056488390513138
17.799999999999994,0.14307936968510618
17.999999999999993,0.1562267127098815
18.199999999999992,0.15247289623390978
18.39999999999999,0.15476443624881733
18.59999999999999,0.16055156685171718
18.79999999999999,0.1688657405651194
18.99999999999999,0.17718380481671717
19.19999999999999,0.1942784717797713
19.399999999999988,0.21316545495022393
19.599999999999987,0.23404812005901773
19.799999999999986,0.25716460764932597
19.999999999999986,0.2827873405927717
20.199999999999985,0.31152450121299824
20.399999999999984,0.34327265278530367
20.599999999999984,0.37855750382473385
20.799999999999983,0.4179903765596776
20.999999999999982,0.4621901749017022
21.19999999999998,0.5118993295985221
21.39999999999998,0.5680129746624304
21.59999999999998,0.6320226579923282
21.79999999999998,0.7054321622217855
21.99999999999998,0.7882521731995278
22.199999999999978,0.883402133331592
22.399999999999977,0.9932569135530644
22.599999999999977,1.1207136281574714
22.799999999999976,1.2693033079746368
22.999999999999975,1.4433310168004037
23.199999999999974,1.6493031791239856
23.399999999999974,1.8908932591774734
23.599999999999973,2.177073607150872
23.799999999999972,2.517979220533542
23.99999999999997,2.9233643068565462
24.19999999999997,3.406857146581757
24.39999999999997,3.984941324769872
24.59999999999997,4.67705750066215
24.79999999999997,5.506576704176829
24.999999999999968,6.501585157294597
25.199999999999967,7.7007072193817
25.399999999999967,9.136763500870185
25.599999999999966,10.859437369096954
25.799999999999965,12.929211281578864
25.999999999999964,15.416482057084956
26.199999999999964,18.40586196094236
26.399999999999963,21.99905920120227
26.599999999999962,26.32422044879689
26.79999999999996,31.516493665517896
26.99999999999996,37.75846623086021
