mags_ab,pos_errs_mas
16.0,0.2383097342558606
16.2,0.2576425470109847
16.4,0.2799155608460473
16.599999999999998,0.301493206754092
16.799999999999997,0.3248433139160376
16.999999999999996,0.20964552480338872
17.199999999999996,0.2266200036114062
17.399999999999995,0.24619171475890525
17.599999999999994,0.2666798063395907
17.799999999999994,0.28918038420585424
17.999999999999993,0.21179463866996553
18.199999999999992,0.23071076958662542
18.39999999999999,0.20026347346490053
18.59999999999999,0.21845809650074285
18.79999999999999,0.23835537997892098
18.99999999999999,0.2087406283638465
19.19999999999999,0.22791240941467983
19.399999999999988,0.2134836097256384
19.599999999999987,0.2104960375429488
19.799999999999986,0.21357804590098875
19.999999999999986,0.21768389110968575
20.199999999999985,0.23873036007918816
20.399999999999984,0.2620542519411739
20.599999999999984,0.2878602392129765
20.799999999999983,0.31653456945401526
20.999999999999982,0.34838126338252395
21.19999999999998,0.383925122478308
21.39999999999998,0.42357376616686454
21.59999999999998,0.46792645900924973
21.79999999999998,0.5177882659696045
21.99999999999998,0.5740125316220113
22.199999999999978,0.6375142015208639
22.399999999999977,0.7096552778094185
22.599999999999977,0.7926625366706741
22.799999999999976,0.8870784689705133
22.999999999999975,0.9958576404044744
23.199999999999974,1.1218026151065865
23.399999999999974,1.2681612501885022
23.599999999999973,1.4393620732763845
23.799999999999972,1.6398291039774393
23.99999999999997,1.8765121973836998
24.19999999999997,2.1573011981158228
24.39999999999997,2.4878493050245636
24.59999999999997,2.882109284373025
24.79999999999997,3.3511644433649113
24.999999999999968,3.9112409925882603
25.199999999999967,4.5822727258379
25.399999999999967,5.386094366277291
25.599999999999966,6.349886444764355
25.799999999999965,7.506312666923982
25.999999999999964,8.894623144569282
26.199999999999964,10.561984299335563
26.399999999999963,12.565078880455223
26.599999999999962,14.97202581679902
26.79999999999996,17.86470156913666
26.99999999999996,21.341514673291588
