mags_ab,pos_errs_mas
16.0,0.1882214816655934
16.2,0.20311628287430583
16.4,0.217082485460274
16.599999999999998,0.17931625980912885
16.799999999999997,0.17524448258830683
16.999999999999996,0.1919537824826171
17.199999999999996,0.21035497727952432
17.399999999999995,0.23062540240939625
17.599999999999994,0.2529611353306415
17.799999999999994,0.2775861911731814
17.999999999999993,0.3047815670242237
18.199999999999992,0.3346779090446438
18.39999999999999,0.3676967952873848
18.59999999999999,0.40420631546323826
18.79999999999999,0.44463174963226376
18.99999999999999,0.48944990917795617
19.19999999999999,0.539263125293234
19.399999999999988,0.5944123482786583
19.599999999999987,0.655645256862097
19.799999999999986,0.723318642331066
19.999999999999986,0.7985825282186746
20.199999999999985,0.8840702382264164
20.399999999999984,0.9803623084034065
20.599999999999984,1.0892511848444784
20.799999999999983,1.2121047954863853
20.999999999999982,1.3524459884709394
21.19999999999998,1.4980098157567638
21.39999999999998,1.6733432328660507
21.59999999999998,1.87887461278515
21.79999999999998,2.1165952163747503
21.99999999999998,2.3933010273343895
22.199999999999978,2.71623941350131
22.399999999999977,3.0951018122682754
22.599999999999977,3.4797550489712528
22.799999999999976,3.968926365170912
22.999999999999975,4.5653072694713925
23.199999999999974,5.273433345597994
23.399999999999974,6.116456031150127
23.599999999999973,7.122270497962416
23.799999999999972,8.324453659705046
23.99999999999997,9.631526132095198
24.19999999999997,11.282185041867068
24.39999999999997,13.293891499325898
24.59999999999997,15.707375083640624
24.79999999999997,18.60453540066761
24.999999999999968,22.08378382094279
25.199999999999967,26.263384912805684
25.399999999999967,31.165747790079813
25.599999999999966,37.16871520329865
25.799999999999965,44.38362806507982
25.999999999999964,53.0559557669371
26.199999999999964,63.48077111890449
26.399999999999963,76.01280020982479
26.599999999999962,91.07846593138378
26.79999999999996,109.1904213202459
26.99999999999996,130.96495888202145
