mags_ab,pos_errs_mas
16.0,0.37444737465318456
16.2,0.4010648918460036
16.4,0.27405582117456195
16.599999999999998,0.29710138887384574
16.799999999999997,0.3205916317689701
16.999999999999996,0.3474982564988908
17.199999999999996,0.263403989093893
17.399999999999995,0.28559486530711253
17.599999999999994,0.30925347484506693
17.799999999999994,0.33541977508024334
17.999999999999993,0.2414008586457668
18.199999999999992,0.26292376937135153
18.39999999999999,0.28604557973813044
18.59999999999999,0.23606558805800734
18.79999999999999,0.25744370990881826
18.99999999999999,0.23647286622493133
19.19999999999999,0.2581951696116148
19.399999999999988,0.2511672547970992
19.599999999999987,0.25207343651364505
19.799999999999986,0.24464254667277321
19.999999999999986,0.25295750633160996
20.199999999999985,0.2774129557074394
20.399999999999984,0.30445493104379234
20.599999999999984,0.33448437356488847
20.799999999999983,0.3677785251236435
20.999999999999982,0.40476479705370816
21.19999999999998,0.4459623579963269
21.39999999999998,0.4919897391350301
21.59999999999998,0.5435283336867519
21.79999999999998,0.601339632721142
21.99999999999998,0.6665015670397975
22.199999999999978,0.7402867124552394
22.399999999999977,0.8239969519815638
22.599999999999977,0.9200597072778697
22.799999999999976,1.029482454495985
22.999999999999975,1.1550103713738729
23.199999999999974,1.3007005118665909
23.399999999999974,1.4701331419726076
23.599999999999973,1.6669581864566583
23.799999999999972,1.898868223440687
23.99999999999997,2.1721127867482446
24.19999999999997,2.494608569604432
24.39999999999997,2.875433993460795
24.59999999999997,3.32967212184479
24.79999999999997,3.8711959815525385
24.999999999999968,4.515024549040703
25.199999999999967,5.287814315303339
25.399999999999967,6.213430139680318
25.599999999999966,7.323161760105766
25.799999999999965,8.654612983019247
25.999999999999964,10.252968147935963
26.199999999999964,12.172525004181672
26.399999999999963,14.478537680163905
26.599999999999962,17.249423693049792
26.79999999999996,20.579437336562293
26.99999999999996,24.55824904064482
