mags_ab,pos_errs_mas
16.0,inf
16.2,inf
16.4,0.26122322198765235
16.599999999999998,0.2851534410162696
16.799999999999997,0.3021709457705903
16.999999999999996,0.20898565985468337
17.199999999999996,0.2241598034951318
17.399999999999995,0.24131196917350078
17.599999999999994,0.26051024433375236
17.799999999999994,0.28150200836338857
17.999999999999993,0.18600320032631143
18.199999999999992,0.19929289187262408
18.39999999999999,0.21443872518266394
18.59999999999999,0.1694508388693096
18.79999999999999,0.1835561990385811
18.99999999999999,0.20006171870392112
19.19999999999999,0.17989149438115384
19.399999999999988,0.19632697831832002
19.599999999999987,0.18441717025072604
19.799999999999986,0.2015184748910144
19.999999999999986,0.18693024141628495
20.199999999999985,0.20452844999525144
20.399999999999984,0.19993529925310963
20.599999999999984,0.19957845490718304
20.799999999999983,0.21614537110079932
20.999999999999982,0.23787862432900164
21.19999999999998,0.2621484278372589
21.39999999999998,0.28948127534504176
21.59999999999998,0.3199909869829436
21.79999999999998,0.35435682850934863
21.99999999999998,0.39323258026124425
22.199999999999978,0.4373867439596246
22.399999999999977,0.4877037132015938
22.599999999999977,0.5452952554991322
22.799999999999976,0.6115789510532973
22.999999999999975,0.6882401573912327
23.199999999999974,0.7775703009124324
23.399999999999974,0.8823157211130698
23.599999999999973,1.004242488997608
23.799999999999972,1.1478062776703528
23.99999999999997,1.317479214623949
24.19999999999997,1.518671003721204
24.39999999999997,1.7579133487962477
24.59999999999997,2.0430814408200213
24.79999999999997,2.3836591043082658
24.999999999999968,2.7910566431358146
25.199999999999967,3.2800616551483093
25.399999999999967,3.8648697658712994
25.599999999999966,4.5664828278278735
25.799999999999965,5.408708616021197
25.999999999999964,6.420156868436979
26.199999999999964,7.635208118467264
26.399999999999963,9.095181680370482
26.599999999999962,10.84973761002289
26.79999999999996,12.958566506017432
26.99999999999996,15.49341617900984
