mags_ab,pos_errs_mas
16.0,0.23818298288134637
16.2,0.2567346930309655
16.4,0.27780928219089773
16.599999999999998,0.2977556843834051
16.799999999999997,0.31956611046686884
16.999999999999996,0.21339450083108938
17.199999999999996,0.23113372058656462
17.399999999999995,0.25066650396722406
17.599999999999994,0.2712568054321474
17.799999999999994,0.29371207986705306
17.999999999999993,0.22554342307454361
18.199999999999992,0.2455673865837331
18.39999999999999,0.22151423002288514
18.59999999999999,0.2212755054918242
18.79999999999999,0.22954316350784718
18.99999999999999,0.25166763452598717
19.19999999999999,0.27616039088496397
19.399999999999988,0.3032279664606419
19.599999999999987,0.33319043073578447
19.799999999999986,0.366438014944681
19.999999999999986,0.40335715676681716
20.199999999999985,0.44443674048682635
20.399999999999984,0.49025284247546563
20.599999999999984,0.5415066981593327
20.799999999999983,0.5989653178604264
20.999999999999982,0.6636498251872637
21.19999999999998,0.7371563879989966
21.39999999999998,0.8199651067049218
21.59999999999998,0.9139386846336639
21.79999999999998,1.0212873026162264
21.99999999999998,1.145127661621388
22.199999999999978,1.285414758279791
22.399999999999977,1.4505415353838502
22.599999999999977,1.6414423330897145
22.799999999999976,1.866379197930106
22.999999999999975,2.1275768606251746
23.199999999999974,2.4381186208172116
23.399999999999974,2.8058668186845046
23.599999999999973,3.242679986772272
23.799999999999972,3.7628641803130503
23.99999999999997,4.383653197736271
24.19999999999997,5.125790322155803
24.39999999999997,6.014222430565989
24.59999999999997,7.078938666795477
24.79999999999997,8.355983076467462
24.999999999999968,9.866395783934124
25.199999999999967,11.699865244769514
25.399999999999967,13.902102050593546
25.599999999999966,16.547982130665385
25.799999999999965,19.727494710705187
25.999999999999964,23.54879843744254
26.199999999999964,28.141901390953155
26.399999999999963,33.66308501468248
26.599999999999962,40.300207773075414
26.79999999999996,48.2791163068991
26.99999999999996,57.87130517346754
