mags_ab,pos_errs_mas
16.0,0.1618776382347343
16.2,0.1750243217258519
16.4,0.1891600254534987
16.599999999999998,0.15364077759645828
16.799999999999997,0.16745251008648704
16.999999999999996,0.18254593049469528
17.199999999999996,0.17311423405393603
17.399999999999995,0.1718201947260778
17.599999999999994,0.188191383605917
17.799999999999994,0.2062229745745901
17.999999999999993,0.22608799526487333
18.199999999999992,0.24798107258334237
18.39999999999999,0.2721225658244665
18.59999999999999,0.29891119622769174
18.79999999999999,0.3283610458653675
18.99999999999999,0.36082929397746843
19.19999999999999,0.3967550411572547
19.399999999999988,0.43656606113359764
19.599999999999987,0.4807609346471469
19.799999999999986,0.5299124125348433
19.999999999999986,0.5850884310519888
20.199999999999985,0.6461885477039214
20.399999999999984,0.7145226260328423
20.599999999999984,0.7907477510894979
20.799999999999983,0.8763239609604475
20.999999999999982,0.973827693699077
21.19999999999998,1.084652201893621
21.39999999999998,1.2112959662890108
21.59999999999998,1.35611324045363
21.79999999999998,1.5228959131315782
21.99999999999998,1.7118623744742942
22.199999999999978,1.9289551530510551
22.399999999999977,2.1870130624576527
22.599999999999977,2.4825254592024
22.799999999999976,2.8334898415508376
22.999999999999975,3.251252573424407
23.199999999999974,3.7464352628765254
23.399999999999974,4.323707872959986
23.599999999999973,5.020982239989787
23.799999999999972,5.853387793284173
23.99999999999997,6.806827454192931
24.19999999999997,7.970184577689
24.39999999999997,9.380561968167644
24.59999999999997,11.072164891505567
24.79999999999997,13.102365065402996
24.999999999999968,15.54010050963549
25.199999999999967,18.468214699559425
25.399999999999967,21.928029194814425
25.599999999999966,26.141266015768306
25.799999999999965,31.20495379346284
25.999999999999964,37.29136735668685
26.199999999999964,44.60759181974499
26.399999999999963,53.40257455300617
26.599999999999962,63.97557768944071
26.79999999999996,76.6863773179554
26.99999999999996,91.96748076940649
