mags_ab,pos_errs_mas
16.0,0.1663752264075669
16.2,0.1763988047542546
16.4,0.19130563433867026
16.599999999999998,0.14393666936508778
16.799999999999997,0.1531572776539595
16.999999999999996,0.16535100847320433
17.199999999999996,0.1765322785259794
17.399999999999995,0.14041189636999643
17.599999999999994,0.15226050480127631
17.799999999999994,0.1661616310334299
17.999999999999993,0.1541436550696188
18.199999999999992,0.15299033372478496
18.39999999999999,0.1672387097232526
18.59999999999999,0.17156603059275125
18.79999999999999,0.17175673122396315
18.99999999999999,0.18819124914398014
19.19999999999999,0.206314986098039
19.399999999999988,0.22630993642752834
19.599999999999987,0.24838476777022478
19.799999999999986,0.27277644993620254
19.999999999999986,0.29992520504550474
20.199999999999985,0.3299144142526175
20.399999999999984,0.3630542388522667
20.599999999999984,0.3998771702147431
20.799999999999983,0.440881331278746
20.999999999999982,0.4866561179205577
21.19999999999998,0.5379033287347961
21.39999999999998,0.5958016602032884
21.59999999999998,0.6611444108212393
21.79999999999998,0.7344687440506442
21.99999999999998,0.817768965596348
22.199999999999978,0.9128046130265687
22.399999999999977,1.0217528002625489
22.599999999999977,1.1467173222808802
22.799999999999976,1.2915538808312717
22.999999999999975,1.4608358014492886
23.199999999999974,1.6578146759761183
23.399999999999974,1.8890046753341299
23.599999999999973,2.161453612503477
23.799999999999972,2.4836987415749197
23.99999999999997,2.8625419876744047
24.19999999999997,3.314329426265235
24.39999999999997,3.854150574719202
24.59999999999997,4.498995282768418
24.79999999999997,5.270485209451468
24.999999999999968,6.194616269881444
25.199999999999967,7.3026346459589
25.399999999999967,8.626735329331595
25.599999999999966,10.220491144054371
25.799999999999965,12.13453777563496
25.999999999999964,14.433939604832231
26.199999999999964,17.1968914736459
26.399999999999963,20.517378256586348
26.599999999999962,24.50836309520777
26.79999999999996,29.30563500185297
26.99999999999996,35.072418608618094
