mags_ab,pos_errs_mas
16.0,0.21455678066215722
16.2,0.1672293774768445
16.4,0.1786951282583709
16.599999999999998,0.19138206813130187
16.799999999999997,0.20638433369623463
16.999999999999996,0.22210208841633008
17.199999999999996,0.163144565263334
17.399999999999995,0.17611088561254049
17.599999999999994,0.19125747466260298
17.799999999999994,0.16187683914650602
17.999999999999993,0.17660302805867545
18.199999999999992,0.16599687566862473
18.39999999999999,0.16459517091277442
18.59999999999999,0.16796235838831378
18.79999999999999,0.17441582167322453
18.99999999999999,0.17876761572507652
19.19999999999999,0.1924951439191779
19.399999999999988,0.21104226336552495
19.599999999999987,0.23151905912647228
19.799999999999986,0.25414268968902615
19.999999999999986,0.2793439277449598
20.199999999999985,0.3070401625416957
20.399999999999984,0.3377319103764783
20.599999999999984,0.37181036084800273
20.799999999999983,0.4097275388737124
20.999999999999982,0.4520152047192719
21.19999999999998,0.49930496234166466
21.39999999999998,0.5524708987413682
21.59999999999998,0.6126170047067843
21.79999999999998,0.679912568071466
21.99999999999998,0.7562210888549399
22.199999999999978,0.8430891194814965
22.399999999999977,0.9422931041437829
22.599999999999977,1.0556223831579679
22.799999999999976,1.1871864498005138
22.999999999999975,1.339827321112111
23.199999999999974,1.518315327436502
23.399999999999974,1.7266145957659809
23.599999999999973,1.9716183457527383
23.799999999999972,2.260908026010613
23.99999999999997,2.5964909405301295
24.19999999999997,3.000945055517911
24.39999999999997,3.4826106685248295
24.59999999999997,4.0574484435437075
24.79999999999997,4.744668614829968
24.999999999999968,5.567373220899502
25.199999999999967,6.553335416574154
25.399999999999967,7.7359327505362465
25.599999999999966,9.14570429895291
25.799999999999965,10.846434224722637
25.999999999999964,12.889263964657756
26.199999999999964,15.34365003402671
26.399999999999963,18.293072727630676
26.599999999999962,21.837862002447505
26.79999999999996,26.098621725320076
26.99999999999996,31.220318523316525
