mags_ab,pos_errs_mas
16.0,0.1640339916476255
16.2,0.14943786471058257
16.4,0.15775086021352774
16.599999999999998,0.14730745242271284
16.799999999999997,0.14707526506328011
16.999999999999996,0.16078566435787936
17.199999999999996,0.165863917054293
17.399999999999995,0.17020170328704626
17.599999999999994,0.17998739919584597
17.799999999999994,0.1975795301677248
17.999999999999993,0.21711371858972858
18.199999999999992,0.2387469376481007
18.39999999999999,0.26280162897068743
18.59999999999999,0.28960404910135806
18.79999999999999,0.3195392055986341
18.99999999999999,0.3530680807924439
19.19999999999999,0.3911169616723186
19.399999999999988,0.43359564772742293
19.599999999999987,0.4817108200024715
19.799999999999986,0.5364798478701618
19.999999999999986,0.5988471514276069
20.199999999999985,0.6707506017340037
20.399999999999984,0.7532080622624885
20.599999999999984,0.8487148881062635
20.799999999999983,0.9598726822985938
20.999999999999982,1.090742931528034
21.19999999999998,1.2432259830182342
21.39999999999998,1.4229850609401173
21.59999999999998,1.6356649107872105
21.79999999999998,1.8880887660824304
21.99999999999998,2.1892376251709935
22.199999999999978,2.5474010949310886
22.399999999999977,2.9753687514292966
22.599999999999977,3.487503503096639
22.799999999999976,4.101073660235965
22.999999999999975,4.836834550548131
23.199999999999974,5.719727507312874
23.399999999999974,6.77972458676581
23.599999999999973,8.052841145961638
23.799999999999972,9.58235982591282
23.99999999999997,11.42029706919047
24.19999999999997,13.629175022305917
24.39999999999997,16.284142381709394
24.59999999999997,19.475531107166358
24.79999999999997,23.311931888819263
24.999999999999968,27.923884215780546
25.199999999999967,33.46832120241047
25.399999999999967,40.13390694098484
25.599999999999966,48.147454641021014
25.799999999999965,57.78165693008313
25.999999999999964,69.36434226511749
26.199999999999964,83.28964241818436
26.399999999999963,100.03142352839366
26.599999999999962,120.15937154501621
26.79999999999996,144.35840280843473
26.99999999999996,173.45195329831793
