mags_ab,pos_errs_mas
16.0,0.2845539623693289
16.2,0.30157066111760755
16.4,0.31962883844159523
16.599999999999998,0.3267365261405527
16.799999999999997,0.3319845316100718
16.999999999999996,0.22985285931297336
17.199999999999996,0.2470662825368367
17.399999999999995,0.2659802174969858
17.599999999999994,0.2849017682409773
17.799999999999994,0.3051614137515809
17.999999999999993,0.21994968191387637
18.199999999999992,0.24099169938818374
18.39999999999999,0.26423408678924937
18.59999999999999,0.2898785515068035
18.79999999999999,0.3182136479849911
18.99999999999999,0.3496090147442154
19.19999999999999,0.3841642170222992
19.399999999999988,0.4226669113381941
19.599999999999987,0.46532266822435026
19.799999999999986,0.5129138875430538
19.999999999999986,0.5657648787588808
20.199999999999985,0.6246945587578053
20.399999999999984,0.6911307989423626
20.599999999999984,0.7646149029241878
20.799999999999983,0.8484753151661215
20.999999999999982,0.942275989968623
21.19999999999998,1.0469051438812382
21.39999999999998,1.1690991062162952
21.59999999999998,1.3063602861904933
21.79999999999998,1.461762925115119
21.99999999999998,1.6430581494561582
22.199999999999978,1.8505572566598758
22.399999999999977,2.0974624616262325
22.599999999999977,2.381572749331685
22.799999999999976,2.708149027047281
22.999999999999975,3.1051477631443802
23.199999999999974,3.5644879098205764
23.399999999999974,4.10693140122486
23.599999999999973,4.765353279419925
23.799999999999972,5.551078265438619
23.99999999999997,6.440839551317222
24.19999999999997,7.5514335345107355
24.39999999999997,8.882091441247566
24.59999999999997,10.4778322420997
24.79999999999997,12.392758937222082
24.999999999999968,14.691880544713605
25.199999999999967,17.45332015443918
25.399999999999967,20.770961089550838
25.599999999999966,24.625648331235166
25.799999999999965,29.386240284096367
25.999999999999964,35.10820885677769
26.199999999999964,41.98623782997523
26.399999999999963,50.25436182995468
26.599999999999962,60.19391001187576
26.79999999999996,72.14310737471153
26.99999999999996,86.5085466584334
