mags_ab,pos_errs_mas
16.0,0.18823382251841292
16.2,0.20313249360831676
16.4,0.21710381314833435
16.599999999999998,0.17934607719378573
16.799999999999997,0.1752854522161847
16.999999999999996,0.19200764474582582
17.199999999999996,0.21042580598152397
17.399999999999995,0.23071853907921733
17.599999999999994,0.25308361604816776
17.799999999999994,0.2777472432941633
17.999999999999993,0.3050088086767574
18.199999999999992,0.3349580007963603
18.39999999999999,0.36806488314640695
18.59999999999999,0.4046898442350195
18.79999999999999,0.4452665873239224
18.99999999999999,0.4902830828761212
19.19999999999999,0.5403554810403964
19.399999999999988,0.5958502542674269
19.599999999999987,0.657531175178785
19.799999999999986,0.7257988333689681
19.999999999999986,0.8018422233371784
20.199999999999985,0.8883240015472297
20.399999999999984,0.9859049736159238
20.599999999999984,1.0965516176962717
20.799999999999983,1.221483258665883
20.999999999999982,1.3646532415162413
21.19999999999998,1.5264618538283568
21.39999999999998,1.6942002816163682
21.59999999999998,1.9056684330296503
21.79999999999998,2.1511605622928958
21.99999999999998,2.4374868202529987
22.199999999999978,2.772609349482184
22.399999999999977,3.1671686663619267
22.599999999999977,3.6146335508344207
22.799999999999976,4.112400847144007
22.999999999999975,4.738242720292421
23.199999999999974,5.460477820544514
23.399999999999974,6.349076804400738
23.599999999999973,7.410675101235375
23.799999999999972,8.680717665137255
23.99999999999997,10.15948869899453
24.19999999999997,11.971636250209398
24.39999999999997,14.1457329404124
24.59999999999997,16.55147924151446
24.79999999999997,19.63384124247076
24.999999999999968,23.33633280184691
25.199999999999967,27.784845503636248
25.399999999999967,33.13068368086074
25.599999999999966,39.555703713442554
25.799999999999965,47.2785037145986
25.999999999999964,56.35833798962262
26.199999999999964,67.46914468985912
26.399999999999963,80.82614417532827
26.599999999999962,96.88383528615826
26.79999999999996,116.18863046280539
26.99999999999996,139.39741328584097
