mags_ab,pos_errs_mas
16.0,0.20860302654034424
16.2,0.22657807471677088
16.4,0.24157484379067326
16.599999999999998,0.25967825443978226
16.799999999999997,0.16904046312844762
16.999999999999996,0.18308754532610258
17.199999999999996,0.1969514467777223
17.399999999999995,0.2130536492695772
17.599999999999994,0.23048870566760607
17.799999999999994,0.16922238930542313
17.999999999999993,0.18431619902272225
18.199999999999992,0.20079758437354153
18.39999999999999,0.21862021610431123
18.59999999999999,0.17261074613926597
18.79999999999999,0.18833774319304436
18.99999999999999,0.1702560791299812
19.19999999999999,0.18594985103578257
19.399999999999988,0.18088560454721064
19.599999999999987,0.1824440899221658
19.799999999999986,0.1820994874737158
19.999999999999986,0.1944331178626431
20.199999999999985,0.21320294030113157
20.399999999999984,0.2340018251284087
20.599999999999984,0.256918033367333
20.799999999999983,0.2822864854682274
20.999999999999982,0.3104040564808288
21.19999999999998,0.34161958610649423
21.39999999999998,0.3763140768252719
21.59999999999998,0.4149886450225619
21.79999999999998,0.45826886717521126
21.99999999999998,0.5068883446933126
22.199999999999978,0.5613275442604855
22.399999999999977,0.6232363805431271
22.599999999999977,0.6928453679503859
22.799999999999976,0.7720377900072457
22.999999999999975,0.8625603779768525
23.199999999999974,0.9664196791411565
23.399999999999974,1.0861984606568729
23.599999999999973,1.225019698454422
23.799999999999972,1.3866752370656588
23.99999999999997,1.5770541785199552
24.19999999999997,1.7996270700895407
24.39999999999997,2.0600629628158798
24.59999999999997,2.3690945076106247
24.79999999999997,2.736848572032827
24.999999999999968,3.174694461858295
25.199999999999967,3.697125103057061
25.399999999999967,4.321584854862904
25.599999999999966,5.06905440771854
25.799999999999965,5.96475758059435
25.999999999999964,7.039008768109837
26.199999999999964,8.328235839904785
26.399999999999963,9.876215608829854
26.599999999999962,11.727476116444672
26.79999999999996,13.958280208667503
26.99999999999996,16.638976811383024
