mags_ab,pos_errs_mas
16.0,inf
16.2,inf
16.4,0.25879111229975976
16.599999999999998,0.28349052952452
16.799999999999997,0.30356150820647365
16.999999999999996,0.20807212774568926
17.199999999999996,0.22477254340769606
17.399999999999995,0.2410388614535875
17.599999999999994,0.18611917214059565
17.799999999999994,0.2003756360064563
17.999999999999993,0.21559575054591895
18.199999999999992,0.2332180694387149
18.39999999999999,0.18431481987088175
18.59999999999999,0.20074496415596502
18.79999999999999,0.17357339696339152
18.99999999999999,0.18934413413664883
19.19999999999999,0.1769412936976508
19.399999999999988,0.19324489933697378
19.599999999999987,0.18650399791925534
19.799999999999986,0.18638719253084107
19.999999999999986,0.19126520470533184
20.199999999999985,0.20109432371469485
20.399999999999984,0.2111910231644588
20.599999999999984,0.2322117689879869
20.799999999999983,0.2556325164739424
20.999999999999982,0.2819637336827661
21.19999999999998,0.31124164624399264
21.39999999999998,0.34410949678124964
21.59999999999998,0.3811505747185869
21.79999999999998,0.42304713955578055
21.99999999999998,0.47058447289019834
22.199999999999978,0.5247470215723448
22.399999999999977,0.5867890844286838
22.599999999999977,0.6582005557730488
22.799999999999976,0.741254813465474
22.999999999999975,0.8377384915089788
23.199999999999974,0.9497295807435565
23.399999999999974,1.0810554757511495
23.599999999999973,1.235692277689976
23.799999999999972,1.418458769631368
23.99999999999997,1.6351833126372006
24.19999999999997,1.892903632974316
24.39999999999997,2.20010428429187
24.59999999999997,2.567002662802751
24.79999999999997,3.006852335052105
24.999999999999968,3.532297646889878
25.199999999999967,4.16222182317337
25.399999999999967,4.917966082014425
25.599999999999966,5.82517633533287
25.799999999999965,6.914669332161298
25.999999999999964,8.223479088920664
26.199999999999964,9.79611270008802
26.399999999999963,11.686063423602784
26.599999999999962,13.957627078021089
26.79999999999996,16.688090485155755
26.99999999999996,19.970356583304298
