mags_ab,pos_errs_mas
16.0,0.21086446518102187
16.2,0.22781637723335335
16.4,0.24562988323695145
16.599999999999998,0.26491176096951136
16.799999999999997,0.2854373355984016
16.999999999999996,0.18436026054328689
17.199999999999996,0.19917409231692434
17.399999999999995,0.21601968031379193
17.599999999999994,0.23386885450110673
17.799999999999994,0.2529540255880947
17.999999999999993,0.18555432475823472
18.199999999999992,0.2021369902035553
18.39999999999999,0.22021680895289822
18.59999999999999,0.23975789175812398
18.79999999999999,0.1876653686056141
18.99999999999999,0.2047200575924661
19.19999999999999,0.18351547446711367
19.399999999999988,0.20041566942204833
19.599999999999987,0.19351295371890612
19.799999999999986,0.19392144541277717
19.999999999999986,0.19870757394728655
20.199999999999985,0.20070263691616091
20.399999999999984,0.2200889796411968
20.599999999999984,0.2414690550666198
20.799999999999983,0.2651359714386611
20.999999999999982,0.29134058309564276
21.19999999999998,0.32044503369146826
21.39999999999998,0.35274107015552475
21.59999999999998,0.3887794602280322
21.79999999999998,0.4289585219024676
21.99999999999998,0.4739848870117226
22.199999999999978,0.524362010249885
22.399999999999977,0.5810965528707551
22.599999999999977,0.6457661564224187
22.799999999999976,0.7185941784089221
22.999999999999975,0.8016276698500451
23.199999999999974,0.8967547226940751
23.399999999999974,1.0061965843386873
23.599999999999973,1.132838556583941
23.799999999999972,1.2798428577815608
23.99999999999997,1.4516376175453776
24.19999999999997,1.6541296515200383
24.39999999999997,1.890697939465184
24.59999999999997,2.1701793137726337
24.79999999999997,2.501694764713489
24.999999999999968,2.8958936201959853
25.199999999999967,3.3657511148448065
25.399999999999967,3.926891653146944
25.599999999999966,4.5981146066519525
25.799999999999965,5.402025407960745
25.999999999999964,6.365794354500969
26.199999999999964,7.522074340594255
26.399999999999963,8.910104316147882
26.599999999999962,10.577034496959381
26.79999999999996,12.5767096701831
26.99999999999996,14.980731519334434
