mags_ab,pos_errs_mas
16.0,inf
16.2,inf
16.4,0.2616423075733249
16.599999999999998,0.28636617840633855
16.799999999999997,0.30623207072340725
16.999999999999996,0.20856810209849477
17.199999999999996,0.22644067226181344
17.399999999999995,0.24428987789300918
17.599999999999994,0.26449770793057603
17.799999999999994,0.2811855998726559
17.999999999999993,0.1859546430061497
18.199999999999992,0.198318213176872
18.39999999999999,0.21476196087219523
18.59999999999999,0.23149945936973604
18.79999999999999,0.17119566370967113
18.99999999999999,0.18456429093203439
19.19999999999999,0.20030829805649095
19.399999999999988,0.21842652809762386
19.599999999999987,0.17352561555173013
19.799999999999986,0.18959250314841217
19.999999999999986,0.2072562829114402
20.199999999999985,0.18937275176024151
20.399999999999984,0.18609460998689842
20.599999999999984,0.2043146749301651
20.799999999999983,0.20871175901032749
20.999999999999982,0.20923961674824865
21.19999999999998,0.22940767167058387
21.39999999999998,0.25440759934509144
21.59999999999998,0.2828387880662631
21.79999999999998,0.3153543513972998
21.99999999999998,0.35277057430178516
22.199999999999978,0.3957332285906542
22.399999999999977,0.44549471298983445
22.599999999999977,0.503405070226891
22.799999999999976,0.57110891047834
22.999999999999975,0.65060613953703
23.199999999999974,0.744324133805496
23.399999999999974,0.8552033314403977
23.599999999999973,0.9867986183649226
23.799999999999972,1.1438875379218072
23.99999999999997,1.3306846387342897
24.19999999999997,1.553885002360689
24.39999999999997,1.820978261253549
24.59999999999997,2.140969483890943
24.79999999999997,2.5246824095273226
24.999999999999968,2.9851238528999424
25.199999999999967,3.5379238580261663
25.399999999999967,4.201864606047327
25.599999999999966,4.999518247870719
25.799999999999965,5.958011697951006
25.999999999999964,7.1099497903724265
26.199999999999964,8.494522607462535
26.399999999999963,10.158839490051733
26.599999999999962,12.159529527238211
26.79999999999996,14.56467025652981
26.99999999999996,17.45610048730979
