mags_ab,pos_errs_mas
16.0,0.17957911537162594
16.2,0.1903553351268335
16.4,0.20035566022753673
16.599999999999998,0.2149091596779387
16.799999999999997,0.22976340363469344
16.999999999999996,0.14843954700996487
17.199999999999996,0.1560308785902534
17.399999999999995,0.16504979686281762
17.599999999999994,0.1377946375237338
17.799999999999994,0.14794186738184914
17.999999999999993,0.14086611617696126
18.199999999999992,0.15383473578079807
18.39999999999999,0.1680723125072491
18.59999999999999,0.16103200680754515
18.79999999999999,0.16532976809742825
18.99999999999999,0.1696638298724282
19.19999999999999,0.18257673189623055
19.399999999999988,0.20013402974408087
19.599999999999987,0.21950546496992726
19.799999999999986,0.24089139695995768
19.999999999999986,0.26451984583398935
20.199999999999985,0.29081862082538307
20.399999999999984,0.3199216878326166
20.599999999999984,0.3520382068787696
20.799999999999983,0.3877228896827607
20.999999999999982,0.4274577280578846
21.19999999999998,0.471812887456808
21.39999999999998,0.5214670400822904
21.59999999999998,0.5775879034415029
21.79999999999998,0.6409507838972268
21.99999999999998,0.7122763530663756
22.199999999999978,0.7930815805733837
22.399999999999977,0.885301446529679
22.599999999999977,0.9910368060516781
22.799999999999976,1.1128632480068104
22.999999999999975,1.2537697633000615
23.199999999999974,1.418684324972039
23.399999999999974,1.6103019690985652
23.599999999999973,1.8352487489662777
23.799999999999972,2.1003928548334314
23.99999999999997,2.414053017860584
24.19999999999997,2.7862860576252078
24.39999999999997,3.2284297466601757
24.59999999999997,3.7553530387689706
24.79999999999997,4.384967898303724
24.999999999999968,5.138319160193953
25.199999999999967,6.040800237719226
25.399999999999967,7.1229322110274955
25.599999999999966,8.421392671690977
25.799999999999965,9.978922411258733
25.999999999999964,11.849791260591465
26.199999999999964,14.09737215175586
26.399999999999963,16.798102187225886
26.599999999999962,20.04384806101454
26.79999999999996,23.94503380491821
26.99999999999996,28.634388693733097
