mags_ab,pos_errs_mas
16.0,0.2516466224664999
16.2,0.2668781591125915
16.4,0.28306735497664776
16.599999999999998,0.28983536574112917
16.799999999999997,0.2950976744276242
16.999999999999996,0.20868037393400482
17.199999999999996,0.2246594548421443
17.399999999999995,0.24223727096113637
17.599999999999994,0.21375994878640892
17.799999999999994,0.2099728255530673
17.999999999999993,0.23017956630202588
18.199999999999992,0.2524687552842679
18.39999999999999,0.27712403121872603
18.59999999999999,0.3042976770128147
18.79999999999999,0.33444233827785996
18.99999999999999,0.36777993912701323
19.19999999999999,0.4045919858670155
19.399999999999988,0.4453339164056271
19.599999999999987,0.4909623390150742
19.799999999999986,0.5419416009525254
19.999999999999986,0.5985679473895952
20.199999999999985,0.6623153314404525
20.399999999999984,0.7325793409966307
20.599999999999984,0.8132801162609602
20.799999999999983,0.9034164758538241
20.999999999999982,1.0050015565537038
21.19999999999998,1.117430746085337
21.39999999999998,1.2459719805400722
21.59999999999998,1.3983647078645518
21.79999999999998,1.5651310538805128
21.99999999999998,1.7660250332610195
22.199999999999978,1.996804387158192
22.399999999999977,2.257548646486045
22.599999999999977,2.559748717811972
22.799999999999976,2.929744839191835
22.999999999999975,3.3681532698798686
23.199999999999974,3.8794231611230066
23.399999999999974,4.496216683539296
23.599999999999973,5.15303913748229
23.799999999999972,6.009976855636068
23.99999999999997,7.0130256946144245
24.19999999999997,8.16820884927008
24.39999999999997,9.533322955308256
24.59999999999997,11.248271392044801
24.79999999999997,13.306333197748616
24.999999999999968,15.665855160082359
25.199999999999967,18.606413859860282
25.399999999999967,22.13915646000991
25.599999999999966,26.384228197152037
25.799999999999965,31.48603434281559
25.999999999999964,37.618139730180985
26.199999999999964,44.989182669689875
26.399999999999963,53.84997528169935
26.599999999999962,64.50201636125391
26.79999999999996,76.87136206700731
26.99999999999996,92.1652923595758
