mags_ab,pos_errs_mas
16.0,0.2851369476304958
16.2,0.30038968584142045
16.4,0.31637384645688854
16.599999999999998,0.31869107102092514
16.799999999999997,0.31760891767751687
16.999999999999996,0.31104031720767017
17.199999999999996,0.2707647039643638
17.399999999999995,0.2458286364239713
17.599999999999994,0.22744277514190905
17.799999999999994,0.24925913472820443
17.999999999999993,0.27334581004646175
18.199999999999992,0.299893957554175
18.39999999999999,0.32932775944264414
18.59999999999999,0.361819650979069
18.79999999999999,0.39767201116728446
18.99999999999999,0.43764512880587964
19.19999999999999,0.48184389925520965
19.399999999999988,0.5309903048868797
19.599999999999987,0.5857214130496476
19.799999999999986,0.6472794105674883
19.999999999999986,0.715769831848416
20.199999999999985,0.7922092800238572
20.399999999999984,0.8794840737203399
20.599999999999984,0.973661156495073
20.799999999999983,1.0840742840248991
20.999999999999982,1.208049734598355
21.19999999999998,1.3479560739421996
21.39999999999998,1.511391694812416
21.59999999999998,1.6967338001037948
21.79999999999998,1.907244084915281
21.99999999999998,2.1605903460965896
22.199999999999978,2.449124860573856
22.399999999999977,2.795795900499428
22.599999999999977,3.1918664490719775
22.799999999999976,3.6666138434173767
22.999999999999975,4.236138519526451
23.199999999999974,4.88070358225448
23.399999999999974,5.630837766239497
23.599999999999973,6.554046955142594
23.799999999999972,7.6759947660527335
23.99999999999997,8.99152186163827
24.19999999999997,10.595497411500398
24.39999999999997,12.519851950929585
24.59999999999997,14.82988532637468
24.79999999999997,17.515260313661454
24.999999999999968,20.826528029608777
25.199999999999967,24.805172191346486
25.399999999999967,29.586521547206804
25.599999999999966,35.33323636839213
25.799999999999965,42.24083826849428
25.999999999999964,50.34283137632901
26.199999999999964,60.27709072108885
26.399999999999963,72.21976388857749
26.599999999999962,86.57721897342242
26.79999999999996,103.83802108879856
26.99999999999996,124.58950451150463
