mags_ab,pos_errs_mas
16.0,0.2136184499459554
16.2,0.2323333184795931
16.4,0.2510869691330031
16.599999999999998,0.1664809954358103
16.799999999999997,0.17820875714635342
16.999999999999996,0.19051646434647646
17.199999999999996,0.15803484430675793
17.399999999999995,0.16973141383466084
17.599999999999994,0.15329760284167102
17.799999999999994,0.16440867494856998
17.999999999999993,0.17903281031535653
18.199999999999992,0.19528950218277275
18.39999999999999,0.16583080698127467
18.59999999999999,0.18102052626887405
18.79999999999999,0.16844149508688083
18.99999999999999,0.167106530376247
19.19999999999999,0.18270414975521845
19.399999999999988,0.1774982502087572
19.599999999999987,0.19383281307746827
19.799999999999986,0.21247201323769313
19.999999999999986,0.23303795337580832
20.199999999999985,0.25583882070462916
20.399999999999984,0.2810866117349446
20.599999999999984,0.30885209333888836
20.799999999999983,0.33957915669512073
20.999999999999982,0.3736510821314875
21.19999999999998,0.4115039455499204
21.39999999999998,0.45364717875039384
21.59999999999998,0.5006832046294519
21.79999999999998,0.5536887854834267
21.99999999999998,0.6134049204983126
22.199999999999978,0.6799396069363429
22.399999999999977,0.7551497839337402
22.599999999999977,0.8405386679644536
22.799999999999976,0.9375876613142651
22.999999999999975,1.0489539386762194
23.199999999999974,1.1771400262706044
23.399999999999974,1.325449228023464
23.599999999999973,1.4988841380998281
23.799999999999972,1.700095152200441
23.99999999999997,1.9361182442024656
24.19999999999997,2.2123713083716585
24.39999999999997,2.539113448150267
24.59999999999997,2.926979259388913
24.79999999999997,3.388175349827647
24.999999999999968,3.9378803388603805
25.199999999999967,4.594373742487994
25.399999999999967,5.379648303271138
25.599999999999966,6.320149557972883
25.799999999999965,7.44487137341106
25.999999999999964,8.795540443471904
26.199999999999964,10.416859749116659
26.399999999999963,12.363903899796199
26.599999999999962,14.702851847037104
26.79999999999996,17.51324204426028
26.99999999999996,20.890665341107162
