mags_ab,pos_errs_mas
16.0,0.2608663383087441
16.2,0.1547198235835009
16.4,0.16785607055441046
16.599999999999998,0.17737825856899544
16.799999999999997,0.14532904746127293
16.999999999999996,0.15844431921758811
17.199999999999996,0.16413502196089852
17.399999999999995,0.17527329490444066
17.599999999999994,0.145181518854052
17.799999999999994,0.15603773719983577
17.999999999999993,0.14433978505110415
18.199999999999992,0.15763284772477443
18.39999999999999,0.1722040396196655
18.59999999999999,0.16213245754167335
18.79999999999999,0.15907730373489498
18.99999999999999,0.16876184601667862
19.19999999999999,0.17826240502146876
19.399999999999988,0.1954629512793102
19.599999999999987,0.21446591964187495
19.799999999999986,0.2354752976260618
19.999999999999986,0.2587306945525846
20.199999999999985,0.2845054909444194
20.399999999999984,0.31345708864622435
20.599999999999984,0.34541162840363887
20.799999999999983,0.38090213111363735
20.999999999999982,0.42055985779633054
21.19999999999998,0.46500560347687403
21.39999999999998,0.514983750179699
21.59999999999998,0.5713918133874323
21.79999999999998,0.6357904273961766
21.99999999999998,0.7097665085901406
22.199999999999978,0.7929971303917168
22.399999999999977,0.8885973515340075
22.599999999999977,0.998947046265305
22.799999999999976,1.12694949888253
22.999999999999975,1.276153068152817
23.199999999999974,1.450842598421849
23.399999999999974,1.6578407017758052
23.599999999999973,1.9002882671788126
23.799999999999972,2.187735705320881
23.99999999999997,2.530031961120226
24.19999999999997,2.936393513333993
24.39999999999997,3.4213926719167884
24.59999999999997,4.001233127677487
24.79999999999997,4.695410956928257
24.999999999999968,5.5273617760362255
25.199999999999967,6.5252513474898715
25.399999999999967,7.730966793234269
25.599999999999966,9.16928176084352
25.799999999999965,10.896931436219123
25.999999999999964,12.972657060927194
26.199999999999964,15.467056728879543
26.399999999999963,18.46498734230901
26.599999999999962,22.068444026310768
26.79999999999996,26.40705792803869
26.99999999999996,31.6141805445412
