mags_ab,pos_errs_mas
16.0,0.21356415505488693
16.2,0.2283638716616483
16.4,0.2426103175610096
16.599999999999998,0.16424994229586803
16.799999999999997,0.1779110266294464
16.999999999999996,0.19309713036071655
17.199999999999996,0.2085868384704693
17.399999999999995,0.1659115707210404
17.599999999999994,0.1807851391435212
17.799999999999994,0.19701996886640855
17.999999999999993,0.18379471986579446
18.199999999999992,0.17977154240645424
18.39999999999999,0.19691169839583753
18.59999999999999,0.2157994310027874
18.79999999999999,0.23661877923472266
18.99999999999999,0.25969604986605227
19.19999999999999,0.28507221348314954
19.399999999999988,0.3130118974233755
19.599999999999987,0.34388467056519184
19.799999999999986,0.3780390054120416
19.999999999999986,0.41587840331079917
20.199999999999985,0.4578708601234879
20.399999999999984,0.5045565870156675
20.599999999999984,0.5565829648114259
20.799999999999983,0.6149257446432902
20.999999999999982,0.6797532076334941
21.19999999999998,0.751428859290332
21.39999999999998,0.8330543040089947
21.59999999999998,0.9253021819961402
21.79999999999998,1.0301017179673986
21.99999999999998,1.1496428854803176
22.199999999999978,1.286797175445786
22.399999999999977,1.4440957691650718
22.599999999999977,1.619822388926377
22.799999999999976,1.8260457570448216
22.999999999999975,2.0671478899980515
23.199999999999974,2.3441308866263464
23.399999999999974,2.67618175299942
23.599999999999973,3.067783066431133
23.799999999999972,3.5320568188203754
23.99999999999997,4.083668935921494
24.19999999999997,4.727442587289586
24.39999999999997,5.506858047815281
24.59999999999997,6.385446102224994
24.79999999999997,7.4866576318482805
24.999999999999968,8.806079516659606
25.199999999999967,10.38835301054859
25.399999999999967,12.28712229463595
25.599999999999966,14.566850425741839
25.799999999999965,17.305001949277504
25.999999999999964,20.594667435871635
26.199999999999964,24.48104738186958
26.399999999999963,29.215571457174125
26.599999999999962,34.90623256654084
26.79999999999996,41.74665427932768
26.99999999999996,49.969580584904136
