mags_ab,pos_errs_mas
16.0,0.2516434980937649
16.2,0.26687409402083134
16.4,0.2830620586870432
16.599999999999998,0.28982849084026996
16.799999999999997,0.29508872319652324
16.999999999999996,0.20866734416970445
17.199999999999996,0.22464278060991535
17.399999999999995,0.24221520973399874
17.599999999999994,0.2137278557719784
17.799999999999994,0.2099278037701859
17.999999999999993,0.2301203046627011
18.199999999999992,0.2523907324597729
18.39999999999999,0.27702144318661925
18.59999999999999,0.3041621068864968
18.79999999999999,0.33426479155421596
18.99999999999999,0.3675465099699875
19.19999999999999,0.4042848259499522
19.399999999999988,0.4449298088936567
19.599999999999987,0.49043259734826394
19.799999999999986,0.5412481488968092
19.999999999999986,0.597658771382645
20.199999999999985,0.6610885902052159
20.399999999999984,0.731019697604049
20.599999999999984,0.8111715221819102
20.799999999999983,0.9007577868951058
20.999999999999982,0.9994248898527736
21.19999999999998,1.112874230921399
21.39999999999998,1.2400801373322623
21.59999999999998,1.3905648084558364
21.79999999999998,1.554813628339581
21.99999999999998,1.7533656488680252
22.199999999999978,1.9801698565698027
22.399999999999977,2.2367072029160435
22.599999999999977,2.53246351033529
22.799999999999976,2.8959384258750434
22.999999999999975,3.3181522337049776
23.199999999999974,3.8256158116304504
23.399999999999974,4.405670827319589
23.599999999999973,5.066803625216589
23.799999999999972,5.862601036214856
23.99999999999997,6.796060989996309
24.19999999999997,7.930064914929504
24.39999999999997,9.32033490506258
24.59999999999997,10.987234584480579
24.79999999999997,12.895390021310636
24.999999999999968,15.2728716858845
25.199999999999967,18.128001407289332
25.399999999999967,21.55782583165953
25.599999999999966,25.678978481378753
25.799999999999965,30.631640659845203
25.999999999999964,36.58429691038434
26.199999999999964,43.739475568477864
26.399999999999963,52.03674415296261
26.599999999999962,62.301742227999
26.79999999999996,74.64198652709166
26.99999999999996,89.47737465701024
