mags_ab,pos_errs_mas
16.0,inf
16.2,inf
16.4,inf
16.599999999999998,inf
16.799999999999997,0.23360840348656023
16.999999999999996,0.24582367035583919
17.199999999999996,0.26075806175480437
17.399999999999995,0.2675175411339004
17.599999999999994,0.2834044176255699
17.799999999999994,0.2027263955405058
17.999999999999993,0.2175797203838061
18.199999999999992,0.23534837029479203
18.39999999999999,0.25157195641060087
18.59999999999999,0.2689196917127422
18.79999999999999,0.21717674800577197
18.99999999999999,0.2149852483598949
19.19999999999999,0.23582485218497182
19.399999999999988,0.25886870420148694
19.599999999999987,0.28435606381820205
19.799999999999986,0.3125439143479617
19.999999999999986,0.34375382545283667
20.199999999999985,0.3784469982693365
20.399999999999984,0.4171206253032058
20.599999999999984,0.4602929831441667
20.799999999999983,0.5086210687502397
20.999999999999982,0.5622260426707154
21.19999999999998,0.6226710317466038
21.39999999999998,0.691219068523372
21.59999999999998,0.7687648081233251
21.79999999999998,0.8571593456300016
21.99999999999998,0.9573883422081152
22.199999999999978,1.0708421996352844
22.399999999999977,1.202514739353975
22.599999999999977,1.3566033411268084
22.799999999999976,1.536201981914156
22.999999999999975,1.7436170898029
23.199999999999974,1.979420285986636
23.399999999999974,2.253692867853288
23.599999999999973,2.589786209516999
23.799999999999972,2.9885950948011257
23.99999999999997,3.463115535463199
24.19999999999997,4.02901186194939
24.39999999999997,4.705141873672957
24.59999999999997,5.51419099252251
24.79999999999997,6.48343476256135
24.999999999999968,7.645655016386178
25.199999999999967,8.995322399422319
25.399999999999967,10.658094319567075
25.599999999999966,12.65505467933718
25.799999999999965,15.05408721714281
25.999999999999964,17.93677722786077
26.199999999999964,21.40118053010787
26.399999999999963,25.565159745092437
26.599999999999962,30.57038754658285
26.79999999999996,36.587170894206224
26.99999999999996,43.820236085461424
