mags_ab,pos_errs_mas
16.0,inf
16.2,0.30808874419531923
16.4,0.32775433135344423
16.599999999999998,0.34785171302010187
16.799999999999997,0.36998792604390834
16.999999999999996,0.2663645203861246
17.199999999999996,0.28679256619272214
17.399999999999995,0.3092633310529844
17.599999999999994,0.3313336611494358
17.799999999999994,0.3551426405466891
17.999999999999993,0.377793382668984
18.199999999999992,0.26871960979361403
18.39999999999999,0.29098493364442685
18.59999999999999,0.25279994733780164
18.79999999999999,0.2724973414567974
18.99999999999999,0.29865162354945723
19.19999999999999,0.32751806056930843
19.399999999999988,0.3593437340987315
19.599999999999987,0.3945504616897534
19.799999999999986,0.4334344619548303
19.999999999999986,0.47654917101460803
20.199999999999985,0.5240882725692652
20.399999999999984,0.577107626304156
20.599999999999984,0.6355681563263555
20.799999999999983,0.7008932007629181
20.999999999999982,0.7741451241929075
21.19999999999998,0.8550726780734585
21.39999999999998,0.9467059208711259
21.59999999999998,1.0495435878661392
21.79999999999998,1.1646264798242165
21.99999999999998,1.2951198651411955
22.199999999999978,1.442410310473875
22.399999999999977,1.6135872570546514
22.599999999999977,1.8011094154822185
22.799999999999976,2.0221593912071443
22.999999999999975,2.2806885504594074
23.199999999999974,2.5772536080164414
23.399999999999974,2.9273272506594936
23.599999999999973,3.3320538834134354
23.799999999999972,3.8163068773012094
23.99999999999997,4.388629993378514
24.19999999999997,5.045716851135131
24.39999999999997,5.849172871294775
24.59999999999997,6.73028192851898
24.79999999999997,7.852975751310661
24.999999999999968,9.195944763923418
25.199999999999967,10.775845267204115
25.399999999999967,12.667913762530585
25.599999999999966,14.965834950701824
25.799999999999965,17.670577198860176
25.999999999999964,20.868676477494617
26.199999999999964,24.725802009964916
26.399999999999963,29.43811611386994
26.599999999999962,35.100946686254666
26.79999999999996,41.76516980650695
26.99999999999996,49.9136111259351
