mags_ab,pos_errs_mas
16.0,inf
16.2,inf
16.4,0.2611902138613221
16.599999999999998,0.2858589922037533
16.799999999999997,0.30249052827779405
16.999999999999996,0.20845156613745006
17.199999999999996,0.22573466546348114
17.399999999999995,0.2384992406270633
17.599999999999994,0.2573912798386628
17.799999999999994,0.27532920176261944
17.999999999999993,0.1860377720032405
18.199999999999992,0.20234587815927324
18.39999999999999,0.21899004431312463
18.59999999999999,0.237236211395152
18.79999999999999,0.18643515071185543
18.99999999999999,0.20324852349431038
19.19999999999999,0.22168583841806339
19.399999999999988,0.20538896077286212
19.599999999999987,0.20074957972819324
19.799999999999986,0.21936485175964618
19.999999999999986,0.24119567759846164
20.199999999999985,0.2655387083501662
20.399999999999984,0.29277942876057733
20.599999999999984,0.3231174912699447
20.799999999999983,0.3571507229449869
20.999999999999982,0.39544572989696564
21.19999999999998,0.4386863644010838
21.39999999999998,0.4877072106287979
21.59999999999998,0.5435372618102285
21.79999999999998,0.6074164050456516
21.99999999999998,0.6808785870396191
22.199999999999978,0.7661040670375263
22.399999999999977,0.8643673016452298
22.599999999999977,0.9789411433235725
22.799999999999976,1.1131420387310038
22.999999999999975,1.2709989425178592
23.199999999999974,1.4573969936070732
23.399999999999974,1.6782480633476604
23.599999999999973,1.9406930778616163
23.799999999999972,2.2533448375840313
23.99999999999997,2.626640269603518
24.19999999999997,3.0725395702795466
24.39999999999997,3.60641542321215
24.59999999999997,4.2462963879056606
24.79999999999997,5.01384990411096
24.999999999999968,5.935112476580359
25.199999999999967,7.041371522692666
25.399999999999967,8.370224848379097
25.599999999999966,9.966858132946365
25.799999999999965,11.885576516532419
25.999999999999964,14.19165313669145
26.199999999999964,16.96354636007649
26.399999999999963,20.295570769575722
26.599999999999962,24.301101643991263
26.79999999999996,29.116436539699627
26.99999999999996,34.90542590021035
