mags_ab,pos_errs_mas
16.0,0.2360484281585815
16.2,0.1750294067068221
16.4,0.18875025656952524
16.599999999999998,0.2025290248915397
16.799999999999997,0.21754878180423218
16.999999999999996,0.23375617164755927
17.199999999999996,0.19446020782405465
17.399999999999995,0.18844114004296977
17.599999999999994,0.20654554331287872
17.799999999999994,0.22652218467718416
17.999999999999993,0.2485814917975577
18.199999999999992,0.2728421968159254
18.39999999999999,0.29961044316928614
18.59999999999999,0.3293069310763659
18.79999999999999,0.3622193631420606
18.99999999999999,0.3987514291095456
19.19999999999999,0.4393789195545355
19.399999999999988,0.48463870104337586
19.599999999999987,0.5346556378714931
19.799999999999986,0.5901971484540263
19.999999999999986,0.6529747876419735
20.199999999999985,0.7204137438814929
20.399999999999984,0.799298174061964
20.599999999999984,0.8885029846939304
20.799999999999983,0.9901398084064185
20.999999999999982,1.1061887143890294
21.19999999999998,1.2393585311132864
21.39999999999998,1.3897236709953396
21.59999999999998,1.540933279922917
21.79999999999998,1.7277010145696403
21.99999999999998,1.954334021093987
22.199999999999978,2.2198062067501434
22.399999999999977,2.5316679709094503
22.599999999999977,2.8994877265704107
22.799999999999976,3.3348512549496756
22.999999999999975,3.8219236758381037
23.199999999999974,4.391046700349525
23.399999999999974,5.051112192921042
23.599999999999973,5.888379604895976
23.799999999999972,6.887811705125776
23.99999999999997,8.086385174840194
24.19999999999997,9.518716466222156
24.39999999999997,11.238005602014914
24.59999999999997,13.185683112050596
24.79999999999997,15.489539114640179
24.999999999999968,18.39575939894927
25.199999999999967,21.893924231661245
25.399999999999967,26.097552432081006
25.599999999999966,31.14964106458417
25.799999999999965,37.22207263350316
25.999999999999964,43.97399760723245
26.199999999999964,52.410906307125636
26.399999999999963,62.770529092589555
26.599999999999962,75.22467779397496
26.79999999999996,90.19714712102669
26.99999999999996,108.1974039048686
