mags_ab,pos_errs_mas
16.0,0.16403940309878368
16.2,0.1494445241577582
16.4,0.15775910052346687
16.599999999999998,0.1473179148897749
16.799999999999997,0.1470891130983441
16.999999999999996,0.1608038040669361
17.199999999999996,0.1658879603399702
17.399999999999995,0.17023373524375154
17.599999999999994,0.18002983637104178
17.799999999999994,0.19763518390973275
17.999999999999993,0.217186765986463
18.199999999999992,0.23884265944105829
18.39999999999999,0.2629270174667861
18.59999999999999,0.28976816705341785
18.79999999999999,0.3197538011970741
18.99999999999999,0.35334836891913607
19.19999999999999,0.3914832001355236
19.399999999999988,0.4340726143921108
19.599999999999987,0.4823314327870195
19.799999999999986,0.5372871932667148
19.999999999999986,0.5998918260985407
20.199999999999985,0.6720988092153451
20.399999999999984,0.7549424864827926
20.599999999999984,0.8509386459947088
20.799999999999983,0.9627134494671482
20.999999999999982,1.094373563194076
21.19999999999998,1.247828405188141
21.39999999999998,1.428795118646243
21.59999999999998,1.6429686245919295
21.79999999999998,1.8972316594320218
21.99999999999998,2.200646694148715
22.199999999999978,2.56156995933243
22.399999999999977,2.9928991335333484
22.599999999999977,3.509117119031298
22.799999999999976,4.127635861535134
22.999999999999975,4.86938291804947
23.199999999999974,5.759506381190278
23.399999999999974,6.828226736504087
23.599999999999973,8.111858100741538
23.799999999999972,9.654042205515315
23.99999999999997,11.507227633157585
24.19999999999997,13.734456116344946
24.39999999999997,16.411501348416337
24.59999999999997,19.629447096906507
24.79999999999997,23.49778784870068
24.999999999999968,28.148150322132967
25.199999999999967,33.73877469547803
25.399999999999967,40.459896927095876
25.599999999999966,48.54022026236255
25.799999999999965,58.254709231741714
25.999999999999964,69.93392439778609
26.199999999999964,83.97528286436224
26.399999999999963,100.85659954562591
26.599999999999962,121.15230843334359
26.79999999999996,145.5530348081672
26.99999999999996,174.88907756986055
