mags_ab,pos_errs_mas
16.0,0.15988686849686273
16.2,0.16709795591049614
16.4,0.18128080238228814
16.599999999999998,0.1604555538797142
16.799999999999997,0.1591610711058571
16.999999999999996,0.17411198057822505
17.199999999999996,0.1752535383233033
17.399999999999995,0.1879212603734797
17.599999999999994,0.20632225489735037
17.799999999999994,0.22671499163188763
17.999999999999993,0.24931066903962837
18.199999999999992,0.27442744518959283
18.39999999999999,0.3024022644766815
18.59999999999999,0.33363637136163216
18.79999999999999,0.36886073357192356
18.99999999999999,0.4082254058222538
19.19999999999999,0.45247287763796723
19.399999999999988,0.5026133763275793
19.599999999999987,0.5594274662376127
19.799999999999986,0.6242452503804546
19.999999999999986,0.6988807752279895
20.199999999999985,0.7844449603169018
20.399999999999984,0.8834794950038386
20.599999999999984,0.9991732638575175
20.799999999999983,1.1335309090934023
20.999999999999982,1.2911811493746816
21.19999999999998,1.4769198081790418
21.39999999999998,1.6965573001751166
21.59999999999998,1.9575705068949762
21.79999999999998,2.2673387527755655
21.99999999999998,2.636674478502211
22.199999999999978,3.0778743326912115
22.399999999999977,3.605732249157373
22.599999999999977,4.238035549434562
22.799999999999976,4.9961637103770675
22.999999999999975,5.905809802900351
23.199999999999974,6.997847305992249
23.399999999999974,8.309377478536776
23.599999999999973,9.884984263822723
23.799999999999972,11.778250915139731
23.99999999999997,14.05357682933116
24.19999999999997,16.78837215439787
24.39999999999997,20.075684702563425
24.59999999999997,24.027365944287002
24.79999999999997,28.77787975905228
24.999999999999968,34.48887246781905
25.199999999999967,41.35467598387382
25.399999999999967,49.60891924716941
25.599999999999966,59.53247439351653
25.799999999999965,71.46302949506277
25.999999999999964,85.80655316789226
26.199999999999964,103.05112292237769
26.399999999999963,123.7835558351619
26.599999999999962,148.7093315631741
26.79999999999996,178.67662837750362
26.99999999999996,214.7051620276369
