mags_ab,pos_errs_mas
16.0,0.2381562105077759
16.2,0.25869500154413966
16.4,0.28001909886536697
16.599999999999998,0.3011033925933685
16.799999999999997,0.3249238313991753
16.999999999999996,0.20902947289534285
17.199999999999996,0.2270063395214129
17.399999999999995,0.2459777120040555
17.599999999999994,0.19952624596305282
17.799999999999994,0.217160169265028
17.999999999999993,0.19555443204632578
18.199999999999992,0.21320927338732332
18.39999999999999,0.23254096650086914
18.59999999999999,0.2535768407196209
18.79999999999999,0.20986115051274482
18.99999999999999,0.22899969788299648
19.19999999999999,0.20755493252374416
19.399999999999988,0.22669101867940447
19.599999999999987,0.22016122574463576
19.799999999999986,0.22144930535154367
19.999999999999986,0.2251417230639897
20.199999999999985,0.2467204188553974
20.399999999999984,0.2705816741494134
20.599999999999984,0.2969317688181349
20.799999999999983,0.32602873103830027
20.999999999999982,0.3582772491424659
21.19999999999998,0.3940481093500735
21.39999999999998,0.43367663296164155
21.59999999999998,0.4778160723634061
21.79999999999998,0.5270468567771267
21.99999999999998,0.581941001382719
22.199999999999978,0.6434689585869948
22.399999999999977,0.7134110699991122
22.599999999999977,0.7914989299016092
22.799999999999976,0.8799104436777485
22.999999999999975,0.9804411038088047
23.199999999999974,1.0954196093271964
23.399999999999974,1.2269115095000294
23.599999999999973,1.3789459848295647
23.799999999999972,1.5549049312497627
23.99999999999997,1.761404996060413
24.19999999999997,2.0009930045740276
24.39999999999997,2.2825081111275507
24.59999999999997,2.6145997513993375
24.79999999999997,3.007740600739567
24.999999999999968,3.474585648823896
25.199999999999967,4.030403741818987
25.399999999999967,4.693591916298653
25.599999999999966,5.486293828241211
25.799999999999965,6.435143033762294
25.999999999999964,7.572157464938898
26.199999999999964,8.931497548400484
26.399999999999963,10.564930330432771
26.599999999999962,12.526118665762736
26.79999999999996,14.881706031575495
26.99999999999996,17.71177715310094
