mags_ab,pos_errs_mas
16.0,0.2089424433631927
16.2,0.22631993430398395
16.4,0.24532528790616595
16.599999999999998,0.18532305540829586
16.799999999999997,0.20080263884805538
16.999999999999996,0.21794985081806417
17.199999999999996,0.23649808459163035
17.399999999999995,0.1867510151949135
17.599999999999994,0.20333262042073014
17.799999999999994,0.1741120405266427
17.999999999999993,0.1898122215916074
18.199999999999992,0.17563207857358193
18.39999999999999,0.19169078240499038
18.59999999999999,0.18291540132343867
18.79999999999999,0.19978615057636548
18.99999999999999,0.1975463944673098
19.19999999999999,0.1914463220294657
19.399999999999988,0.1990126094336264
19.599999999999987,0.21816141038622822
19.799999999999986,0.23924686114337762
19.999999999999986,0.2625543588757775
20.199999999999985,0.28832263802142954
20.399999999999984,0.3168796413039435
20.599999999999984,0.34850751696701643
20.799999999999983,0.3836944534295007
20.999999999999982,0.4228498126751049
21.19999999999998,0.46643918756380087
21.39999999999998,0.5150955245777707
21.59999999999998,0.5696370289817175
21.79999999999998,0.6309968983582983
21.99999999999998,0.7009181081256944
22.199999999999978,0.7793359404337468
22.399999999999977,0.8686976721373679
22.599999999999977,0.9704909094470078
22.799999999999976,1.087733850852186
22.999999999999975,1.2227747135954354
23.199999999999974,1.378587843017143
23.399999999999974,1.56059530150724
23.599999999999973,1.7729811803732958
23.799999999999972,2.022549656689899
23.99999999999997,2.3169720581597617
24.19999999999997,2.665535989052833
24.39999999999997,3.079465224837462
24.59999999999997,3.572300305666533
24.79999999999997,4.160356810696815
24.999999999999968,4.863271172528297
25.199999999999967,5.704662599051058
25.399999999999967,6.712924279243938
25.599999999999966,7.922181447668995
25.799999999999965,9.362613484609902
25.999999999999964,11.100584888311394
26.199999999999964,13.188063425564012
26.399999999999963,15.696022666483856
26.599999999999962,18.7097574508915
26.79999999999996,22.331787418769096
26.99999999999996,26.685337282458324
