mags_ab,pos_errs_mas
16.0,0.21086211408430397
16.2,0.22781355229291708
16.4,0.24562622414473742
16.599999999999998,0.2649097153891584
16.799999999999997,0.28543380897144033
16.999999999999996,0.1843863626359364
17.199999999999996,0.19920763413830905
17.399999999999995,0.21601565779256648
17.599999999999994,0.23386656537194
17.799999999999994,0.2530961604138013
17.999999999999993,0.18590336098306165
18.199999999999992,0.2025262143077315
18.39999999999999,0.2206515241135385
18.59999999999999,0.2402446408109518
18.79999999999999,0.18841200631994487
18.99999999999999,0.20555665213463062
19.19999999999999,0.18464628934963193
19.399999999999988,0.20168691304593214
19.599999999999987,0.1951225467163567
19.799999999999986,0.19589468822124761
19.999999999999986,0.19434648814319613
20.199999999999985,0.20724710659440163
20.399999999999984,0.22737539872411247
20.599999999999984,0.24963745114256414
20.799999999999983,0.2742982373245828
20.999999999999982,0.30168294431112025
21.19999999999998,0.33212315456559405
21.39999999999998,0.366014719401233
21.59999999999998,0.403925188531137
21.79999999999998,0.44638912936610775
21.99999999999998,0.49402276596454375
22.199999999999978,0.5476335097258803
22.399999999999977,0.6082751882895794
22.599999999999977,0.6777314700890321
22.799999999999976,0.7563758893785337
22.999999999999975,0.8465654025516035
23.199999999999974,0.9504693595486517
23.399999999999974,1.070795197280252
23.599999999999973,1.2105940459068951
23.799999999999972,1.374174612974167
23.99999999999997,1.565574977121681
24.19999999999997,1.7927249044985694
24.39999999999997,2.0595353303229564
24.59999999999997,2.374942122618742
24.79999999999997,2.7495261684808443
24.999999999999968,3.197809212750388
25.199999999999967,3.7333470247075913
25.399999999999967,4.374099569808491
25.599999999999966,5.14166161920395
25.799999999999965,6.061989049080084
25.999999999999964,7.166272390544778
26.199999999999964,8.491993063650105
26.399999999999963,10.084192771868857
26.599999999999962,11.996997565693524
26.79999999999996,14.295458096154958
26.99999999999996,17.048834280451747
