mags_ab,pos_errs_mas
16.0,0.21304982728101485
16.2,0.16634090381576447
16.4,0.17819747982859935
16.599999999999998,0.1904237926143798
16.799999999999997,0.15372794199109532
16.999999999999996,0.16735822026647593
17.199999999999996,0.18193714199519334
17.399999999999995,0.19794175326149938
17.599999999999994,0.16794461515008377
17.799999999999994,0.18322016002920483
17.999999999999993,0.17672937816265344
18.199999999999992,0.17952623647505567
18.39999999999999,0.18238227259128933
18.59999999999999,0.19975332953831
18.79999999999999,0.21888496825611442
18.99999999999999,0.23996032507691384
19.19999999999999,0.26333573449260617
19.399999999999988,0.2890072412795475
19.599999999999987,0.3172223059240762
19.799999999999986,0.34836370083426627
19.999999999999986,0.38276728650137165
20.199999999999985,0.42082128262350366
20.399999999999984,0.4629754372074038
20.599999999999984,0.5097415218762955
20.799999999999983,0.561898492384225
20.999999999999982,0.620106088785682
21.19999999999998,0.6840311167309043
21.39999999999998,0.7556421451927218
21.59999999999998,0.8360990198452347
21.79999999999998,0.9266875001274186
21.99999999999998,1.0290585338727145
22.199999999999978,1.1451854959872168
22.399999999999977,1.277994976012687
22.599999999999977,1.425593500048505
22.799999999999976,1.5944087278019345
22.999999999999975,1.7895703605638105
23.199999999999974,2.01723416937978
23.399999999999974,2.2824212608360983
23.599999999999973,2.592609661242257
23.799999999999972,2.957019119591363
23.99999999999997,3.3868345799155626
24.19999999999997,3.8907447431560387
24.39999999999997,4.46207308616324
24.59999999999997,5.167753270204236
24.79999999999997,6.0090781700419225
24.999999999999968,7.014052007026216
25.199999999999967,8.216367389202766
25.399999999999967,9.656534317449342
25.599999999999966,11.383244875487598
25.799999999999965,13.455014362592632
25.999999999999964,15.90736441746021
26.199999999999964,18.883968937515082
26.399999999999963,22.459794432466776
26.599999999999962,26.75643682519105
26.79999999999996,31.92004918974609
26.99999999999996,38.12629394692431
