mags_ab,pos_errs_mas
16.0,0.21329740294577207
16.2,0.16919582303306765
16.4,0.17845306005162312
16.599999999999998,0.19136999851099148
16.799999999999997,0.15328721876294624
16.999999999999996,0.16471471910697308
17.199999999999996,0.17879519646525502
17.399999999999995,0.19454925463268927
17.599999999999994,0.1627636355421024
17.799999999999994,0.17752530797843397
17.999999999999993,0.16599989983069746
18.199999999999992,0.18131220531731593
18.39999999999999,0.18042175984296288
18.59999999999999,0.17809301533392363
18.79999999999999,0.19439302684965953
18.99999999999999,0.2129968713093981
19.19999999999999,0.2334944395771367
19.399999999999988,0.2561785478920099
19.599999999999987,0.2812280133876958
19.799999999999986,0.3086955563663347
19.999999999999986,0.3390216108650955
20.199999999999985,0.3725351999302391
20.399999999999984,0.40961982151560783
20.599999999999984,0.4507169249662975
20.799999999999983,0.49633670262116975
20.999999999999982,0.5472724013901613
21.19999999999998,0.6042828000484016
21.39999999999998,0.6673132936804987
21.59999999999998,0.7372895864622625
21.79999999999998,0.8163357733516095
21.99999999999998,0.905424279748898
22.199999999999978,1.0062915330906557
22.399999999999977,1.1209578920052075
22.599999999999977,1.2526263599723486
22.799999999999976,1.402553475723807
22.999999999999975,1.571790971589131
23.199999999999974,1.768457295964893
23.399999999999974,1.9982384868872936
23.599999999999973,2.2614835413830168
23.799999999999972,2.5746112917244313
23.99999999999997,2.9430884072004977
24.19999999999997,3.3788001906954683
24.39999999999997,3.8954588475917595
24.59999999999997,4.509842300200835
24.79999999999997,5.231095667798435
24.999999999999968,6.078541090985177
25.199999999999967,7.103028622205348
25.399999999999967,8.33810126552448
25.599999999999966,9.81843097674061
25.799999999999965,11.594145997046008
25.999999999999964,13.725482632152351
26.199999999999964,16.284824866416027
26.399999999999963,19.359161269668093
26.599999999999962,23.01570540437567
26.79999999999996,27.444169727260565
26.99999999999996,32.76662432755482
