mags_ab,pos_errs_mas
16.0,0.37458064382138817
16.2,0.40192062640934373
16.4,0.27314361098292284
16.599999999999998,0.29634058598181573
16.799999999999997,0.32086440263338206
16.999999999999996,0.3481913716375784
17.199999999999996,0.26454931996607906
17.399999999999995,0.28542380013788926
17.599999999999994,0.3095376775987723
17.799999999999994,0.2422664663136198
17.999999999999993,0.26294422847745275
18.199999999999992,0.22902715964980508
18.39999999999999,0.24956566397989038
18.59999999999999,0.2721736461418614
18.79999999999999,0.24050981977818553
18.99999999999999,0.26236041724828596
19.19999999999999,0.28631659871736403
19.399999999999988,0.24868789841335115
19.599999999999987,0.27162233785256357
19.799999999999986,0.2546743275050149
19.999999999999986,0.2463484903837146
20.199999999999985,0.2644529362877047
20.399999999999984,0.2900350295028393
20.599999999999984,0.31835696038260225
20.799999999999983,0.3498356353593662
20.999999999999982,0.3846847679499115
21.19999999999998,0.42339930634835904
21.39999999999998,0.46657026942095986
21.59999999999998,0.5146952283222501
21.79999999999998,0.5686496972490143
21.99999999999998,0.6291354254315856
22.199999999999978,0.697447426569716
22.399999999999977,0.7744539781856795
22.599999999999977,0.8628602575656337
22.799999999999976,0.962477522641224
22.999999999999975,1.076739986252611
23.199999999999974,1.2083008378723452
23.399999999999974,1.360287763429673
23.599999999999973,1.5368744950735596
23.799999999999972,1.7433273914006409
23.99999999999997,1.985043216895323
24.19999999999997,2.27186104028099
24.39999999999997,2.607651999848221
24.59999999999997,3.006467542144243
24.79999999999997,3.4807426992865196
24.999999999999968,4.044383149174085
25.199999999999967,4.7188449958181025
25.399999999999967,5.5256343567405315
25.599999999999966,6.491923033704713
25.799999999999965,7.650372434952117
25.999999999999964,9.040231190008024
26.199999999999964,10.70866385292321
26.399999999999963,12.712349362298893
26.599999999999962,15.119395298161646
26.79999999999996,18.001861449109605
26.99999999999996,21.473110684309834
