mags_ab,pos_errs_mas
16.0,0.21356042585244298
16.2,0.22835936659016814
16.4,0.24260479503411272
16.599999999999998,0.16424373209729423
16.799999999999997,0.1779029228253819
16.999999999999996,0.1930865088941405
17.199999999999996,0.20857290480024385
17.399999999999995,0.16589247615382263
17.599999999999994,0.18075999961363118
17.799999999999994,0.196986876084848
17.999999999999993,0.18374861780605758
18.199999999999992,0.17970759046928528
18.39999999999999,0.19682757643527737
18.59999999999999,0.21568872138131917
18.79999999999999,0.23647323198732514
18.99999999999999,0.2595043626329388
19.19999999999999,0.2848191540694395
19.399999999999988,0.3126791774384639
19.599999999999987,0.3434473206977268
19.799999999999986,0.3774644150164885
19.999999999999986,0.41512304897778135
20.199999999999985,0.4568807473154458
20.399999999999984,0.503258031490012
20.599999999999984,0.5548744680459263
20.799999999999983,0.6126850901379182
20.999999999999982,0.676828280103084
21.19999999999998,0.7475749410490492
21.39999999999998,0.8280282379868814
21.59999999999998,0.9187580342858765
21.79999999999998,1.0215954106308558
21.99999999999998,1.138627197204721
22.199999999999978,1.2724689792887476
22.399999999999977,1.4255778348730903
22.599999999999977,1.5937062011381307
22.799999999999976,1.7908469805000187
22.999999999999975,2.022013738664065
23.199999999999974,2.2933170002829733
23.399999999999974,2.611801119542704
23.599999999999973,2.986934058127162
23.799999999999972,3.4304333312488855
23.99999999999997,3.956468966659008
24.19999999999997,4.541568547378177
24.39999999999997,5.2636436173703265
24.59999999999997,6.135682313827718
24.79999999999997,7.178420622933146
24.999999999999968,8.42693507187005
25.199999999999967,9.92339251597396
25.399999999999967,11.718467534304907
25.599999999999966,13.873055608420009
25.799999999999965,16.460332727768492
25.999999999999964,19.50964948951224
26.199999999999964,23.228882573835612
26.399999999999963,27.698342950984145
26.599999999999962,33.07006984103944
26.79999999999996,39.526826634412856
26.99999999999996,47.28829687765506
