mags_ab,pos_errs_mas
16.0,0.150307551459345
16.2,0.16323983708073658
16.4,0.1675186323635933
16.599999999999998,0.178097427497178
16.799999999999997,0.18857523785913327
16.999999999999996,0.14809606356405003
17.199999999999996,0.1570755993380749
17.399999999999995,0.16526446501019423
17.599999999999994,0.1481087915778797
17.799999999999994,0.14553080738784524
17.999999999999993,0.15935331452309728
18.199999999999992,0.1639871739237893
18.39999999999999,0.1722360392089631
18.59999999999999,0.18326728176459878
18.79999999999999,0.19503577474961004
18.99999999999999,0.21518672018783608
19.19999999999999,0.23789749787692913
19.399999999999988,0.26342363324106455
19.599999999999987,0.2923027602805586
19.799999999999986,0.32510824081099177
19.999999999999986,0.3625374850818179
20.199999999999985,0.40544042565459426
20.399999999999984,0.45527258056786324
20.599999999999984,0.5124960168258235
20.799999999999983,0.5790409875496177
20.999999999999982,0.6567877342391774
21.19999999999998,0.7480338932990238
21.39999999999998,0.8559242024601282
21.59999999999998,0.9830995054003482
21.79999999999998,1.1339591049513524
21.99999999999998,1.313426700572982
22.199999999999978,1.5274197692430969
22.399999999999977,1.783065889080226
22.599999999999977,2.0889382876102163
22.799999999999976,2.457204606329699
22.999999999999975,2.897644523116641
23.199999999999974,3.4253692648905374
23.399999999999974,4.05891789858692
23.599999999999973,4.819814429133544
23.799999999999972,5.733925749766505
23.99999999999997,6.839825078269206
24.19999999999997,8.164241798518571
24.39999999999997,9.753056943502564
24.59999999999997,11.662866237565218
24.79999999999997,13.958652669664238
24.999999999999968,16.72500043149478
25.199999999999967,20.044006774147576
25.399999999999967,24.03414442515152
25.599999999999966,28.831187798377254
25.799999999999965,34.59837489942901
25.999999999999964,41.531949078061785
26.199999999999964,49.86784402884481
26.399999999999963,59.88972279419365
26.599999999999962,71.93860777520767
26.79999999999996,86.42450014656721
26.99999999999996,103.84032047618807
