mags_ab,pos_errs_mas
16.0,0.19657687770086094
16.2,0.21249573443270672
16.4,0.21483871974650615
16.599999999999998,0.23186691019169822
16.799999999999997,0.151192223004045
16.999999999999996,0.16489321862946738
17.199999999999996,0.1719507006278048
17.399999999999995,0.14660741145353676
17.599999999999994,0.1549638494582889
17.799999999999994,0.14584043721857182
17.999999999999993,0.15966811784768914
18.199999999999992,0.17493216670557035
18.39999999999999,0.1714472335004034
18.59999999999999,0.1737236363156943
18.79999999999999,0.18435355930860794
18.99999999999999,0.2034242554259074
19.19999999999999,0.2248712623753536
19.399999999999988,0.24914021909448344
19.599999999999987,0.2765575044854014
19.799999999999986,0.3077385210732344
19.999999999999986,0.34335710671167374
20.199999999999985,0.3842347756611512
20.399999999999984,0.431374017629305
20.599999999999984,0.4863931507324587
20.799999999999983,0.5500309338935118
20.999999999999982,0.6244655838860482
21.19999999999998,0.7119059945864378
21.39999999999998,0.815032489306112
21.59999999999998,0.9374248449639669
21.79999999999998,1.0823612099759654
21.99999999999998,1.2548882871089058
22.199999999999978,1.4607110331870554
22.399999999999977,1.7066971586062514
22.599999999999977,2.0011072696122523
22.799999999999976,2.3538726253818463
22.999999999999975,2.7769297250506724
23.199999999999974,3.2846223747017724
23.399999999999974,3.8941876216097184
23.599999999999973,4.626338232335234
23.799999999999972,5.5059666059235735
23.99999999999997,6.562988427698826
24.19999999999997,7.833361637758118
24.39999999999997,9.360306366024936
24.59999999999997,11.195775406581037
24.79999999999997,13.402222873894862
24.999999999999968,16.054726916687628
25.199999999999967,19.243545479991365
25.399999999999967,23.077186785348747
25.599999999999966,27.686100193501233
25.799999999999965,33.227121955782586
25.999999999999964,39.888799724096515
26.199999999999964,47.897815067748
26.399999999999963,57.526707762813274
26.599999999999962,69.10312778619019
26.79999999999996,83.02099919380139
26.99999999999996,99.75391437224867
