mags_ab,pos_errs_mas
16.0,0.1817184976856187
16.2,0.1866408883858325
16.4,0.20463560344859394
16.599999999999998,0.2244881146643587
16.799999999999997,0.24642700365871295
16.999999999999996,0.2706873106306745
17.199999999999996,0.2975477249536468
17.399999999999995,0.32733099622549855
17.599999999999994,0.3603503165702463
17.799999999999994,0.3970582829017504
17.999999999999993,0.4376337657448897
18.199999999999992,0.48323619635023457
18.39999999999999,0.5343386473079099
18.59999999999999,0.5917962645655308
18.79999999999999,0.6564395796732518
18.99999999999999,0.729620446804439
19.19999999999999,0.8107167455408537
19.399999999999988,0.9049406171185512
19.599999999999987,1.0130061908850814
19.799999999999986,1.13756618740994
19.999999999999986,1.2818125398103795
20.199999999999985,1.4477353922896636
20.399999999999984,1.6318810960263461
20.599999999999984,1.8579023640828751
20.799999999999983,2.124049249540694
20.999999999999982,2.438619010834164
21.19999999999998,2.8116468617565507
21.39999999999998,3.2552496602591288
21.59999999999998,3.729234347239044
21.79999999999998,4.346127469133178
21.99999999999998,5.083715417870343
22.199999999999978,5.966803575360836
22.399999999999977,7.025211537708631
22.599999999999977,8.255174298289363
22.799999999999976,9.76906332251098
22.999999999999975,11.586853552022443
23.199999999999974,13.770320065805198
23.399999999999974,16.393704808790336
23.599999999999973,19.546232128229395
23.799999999999972,23.335146663246825
23.99999999999997,27.889353034254654
24.19999999999997,33.363810291135444
24.39999999999997,39.944792424815326
24.59999999999997,47.856228250034114
24.79999999999997,57.36732671711073
24.999999999999968,68.8017279414202
25.199999999999967,82.54852172557904
25.399999999999967,99.07548459223528
25.599999999999966,118.94499128666433
25.799999999999965,142.83318156987465
25.999999999999964,171.55291458644146
26.199999999999964,206.08145797941683
26.399999999999963,247.59378828705164
26.599999999999962,297.50247947479204
26.79999999999996,357.50583152293876
26.99999999999996,429.6456174927848
