mags_ab,pos_errs_mas
16.0,0.14953328095975243
16.2,0.1599612875627515
16.4,0.1424647768647621
16.599999999999998,0.1534352776945235
16.799999999999997,0.1437693490732435
16.999999999999996,0.15693502181114813
17.199999999999996,0.15468480137621218
17.399999999999995,0.15780404682661986
17.599999999999994,0.1649877717977305
17.799999999999994,0.1705901359784095
17.999999999999993,0.18301014330818857
18.199999999999992,0.20053980672724936
18.39999999999999,0.21985818608302418
18.59999999999999,0.24115608588014772
18.79999999999999,0.2646497604332871
18.99999999999999,0.2907794828681988
19.19999999999999,0.31956825365120145
19.399999999999988,0.3512405162573872
19.599999999999987,0.3863115080342691
19.799999999999986,0.42520882190719755
19.999999999999986,0.46843220873262464
20.199999999999985,0.5165694996311988
20.399999999999984,0.5707348305155433
20.599999999999984,0.6312289949502319
20.799999999999983,0.6987673560958183
20.999999999999982,0.7746489921584206
21.19999999999998,0.8603030372944732
21.39999999999998,0.9569805484355935
21.59999999999998,1.0676296927516509
21.79999999999998,1.1943691222584296
21.99999999999998,1.340872434149569
22.199999999999978,1.5092959578148777
22.399999999999977,1.7049934835744998
22.599999999999977,1.9334627394542496
22.799999999999976,2.1953966169699664
22.999999999999975,2.5076521351417913
23.199999999999974,2.8764345936295053
23.399999999999974,3.313456066005236
23.599999999999973,3.832862190360246
23.799999999999972,4.451712011617052
23.99999999999997,5.190552113785062
24.19999999999997,6.066299714714047
24.39999999999997,7.120645596914386
24.59999999999997,8.384337219856112
24.79999999999997,9.899453485556181
24.999999999999968,11.7185317702747
25.199999999999967,13.90134266627782
25.399999999999967,16.5224054978758
25.599999999999966,19.622278809418304
25.799999999999965,23.39796799736396
25.999999999999964,27.936185780871895
26.199999999999964,33.39107700135368
26.399999999999963,39.948247411727614
26.599999999999962,47.83080967366147
26.79999999999996,57.306986785808775
26.99999999999996,68.52955843488344
