mags_ab,pos_errs_mas
16.0,inf
16.2,inf
16.4,0.259458867557366
16.599999999999998,0.2828506621321514
16.799999999999997,0.30200576741674373
16.999999999999996,0.20887729342337466
17.199999999999996,0.22427160195551646
17.399999999999995,0.2411754657420053
17.599999999999994,0.18570191849435974
17.799999999999994,0.19990410045828416
17.999999999999993,0.21526747275411634
18.199999999999992,0.17939466100867565
18.39999999999999,0.19525297721556453
18.59999999999999,0.17452139079789175
18.79999999999999,0.19034758423108553
18.99999999999999,0.17535704185353415
19.19999999999999,0.1914841747109773
19.399999999999988,0.18598000840118495
19.599999999999987,0.18757014593625015
19.799999999999986,0.19453385337477913
19.999999999999986,0.19887474608475572
20.199999999999985,0.21272273109987103
20.399999999999984,0.23375463558211312
20.599999999999984,0.25718631576208506
20.799999999999983,0.28339859749897045
20.999999999999982,0.3125015426241256
21.19999999999998,0.3451012103852504
21.39999999999998,0.38173153872424265
21.59999999999998,0.42297793339962186
21.79999999999998,0.4695869528596488
21.99999999999998,0.5225192625616933
22.199999999999978,0.5829012719834564
22.399999999999977,0.6522069755815004
22.599999999999977,0.7322201006507518
22.799999999999976,0.8249491686901547
22.999999999999975,0.9320365021107133
23.199999999999974,1.0571098146776152
23.399999999999974,1.2038407735572259
23.599999999999973,1.3766866070460886
23.799999999999972,1.581048035871758
23.99999999999997,1.8234559744585184
24.19999999999997,2.111795101492544
24.39999999999997,2.4566808840214267
24.59999999999997,2.867082966573214
24.79999999999997,3.3580554819331123
24.999999999999968,3.946138742677112
25.199999999999967,4.651213937510986
25.399999999999967,5.497172875924822
25.599999999999966,6.512726438861268
25.799999999999965,7.732374406884969
25.999999999999964,9.19757710722649
26.199999999999964,10.958161459919236
26.399999999999963,13.074015040718399
26.599999999999962,15.617119691717415
26.79999999999996,18.67400165925667
26.99999999999996,22.3486705862045
