mags_ab,pos_errs_mas
16.0,0.16463753512464543
16.2,0.17809238111704218
16.4,0.19213297545471705
16.599999999999998,0.20610561893243184
16.799999999999997,0.22126390750686858
16.999999999999996,0.23758114344342465
17.199999999999996,0.17683013911002668
17.399999999999995,0.19209456825676394
17.599999999999994,0.1834496286367343
17.799999999999994,0.19000704688988332
17.999999999999993,0.20823867253008638
18.199999999999992,0.22834650983133378
18.39999999999999,0.250536941629689
18.59999999999999,0.2750189531342285
18.79999999999999,0.3020154388511117
18.99999999999999,0.331851622675596
19.19999999999999,0.3648837735746144
19.399999999999988,0.4015075615522645
19.599999999999987,0.4421854057027794
19.799999999999986,0.48744585344151975
19.999999999999986,0.5375225170373248
20.199999999999985,0.5936419586943501
20.399999999999984,0.656369190946276
20.599999999999984,0.725321607202605
20.799999999999983,0.8036239640733946
20.999999999999982,0.892640390916086
21.19999999999998,0.9938184340867439
21.39999999999998,1.1092633624933117
21.59999999999998,1.2415085903848293
21.79999999999998,1.3920886737018345
21.99999999999998,1.5559019403713104
22.199999999999978,1.7489697692480006
22.399999999999977,1.9722118306474758
22.599999999999977,2.2399010341527066
22.799999999999976,2.5539280415634145
22.999999999999975,2.924675843986015
23.199999999999974,3.363468713721258
23.399999999999974,3.8844129115428
23.599999999999973,4.504528917285329
23.799999999999972,5.153908210521082
23.99999999999997,6.012834180918827
24.19999999999997,7.040229378164584
24.39999999999997,8.270690555365345
24.59999999999997,9.745802339467705
24.79999999999997,11.515542277869386
24.999999999999968,13.639962326184124
25.199999999999967,16.191228280503534
25.399999999999967,19.180853018275197
25.599999999999966,22.845083747450076
25.799999999999965,27.248586354843976
25.999999999999964,32.54116380934659
26.199999999999964,38.90288397184366
26.399999999999963,46.550213840402876
26.599999999999962,55.74335504418114
26.79999999999996,66.7951308303444
26.99999999999996,80.08159560201693
