mags_ab,pos_errs_mas
16.0,0.24235480384195565
16.2,0.25822458177419844
16.4,0.2671125771572839
16.599999999999998,0.1844021486296035
16.799999999999997,0.19939310490617748
16.999999999999996,0.2158282923743123
17.199999999999996,0.23118059282057132
17.399999999999995,0.24772010115533713
17.599999999999994,0.19262242505914492
17.799999999999994,0.18830321528766594
17.999999999999993,0.1983444624004743
18.199999999999992,0.2174002258455499
18.39999999999999,0.23843896173969475
18.59999999999999,0.2615939567031527
18.79999999999999,0.2871389172320532
18.99999999999999,0.31538562794853287
19.19999999999999,0.34660634516222416
19.399999999999988,0.38121244632515794
19.599999999999987,0.4196110310961032
19.799999999999986,0.461971586996644
19.999999999999986,0.5092346256961235
20.199999999999985,0.5620184454063708
20.399999999999984,0.6212603902736565
20.599999999999984,0.686997686304451
20.799999999999983,0.7601648638476047
20.999999999999982,0.8430163787497961
21.19999999999998,0.9374439684746297
21.39999999999998,1.0448882298307756
21.59999999999998,1.16580411398592
21.79999999999998,1.2986156141856708
21.99999999999998,1.4549243671149608
22.199999999999978,1.6360168261390096
22.399999999999977,1.845865700443869
22.599999999999977,2.0899497446996844
22.799999999999976,2.3784449783937527
22.999999999999975,2.7180174792810665
23.199999999999974,3.099147475377465
23.399999999999974,3.5603105393144667
23.599999999999973,4.115951816274751
23.799999999999972,4.75071258940495
23.99999999999997,5.531876790536258
24.19999999999997,6.465549243604109
24.39999999999997,7.583095137083132
24.59999999999997,8.922220646040492
24.79999999999997,10.528245467608752
24.999999999999968,12.455627626625631
25.199999999999967,14.769360000309835
25.399999999999967,17.478938118755565
25.599999999999966,20.80010594194542
25.799999999999965,24.787918226147415
25.999999999999964,29.581814813225694
26.199999999999964,35.32317509832083
26.399999999999963,42.24754946358308
26.599999999999962,50.552798291334035
26.79999999999996,60.41917785689629
26.99999999999996,72.06638550106923
