mags_ab,pos_errs_mas
16.0,inf
16.2,inf
16.4,0.2594570902897916
16.599999999999998,0.28347190108148385
16.799999999999997,0.30064981530923046
16.999999999999996,0.20900896566250238
17.199999999999996,0.22604524136090234
17.399999999999995,0.2404751973261748
17.599999999999994,0.18645070581176426
17.799999999999994,0.19970504900827624
17.999999999999993,0.2148910832070575
18.199999999999992,0.1808470962855743
18.39999999999999,0.19669387689925918
18.59999999999999,0.21411762626950664
18.79999999999999,0.18755034031941625
18.99999999999999,0.2045012930112314
19.19999999999999,0.18518877962417787
19.399999999999988,0.20219895199712418
19.599999999999987,0.19601234590356545
19.799999999999986,0.19597685697878775
19.999999999999986,0.20861495325076856
20.199999999999985,0.2287749662697108
20.399999999999984,0.2511062230492985
20.599999999999984,0.2759204204879787
20.799999999999983,0.30325274979094813
20.999999999999982,0.3335861965607922
21.19999999999998,0.36726761729809126
21.39999999999998,0.40473303009443773
21.59999999999998,0.44654202954128047
21.79999999999998,0.4933257383405302
21.99999999999998,0.5459190113354792
22.199999999999978,0.605289657096214
22.399999999999977,0.6720206836345879
22.599999999999977,0.7484006998867155
22.799999999999976,0.8346600186326127
22.999999999999975,0.9334740666754802
23.199999999999974,1.0471194755560733
23.399999999999974,1.1785764378605783
23.599999999999973,1.3301323733192887
23.799999999999972,1.5079586019507245
23.99999999999997,1.7168288771077156
24.19999999999997,1.9616644423272729
24.39999999999997,2.2509151255624116
24.59999999999997,2.593783974622037
24.79999999999997,2.9936788757355406
24.999999999999968,3.4764297405997953
25.199999999999967,4.052741908978561
25.399999999999967,4.741895601544873
25.599999999999966,5.567077505697188
25.799999999999965,6.556158574012459
25.999999999999964,7.7426347069370935
26.199999999999964,9.166756568404256
26.399999999999963,10.876892649785901
26.599999999999962,12.931166670439351
26.79999999999996,15.383412312515725
26.99999999999996,18.344265806852743
