mags_ab,pos_errs_mas
16.0,0.22261723643796963
16.2,0.23652315111616504
16.4,0.16291817767960906
16.599999999999998,0.17695312381935815
16.799999999999997,0.1920841364794052
16.999999999999996,0.17610171505496688
17.199999999999996,0.17680932957169143
17.399999999999995,0.19368916764010932
17.599999999999994,0.21228262174948553
17.799999999999994,0.23277039076341563
17.999999999999993,0.2553539430750824
18.199999999999992,0.2802633817140217
18.39999999999999,0.3078482919888111
18.59999999999999,0.33816494414881865
18.79999999999999,0.3716826483482487
18.99999999999999,0.40878894609131744
19.19999999999999,0.4499338186398375
19.399999999999988,0.4956428424880002
19.599999999999987,0.5465144060915454
19.799999999999986,0.6032198097208625
19.999999999999986,0.666370272200825
20.199999999999985,0.7371612875820324
20.399999999999984,0.8149319244545488
20.599999999999984,0.9042636635100358
20.799999999999983,1.005479777157596
20.999999999999982,1.120658113055976
21.19999999999998,1.2516863810089534
21.39999999999998,1.4024243419405689
21.59999999999998,1.5761514073350098
21.79999999999998,1.7668714427644536
21.99999999999998,1.9860956251354853
22.199999999999978,2.2490461970143394
22.399999999999977,2.560520851932793
22.599999999999977,2.927277967921062
22.799999999999976,3.3607492843958826
22.999999999999975,3.8747613492717634
23.199999999999974,4.4672311523374315
23.399999999999974,5.145548533469307
23.599999999999973,5.978149309210649
23.799999999999972,6.990821372648405
23.99999999999997,8.203143313224976
24.19999999999997,9.656041174043885
24.39999999999997,11.39870081023942
24.59999999999997,13.490226298396726
24.79999999999997,15.937511477962245
24.999999999999968,18.93845033092652
25.199999999999967,22.543952140146242
25.399999999999967,26.876644642246866
25.599999999999966,32.08391600001631
25.799999999999965,38.34293083003074
25.999999999999964,45.866647093165454
26.199999999999964,54.91106456927515
26.399999999999963,65.78394379969602
26.599999999999962,78.8552563301269
26.79999999999996,94.56979443855425
26.99999999999996,113.46227596155695
