mags_ab,pos_errs_mas
16.0,0.1503439622119203
16.2,0.1633627975636778
16.4,0.16757296464250432
16.599999999999998,0.17816230731994506
16.799999999999997,0.18865624032788325
16.999999999999996,0.1482211276007729
17.199999999999996,0.15719255125503995
17.399999999999995,0.16625300704380733
17.599999999999994,0.1482849565873993
17.799999999999994,0.14576067219984098
17.999999999999993,0.15966089263036273
18.199999999999992,0.1643890163935694
18.39999999999999,0.1727634774482006
18.59999999999999,0.18395998836030372
18.79999999999999,0.1959449892466981
18.99999999999999,0.21637250056523458
19.19999999999999,0.23940610836534515
19.399999999999988,0.26543609332671536
19.599999999999987,0.2949163466254713
19.799999999999986,0.32849561652311215
19.999999999999986,0.36691738099599486
20.199999999999985,0.41108842111401084
20.399999999999984,0.46242953893410016
20.599999999999984,0.5218119743592299
20.799999999999983,0.5909357748466064
20.999999999999982,0.6719170587324803
21.19999999999998,0.7671892584939168
21.39999999999998,0.8797030059098787
21.59999999999998,1.0134181607195503
21.79999999999998,1.1718924223603218
21.99999999999998,1.3606945351757034
22.199999999999978,1.5860902059387352
22.399999999999977,1.855619799891786
22.599999999999977,2.1783511185012823
22.799999999999976,2.5651844320402817
22.999999999999975,3.029220015003551
23.199999999999974,3.586199767019266
23.399999999999974,4.255040915554597
23.599999999999973,5.058475527150819
23.799999999999972,6.023823514804285
23.99999999999997,7.183918704192026
24.19999999999997,8.578227558917648
24.39999999999997,10.254188302105302
24.59999999999997,12.268824891394809
24.79999999999997,14.690688703603806
24.999999999999968,17.602188321471026
25.199999999999967,21.102395018990563
25.399999999999967,25.310413278300526
25.599999999999966,30.36943172038546
25.799999999999965,36.45160325534852
25.999999999999964,43.76388974382617
26.199999999999964,52.55511161547165
26.399999999999963,63.12442613120308
26.599999999999962,75.831484074758
26.79999999999996,91.10868325450386
26.99999999999996,109.47587033151868
