mags_ab,pos_errs_mas
16.0,0.23767206305631444
16.2,0.25700839987004254
16.4,0.2787105748527057
16.599999999999998,0.21172225350132645
16.799999999999997,0.22965117732696402
16.999999999999996,0.24951603633962902
17.199999999999996,0.27032132835721634
17.399999999999995,0.2156740904518953
17.599999999999994,0.2346176536741722
17.799999999999994,0.2554240011077149
17.999999999999993,0.2094132069436075
18.199999999999992,0.22825491859304203
18.39999999999999,0.21466751972080808
18.59999999999999,0.21398445844251826
18.79999999999999,0.21595706800933384
18.99999999999999,0.23262360017865968
19.19999999999999,0.2550034633013965
19.399999999999988,0.2796704457193155
19.599999999999987,0.30693352934385915
19.799999999999986,0.33706342666152456
19.999999999999986,0.3704774567548747
20.199999999999985,0.40742832261707884
20.399999999999984,0.4484812314724749
20.599999999999984,0.4940942684799683
20.799999999999983,0.5449861028572118
20.999999999999982,0.6017862354622122
21.19999999999998,0.6653231284177128
21.39999999999998,0.7376424440121527
21.59999999999998,0.8181332106741869
21.79999999999998,0.9091567420762406
21.99999999999998,1.0129248480524604
22.199999999999978,1.1297712042783528
22.399999999999977,1.2651213688540022
22.599999999999977,1.4200839963821705
22.799999999999976,1.5990856256732593
22.999999999999975,1.8089039575899377
23.199999999999974,2.0529139462097095
23.399999999999974,2.3391525785365492
23.599999999999973,2.6766482813657424
23.799999999999972,3.07584801593688
23.99999999999997,3.5495411184515735
24.19999999999997,4.110119258188791
24.39999999999997,4.7814783508093965
24.59999999999997,5.583594963914579
24.79999999999997,6.531685019334657
24.999999999999968,7.663458865154266
25.199999999999967,9.002293533636552
25.399999999999967,10.637634273216051
25.599999999999966,12.584487177523139
25.799999999999965,14.93819563298808
25.999999999999964,17.741991191294968
26.199999999999964,21.133951981137546
26.399999999999963,25.210301747748783
26.599999999999962,30.10971374347189
26.79999999999996,35.99888615748382
26.99999999999996,43.07819452961717
