mags_ab,pos_errs_mas
16.0,inf
16.2,inf
16.4,0.26153417406605073
16.599999999999998,0.2831842249222264
16.799999999999997,0.3027336058197137
16.999999999999996,0.20807656308985664
17.199999999999996,0.22497310228769946
17.399999999999995,0.24270397109337405
17.599999999999994,0.2640223545309009
17.799999999999994,0.28076065908708064
17.999999999999993,0.1853774530864913
18.199999999999992,0.19911041614413266
18.39999999999999,0.2145508929204587
18.59999999999999,0.17568175740962885
18.79999999999999,0.1893598709104889
18.99999999999999,0.1709631716631669
19.19999999999999,0.18654602464934117
19.399999999999988,0.20355761202182232
19.599999999999987,0.22218424399217682
19.799999999999986,0.18759481955877574
19.999999999999986,0.2050277608716104
20.199999999999985,0.18996315081625087
20.399999999999984,0.20807248072984733
20.599999999999984,0.20632260621434753
20.799999999999983,0.20444150410575995
20.999999999999982,0.21978832037940263
21.19999999999998,0.2425167596434569
21.39999999999998,0.2680706656536602
21.59999999999998,0.2970498491852712
21.79999999999998,0.3297571446202409
21.99999999999998,0.3668773068273883
22.199999999999978,0.40926576035502665
22.399999999999977,0.4578911668791078
22.599999999999977,0.5139894539282873
22.799999999999976,0.5790447548061803
22.999999999999975,0.654708832227696
23.199999999999974,0.7430957054469162
23.399999999999974,0.8468933931282695
23.599999999999973,0.9698613048539132
23.799999999999972,1.1149292157406505
23.99999999999997,1.2877137348900718
24.19999999999997,1.4923879906761994
24.39999999999997,1.7365132552128555
24.59999999999997,2.0282289480053537
24.79999999999997,2.377326444994882
24.999999999999968,2.7955773898707483
25.199999999999967,3.2971304011018634
25.399999999999967,3.898987912358699
25.599999999999966,4.6215818320321365
25.799999999999965,5.49145177874754
25.999999999999964,6.534228867277848
26.199999999999964,7.787275241767592
26.399999999999963,9.293215829232864
26.599999999999962,11.103284209724503
26.79999999999996,13.279066763489807
26.99999999999996,15.894594550298644
