mags_ab,pos_errs_mas
16.0,0.374437720246917
16.2,0.4010528577454977
16.4,0.2740438480258746
16.599999999999998,0.29708632519139466
16.799999999999997,0.32057329411906427
16.999999999999996,0.3474751833787484
17.199999999999996,0.26337908472421834
17.399999999999995,0.2855630167490189
17.599999999999994,0.30921282043155407
17.799999999999994,0.33536710909890954
17.999999999999993,0.24131787936181784
18.199999999999992,0.262843835703099
18.39999999999999,0.2859407212050615
18.59999999999999,0.23592524886243638
18.79999999999999,0.2572592232944593
18.99999999999999,0.2362179350459419
19.19999999999999,0.2578594344884678
19.399999999999988,0.2507033509941097
19.599999999999987,0.25143775660721096
19.799999999999986,0.2437424292495816
19.999999999999986,0.2517612237123385
20.199999999999985,0.2757930648624543
20.399999999999984,0.3023223502725909
20.599999999999984,0.3316890147830111
20.799999999999983,0.36408564239638047
20.999999999999982,0.39990777055320353
21.19999999999998,0.43961859786658786
21.39999999999998,0.48362893334474943
21.59999999999998,0.5325737211479367
21.79999999999998,0.586964693557076
21.99999999999998,0.647709972387849
22.199999999999978,0.7155674000164957
22.399999999999977,0.7917596383372889
22.599999999999977,0.8782821433113099
22.799999999999976,0.9750230897002942
22.999999999999975,1.0847122655717432
23.199999999999974,1.2099609774394873
23.399999999999974,1.3528516805683595
23.599999999999973,1.5176656024854207
23.799999999999972,1.7072733995080343
23.99999999999997,1.929234324446032
24.19999999999997,2.1853312291616804
24.39999999999997,2.4864269258825953
24.59999999999997,2.8407645412762355
24.79999999999997,3.2589936374048216
24.999999999999968,3.7549507087969833
25.199999999999967,4.344544357031245
25.399999999999967,5.046065992775975
25.599999999999966,5.88473990129845
25.799999999999965,6.887686176121713
25.999999999999964,8.088113073209298
26.199999999999964,9.506909238995569
26.399999999999963,11.226490754725349
26.599999999999962,13.269798674174025
26.79999999999996,15.743603215803498
26.99999999999996,18.71517279704633
