mags_ab,pos_errs_mas
16.0,0.2376565008170795
16.2,0.2575781110880935
16.4,0.2790892480307536
16.599999999999998,0.2108458652320963
16.799999999999997,0.22851840613212066
16.999999999999996,0.2480866765238253
17.199999999999996,0.2687881388550158
17.399999999999995,0.2917056732128711
17.599999999999994,0.21085815097373328
17.799999999999994,0.22971735794917678
17.999999999999993,0.24994975779691408
18.199999999999992,0.20666543456622374
18.39999999999999,0.225408507511844
18.59999999999999,0.20746310856212266
18.79999999999999,0.2020473762910766
18.99999999999999,0.2206476347781769
19.19999999999999,0.2077947398271723
19.399999999999988,0.21557911371772637
19.599999999999987,0.2231122043935591
19.799999999999986,0.24442747455209696
19.999999999999986,0.26797434935735337
20.199999999999985,0.29394527456690567
20.399999999999984,0.32261320920204667
20.599999999999984,0.35432970152260934
20.799999999999983,0.38943431922278
20.999999999999982,0.42829050376220495
21.19999999999998,0.4714500487077437
21.39999999999998,0.5194574067065939
21.59999999999998,0.5728898035024602
21.79999999999998,0.632516537780056
21.99999999999998,0.6993897099112258
22.199999999999978,0.7750387471852483
22.399999999999977,0.8595931531683964
22.599999999999977,0.9554845473867516
22.799999999999976,1.063472451425845
22.999999999999975,1.1874861399173156
23.199999999999974,1.3290853905931794
23.399999999999974,1.4928474438369634
23.599999999999973,1.6821904006948047
23.799999999999972,1.9019541621981566
23.99999999999997,2.1589048724875597
24.19999999999997,2.4605590679276426
24.39999999999997,2.816129096893122
24.59999999999997,3.2350141199450757
24.79999999999997,3.733714057685789
24.999999999999968,4.327137586448857
25.199999999999967,5.027923164272145
25.399999999999967,5.871709093998438
25.599999999999966,6.863269383033678
25.799999999999965,8.053770590774185
25.999999999999964,9.482815354838552
26.199999999999964,11.206656588633784
26.399999999999963,13.261565988737829
26.599999999999962,15.743200212728286
26.79999999999996,18.724416281719343
26.99999999999996,22.30659157636364
