mags_ab,pos_errs_mas
16.0,0.20898324689778913
16.2,0.22602456375655872
16.4,0.24465924778972362
16.599999999999998,0.18567160496002136
16.799999999999997,0.20157416182680382
16.999999999999996,0.21913342932573393
17.199999999999996,0.1825116479965758
17.399999999999995,0.19873903147411962
17.599999999999994,0.21625769424969887
17.799999999999994,0.18732650777041313
17.999999999999993,0.2041515461076529
18.199999999999992,0.18222541053700175
18.39999999999999,0.19886866453118635
18.59999999999999,0.19019748495283492
18.79999999999999,0.19407637047669316
18.99999999999999,0.19868685124354007
19.19999999999999,0.2176838524936679
19.399999999999988,0.23856135614073698
19.599999999999987,0.2615679058054185
19.799999999999986,0.2869615343283391
19.999999999999986,0.31498041582183545
20.199999999999985,0.34590945109990845
20.399999999999984,0.38016542380045226
20.599999999999984,0.41809010617193954
20.799999999999983,0.460040784805969
20.999999999999982,0.5065382690636046
21.19999999999998,0.5582643807972987
21.39999999999998,0.615843321446655
21.59999999999998,0.6809991172260599
21.79999999999998,0.752882449666058
21.99999999999998,0.8338515613565023
22.199999999999978,0.9249847243025333
22.399999999999977,1.027465357326688
22.599999999999977,1.143935008717853
22.799999999999976,1.276397708135269
22.999999999999975,1.429943978456731
23.199999999999974,1.6045517262181066
23.399999999999974,1.8070945161780516
23.599999999999973,2.040645901184237
23.799999999999972,2.315060253403997
23.99999999999997,2.6354342482472948
24.19999999999997,3.0091754242401216
24.39999999999997,3.4489004679270283
24.59999999999997,3.975486421003032
24.79999999999997,4.601599907732827
24.999999999999968,5.336379725892521
25.199999999999967,6.221908393627099
25.399999999999967,7.280873887823155
25.599999999999966,8.548910449947533
25.799999999999965,10.068852947196998
25.999999999999964,11.892177200006799
26.199999999999964,14.08074186957591
26.399999999999963,16.708882219205623
26.599999999999962,19.865923944653947
26.79999999999996,23.61899656336893
26.99999999999996,28.165450337204852
