mags_ab,pos_errs_mas
16.0,0.2071077162883323
16.2,0.22126288651035197
16.4,0.2364524601879539
16.599999999999998,0.2532836495396027
16.799999999999997,0.27139895972820044
16.999999999999996,0.29081757056748236
17.199999999999996,0.1870732106788584
17.399999999999995,0.20263520803366256
17.599999999999994,0.21968626587936166
17.799999999999994,0.18011459646296463
17.999999999999993,0.19625515352610082
18.199999999999992,0.18455592135125956
18.39999999999999,0.18859953423316686
18.59999999999999,0.2066270854395999
18.79999999999999,0.2266060639445274
18.99999999999999,0.24853347912776283
19.19999999999999,0.27273426976676035
19.399999999999988,0.29945764734232494
19.599999999999987,0.32899914156233817
19.799999999999986,0.36169613647998927
19.999999999999986,0.3979436345167496
20.199999999999985,0.43818646876770084
20.399999999999984,0.4828760326422017
20.599999999999984,0.5326496124913191
20.799999999999983,0.5883175520438921
20.999999999999982,0.6511046835191141
21.19999999999998,0.7209398774938358
21.39999999999998,0.7991685573127275
21.59999999999998,0.8879460024464672
21.79999999999998,0.9893184031802653
21.99999999999998,1.105140868954326
22.199999999999978,1.2367532818199882
22.399999999999977,1.3841523747690105
22.599999999999977,1.5585579278039083
22.799999999999976,1.7614342329560715
22.999999999999975,1.9966977128641608
23.199999999999974,2.2717100593435227
23.399999999999974,2.5949845210140787
23.599999999999973,2.9760594134203266
23.799999999999972,3.431682679371106
23.99999999999997,3.9735427831860184
24.19999999999997,4.590723168591554
24.39999999999997,5.324652335578019
24.59999999999997,6.229310154973368
24.79999999999997,7.3124832669102435
24.999999999999968,8.610751943025448
25.199999999999967,10.168079200351329
25.399999999999967,12.037294525619348
25.599999999999966,14.281879214424693
25.799999999999965,16.978122251893332
25.999999999999964,20.217703981891958
26.199999999999964,24.110809523495178
26.399999999999963,28.699729773781836
26.599999999999962,34.30284279868694
26.79999999999996,41.03817559254477
26.99999999999996,49.13489929619293
