mags_ab,pos_errs_mas
16.0,0.2068258594626336
16.2,0.223392526701921
16.4,0.17039272089093993
16.599999999999998,0.18361327038121344
16.799999999999997,0.19869784378837238
16.999999999999996,0.21537369563120007
17.199999999999996,0.232224811576462
17.399999999999995,0.1691284303443454
17.599999999999994,0.18426694506648342
17.799999999999994,0.20052017763514354
17.999999999999993,0.16751514074787718
18.199999999999992,0.18273417895758873
18.39999999999999,0.16984608977810559
18.59999999999999,0.16688031889060564
18.79999999999999,0.18229224426746704
18.99999999999999,0.18457863115756587
19.19999999999999,0.18180574527480148
19.399999999999988,0.18951926337207245
19.599999999999987,0.2076528916284408
19.799999999999986,0.2277559356523031
19.999999999999986,0.2498349297769247
20.199999999999985,0.2742055519884169
20.399999999999984,0.3011526389379672
20.599999999999984,0.330953172982426
20.799999999999983,0.3639454315151636
20.999999999999982,0.4005505132104127
21.19999999999998,0.44127430491322484
21.39999999999998,0.4866725382952981
21.59999999999998,0.5371946946880982
21.79999999999998,0.5937494610561592
21.99999999999998,0.6577055287289836
22.199999999999978,0.7291615267495457
22.399999999999977,0.8099005398821647
22.599999999999977,0.9015071207317034
22.799999999999976,1.005899770357766
22.999999999999975,1.1257796345507918
23.199999999999974,1.263865764788325
23.399999999999974,1.4219855044993237
23.599999999999973,1.6053845519681988
23.799999999999972,1.8202615566457891
23.99999999999997,2.072218403409386
24.19999999999997,2.368883367009522
24.39999999999997,2.7195007621645977
24.59999999999997,3.135251516551944
24.79999999999997,3.629599610316342
24.999999999999968,4.218885527814848
25.199999999999967,4.9226796141868725
25.399999999999967,5.7644932031218294
25.599999999999966,6.762177476597835
25.799999999999965,7.966003633287378
25.999999999999964,9.409461739995379
26.199999999999964,11.141956577670438
26.399999999999963,13.213390839514199
26.599999999999962,15.69759327115618
26.79999999999996,18.68094569926028
26.99999999999996,22.262572060903018
