mags_ab,pos_errs_mas
16.0,0.16553794969595123
16.2,0.14730397957596877
16.4,0.15489065758209547
16.599999999999998,0.14369341794423027
16.799999999999997,0.15671635652615684
16.999999999999996,0.15739168101632303
17.199999999999996,0.16273204897694185
17.399999999999995,0.17108810376835196
17.599999999999994,0.17630976369659632
17.799999999999994,0.19351972282716826
17.999999999999993,0.21266036127010762
18.199999999999992,0.2338466365909461
18.39999999999999,0.2574085252360904
18.59999999999999,0.2836665703077012
18.79999999999999,0.3129991039162009
18.99999999999999,0.34585989781742815
19.19999999999999,0.38316327967088254
19.399999999999988,0.4248181000774309
19.599999999999987,0.47197585524189467
19.799999999999986,0.5257158066666325
19.999999999999986,0.5869793558776124
20.199999999999985,0.6575813093592138
20.399999999999984,0.738572054566673
20.599999999999984,0.8324106273727079
20.799999999999983,0.9416612589338224
20.999999999999982,1.07012793182011
21.19999999999998,1.2203824044528873
21.39999999999998,1.3972446634851103
21.59999999999998,1.6065466222669826
21.79999999999998,1.855011937041713
21.99999999999998,2.1507550000026976
22.199999999999978,2.5042245483751424
22.399999999999977,2.925691509799631
22.599999999999977,3.430094058426772
22.799999999999976,4.034444395919519
22.999999999999975,4.75918971017864
23.199999999999974,5.628900889368413
23.399999999999974,6.6731047963599055
23.599999999999973,7.927282036236354
23.799999999999972,9.434072588420078
23.99999999999997,11.244721063508889
24.19999999999997,13.420821977365227
24.39999999999997,16.036409444554224
24.59999999999997,19.180476092184264
24.79999999999997,22.96000250769531
24.999999999999968,27.503593301718087
25.199999999999967,32.96585544329576
25.399999999999967,39.532656994874245
25.599999999999966,47.427450031165264
25.799999999999965,56.91888567674248
25.999999999999964,68.3299345197445
26.199999999999964,82.04888856856263
26.399999999999963,98.54259159838345
26.599999999999962,118.37228795808488
26.79999999999996,142.2127453869854
26.99999999999996,170.87519815725392
