mags_ab,pos_errs_mas
16.0,0.20750094737690333
16.2,0.2254084512611649
16.4,0.24106685972859884
16.599999999999998,0.2594238991035087
16.799999999999997,0.1702252808959154
16.999999999999996,0.18301428409324932
17.199999999999996,0.19740209155312527
17.399999999999995,0.16074032675579386
17.599999999999994,0.17386520429436852
17.799999999999994,0.1572879926651037
17.999999999999993,0.1715067052222131
18.199999999999992,0.1870820149219178
18.39999999999999,0.2040399943743617
18.59999999999999,0.17099998757504462
18.79999999999999,0.1866498091037618
18.99999999999999,0.17140625623609376
19.19999999999999,0.1873021133103877
19.399999999999988,0.183997560344405
19.599999999999987,0.186960026697728
19.799999999999986,0.1920477767523568
19.999999999999986,0.21065512214271306
20.199999999999985,0.23138515844977622
20.399999999999984,0.2542046789505169
20.599999999999984,0.27953180303527414
20.799999999999983,0.30769968451825597
20.999999999999982,0.33901161871155544
21.19999999999998,0.3739808369881778
21.39999999999998,0.41307453094035634
21.59999999999998,0.45695101517505876
21.79999999999998,0.5067163692206311
21.99999999999998,0.5625480088048276
22.199999999999978,0.6259139969337874
22.399999999999977,0.698744103218667
22.599999999999977,0.781489595366559
22.799999999999976,0.8767126993734343
22.999999999999975,0.9868248508566699
23.199999999999974,1.1147611092207643
23.399999999999974,1.2641827560438905
23.599999999999973,1.4393885945486435
23.799999999999972,1.645565686672042
23.99999999999997,1.8900615312008329
24.19999999999997,2.1785686436949634
24.39999999999997,2.5218391981215538
24.59999999999997,2.930993863918873
24.79999999999997,3.418952911054942
24.999999999999968,4.000447253560163
25.199999999999967,4.698959158812969
25.399999999999967,5.536328320314593
25.599999999999966,6.540921246866217
25.799999999999965,7.7468264887378675
25.999999999999964,9.195006079525967
26.199999999999964,10.934683847597281
26.399999999999963,13.025020838694243
26.599999999999962,15.53711659956698
26.79999999999996,18.556433579990042
26.99999999999996,22.179341286403066
