mags_ab,pos_errs_mas
16.0,inf
16.2,inf
16.4,0.25948389308786185
16.599999999999998,0.2828835334086939
16.799999999999997,0.3020439866226341
16.999999999999996,0.20891698145692497
17.199999999999996,0.22431895385651043
17.399999999999995,0.24123507222786225
17.599999999999994,0.1857706593548131
17.799999999999994,0.19998708297232742
17.999999999999993,0.2153686812762893
18.199999999999992,0.17951582708883157
18.39999999999999,0.19541149257165777
18.59999999999999,0.17472909639144382
18.79999999999999,0.1906198627665265
18.99999999999999,0.17572540864344816
19.19999999999999,0.1919677258470612
19.399999999999988,0.186675126680221
19.599999999999987,0.1884501699454959
19.799999999999986,0.19573907339568922
19.999999999999986,0.2005135940055513
20.199999999999985,0.21490143467546463
20.399999999999984,0.23661062799692806
20.599999999999984,0.2608841504391304
20.799999999999983,0.28830111046777035
20.999999999999982,0.3189081895698547
21.19999999999998,0.35344447946191015
21.39999999999998,0.39258882881121815
21.59999999999998,0.4371509014326642
21.79999999999998,0.4879889997119828
21.99999999999998,0.546390662443991
22.199999999999978,0.6137075549396422
22.399999999999977,0.6917384517115706
22.599999999999977,0.7827617258451144
22.799999999999976,0.8901658490233285
22.999999999999975,1.0150517513007091
23.199999999999974,1.1623556411062614
23.399999999999974,1.3367175540385183
23.599999999999973,1.5437451767547092
23.799999999999972,1.7902051083764576
23.99999999999997,2.0842506534671865
24.19999999999997,2.4356965277512543
24.39999999999997,2.8563474142037055
24.59999999999997,3.3603953011848384
24.79999999999997,3.966068093537653
24.999999999999968,4.691325023217105
25.199999999999967,5.5621117053519145
25.399999999999967,6.608017425779274
25.599999999999966,7.864602393313554
25.799999999999965,9.374602758573246
25.999999999999964,11.189385097709053
26.199999999999964,13.370691043690679
26.399999999999963,15.992739023283509
26.599999999999962,19.144745815812808
26.79999999999996,22.933965193563015
26.99999999999996,27.489331727764966
