mags_ab,pos_errs_mas
16.0,0.14887479489086472
16.2,0.1575096895676434
16.4,0.1656424057263654
16.599999999999998,0.1466260223041692
16.799999999999997,0.15571987758724654
16.999999999999996,0.13928613154354422
17.199999999999996,0.15139649970466507
17.399999999999995,0.16525577518103143
17.599999999999994,0.1505786075597077
17.799999999999994,0.16448710123849328
17.999999999999993,0.16098180898283995
18.199999999999992,0.1679614002184159
18.39999999999999,0.1754219090917866
18.59999999999999,0.19220043460177735
18.79999999999999,0.21069529524889702
18.99999999999999,0.2310892443831355
19.19999999999999,0.2535915401495114
19.399999999999988,0.278438937818002
19.599999999999987,0.3062114128538653
19.799999999999986,0.3366097311083091
19.999999999999986,0.370260771542937
20.199999999999985,0.4076013474195645
20.399999999999984,0.4491176664526707
20.599999999999984,0.49538259737939516
20.799999999999983,0.5470753837090855
20.999999999999982,0.6058383870197794
21.19999999999998,0.6710468119789232
21.39999999999998,0.7443689958807903
21.59999999999998,0.8274040189036171
21.79999999999998,0.9217880015181545
21.99999999999998,1.0289945035968915
22.199999999999978,1.1524260514555926
22.399999999999977,1.2956105969864349
22.599999999999977,1.4603822079092803
22.799999999999976,1.6522039308767351
22.999999999999975,1.8765576738466438
23.199999999999974,2.1401069734653193
23.399999999999974,2.4476685849127446
23.599999999999973,2.8122639107433858
23.799999999999972,3.245949203366871
23.99999999999997,3.7620202039896316
24.19999999999997,4.377520451367147
24.39999999999997,5.112968211713291
24.59999999999997,5.993044590612876
24.79999999999997,7.0421746009382415
24.999999999999968,8.303843420324682
25.199999999999967,9.817736925897805
25.399999999999967,11.63524249021736
25.599999999999966,13.818110316415432
25.799999999999965,16.440549672054136
25.999999999999964,19.59174471509105
26.199999999999964,23.378886181689914
26.399999999999963,27.9308192160384
26.599999999999962,33.40241661685938
26.79999999999996,39.979855002971064
26.99999999999996,47.88693627597981
