mags_ab,pos_errs_mas
16.0,0.21454761566610506
16.2,0.16721899945948768
16.4,0.17868269123315683
16.599999999999998,0.1913668294333688
16.799999999999997,0.2063651082777036
16.999999999999996,0.22207781062845144
17.199999999999996,0.1631176253767449
17.399999999999995,0.17607689721819786
17.599999999999994,0.19121338088026035
17.799999999999994,0.16181915332710375
17.999999999999993,0.1765274902129893
18.199999999999992,0.16589466300944555
18.39999999999999,0.16445680626643985
18.59999999999999,0.16777548113334168
18.79999999999999,0.1741547707444085
18.99999999999999,0.1765246267695805
19.19999999999999,0.19204304477722053
19.399999999999988,0.2104474714281896
19.599999999999987,0.23073698442662582
19.799999999999986,0.25311448241804346
19.999999999999986,0.277987661047334
20.199999999999985,0.30525686415414255
20.399999999999984,0.33538972950925106
20.599999999999984,0.3687361115331549
20.799999999999983,0.40569520471912973
20.999999999999982,0.4467306350953799
21.19999999999998,0.4923853198727556
21.39999999999998,0.5434586474354165
21.59999999999998,0.60074918976596
21.79999999999998,0.6644253972950579
21.99999999999998,0.7360402382283651
22.199999999999978,0.8161811113700366
22.399999999999977,0.9074848398290873
22.599999999999977,1.011347190127131
22.799999999999976,1.1301107528128975
22.999999999999975,1.2665394787057451
23.199999999999974,1.4244104258848935
23.399999999999974,1.6067979349041799
23.599999999999973,1.8155126955824639
23.799999999999972,2.060892242114444
23.99999999999997,2.350400504690716
24.19999999999997,2.6918541702260237
24.39999999999997,3.096008015611311
24.59999999999997,3.575823999963128
24.79999999999997,4.14704851547089
24.999999999999968,4.828168281281483
25.199999999999967,5.635259273287669
25.399999999999967,6.605677544304353
25.599999999999966,7.762979620526261
25.799999999999965,9.134235306096986
25.999999999999964,10.801416260030694
26.199999999999964,12.801854496907483
26.399999999999963,15.205771636070704
26.599999999999962,18.09382344231042
26.79999999999996,21.56423226469292
26.99999999999996,25.735046572420174
