mags_ab,pos_errs_mas
16.0,0.1601267124953356
16.2,0.15389079099021133
16.4,0.14887021559242605
16.599999999999998,0.14954596181155214
16.799999999999997,0.1631882964766022
16.999999999999996,0.17042732891548185
17.199999999999996,0.145396414950017
17.399999999999995,0.15586407197570248
17.599999999999994,0.14981096632158392
17.799999999999994,0.16398848919704478
17.999999999999993,0.16696423559257625
18.199999999999992,0.1746514185042895
18.39999999999999,0.18452253642419278
18.59999999999999,0.20308662963296253
18.79999999999999,0.2238683041806343
18.99999999999999,0.24710518277049978
19.19999999999999,0.27317948993639035
19.399999999999988,0.30255765676001617
19.599999999999987,0.33578345029158635
19.799999999999986,0.373513164661379
19.999999999999986,0.4168400296966629
20.199999999999985,0.4662789815473142
20.399999999999984,0.5230768409384768
20.599999999999984,0.5887902413802062
20.799999999999983,0.6651871472735849
20.999999999999982,0.7547820610965671
21.19999999999998,0.8597153409121612
21.39999999999998,0.9833580168697528
21.59999999999998,1.1292589822853822
21.79999999999998,1.302321673488096
21.99999999999998,1.5081748586172294
22.199999999999978,1.7536034305578094
22.399999999999977,2.048409490733845
22.599999999999977,2.399953126253396
22.799999999999976,2.820344182384146
22.999999999999975,3.324374280650769
23.199999999999974,3.9291231950087147
23.399999999999974,4.655115834508278
23.599999999999973,5.52869863465701
23.799999999999972,6.576290143443583
23.99999999999997,7.835073655142968
24.19999999999997,9.347868241369557
24.39999999999997,11.166139772177857
24.59999999999997,13.35175178127202
24.79999999999997,15.979071604171137
24.999999999999968,19.137497411783333
25.199999999999967,22.934502156900678
25.399999999999967,27.499288699122754
25.599999999999966,32.987185144964116
25.799999999999965,39.584938752115924
25.999999999999964,47.51705493434728
26.199999999999964,57.053445038176534
26.399999999999963,68.51862430267329
26.599999999999962,82.30272749472434
26.79999999999996,98.87480179227437
26.99999999999996,118.79875579491308
