mags_ab,pos_errs_mas
16.0,0.14888019343707806
16.2,0.15751619008049728
16.4,0.1656501557426818
16.599999999999998,0.1466352653798132
16.799999999999997,0.15573119602191063
16.999999999999996,0.13930018020915239
17.199999999999996,0.15141461155355393
17.399999999999995,0.16527972148371076
17.599999999999994,0.15061100527934043
17.799999999999994,0.16452963918063668
17.999999999999993,0.16103963763236087
18.199999999999992,0.16803886382050534
18.39999999999999,0.17552572615318673
18.59999999999999,0.19233687815415462
18.79999999999999,0.21087465116859488
18.99999999999999,0.23132498286498343
19.19999999999999,0.25390138042121635
19.399999999999988,0.27884608789115733
19.599999999999987,0.30672992643615143
19.799999999999986,0.3373157410721385
19.999999999999986,0.37118737755485187
20.199999999999985,0.4088166643118009
20.399999999999984,0.45071035602788045
20.599999999999984,0.4974677958042655
20.799999999999983,0.5498022107690388
20.999999999999982,0.609259863561723
21.19999999999998,0.6757104531009854
21.39999999999998,0.750455443752974
21.59999999999998,0.8352941203662796
21.79999999999998,0.9320338596527334
21.99999999999998,1.042598331094362
22.199999999999978,1.1696334336085703
22.399999999999977,1.317727136954527
22.599999999999977,1.4887081288626627
22.799999999999976,1.6883466065541166
22.999999999999975,1.9224917864031195
23.199999999999974,2.1982452503530068
23.399999999999974,2.5224669749729496
23.599999999999973,2.905374983071276
23.799999999999972,3.362391918885498
23.99999999999997,3.90704795652015
24.19999999999997,4.5574454769766835
24.39999999999997,5.335365682741408
24.59999999999997,6.266999094001628
24.79999999999997,7.379659515354152
24.999999999999968,8.717162314899898
25.199999999999967,10.322630064045118
25.399999999999967,12.250594112583665
25.599999999999966,14.566584839434855
25.799999999999965,17.349357735969754
25.999999999999964,20.693564981824895
26.199999999999964,24.712973859514662
26.399999999999963,29.544340088074165
26.599999999999962,35.35204952254029
26.79999999999996,42.333719617317215
26.99999999999996,50.726909840231144
