mags_ab,pos_errs_mas
16.0,0.20937230691795863
16.2,0.2254823096564614
16.4,0.24378650237872218
16.599999999999998,0.26147235337236946
16.799999999999997,0.2806525557122925
16.999999999999996,0.18815530905964573
17.199999999999996,0.20382299224235897
17.399999999999995,0.22107012241930868
17.599999999999994,0.23925894929460406
17.799999999999994,0.2583545142642271
17.999999999999993,0.20020121045949058
18.199999999999992,0.2180057751408917
18.39999999999999,0.19796850704957283
18.59999999999999,0.19209016023339873
18.79999999999999,0.20650457790467064
18.99999999999999,0.2262905491733841
19.19999999999999,0.24808320640449452
19.399999999999988,0.27212394396093165
19.599999999999987,0.29866899153518933
19.799999999999986,0.32798416302127464
19.999999999999986,0.36040004050230057
20.199999999999985,0.39629439070026007
20.399999999999984,0.43605511597470226
20.599999999999984,0.480165710200934
20.799999999999983,0.5292367082242408
20.999999999999982,0.5839829022752812
21.19999999999998,0.6455452263822586
21.39999999999998,0.7141254356851202
21.59999999999998,0.7905995112817612
21.79999999999998,0.8774078652611516
21.99999999999998,0.9752985142557421
22.199999999999978,1.0852284861367778
22.399999999999977,1.2099724290336196
22.599999999999977,1.3549211106086456
22.799999999999976,1.5218986709953741
22.999999999999975,1.7135738194707015
23.199999999999974,1.9377692478714665
23.399999999999974,2.1954493863533266
23.599999999999973,2.501793722215238
23.799999999999972,2.8593144112604336
23.99999999999997,3.274398790820935
24.19999999999997,3.7629434130775365
24.39999999999997,4.356350530550952
24.59999999999997,5.063679179208625
24.79999999999997,5.886273954909176
24.999999999999968,6.88940246550509
25.199999999999967,8.090653022269148
25.399999999999967,9.530609545471325
25.599999999999966,11.258046218271652
25.799999999999965,13.331574123063751
25.999999999999964,15.821620758905874
26.199999999999964,18.81282201465622
26.399999999999963,22.340791286867375
26.599999999999962,26.643028820810198
26.79999999999996,31.81383499000421
26.99999999999996,38.0291307560052
