mags_ab,pos_errs_mas
16.0,0.16463272046179103
16.2,0.1780861628207982
16.4,0.19212483254250587
16.599999999999998,0.20609494880606805
16.799999999999997,0.22124991152388063
16.999999999999996,0.23756277064312833
17.199999999999996,0.17680423404454632
17.399999999999995,0.1920604217165438
17.599999999999994,0.18340207807335446
17.799999999999994,0.18994277068515286
17.999999999999993,0.20815414026051302
18.199999999999992,0.22823534373076657
18.39999999999999,0.2503907817013439
18.59999999999999,0.27482584102511837
18.79999999999999,0.30176118505668614
18.99999999999999,0.33151749170402717
19.19999999999999,0.36444492467033845
19.399999999999988,0.4009315030558937
19.599999999999987,0.44142975016216757
19.799999999999986,0.4864551935632048
19.999999999999986,0.5362195558535453
20.199999999999985,0.5919333130405863
20.399999999999984,0.6541354510206433
20.599999999999984,0.7218854850737235
20.799999999999983,0.7997773657873223
20.999999999999982,0.8876271202320238
21.19999999999998,0.9873147038434746
21.39999999999998,1.1007590150645223
21.59999999999998,1.2306073556721344
21.79999999999998,1.3778290283123402
21.99999999999998,1.5374721227824613
22.199999999999978,1.7193223327665004
22.399999999999977,1.9415286198754738
22.599999999999977,2.2004946975673563
22.799999999999976,2.5043721207967726
22.999999999999975,2.862064439487331
23.199999999999974,3.28469612404951
23.399999999999974,3.7857247485811216
23.599999999999973,4.319618976252215
23.799999999999972,4.996055586716274
23.99999999999997,5.817071436347472
24.19999999999997,6.798340462765014
24.39999999999997,7.97282257899027
24.59999999999997,9.380141898462949
24.79999999999997,11.067923887685922
24.999999999999968,13.093395805278297
25.199999999999967,15.461001344911848
25.399999999999967,18.365678383470325
25.599999999999966,21.855375131805314
25.799999999999965,26.048775702818027
25.999999999999964,31.088524337236052
26.199999999999964,37.14607871014473
26.399999999999963,44.427550195232065
26.599999999999962,53.1806877999047
26.79999999999996,63.70333916808852
26.99999999999996,76.35355265835223
