mags_ab,pos_errs_mas
16.0,0.21009702042300027
16.2,0.2277296559903849
16.4,0.24628989847074206
16.599999999999998,0.26473232948719394
16.799999999999997,0.28529134565627756
16.999999999999996,0.18433745197506785
17.199999999999996,0.1993601465800798
17.399999999999995,0.21610981823807884
17.599999999999994,0.17530122032399834
17.799999999999994,0.19094242374346268
17.999999999999993,0.1723628675326657
18.199999999999992,0.18795915586109643
18.39999999999999,0.2050331590459014
18.59999999999999,0.2236135115970649
18.79999999999999,0.18603840613235773
18.99999999999999,0.20302057920576666
19.19999999999999,0.18507040192227242
19.399999999999988,0.20220558584839377
19.599999999999987,0.19736856864483096
19.799999999999986,0.1914866281044434
19.999999999999986,0.2038112013981351
20.199999999999985,0.22354720584899343
20.399999999999984,0.24530725417521806
20.599999999999984,0.26940353863085925
20.799999999999983,0.2960933852439051
20.999999999999982,0.32575315234233904
21.19999999999998,0.3586799346294205
21.39999999999998,0.3954516119153407
21.59999999999998,0.43654289174294236
21.79999999999998,0.4824787693300331
21.99999999999998,0.5339842302506138
22.199999999999978,0.5920467986131486
22.399999999999977,0.6584106838300541
22.599999999999977,0.7331046017282214
22.799999999999976,0.8183627706187353
22.999999999999975,0.9161601077988366
23.199999999999974,1.0287762056709562
23.399999999999974,1.1592851037551521
23.599999999999973,1.3108372532336294
23.799999999999972,1.4882563115587306
23.99999999999997,1.6974413864945521
24.19999999999997,1.941819973161733
24.39999999999997,2.2308427846782877
24.59999999999997,2.5740825745486835
24.79999999999997,2.982461024711458
24.999999999999968,3.4694545460995294
25.199999999999967,4.0512891035060665
25.399999999999967,4.747483260504935
25.599999999999966,5.581505267755572
25.799999999999965,6.581562460570269
25.999999999999964,7.7815506936611945
26.199999999999964,9.222202310497224
26.399999999999963,10.952465763025083
26.599999999999962,13.026384070206031
26.79999999999996,15.521557439132181
26.99999999999996,18.520257414078845
