mags_ab,pos_errs_mas
16.0,0.16395043176338106
16.2,0.17728067067898415
16.4,0.18210964613568173
16.599999999999998,0.1931709457545212
16.799999999999997,0.20201699385941865
16.999999999999996,0.15423373545704916
17.199999999999996,0.16340802483824723
17.399999999999995,0.16893318883908998
17.599999999999994,0.1498935098281546
17.799999999999994,0.1423939353670514
17.999999999999993,0.1531740103852394
18.199999999999992,0.1677811915443277
18.39999999999999,0.1650124457434973
18.59999999999999,0.16712993158068945
18.79999999999999,0.17965722636334894
18.99999999999999,0.19280290208819273
19.19999999999999,0.21303074391758947
19.399999999999988,0.23586182476006198
19.599999999999987,0.2617549019064134
19.799999999999986,0.29110955439249625
19.999999999999986,0.324615469397212
20.199999999999985,0.36303640597973114
20.399999999999984,0.4073043119126404
20.599999999999984,0.4585565476572863
20.799999999999983,0.5186997100962901
20.999999999999982,0.5884346539643731
21.19999999999998,0.6702909976280623
21.39999999999998,0.7667639320523896
21.59999999999998,0.8808761365028681
21.79999999999998,1.0167135362037565
21.99999999999998,1.1778562525643297
22.199999999999978,1.3700243829838756
22.399999999999977,1.5996205136441408
22.599999999999977,1.8743467992724934
22.799999999999976,2.20346379842924
22.999999999999975,2.598102378661104
23.199999999999974,3.0716384999281328
23.399999999999974,3.640146139909095
23.599999999999973,4.322940373899095
23.799999999999972,5.143233567721917
23.99999999999997,6.12892197016581
24.19999999999997,7.313535869936543
24.39999999999997,8.737376864196195
24.59999999999997,10.44888926247356
24.79999999999997,12.506308928519893
24.999999999999968,14.97964281370682
25.199999999999967,17.95305191526771
25.399999999999967,21.527714466766625
25.599999999999966,25.825267248206924
25.799999999999965,30.991951277065017
25.999999999999964,37.20357628287968
26.199999999999964,44.67150975960478
26.399999999999963,53.649878259005476
26.599999999999962,64.44419649442534
26.79999999999996,77.4217746565443
26.99999999999996,93.02420939217662
