mags_ab,pos_errs_mas
16.0,0.16014991560465805
16.2,0.15391477764742717
16.4,0.14890449202834494
16.599999999999998,0.14958121361768983
16.799999999999997,0.16323572141199938
16.999999999999996,0.17052960264012101
17.199999999999996,0.14546386013678986
17.399999999999995,0.1559487337876938
17.599999999999994,0.14992309696508166
17.799999999999994,0.16413521875057452
17.999999999999993,0.16716484886227015
18.199999999999992,0.1749092092648711
18.39999999999999,0.1848634408326529
18.59999999999999,0.20353227426069914
18.79999999999999,0.22443381450889274
18.99999999999999,0.2478662794377553
19.19999999999999,0.27417175929538107
19.399999999999988,0.303849452241242
19.599999999999987,0.3374607912916579
19.799999999999986,0.37568930877686046
19.999999999999986,0.4196583925869118
20.199999999999985,0.4699211259629939
20.399999999999984,0.5277629884455836
20.599999999999984,0.5947996148812273
20.799999999999983,0.6728660193112843
20.999999999999982,0.7641966837728822
21.19999999999998,0.8718830730742786
21.39999999999998,0.9987598720354534
21.59999999999998,1.1489937444957043
21.79999999999998,1.327032173544126
21.99999999999998,1.5389889230845388
22.199999999999978,1.7918769332490032
22.399999999999977,2.094137979761567
22.599999999999977,2.4578573493909586
22.799999999999976,2.892354819951727
22.999999999999975,3.4126288529950557
23.199999999999974,4.037000121305521
23.399999999999974,4.786667988302513
23.599999999999973,5.687106518890601
23.799999999999972,6.770906213018404
23.99999999999997,8.07111552475882
24.19999999999997,9.633765716981792
24.39999999999997,11.512020776903942
24.59999999999997,13.769786578938302
24.79999999999997,16.483886475796837
24.999999999999968,19.74667240488658
25.199999999999967,23.669168680444766
25.399999999999967,28.384848926973508
25.599999999999966,34.05417613147801
25.799999999999965,40.87007127221712
25.999999999999964,49.06446288570741
26.199999999999964,58.916187273788175
26.399999999999963,70.7604899897625
26.599999999999962,85.00040653107915
26.79999999999996,102.12049478966149
26.99999999999996,122.70331105175141
