mags_ab,pos_errs_mas
16.0,0.36152171790497284
16.2,0.23246802579573556
16.4,0.25138013668853226
16.599999999999998,0.2692106029516798
16.799999999999997,0.288614559718424
16.999999999999996,0.30956146161032533
17.199999999999996,0.32846992098492156
17.399999999999995,0.3482613468585791
17.599999999999994,0.22165322524420628
17.799999999999994,0.24059413907047308
17.999999999999993,0.2604823960441351
18.199999999999992,0.2238406496361883
18.39999999999999,0.21653667554686845
18.59999999999999,0.23533326658410123
18.79999999999999,0.2578958309798003
18.99999999999999,0.2827465449637244
19.19999999999999,0.31016779986540355
19.399999999999988,0.3404623307539243
19.599999999999987,0.3738828107980614
19.799999999999986,0.41088722673854283
19.999999999999986,0.45184790800813085
20.199999999999985,0.4973058755908742
20.399999999999984,0.5477284689361783
20.599999999999984,0.6037240640747454
20.799999999999983,0.6664271716717606
20.999999999999982,0.7362973118797341
21.19999999999998,0.8147483933222686
21.39999999999998,0.9023913826747375
21.59999999999998,1.0001624954230666
21.79999999999998,1.1125680339216006
21.99999999999998,1.2379530286974292
22.199999999999978,1.3813890754627345
22.399999999999977,1.5456359504266644
22.599999999999977,1.7345324552128514
22.799999999999976,1.9550745377197418
22.999999999999975,2.2007374658344467
23.199999999999974,2.497526982353251
23.399999999999974,2.8395385562213566
23.599999999999973,3.2482086892859487
23.799999999999972,3.720944897691608
23.99999999999997,4.2894655381538245
24.19999999999997,4.965093259088891
24.39999999999997,5.739706830053316
24.59999999999997,6.694211624756055
24.79999999999997,7.833164398423335
24.999999999999968,9.19921061453924
25.199999999999967,10.837159586441445
25.399999999999967,12.802145821499357
25.599999999999966,15.160841316554091
25.799999999999965,17.93298557451568
25.999999999999964,21.216885391438282
26.199999999999964,25.083824795467805
26.399999999999963,29.907282861859642
26.599999999999962,35.544318528833415
26.79999999999996,42.115539131600435
26.99999999999996,50.372012757929525
