mags_ab,pos_errs_mas
16.0,0.19022964048651103
16.2,0.20492594896873553
16.4,0.21831474533509757
16.599999999999998,0.1727549952294878
16.799999999999997,0.18677488366629216
16.999999999999996,0.20469360690356453
17.199999999999996,0.22444461570261104
17.399999999999995,0.24622174240630018
17.599999999999994,0.270249470746874
17.799999999999994,0.2967158615866304
17.999999999999993,0.3258605514202142
18.199999999999992,0.35813695615150637
18.39999999999999,0.39386902828253006
18.59999999999999,0.43348861369565755
18.79999999999999,0.47750074885139804
18.99999999999999,0.5264704599067226
19.19999999999999,0.5810669499485953
19.399999999999988,0.6406392217769725
19.599999999999987,0.708284722727181
19.799999999999986,0.7814777595043307
19.999999999999986,0.8662895084574529
20.199999999999985,0.9621104361183245
20.399999999999984,1.0709389248833114
20.599999999999984,1.1933069045846871
20.799999999999983,1.3343856897026538
20.999999999999982,1.4950654905887006
21.19999999999998,1.6594244820426598
21.39999999999998,1.8623122002233592
21.59999999999998,2.1041723082627577
21.79999999999998,2.386592774532068
21.99999999999998,2.71740847685154
22.199999999999978,3.1073672090117697
22.399999999999977,3.5674622923370802
22.599999999999977,4.025920346510046
22.799999999999976,4.620663844879369
22.999999999999975,5.342294751102387
23.199999999999974,6.215463896261815
23.399999999999974,7.258948080139995
23.599999999999973,8.507587703861782
23.799999999999972,10.003479488108388
23.99999999999997,11.73068844409668
24.19999999999997,13.709277785960223
24.39999999999997,16.169268197788785
24.59999999999997,19.184538769699596
24.79999999999997,22.80655046041124
24.999999999999968,27.15846138697641
25.199999999999967,32.38829295506903
25.399999999999967,38.673959761947835
25.599999999999966,46.019825900024244
25.799999999999965,55.05181647711405
25.999999999999964,65.90938271328825
26.199999999999964,78.96197084687873
26.399999999999963,94.65373711320375
26.599999999999962,113.51863071781021
26.79999999999996,136.19859197273996
26.99999999999996,163.4653532930653
