mags_ab,pos_errs_mas
16.0,inf
16.2,inf
16.4,inf
16.599999999999998,inf
16.799999999999997,0.23744809266359457
16.999999999999996,0.246308041356482
17.199999999999996,0.25980273284301025
17.399999999999995,0.2663931592249707
17.599999999999994,0.28211864377497553
17.799999999999994,0.2872153766410961
17.999999999999993,0.19107003038280707
18.199999999999992,0.20695961776558602
18.39999999999999,0.22244920525945927
18.59999999999999,0.23940570218244628
18.79999999999999,0.2566078632804812
18.99999999999999,0.20128307681073862
19.19999999999999,0.220610121431251
19.399999999999988,0.2419522151904086
19.599999999999987,0.26553128319256997
19.799999999999986,0.2915477158934156
19.999999999999986,0.3202808348004497
20.199999999999985,0.3521209736504088
20.399999999999984,0.3874748738193052
20.599999999999984,0.4267751344105462
20.799999999999983,0.4705363479301318
20.999999999999982,0.5192703286039965
21.19999999999998,0.5732328037819117
21.39999999999998,0.6343174441211137
21.59999999999998,0.7030076324795771
21.79999999999998,0.7806144516720546
21.99999999999998,0.8678134318401919
22.199999999999978,0.9658767264741035
22.399999999999977,1.078523453485922
22.599999999999977,1.2091269343406477
22.799999999999976,1.360000951998736
22.999999999999975,1.5330460013270981
23.199999999999974,1.7184964659049042
23.399999999999974,1.950902404017772
23.599999999999973,2.223095069651321
23.799999999999972,2.5446487253042336
23.99999999999997,2.924226261128769
24.19999999999997,3.3689707758253014
24.39999999999997,3.886966397154579
24.59999999999997,4.521092950961463
24.79999999999997,5.265908705849926
24.999999999999968,6.169249056647808
25.199999999999967,7.208590585024221
25.399999999999967,8.465435890910566
25.599999999999966,9.893901338386279
25.799999999999965,11.713242216778907
25.999999999999964,13.897954591064131
26.199999999999964,16.522291340228456
26.399999999999963,19.675489815933098
26.599999999999962,23.464799290529857
26.79999999999996,28.01912984616853
26.99999999999996,33.493429092179106
