mags_ab,pos_errs_mas
16.0,inf
16.2,inf
16.4,0.25945829114330454
16.599999999999998,0.28347341867277087
16.799999999999997,0.3006516189005072
16.999999999999996,0.20901088206587157
17.199999999999996,0.2260476678462161
17.399999999999995,0.2404780864088591
17.599999999999994,0.1864540177064202
17.799999999999994,0.19970901852269643
17.999999999999993,0.21489603699678697
18.199999999999992,0.18085332414399707
18.39999999999999,0.19670203228964417
18.59999999999999,0.2141283208847831
18.79999999999999,0.18756463695843334
18.99999999999999,0.20452007230744965
19.19999999999999,0.18521480267690743
19.399999999999988,0.20223321183906484
19.599999999999987,0.19605972646682204
19.799999999999986,0.19604209799248384
19.999999999999986,0.20870209534455234
20.199999999999985,0.22888950214196202
20.399999999999984,0.2512568239929891
20.599999999999984,0.2761185729114684
20.799999999999983,0.3035131988966604
20.999999999999982,0.3339287258146162
21.19999999999998,0.36771726229338586
21.39999999999998,0.4053221874441715
21.59999999999998,0.4473131886332774
21.79999999999998,0.49433470096783144
21.99999999999998,0.5472366829064311
22.199999999999978,0.6070132243116148
22.399999999999977,0.6742757480930688
22.599999999999977,0.7513165215133787
22.799999999999976,0.8384411500193423
22.999999999999975,0.9383477732915695
23.199999999999974,1.0534026440204591
23.399999999999974,1.1866344992664195
23.599999999999973,1.3412492633239532
23.799999999999972,1.5211975480997153
23.99999999999997,1.7336883623149275
24.19999999999997,1.9829797036803043
24.39999999999997,2.2777502232739706
24.59999999999997,2.6274259463127483
24.79999999999997,3.039650963313271
24.999999999999968,3.5294100013478826
25.199999999999967,4.118398717316442
25.399999999999967,4.822968139536649
25.599999999999966,5.66685044891664
25.799999999999965,6.6785701598119385
25.999999999999964,7.892407472265692
26.199999999999964,9.34955510034564
26.399999999999963,11.099513886438755
26.599999999999962,13.201769166544146
26.79999999999996,15.713049396287502
26.99999999999996,18.743760526378164
