mags_ab,pos_errs_mas
16.0,0.16643537306380787
16.2,0.17635460432796068
16.4,0.19125690260540404
16.599999999999998,0.14385142427017664
16.799999999999997,0.15306075399823196
16.999999999999996,0.16524342211420429
17.199999999999996,0.17641107770581205
17.399999999999995,0.14121483517067854
17.599999999999994,0.15117913283308432
17.799999999999994,0.16496812715985423
17.999999999999993,0.1525896219976427
18.199999999999992,0.15110045205232808
18.39999999999999,0.16515309601903716
18.59999999999999,0.16910283409823149
18.79999999999999,0.1701910498776435
18.99999999999999,0.18264227627042648
19.19999999999999,0.2002022834666878
19.399999999999988,0.21957540675609186
19.599999999999987,0.24096149622037405
19.799999999999986,0.2645881995837156
19.999999999999986,0.2908726146483716
20.199999999999985,0.31994787321557117
20.399999999999984,0.35204086410926677
20.599999999999984,0.38769179195934395
20.799999999999983,0.42737926300541085
20.999999999999982,0.47166903930680204
21.19999999999998,0.5212342451246714
21.39999999999998,0.5772144351419003
21.59999999999998,0.6403422020156907
21.79999999999998,0.7113966023579237
21.99999999999998,0.7918743494256522
22.199999999999978,0.8836563142025576
22.399999999999977,0.9888504455384195
22.599999999999977,1.1099562901135447
22.799999999999976,1.2497850281055682
22.999999999999975,1.4133611481882487
23.199999999999974,1.603422313468146
23.399999999999974,1.8264165752889256
23.599999999999973,2.0891251110421205
23.799999999999972,2.399763488391677
23.99999999999997,2.7682660276094677
24.19999999999997,3.204983792751685
24.39999999999997,3.7257230751427937
24.59999999999997,4.348126843445336
24.79999999999997,5.09270790298336
24.999999999999968,5.984549290293944
25.199999999999967,7.053800401039536
25.399999999999967,8.336693296423316
25.599999999999966,9.874213867871498
25.799999999999965,11.722129019982024
25.999999999999964,13.94205360199919
26.199999999999964,16.6094784085466
26.399999999999963,19.815137896485275
26.599999999999962,23.668088075201318
26.79999999999996,28.299420964485396
26.99999999999996,33.86671484155257
