mags_ab,pos_errs_mas
16.0,inf
16.2,0.31059460422698243
16.4,0.3262591943833909
16.599999999999998,0.3450059558517457
16.799999999999997,0.3656016472579296
16.999999999999996,0.38725258498095316
17.199999999999996,0.3947535616620565
17.399999999999995,0.2637579883224263
17.599999999999994,0.28316191372083865
17.799999999999994,0.3046765675256679
17.999999999999993,0.32622379202681134
18.199999999999992,0.34934152977225036
18.39999999999999,0.2529486949831856
18.59999999999999,0.27177125100100735
18.79999999999999,0.2979520056903538
18.99999999999999,0.32685627007421636
19.19999999999999,0.35877144275119405
19.399999999999988,0.3941458181768121
19.599999999999987,0.43335519803472206
19.799999999999986,0.4767431485576975
19.999999999999986,0.5247633378569653
20.199999999999985,0.5785102425507972
20.399999999999984,0.6378667545125952
20.599999999999984,0.7044971882303921
20.799999999999983,0.7795040541303494
20.999999999999982,0.8630516014294554
21.19999999999998,0.9571074262871596
21.39999999999998,1.0644641418653102
21.59999999999998,1.1848872222553695
21.79999999999998,1.323127224872925
21.99999999999998,1.4796538716234389
22.199999999999978,1.6594033372835164
22.399999999999977,1.8709791949308532
22.599999999999977,2.105430821853429
22.799999999999976,2.380862035221118
22.999999999999975,2.711643626132634
23.199999999999974,3.101294335562782
23.399999999999974,3.5523940870835693
23.599999999999973,4.0843308254536055
23.799999999999972,4.7278939958778246
23.99999999999997,5.4949674167669285
24.19999999999997,6.3882442803834705
24.39999999999997,7.424632367053688
24.59999999999997,8.714969124988032
24.79999999999997,10.261508553945259
24.999999999999968,12.116617738653334
25.199999999999967,14.343226115270667
25.399999999999967,17.016951094717985
25.599999999999966,20.228663757786727
25.799999999999965,24.087575164397382
25.999999999999964,28.724934020958596
26.199999999999964,34.1240007267615
26.399999999999963,40.783621426402156
26.599999999999962,48.78891832291601
26.79999999999996,58.41228639144585
26.99999999999996,69.9811680129016
