mags_ab,pos_errs_mas
16.0,0.37542938358421185
16.2,0.40125838597327657
16.4,0.2738028568432954
16.599999999999998,0.29615399636337414
16.799999999999997,0.32092840410193924
16.999999999999996,0.34895094443224056
17.199999999999996,0.37493885445571246
17.399999999999995,0.4051385345684391
17.599999999999994,0.26205939394740013
17.799999999999994,0.28307790214673906
17.999999999999993,0.22912186154923075
18.199999999999992,0.2497077532603142
18.39999999999999,0.22359840804740141
18.59999999999999,0.24384382682856443
18.79999999999999,0.2659154125451758
18.99999999999999,0.2899451562106541
19.19999999999999,0.2394017770857237
19.399999999999988,0.26119351690220244
19.599999999999987,0.2361404763478227
19.799999999999986,0.25789309358636475
19.999999999999986,0.24990784489342122
20.199999999999985,0.2509665603314957
20.399999999999984,0.2547061000556884
20.599999999999984,0.2792377928212478
20.799999999999983,0.3063826710172666
20.999999999999982,0.33654051256353673
21.19999999999998,0.36990366316580847
21.39999999999998,0.40692655728691457
21.59999999999998,0.44811936330125035
21.79999999999998,0.4940997378430551
21.99999999999998,0.5455178035374018
22.199999999999978,0.6030622207649315
22.399999999999977,0.6677791618012822
22.599999999999977,0.741006174149719
22.799999999999976,0.8237460345668904
22.999999999999975,0.9188925273719868
23.199999999999974,1.0264613224632633
23.399999999999974,1.1501298220505238
23.599999999999973,1.292885085903322
23.799999999999972,1.4581292913754966
23.99999999999997,1.650938749472493
24.19999999999997,1.8766803125149005
24.39999999999997,2.1416764750083455
24.59999999999997,2.4560671575837265
24.79999999999997,2.826260480888633
24.999999999999968,3.265957339734982
25.199999999999967,3.788620948107836
25.399999999999967,4.412925080682533
25.599999999999966,5.159217120406759
25.799999999999965,6.05257939877349
25.999999999999964,7.123162999565675
26.199999999999964,8.40720538359578
26.399999999999963,9.948254903980185
26.599999999999962,11.798637972656243
26.79999999999996,14.021238538662256
26.99999999999996,16.691623866358487
