mags_ab,pos_errs_mas
16.0,0.24974433186490153
16.2,0.2647150833486256
16.4,0.28060656679905316
16.599999999999998,0.2869354352364304
16.799999999999997,0.2916584179018562
16.999999999999996,0.2936609391990112
17.199999999999996,0.20603015781762507
17.399999999999995,0.22221086849854904
17.599999999999994,0.2387916940322687
17.799999999999994,0.25550994512639025
17.999999999999993,0.195540888556555
18.199999999999992,0.21066609746640544
18.39999999999999,0.2308928005978787
18.59999999999999,0.2531865042979607
18.79999999999999,0.2778185867148806
18.99999999999999,0.30496089711877145
19.19999999999999,0.33501975796744116
19.399999999999988,0.3682346847303329
19.599999999999987,0.40490414475622455
19.799999999999986,0.4454542929102813
19.999999999999986,0.49072381555160494
20.199999999999985,0.5411888199829564
20.399999999999984,0.5971757836984932
20.599999999999984,0.6600985768456917
20.799999999999983,0.7293969785891711
20.999999999999982,0.8084484424732673
21.19999999999998,0.8967601614705963
21.39999999999998,0.9942113771319924
21.59999999999998,1.103561545771861
21.79999999999998,1.2309074752035842
21.99999999999998,1.3757843401211383
22.199999999999978,1.5390427341661037
22.399999999999977,1.7323983630547253
22.599999999999977,1.952709339647494
22.799999999999976,2.2015096993470125
22.999999999999975,2.4876150099895598
23.199999999999974,2.8384630719757085
23.399999999999974,3.243693306586484
23.599999999999973,3.731326340363728
23.799999999999972,4.282808918355981
23.99999999999997,4.919845452860306
24.19999999999997,5.698374041001709
24.39999999999997,6.581872858737775
24.59999999999997,7.617456591489059
24.79999999999997,8.93405049752653
24.999999999999968,10.511686319764678
25.199999999999967,12.313180493781504
25.399999999999967,14.560864871503844
25.599999999999966,17.25941665205909
25.799999999999965,20.500527551564204
25.999999999999964,24.394382438576997
26.199999999999964,29.073407768742694
26.399999999999963,34.69677285980095
26.599999999999962,41.455788827361324
26.79999999999996,49.212795790271706
26.99999999999996,58.88868579659584
