mags_ab,pos_errs_mas
16.0,0.3759403253798037
16.2,0.4027283737580416
16.4,0.2764513777602433
16.599999999999998,0.29844447892671766
16.799999999999997,0.3240144160381299
16.999999999999996,0.3478979850881653
17.199999999999996,0.37575307321356627
17.399999999999995,0.40584381970872335
17.599999999999994,0.43435588509788864
17.799999999999994,0.2448819523247536
17.999999999999993,0.26395474781708184
18.199999999999992,0.2867891993199498
18.39999999999999,0.3097941413603351
18.59999999999999,0.335679208414425
18.79999999999999,0.36284188074731194
18.99999999999999,0.24435869596599938
19.19999999999999,0.2663910169951867
19.399999999999988,0.29033636118704115
19.599999999999987,0.24584469128578706
19.799999999999986,0.22994491911198844
19.999999999999986,0.25120951601791014
20.199999999999985,0.274570600356726
20.399999999999984,0.2545051898722111
20.599999999999984,0.2425389734562661
20.799999999999983,0.25459889151182585
20.999999999999982,0.2652725063907502
21.19999999999998,0.29186941678718586
21.39999999999998,0.3216373503934093
21.59999999999998,0.3550253551374903
21.79999999999998,0.3925122258176729
21.99999999999998,0.4347734029974922
22.199999999999978,0.4825412651757766
22.399999999999977,0.5368182162939202
22.599999999999977,0.5988945501481504
22.799999999999976,0.6701235849729477
22.999999999999975,0.7519800123824603
23.199999999999974,0.8467468508913348
23.399999999999974,0.9573688108981654
23.599999999999973,1.0872118644316373
23.799999999999972,1.2385097774232487
23.99999999999997,1.4168124462230505
24.19999999999997,1.627705220778195
24.39999999999997,1.8779412196470306
24.59999999999997,2.175671971702312
24.79999999999997,2.530722702323938
24.999999999999968,2.9549226809393985
25.199999999999967,3.4625026567943658
25.399999999999967,4.073903043530476
25.599999999999966,4.803083364784196
25.799999999999965,5.678022090328155
25.999999999999964,6.728415742133693
26.199999999999964,7.989950748045525
26.399999999999963,9.505514842663738
26.599999999999962,11.326647702151234
26.79999999999996,13.515298357559452
26.99999999999996,16.145923992804835
