mags_ab,pos_errs_mas
16.0,0.1949369317714621
16.2,0.20925150055606678
16.4,0.17829834990966312
16.599999999999998,0.19350031875418822
16.799999999999997,0.21222820829688951
16.999999999999996,0.23290553766388417
17.199999999999996,0.25576692559617603
17.399999999999995,0.2810683499806534
17.599999999999994,0.30911021515737885
17.799999999999994,0.34024034793618385
17.999999999999993,0.3748375382407951
18.199999999999992,0.413282221306909
18.39999999999999,0.45602231555617356
18.59999999999999,0.5040541936352487
18.79999999999999,0.5580141201790727
18.99999999999999,0.6188377841636565
19.19999999999999,0.6876129190232724
19.399999999999988,0.7657285407519773
19.599999999999987,0.852815098211222
19.799999999999986,0.9541255119526099
19.999999999999986,1.0708135606629248
20.199999999999985,1.2058380753981688
20.399999999999984,1.362874904903283
20.599999999999984,1.5446445217467064
20.799999999999983,1.7566836244667574
20.999999999999982,1.9991193739833035
21.19999999999998,2.2942857283823503
21.39999999999998,2.6442059431006415
21.59999999999998,3.0602295579841656
21.79999999999998,3.5560402626642897
21.99999999999998,4.148118945324576
22.199999999999978,4.797159361000182
22.399999999999977,5.630297058899953
22.599999999999977,6.6288292766218
22.799999999999976,7.826564682054198
22.999999999999975,9.26413134946787
23.199999999999974,10.948876544001438
23.399999999999974,13.0125115354253
23.599999999999973,15.491928840385018
23.799999999999972,18.471459059526744
23.99999999999997,22.052458587722267
24.19999999999997,26.356764331835443
24.39999999999997,31.530828583611566
24.59999999999997,37.750702986158615
24.79999999999997,45.228033474110184
24.999999999999968,54.21725325482145
25.199999999999967,65.02424650481733
25.399999999999967,78.0167525233373
25.599999999999966,93.63687566069497
25.799999999999965,112.41615352689954
25.999999999999964,134.99360023472366
26.199999999999964,162.13747450112223
26.399999999999963,194.77145945971012
26.599999999999962,234.00601826014235
26.79999999999996,281.1762295496503
26.99999999999996,337.8871846076814
