mags_ab,pos_errs_mas
16.0,0.23169038159665992
16.2,0.2370197505599262
16.4,0.16698506163967755
16.599999999999998,0.18116294272987937
16.799999999999997,0.19112940585173316
16.999999999999996,0.20535043841572465
17.199999999999996,0.21980995648962504
17.399999999999995,0.2369984774270423
17.599999999999994,0.2546670222799548
17.799999999999994,0.15384198944872315
17.999999999999993,0.16502103179892655
18.199999999999992,0.17794520307372627
18.39999999999999,0.1484233606972306
18.59999999999999,0.16195641897597995
18.79999999999999,0.15260565086884245
18.99999999999999,0.16665800185151383
19.19999999999999,0.18208316802401117
19.399999999999988,0.1721262611071644
19.599999999999987,0.17529181024098964
19.799999999999986,0.17819716713264003
19.999999999999986,0.19124551030211087
20.199999999999985,0.2097006794138209
20.399999999999984,0.23008703370765102
20.599999999999984,0.25262421149930625
20.799999999999983,0.2777838162685327
20.999999999999982,0.3054711934231914
21.19999999999998,0.3361617817268976
21.39999999999998,0.37028375358379945
21.59999999999998,0.4083085462551468
21.79999999999998,0.4507915685135421
21.99999999999998,0.4983951907298243
22.199999999999978,0.5520432332804404
22.399999999999977,0.6132906675045209
22.599999999999977,0.6817162972940275
22.799999999999976,0.7595559102802864
22.999999999999975,0.8485092393587762
23.199999999999974,0.950645938046392
23.399999999999974,1.0685034621643006
23.599999999999973,1.205076773240982
23.799999999999972,1.3641583528917411
23.99999999999997,1.5515058609403507
24.19999999999997,1.7703556958810995
24.39999999999997,2.0285987035430346
24.59999999999997,2.3343926963706534
24.79999999999997,2.697595452570906
24.999999999999968,3.1295160278765386
25.199999999999967,3.6446152832191476
25.399999999999967,4.260328572870635
25.599999999999966,4.99733595419205
25.799999999999965,5.8805085369967385
25.999999999999964,6.939736842799688
26.199999999999964,8.210940291478842
26.399999999999963,9.737283895355974
26.599999999999962,11.57063473156659
26.79999999999996,13.771408723984116
26.99999999999996,16.416763843236552
