mags_ab,pos_errs_mas
16.0,inf
16.2,0.310886277786198
16.4,0.3272238175314981
16.599999999999998,0.3483390246556155
16.799999999999997,0.36940066462594856
16.999999999999996,0.3932660018078345
17.199999999999996,0.2595274990554021
17.399999999999995,0.280138716655831
17.599999999999994,0.30095344022798204
17.799999999999994,0.32366755445892703
17.999999999999993,0.3461302347749041
18.199999999999992,0.2560667261851898
18.39999999999999,0.2775209238209075
18.59999999999999,0.30127433636131773
18.79999999999999,0.25596978872838366
18.99999999999999,0.2804098294076488
19.19999999999999,0.3073906203170794
19.399999999999988,0.33716099315514064
19.599999999999987,0.37000545737785256
19.799999999999986,0.40635812506563845
19.999999999999986,0.44651674417235626
20.199999999999985,0.4910841072578816
20.399999999999984,0.5402283636058652
20.599999999999984,0.5951177740026539
20.799999999999983,0.655458634183892
20.999999999999982,0.7233789200865719
21.19999999999998,0.7988370687985077
21.39999999999998,0.8834056231058924
21.59999999999998,0.978868727854187
21.79999999999998,1.0861172565875152
21.99999999999998,1.2063262430507184
22.199999999999978,1.340337440982214
22.399999999999977,1.4971745589713246
22.599999999999977,1.67723114088369
22.799999999999976,1.8739842904886068
22.999999999999975,2.107537804180936
23.199999999999974,2.381534897922756
23.399999999999974,2.695866741061148
23.599999999999973,3.0695474057002863
23.799999999999972,3.5003831089405066
23.99999999999997,4.017839118324672
24.19999999999997,4.631350921797428
24.39999999999997,5.342666021388854
24.59999999999997,6.20710652033057
24.79999999999997,7.17920969503306
24.999999999999968,8.39552956185941
25.199999999999967,9.852086310575764
25.399999999999967,11.588356579759468
25.599999999999966,13.680427801220496
25.799999999999965,16.185501828936257
25.999999999999964,19.199233812145618
26.199999999999964,22.637600638278293
26.399999999999963,26.943715024996436
26.599999999999962,31.929370655240447
26.79999999999996,38.107806616435795
26.99999999999996,45.534023810634146
