mags_ab,pos_errs_mas
16.0,0.20686800241034042
16.2,0.22276457740176972
16.4,0.17026753346529158
16.599999999999998,0.18359612672869705
16.799999999999997,0.1994942751038289
16.999999999999996,0.2169097142351021
17.199999999999996,0.17409304611735044
17.399999999999995,0.1894195045681479
17.599999999999994,0.20625428757732028
17.799999999999994,0.17175944189704162
17.999999999999993,0.18726100373089138
18.199999999999992,0.1783153039385841
18.39999999999999,0.17942928431796454
18.59999999999999,0.18286279794197555
18.79999999999999,0.19734676753897673
18.99999999999999,0.2163034845423629
19.19999999999999,0.23728008118219077
19.399999999999988,0.2603206677890274
19.599999999999987,0.2857611083049737
19.799999999999986,0.3138680435348343
19.999999999999986,0.34496025699921473
20.199999999999985,0.3793865983766065
20.399999999999984,0.4175847631508058
20.599999999999984,0.46018898385262236
20.799999999999983,0.507384797056111
20.999999999999982,0.5600414502376913
21.19999999999998,0.6195713075013626
21.39999999999998,0.6856072335953617
21.59999999999998,0.759909305835057
21.79999999999998,0.8437458976175981
21.99999999999998,0.9388051758191567
22.199999999999978,1.0474625889829017
22.399999999999977,1.1719515798314917
22.599999999999977,1.312456767184166
22.799999999999976,1.4759871513140632
22.999999999999975,1.6657962297991973
23.199999999999974,1.8871105878009442
23.399999999999974,2.1462458071676833
23.599999999999973,2.451044262154083
23.799999999999972,2.809290243679158
23.99999999999997,3.2327960799799484
24.19999999999997,3.7354342754760164
24.39999999999997,4.3332020395740445
24.59999999999997,5.050285589370479
24.79999999999997,5.894817919788184
24.999999999999968,6.889597840430039
25.199999999999967,8.095584065065859
25.399999999999967,9.552242147516319
25.599999999999966,11.30034847557596
25.799999999999965,13.399256934957887
25.999999999999964,15.92029055701367
26.199999999999964,18.94916058163726
26.399999999999963,22.588884968988026
26.599999999999962,26.963274975326083
26.79999999999996,32.22115734456849
26.99999999999996,38.54142334411569
