mags_ab,pos_errs_mas
16.0,0.37572146688934066
16.2,0.40317800297177475
16.4,0.2734195986749967
16.599999999999998,0.29695083214552714
16.799999999999997,0.32152544135828576
16.999999999999996,0.3496096498603842
17.199999999999996,0.3750669513537166
17.399999999999995,0.40528500628819825
17.599999999999994,0.26222623561464997
17.799999999999994,0.28313102028789344
17.999999999999993,0.3062536457742416
18.199999999999992,0.33202971156511674
18.39999999999999,0.24235949665423936
18.59999999999999,0.26363286572196404
18.79999999999999,0.28716591068686004
18.99999999999999,0.3126177384200573
19.19999999999999,0.24335717061484147
19.399999999999988,0.2655022312394105
19.599999999999987,0.23679843384629315
19.799999999999986,0.2586521583229098
19.999999999999986,0.24874426913607106
20.199999999999985,0.24847620798111442
20.399999999999984,0.2540185610300085
20.599999999999984,0.2605651206943468
20.799999999999983,0.28615432189087014
20.999999999999982,0.3145857457484131
21.19999999999998,0.3463076322405292
21.39999999999998,0.38168552196757954
21.59999999999998,0.4212177933815757
21.79999999999998,0.4655716826180683
21.99999999999998,0.5155444280279927
22.199999999999978,0.5719466512914259
22.399999999999977,0.6359938106220921
22.599999999999977,0.7088726189192153
22.799999999999976,0.7924273779448557
22.999999999999975,0.8883343891663772
23.199999999999974,0.9999113591374001
23.399999999999974,1.1286023898532849
23.599999999999973,1.278734507656223
23.799999999999972,1.4546724902393253
23.99999999999997,1.661717805582889
24.19999999999997,1.9062972684503798
24.39999999999997,2.196186382999686
24.59999999999997,2.540776072558134
24.79999999999997,2.9527558669732414
24.999999999999968,3.4428002671246456
25.199999999999967,4.0288439041217625
25.399999999999967,4.730608237647287
25.599999999999966,5.571799908893777
25.799999999999965,6.580910327785349
25.999999999999964,7.79217477670026
26.199999999999964,9.246733386001345
26.399999999999963,10.9940270672951
26.599999999999962,13.093469304886986
26.79999999999996,15.616471329454013
26.99999999999996,18.648861190997483
