mags_ab,pos_errs_mas
16.0,0.37757108724382454
16.2,0.40512091096290487
16.4,0.2776875810313653
16.599999999999998,0.3010921553464861
16.799999999999997,0.3212070000452408
16.999999999999996,0.3483464153959372
17.199999999999996,0.37625909563227755
17.399999999999995,0.26029105250819107
17.599999999999994,0.2822565338726969
17.799999999999994,0.30506155765405674
17.999999999999993,0.330550924334955
18.199999999999992,0.3585481636924962
18.39999999999999,0.386222297551293
18.59999999999999,0.41688117919165835
18.79999999999999,0.2440777646967914
18.99999999999999,0.2654948875868807
19.19999999999999,0.28913269117169343
19.399999999999988,0.2363052351475124
19.599999999999987,0.25789327107724813
19.799999999999986,0.2379382358406961
19.999999999999986,0.2598782877563169
20.199999999999985,0.28393021776667454
20.399999999999984,0.26062013177604965
20.599999999999984,0.24711773992639335
20.799999999999983,0.2517680867139964
20.999999999999982,0.2762584313973537
21.19999999999998,0.3033684403597945
21.39999999999998,0.3335375270496835
21.59999999999998,0.3670625191814488
21.79999999999998,0.40442871712419826
21.99999999999998,0.44614948838435114
22.199999999999978,0.49295554075869163
22.399999999999977,0.545492876002446
22.599999999999977,0.6048473233602664
22.799999999999976,0.6719440165173144
22.999999999999975,0.748433475603133
23.199999999999974,0.8355755009273608
23.399999999999974,0.9363938480545552
23.599999999999973,1.051760793339297
23.799999999999972,1.1854380959577886
23.99999999999997,1.3411105072314826
24.19999999999997,1.5232058919830693
24.39999999999997,1.7371573210164457
24.59999999999997,1.989460050980701
24.79999999999997,2.2881613432101418
24.999999999999968,2.6446364734443293
25.199999999999967,3.0666805376678385
25.399999999999967,3.5701839922525105
25.599999999999966,4.171572130651111
25.799999999999965,4.891601135653614
25.999999999999964,5.754351104771845
26.199999999999964,6.788557665900119
26.399999999999963,8.029534779250667
26.599999999999962,9.51980795333328
26.79999999999996,11.309774781420327
26.99999999999996,13.459529397949435
