mags_ab,pos_errs_mas
16.0,inf
16.2,inf
16.4,0.26167069116808656
16.599999999999998,0.2829348076241917
16.799999999999997,0.30361618310712957
16.999999999999996,0.21097960136496452
17.199999999999996,0.22448333646295057
17.399999999999995,0.24165200735519451
17.599999999999994,0.18525610256874547
17.799999999999994,0.1998399319089495
17.999999999999993,0.21552059535511972
18.199999999999992,0.23334038994528902
18.39999999999999,0.17651572740330806
18.59999999999999,0.19102581042592418
18.79999999999999,0.2079912011345095
18.99999999999999,0.17231726882371481
19.19999999999999,0.18798500210951632
19.399999999999988,0.1739171587539102
19.599999999999987,0.18996973056032387
19.799999999999986,0.1868019962184596
19.999999999999986,0.18958245214599262
20.199999999999985,0.19616685789472627
20.399999999999984,0.19870591547304772
20.599999999999984,0.21646469919117198
20.799999999999983,0.23783771417759703
20.999999999999982,0.2616265743510317
21.19999999999998,0.2881979596703082
21.39999999999998,0.31771241580244847
21.59999999999998,0.3507401513276359
21.79999999999998,0.387804045436136
21.99999999999998,0.4295069092466141
22.199999999999978,0.47659511934351917
22.399999999999977,0.5300103755223361
22.599999999999977,0.5908693941697867
22.799999999999976,0.6608390385377432
22.999999999999975,0.7413767609999657
23.199999999999974,0.8338628488013464
23.399999999999974,0.9412457759418997
23.599999999999973,1.0665190314635549
23.799999999999972,1.2133252996948183
23.99999999999997,1.3860888044325614
24.19999999999997,1.5901729598409224
24.39999999999997,1.8320664321893947
24.59999999999997,2.1196058607513737
24.79999999999997,2.462914895610955
24.999999999999968,2.871776189856102
25.199999999999967,3.3607367574858054
25.399999999999967,3.9462516356625765
25.599999999999966,4.648101363456783
25.799999999999965,5.4900568953638045
25.999999999999964,6.500683894946309
26.199999999999964,7.714308204669142
26.399999999999963,9.172180399413524
26.599999999999962,10.923873962913515
26.79999999999996,13.028971003876585
26.99999999999996,15.559084296248818
