mags_ab,pos_errs_mas
16.0,inf
16.2,0.30930014602781325
16.4,0.3264871684673536
16.599999999999998,0.3460246529802778
16.799999999999997,0.36676073837231693
16.999999999999996,0.3885728141291817
17.199999999999996,0.276536070910855
17.399999999999995,0.29798742094543595
17.599999999999994,0.31910692354125386
17.799999999999994,0.3419631827115455
17.999999999999993,0.2671281614294044
18.199999999999992,0.2900033208198451
18.39999999999999,0.2705909516524795
18.59999999999999,0.2966763353673002
18.79999999999999,0.3254520511101349
18.99999999999999,0.3572359054518405
19.19999999999999,0.39249725443481465
19.399999999999988,0.4315761952803668
19.599999999999987,0.474811144950391
19.799999999999986,0.5225614346755675
19.999999999999986,0.5761131200427735
20.199999999999985,0.635049471003775
20.399999999999984,0.7012226181859781
20.599999999999984,0.7758568864759477
20.799999999999983,0.8585100057633586
20.999999999999982,0.9515276669811079
21.19999999999998,1.0581548481859524
21.39999999999998,1.1757885248744595
21.59999999999998,1.3133919045068254
21.79999999999998,1.4632792055380979
21.99999999999998,1.6429472252726771
22.199999999999978,1.8435586670048945
22.399999999999977,2.0676544522197897
22.599999999999977,2.3420092204240532
22.799999999999976,2.6633434774525564
22.999999999999975,3.0319324500339637
23.199999999999974,3.4638717986114074
23.399999999999974,3.9859793873891958
23.599999999999973,4.606096341816106
23.799999999999972,5.321738252034309
23.99999999999997,6.194330205851619
24.19999999999997,7.160683497005819
24.39999999999997,8.386711137756537
24.59999999999997,9.853941680919489
24.79999999999997,11.6174504982864
24.999999999999968,13.72856104054099
25.199999999999967,16.267757303992166
25.399999999999967,19.262404013852965
25.599999999999966,22.91406287996067
25.799999999999965,26.95527827676163
25.999999999999964,32.15032954268852
26.199999999999964,38.394259272750915
26.399999999999963,45.57623844285292
26.599999999999962,54.53003281316721
26.79999999999996,65.29368494697107
26.99999999999996,77.91411975286739
