mags_ab,pos_errs_mas
16.0,0.2136274937087073
16.2,0.23234499391552302
16.4,0.2511019883801348
16.599999999999998,0.16649611942344572
16.799999999999997,0.178227339712884
16.999999999999996,0.19053930385884052
17.199999999999996,0.15806164093759836
17.399999999999995,0.16976432552586646
17.599999999999994,0.15333774403898595
17.799999999999994,0.16445763740069683
17.999999999999993,0.1790965883319655
18.199999999999992,0.19537309738782574
18.39999999999999,0.16594218976684413
18.59999999999999,0.18116674563073348
18.79999999999999,0.16865022262680407
18.99999999999999,0.16738973905618612
19.19999999999999,0.1830628233690639
19.399999999999988,0.17799798247898654
19.599999999999987,0.1944902569533879
19.799999999999986,0.21333692528713197
19.999999999999986,0.23417472252852542
20.199999999999985,0.25728467395386706
20.399999999999984,0.2830396466662687
20.599999999999984,0.3114398946111138
20.799999999999983,0.3429748629916855
20.999999999999982,0.37810329233816276
21.19999999999998,0.4173361765704239
21.39999999999998,0.46127905398138797
21.59999999999998,0.510657455592336
21.79999999999998,0.5664736094684486
21.99999999999998,0.6304204191755922
22.199999999999978,0.7020697428337297
22.399999999999977,0.7838819621895347
22.599999999999977,0.8777489310533373
22.799999999999976,0.9859639839347739
22.999999999999975,1.111353223675536
23.199999999999974,1.2573000869447584
23.399999999999974,1.4280154099178932
23.599999999999973,1.62881306312321
23.799999999999972,1.864851260398
23.99999999999997,2.144132312184105
24.19999999999997,2.475697788694519
24.39999999999997,2.8703415709469193
24.59999999999997,3.3411096633749864
24.79999999999997,3.903707452917145
24.999999999999968,4.572615772190549
25.199999999999967,5.377383887907539
25.399999999999967,6.3424290624609805
25.599999999999966,7.500466576956741
25.799999999999965,8.890809134410642
25.999999999999964,10.560696842377201
26.199999999999964,12.566900630091176
26.399999999999963,14.97765280385174
26.599999999999962,17.869604662655767
26.79999999999996,21.349672962715943
26.99999999999996,25.53285620048276
