mags_ab,pos_errs_mas
16.0,0.23819629348536536
16.2,0.25724771386834006
16.4,0.2791483910035713
16.599999999999998,0.211352208989542
16.799999999999997,0.22927674253266564
16.999999999999996,0.24923800857145523
17.199999999999996,0.20704314487777542
17.399999999999995,0.22544269270480255
17.599999999999994,0.24530740820414307
17.799999999999994,0.2118435474456619
17.999999999999993,0.2308525256154234
18.199999999999992,0.25161275382813847
18.39999999999999,0.22368462923628457
18.59999999999999,0.21298140840162652
18.79999999999999,0.21673485266093626
18.99999999999999,0.2212455964081617
19.19999999999999,0.24256086953851647
19.399999999999988,0.26617676834920395
19.599999999999987,0.29228425033981986
19.799999999999986,0.32121672074106195
19.999999999999986,0.353313061138157
20.199999999999985,0.3890807013471794
20.399999999999984,0.4288101667352522
20.599999999999984,0.4732363192500555
20.799999999999983,0.5229013111859396
20.999999999999982,0.5787673804358231
21.19999999999998,0.641629307035907
21.39999999999998,0.7127629980660144
21.59999999999998,0.7944507157469273
21.79999999999998,0.8865080481054674
21.99999999999998,0.9921938964847072
22.199999999999978,1.1133939354622355
22.399999999999977,1.2541211737656566
22.599999999999977,1.4172846749446495
22.799999999999976,1.6069185045354664
22.999999999999975,1.8305711568683076
23.199999999999974,2.093773390014936
23.399999999999974,2.4028446100147964
23.599999999999973,2.7704729942893964
23.799999999999972,3.207670810813245
23.99999999999997,3.728836090049413
24.19999999999997,4.351307849787997
24.39999999999997,5.095946305172687
24.59999999999997,5.987833617087564
24.79999999999997,7.0571198513189
24.999999999999968,8.340035456844197
25.199999999999967,9.880118759838574
25.399999999999967,11.729687912764739
25.599999999999966,13.936250542901588
25.799999999999965,16.600346052539045
25.999999999999964,19.801964553115035
26.199999999999964,23.650024648303045
26.399999999999963,28.27545273956146
26.599999999999962,33.83562573407103
26.79999999999996,40.51974160265017
26.99999999999996,48.55523584825792
