mags_ab,pos_errs_mas
16.0,0.21425128885301553
16.2,0.16619497179566153
16.4,0.17875808590581127
16.599999999999998,0.1909523698708958
16.799999999999997,0.1599192061930985
16.999999999999996,0.17249689197107057
17.199999999999996,0.15433736914400417
17.399999999999995,0.16830215243005966
17.599999999999994,0.15595057945178686
17.799999999999994,0.17022245334341815
17.999999999999993,0.16611909491038604
18.199999999999992,0.16812389483421034
18.39999999999999,0.1746979971484207
18.59999999999999,0.17909654683744075
18.79999999999999,0.19150119378959696
18.99999999999999,0.20986555661903694
19.19999999999999,0.2301150679478763
19.399999999999988,0.2524538008403226
19.599999999999987,0.277365914602455
19.799999999999986,0.30461017609547564
19.999999999999986,0.33471910914723646
20.199999999999985,0.36805007190935
20.399999999999984,0.4050076745822446
20.599999999999984,0.4460615299260966
20.799999999999983,0.49176244868458613
20.999999999999982,0.5430498312537487
21.19999999999998,0.6006603859724385
21.39999999999998,0.6645203425755125
21.59999999999998,0.7363927839991797
21.79999999999998,0.8170143204401531
21.99999999999998,0.9087953316691701
22.199999999999978,1.0132967158743071
22.399999999999977,1.1328941961641903
22.599999999999977,1.2704095402013638
22.799999999999976,1.4300648129754643
22.999999999999975,1.6142092412837827
23.199999999999974,1.825827555405714
23.399999999999974,2.074269315103611
23.599999999999973,2.3672432313566136
23.799999999999972,2.712992943270103
23.99999999999997,3.1224491137408497
24.19999999999997,3.60881864597902
24.39999999999997,4.188032758118334
24.59999999999997,4.879283988920611
24.79999999999997,5.7056134352314665
24.999999999999968,6.685389562447288
25.199999999999967,7.866675050298821
25.399999999999967,9.2822552857429
25.599999999999966,10.981229920121729
25.799999999999965,12.997200286143128
25.999999999999964,15.433135104482137
26.199999999999964,18.367795581116933
26.399999999999963,21.895753738146094
26.599999999999962,26.13581534718808
26.79999999999996,31.23223819675809
26.99999999999996,37.35842025775735
