mags_ab,pos_errs_mas
16.0,0.15360842569189753
16.2,0.16687940625580147
16.4,0.18155019468458142
16.599999999999998,0.17000559102895016
16.799999999999997,0.1764038076600682
16.999999999999996,0.1898311804146028
17.199999999999996,0.20830400799425428
17.399999999999995,0.2286999405881839
17.599999999999994,0.2512836060753366
17.799999999999994,0.27632261185212986
17.999999999999993,0.30413062018890213
18.199999999999992,0.33507484399347287
18.39999999999999,0.36976703845107173
18.59999999999999,0.40833098185351524
18.79999999999999,0.45153478027718663
18.99999999999999,0.5000930655371252
19.19999999999999,0.5549533420571936
19.399999999999988,0.6173310626146771
19.599999999999987,0.6881218046182274
19.799999999999986,0.7690965831700778
19.999999999999986,0.8618418246322566
20.199999999999985,0.9688831933668665
20.399999999999984,1.0931612537443895
20.599999999999984,1.2380386368173715
20.799999999999983,1.4077035432142
20.999999999999982,1.6072443567627037
21.19999999999998,1.8421953582885697
21.39999999999998,2.1208884655031315
21.59999999999998,2.452006380409495
21.79999999999998,2.8464057532759686
21.99999999999998,3.3171661406344928
22.199999999999978,3.8800270341883962
22.399999999999977,4.553917849788707
22.599999999999977,5.361593248507236
22.799999999999976,6.330400037050912
22.999999999999975,7.493201075280384
23.199999999999974,8.889485219494878
23.399999999999974,10.566708121642028
23.599999999999973,12.581898495605623
23.799999999999972,15.003598978447284
23.99999999999997,17.914191032521792
24.19999999999997,21.412702937427273
24.39999999999997,25.618170855051332
24.59999999999997,30.673689497838218
24.79999999999997,36.7512850337636
24.999999999999968,44.05776197342146
25.199999999999967,52.841743903903996
25.399999999999967,63.402132057762124
25.599999999999966,76.0982716480362
25.799999999999965,91.36219924750206
25.999999999999964,109.71331047985011
26.199999999999964,131.77605212964406
26.399999999999963,158.30119944764863
26.599999999999962,190.1913456699817
26.79999999999996,228.5316537198834
26.99999999999996,274.62675313513125
