mags_ab,pos_errs_mas
16.0,0.23740384695560127
16.2,0.25179610171341965
16.4,0.2572635036790302
16.599999999999998,0.1871422378307276
16.799999999999997,0.20198279621431223
16.999999999999996,0.18308647926773172
17.199999999999996,0.18634200081538987
17.399999999999995,0.2002409055098769
17.599999999999994,0.21956025049572797
17.799999999999994,0.24088257760629808
17.999999999999993,0.26441643717110913
18.199999999999992,0.2902294676127737
18.39999999999999,0.3189081440207159
18.59999999999999,0.3506576208867963
18.79999999999999,0.385875965305983
18.99999999999999,0.4250051820361733
19.19999999999999,0.46857778323858557
19.399999999999988,0.5171844772761953
19.599999999999987,0.5705553400124386
19.799999999999986,0.630550699497097
19.999999999999986,0.6964665365417998
20.199999999999985,0.7715428628235885
20.399999999999984,0.8570367043539794
20.599999999999984,0.9542654233397194
20.799999999999983,1.0651132290477612
20.999999999999982,1.1922867061134503
21.19999999999998,1.3359941408242793
21.39999999999998,1.4902012037166645
21.59999999999998,1.6646640692136339
21.79999999999998,1.882143123940202
21.99999999999998,2.1358712295251143
22.199999999999978,2.4341526116675247
22.399999999999977,2.7857180851349477
22.599999999999977,3.201594424962363
22.799999999999976,3.6951126330997144
22.999999999999975,4.233708444275749
23.199999999999974,4.859727675243951
23.399999999999974,5.663527980908386
23.599999999999973,6.622510914530226
23.799999999999972,7.768918327958278
23.99999999999997,9.145334070528316
24.19999999999997,10.730886264468644
24.39999999999997,12.611998105144579
24.59999999999997,14.860033356911083
24.79999999999997,17.650778730996105
24.999999999999968,21.00357170397378
25.199999999999967,25.03243975182343
25.399999999999967,29.87443040191402
25.599999999999966,35.53811023302467
25.799999999999965,41.9174692382659
25.999999999999964,50.15901444255319
26.199999999999964,60.06649873706285
26.399999999999963,71.9770591417827
26.599999999999962,86.29596851229832
26.79999999999996,103.51047897599281
26.99999999999996,124.20634992137454
