mags_ab,pos_errs_mas
16.0,0.23791497920515076
16.2,0.257366138928794
16.4,0.2789844961782442
16.599999999999998,0.21090544281658738
16.799999999999997,0.22871733908982145
16.999999999999996,0.24839188016034625
17.199999999999996,0.2692111899141712
17.399999999999995,0.21206259768057012
17.599999999999994,0.2308692208225326
17.799999999999994,0.25152381005566454
17.999999999999993,0.21487885800813109
18.199999999999992,0.1980726093806815
18.39999999999999,0.2161368215368602
18.59999999999999,0.20539025706362618
18.79999999999999,0.2242748162901351
18.99999999999999,0.22092737825898812
19.19999999999999,0.2127958486619628
19.399999999999988,0.2204466945204477
19.599999999999987,0.2415708871398289
19.799999999999986,0.26493709231664414
19.999999999999986,0.29073026147626735
20.199999999999985,0.3192581839043183
20.399999999999984,0.3508329178157411
20.599999999999984,0.3859273327315931
20.799999999999983,0.42480344511283186
20.999999999999982,0.4681115883838888
21.19999999999998,0.5163529736203917
21.39999999999998,0.5703679632436875
21.59999999999998,0.6308596897519575
21.79999999999998,0.698863692830916
21.99999999999998,0.7764749994019965
22.199999999999978,0.8636370231168756
22.399999999999977,0.9625237260488521
22.599999999999977,1.0759314519078964
22.799999999999976,1.2052776046256954
22.999999999999975,1.3553219261352278
23.199999999999974,1.528835971964121
23.399999999999974,1.7327811128145945
23.599999999999973,1.9687019791476537
23.799999999999972,2.2467879818997174
23.99999999999997,2.5749812036656063
24.19999999999997,2.9636597130061744
24.39999999999997,3.4253618870430893
24.59999999999997,3.975212382473686
24.79999999999997,4.631433365859791
24.999999999999968,5.415954119795145
25.199999999999967,6.355149508151208
25.399999999999967,7.480725221038804
25.599999999999966,8.830786227401697
25.799999999999965,10.4387228710311
25.999999999999964,12.379077697271235
26.199999999999964,14.709711397450523
26.399999999999963,17.509867393092957
26.599999999999962,20.874779403797397
26.79999999999996,24.9189175496806
26.99999999999996,29.77986797838962
