mags_ab,pos_errs_mas
16.0,0.25656750466049777
16.2,0.1606459825048905
16.4,0.16690117041691882
16.599999999999998,0.17818196409153939
16.799999999999997,0.18971979576434095
16.999999999999996,0.20421033048887627
17.199999999999996,0.14536492235497256
17.399999999999995,0.15364379046655635
17.599999999999994,0.16495062943970076
17.799999999999994,0.14155650588823498
17.999999999999993,0.15378472795834502
18.199999999999992,0.1480213584420507
18.39999999999999,0.16173134739235923
18.59999999999999,0.1558118328396503
18.79999999999999,0.1601140198502229
18.99999999999999,0.16916036802282086
19.19999999999999,0.17398827931881133
19.399999999999988,0.19082207614205898
19.599999999999987,0.20943964889463454
19.799999999999986,0.23005190197117162
19.999999999999986,0.2528990226132923
20.199999999999985,0.27826574966806594
20.399999999999984,0.30669374536577204
20.599999999999984,0.3383938935867552
20.799999999999983,0.3735665166647827
20.999999999999982,0.4129844949993632
21.19999999999998,0.45730667104760825
21.39999999999998,0.507326876621685
21.59999999999998,0.5640061848150787
21.79999999999998,0.6289590129497545
21.99999999999998,0.7035836837831531
22.199999999999978,0.788697266809728
22.399999999999977,0.8865529523075603
22.599999999999977,1.0000526389575126
22.799999999999976,1.13233100040413
22.999999999999975,1.2872035003203777
23.199999999999974,1.469306144079846
23.399999999999974,1.6857964097522846
23.599999999999973,1.940406989981977
23.799999999999972,2.2428706583773903
23.99999999999997,2.6030985121220658
24.19999999999997,3.033030524274678
24.39999999999997,3.547036531009869
24.59999999999997,4.162398062155263
24.79999999999997,4.899890864172339
24.999999999999968,5.784482492543659
25.199999999999967,6.846176458325116
25.399999999999967,8.121026924143985
25.599999999999966,9.652359710644319
25.799999999999965,11.492243725443634
25.999999999999964,13.703256962219086
26.199999999999964,16.36061403963467
26.399999999999963,19.554726776446536
26.599999999999962,23.394272740583432
26.79999999999996,28.009898321135296
26.99999999999996,33.55865494649929
