mags_ab,pos_errs_mas
16.0,0.2500562270540098
16.2,0.2662216362932045
16.4,0.28353956808462105
16.599999999999998,0.2930037073950236
16.799999999999997,0.1991060191455531
16.999999999999996,0.21515468631034362
17.199999999999996,0.2313599270232434
17.399999999999995,0.2489838982585001
17.599999999999994,0.26644045771339325
17.799999999999994,0.20049786503591444
17.999999999999993,0.21762202714868628
18.199999999999992,0.20064929961377964
18.39999999999999,0.20524313740980063
18.59999999999999,0.22498994678885714
18.79999999999999,0.2467611974186567
18.99999999999999,0.2708279533112524
19.19999999999999,0.29740139112342007
19.399999999999988,0.32685120092393216
19.599999999999987,0.3594513309347199
19.799999999999986,0.3955373972395107
19.999999999999986,0.43566731170676426
20.199999999999985,0.480286028396734
20.399999999999984,0.5302153239695437
20.599999999999984,0.5861739428594283
20.799999999999983,0.648827264608426
20.999999999999982,0.7194805090594677
21.19999999999998,0.7981065224277905
21.39999999999998,0.8885131388508387
21.59999999999998,0.9904509989949348
21.79999999999998,1.1063503467215767
21.99999999999998,1.2365848048093997
22.199999999999978,1.3878432144590298
22.399999999999977,1.5636218368984982
22.599999999999977,1.7702302206807463
22.799999999999976,2.009449586308807
22.999999999999975,2.29301218528217
23.199999999999974,2.6234202770581008
23.399999999999974,3.013118517339658
23.599999999999973,3.48086708090937
23.799999999999972,4.0190989547684275
23.99999999999997,4.653204883062663
24.19999999999997,5.419179614733794
24.39999999999997,6.311348611435771
24.59999999999997,7.416084132865526
24.79999999999997,8.740555774413181
24.999999999999968,10.32964026484056
25.199999999999967,12.237267337886781
25.399999999999967,14.528239904662804
25.599999999999966,17.280435536603306
25.799999999999965,20.587449168926618
25.999999999999964,24.56176637877758
26.199999999999964,29.33859461112499
26.399999999999963,34.93713455006968
26.599999999999962,41.80687754024585
26.79999999999996,50.0652746184675
26.99999999999996,59.99332885151977
