mags_ab,pos_errs_mas
16.0,0.15481201263139252
16.2,0.1615946555813549
16.4,0.17264958790680054
16.599999999999998,0.1482521708635887
16.799999999999997,0.1555354728156519
16.999999999999996,0.14729520417763592
17.199999999999996,0.14865563252018493
17.399999999999995,0.1626378913785041
17.599999999999994,0.16876530106511242
17.799999999999994,0.17276297579948063
17.999999999999993,0.1845282911659905
18.199999999999992,0.20282785207325288
18.39999999999999,0.2232142618573576
18.59999999999999,0.24589508176188
18.79999999999999,0.27123677645064287
18.99999999999999,0.29962848132928016
19.19999999999999,0.331537681943701
19.399999999999988,0.36752512771933094
19.599999999999987,0.4085897851485467
19.799999999999986,0.45492409891993796
19.999999999999986,0.5078410410420107
20.199999999999985,0.5685630795381046
20.399999999999984,0.6387395631247422
20.599999999999984,0.7201578374435105
20.799999999999983,0.8146018430340916
20.999999999999982,0.925064873172605
21.19999999999998,1.0548264884007654
21.39999999999998,1.20786590408388
21.59999999999998,1.3898210398139406
21.79999999999998,1.6047810437384635
21.99999999999998,1.860648885684218
22.199999999999978,2.165884378482668
22.399999999999977,2.530671496426941
22.599999999999977,2.9678917393141004
22.799999999999976,3.490924891174093
22.999999999999975,4.1181607826226925
23.199999999999974,4.870864944225981
23.399999999999974,5.774592218217122
23.599999999999973,6.860050285170772
23.799999999999972,8.164143214699525
23.99999999999997,9.731222149370428
24.19999999999997,11.614595989206395
24.39999999999997,13.87834003135877
24.59999999999997,16.599475671824493
24.79999999999997,19.870593110703428
24.999999999999968,23.802997317294935
25.199999999999967,28.530498076760157
25.399999999999967,34.21396147404334
25.599999999999966,41.046781693202675
25.799999999999965,49.261471888365776
25.999999999999964,59.13755856967281
26.199999999999964,71.01110204179086
26.399999999999963,85.28614841016153
26.599999999999962,102.44844647312924
26.79999999999996,123.08199696373855
26.99999999999996,147.88891081618897
