mags_ab,pos_errs_mas
16.0,0.20999467410377318
16.2,0.22463864239242276
16.4,0.24247238096487705
16.599999999999998,0.16916089623504701
16.799999999999997,0.18245291461320753
16.999999999999996,0.19700140373605896
17.199999999999996,0.21288183506750433
17.399999999999995,0.23045169963907386
17.599999999999994,0.2483534325642302
17.799999999999994,0.2675508119939318
17.999999999999993,0.28763543681595255
18.199999999999992,0.17086165294156158
18.39999999999999,0.18606948166387488
18.59999999999999,0.20268892794809124
18.79999999999999,0.16782972302502824
18.99999999999999,0.1831983968942531
19.19999999999999,0.17098741537066042
19.399999999999988,0.1868287535826181
19.599999999999987,0.17429852238813082
19.799999999999986,0.17606360485830663
19.999999999999986,0.18407289283546469
20.199999999999985,0.1897188302604177
20.399999999999984,0.20821056233471774
20.599999999999984,0.22880265100713795
20.799999999999983,0.25160764981018524
20.999999999999982,0.27694900166711295
21.19999999999998,0.30519352865329025
21.39999999999998,0.3367487149820359
21.59999999999998,0.37210058359454795
21.79999999999998,0.41178951275672043
21.99999999999998,0.456547436719147
22.199999999999978,0.5075127225552495
22.399999999999977,0.5652429690110617
22.599999999999977,0.6310477258490346
22.799999999999976,0.7070662802827228
22.999999999999975,0.7941524807595775
23.199999999999974,0.8950557975554833
23.399999999999974,1.0125341589198527
23.599999999999973,1.1499455245175298
23.799999999999972,1.311371898197548
23.99999999999997,1.5017655259680913
24.19999999999997,1.7271229296569555
24.39999999999997,1.9960116030151527
24.59999999999997,2.3144938194794906
24.79999999999997,2.69444038334992
24.999999999999968,3.148529671756178
25.199999999999967,3.6920119275744137
25.399999999999967,4.343221394129529
25.599999999999966,5.124192840025046
25.799999999999965,6.061406684744304
25.999999999999964,7.18668252730847
26.199999999999964,8.538256804922804
26.399999999999963,10.162083378528061
26.599999999999962,12.113387625289047
26.79999999999996,14.458548730997519
26.99999999999996,17.277350876381817
