mags_ab,pos_errs_mas
16.0,0.3747906464291416
16.2,0.3993590060824967
16.4,0.27314022904451885
16.599999999999998,0.2952584096562835
16.799999999999997,0.3200514463909587
16.999999999999996,0.34742058554741106
17.199999999999996,0.2646822240497491
17.399999999999995,0.28766799680816435
17.599999999999994,0.23925227365785223
17.799999999999994,0.2604752291736335
17.999999999999993,0.28340172139642406
18.199999999999992,0.24560766008313464
18.39999999999999,0.26764215319864815
18.59999999999999,0.2505555652848497
18.79999999999999,0.24968751856257634
18.99999999999999,0.2478701906840623
19.19999999999999,0.2584515650035165
19.399999999999988,0.28319473316516686
19.599999999999987,0.3105171916578943
19.799999999999986,0.3407972977033984
19.999999999999986,0.3741858785176916
20.199999999999985,0.41112358949705824
20.399999999999984,0.45210285470795947
20.599999999999984,0.49753658170037923
20.799999999999983,0.5481147114591125
20.999999999999982,0.6043282385656878
21.19999999999998,0.6673123433104459
21.39999999999998,0.7374127845873043
21.59999999999998,0.8163829357765777
21.79999999999998,0.906186755459686
21.99999999999998,1.0065120717428453
22.199999999999978,1.1206917972888968
22.399999999999977,1.2510093361481256
22.599999999999977,1.3995473063507478
22.799999999999976,1.5704038593664038
22.999999999999975,1.7686034004437452
23.199999999999974,2.0005182542931306
23.399999999999974,2.2671825771852854
23.599999999999973,2.5812722480426595
23.799999999999972,2.9499374969622383
23.99999999999997,3.386927946165527
24.19999999999997,3.9008403063299446
24.39999999999997,4.515903654517242
24.59999999999997,5.249044761795426
24.79999999999997,6.119645823583465
24.999999999999968,7.160533652038244
25.199999999999967,8.412036514063718
25.399999999999967,9.891490472848673
25.599999999999966,11.670859991276508
25.799999999999965,13.803695656362061
25.999999999999964,16.378657878865212
26.199999999999964,19.471782488680024
26.399999999999963,23.16269147437799
26.599999999999962,27.622754043545452
26.79999999999996,32.983243931928065
26.99999999999996,39.42653302020609
