mags_ab,pos_errs_mas
16.0,0.2153627248622723
16.2,0.234195503159601
16.4,0.25313034501151277
16.599999999999998,0.1677894886050021
16.799999999999997,0.1787292330783437
16.999999999999996,0.19077848631469949
17.199999999999996,0.20524398180397455
17.399999999999995,0.15418142337370358
17.599999999999994,0.16489635090151306
17.799999999999994,0.17756885659053445
17.999999999999993,0.19124539245224673
18.199999999999992,0.15195244161440938
18.39999999999999,0.16575032971208692
18.59999999999999,0.18087480052654645
18.79999999999999,0.16522309539047403
18.99999999999999,0.1620125141398044
19.19999999999999,0.1771083099340075
19.399999999999988,0.17991573889573115
19.599999999999987,0.17896196592779082
19.799999999999986,0.19149132149399611
19.999999999999986,0.21000499239915194
20.199999999999985,0.2304655938993627
20.399999999999984,0.25309976925170397
20.599999999999984,0.27830493211450746
20.799999999999983,0.30620744198667005
20.999999999999982,0.33709471066996305
21.19999999999998,0.3714769436010079
21.39999999999998,0.40983516566383954
21.59999999999998,0.4527493471126612
21.79999999999998,0.5009100189761012
21.99999999999998,0.5551473607713592
22.199999999999978,0.6173523847622546
22.399999999999977,0.6869389958652857
22.599999999999977,0.7662647710745513
22.799999999999976,0.8571223634585228
22.999999999999975,0.9616875939206856
23.199999999999974,1.0826143007048945
23.399999999999974,1.223157611867416
23.599999999999973,1.3870320408980932
23.799999999999972,1.5802540159615497
23.99999999999997,1.8066204873401626
24.19999999999997,2.0741942816260193
24.39999999999997,2.3914994193216184
24.59999999999997,2.7688431399658873
24.79999999999997,3.2186524969553028
24.999999999999968,3.7544834821264357
25.199999999999967,4.395595621330276
25.399999999999967,5.163749321722451
25.599999999999966,6.0846334320167825
25.799999999999965,7.18944692532653
25.999999999999964,8.515679550676335
26.199999999999964,10.108381716875709
26.399999999999963,12.021694184269156
26.599999999999962,14.32067841005347
26.79999999999996,17.07994962095209
26.99999999999996,20.398745562474282
