mags_ab,pos_errs_mas
16.0,inf
16.2,inf
16.4,0.26139670291328276
16.599999999999998,0.2862372136446335
16.799999999999997,0.3059567577725209
16.999999999999996,0.20849559186823474
17.199999999999996,0.2262158087863185
17.399999999999995,0.24054950784339554
17.599999999999994,0.2614874675020778
17.799999999999994,0.28246939236709856
17.999999999999993,0.1834693484613942
18.199999999999992,0.1997592801874189
18.39999999999999,0.21383180130611468
18.59999999999999,0.23139620645429124
18.79999999999999,0.17107871384358472
18.99999999999999,0.1841263644463455
19.19999999999999,0.2003938432500719
19.399999999999988,0.17591774645273806
19.599999999999987,0.19200860479929655
19.799999999999986,0.20961197120782651
19.999999999999986,0.18670504404137533
20.199999999999985,0.20400698965536462
20.399999999999984,0.1944363045026163
20.599999999999984,0.19466218291647902
20.799999999999983,0.2001833819394984
20.999999999999982,0.20715079561735247
21.19999999999998,0.227626205802402
21.39999999999998,0.250404585746052
21.59999999999998,0.27595351729174245
21.79999999999998,0.3043237989721273
21.99999999999998,0.33610035881760714
22.199999999999978,0.3718462827266091
22.399999999999977,0.41212057771689475
22.599999999999977,0.4577065218826598
22.799999999999976,0.5094773088387742
22.999999999999975,0.5685793802923071
23.199999999999974,0.6363702271373662
23.399999999999974,0.7149867267709106
23.599999999999973,0.805962827275171
23.799999999999972,0.911245677711493
23.99999999999997,1.0343226237314542
24.19999999999997,1.1788328961618695
24.39999999999997,1.3491926649555237
24.59999999999997,1.5507507448122175
24.79999999999997,1.7899734038077495
24.999999999999968,2.0746642334862075
25.199999999999967,2.4142279954334027
25.399999999999967,2.8210679470373834
25.599999999999966,3.3065147068174903
25.799999999999965,3.8881079909095733
25.999999999999964,4.58552093814358
26.199999999999964,5.42239482714022
26.399999999999963,6.427138915891262
26.599999999999962,7.633891444319679
26.79999999999996,9.083678553707072
26.99999999999996,10.825805132595585
