mags_ab,pos_errs_mas
16.0,0.24042024784280353
16.2,0.25493883493941166
16.4,0.26091620666543075
16.599999999999998,0.26550197864930947
16.799999999999997,0.18682286760310596
16.999999999999996,0.20213171884093048
17.199999999999996,0.2165954888303094
17.399999999999995,0.23229480608490008
17.599999999999994,0.24914509313828084
17.799999999999994,0.18667088811916857
17.999999999999993,0.2045357738376809
18.199999999999992,0.22425100410553883
18.39999999999999,0.24598524733288654
18.59999999999999,0.26995961402329466
18.79999999999999,0.2964013724495249
18.99999999999999,0.3256615656444664
19.19999999999999,0.3581008707802083
19.399999999999988,0.3940859197100949
19.599999999999987,0.4339421084206051
19.799999999999986,0.4778607954597268
19.999999999999986,0.527187320369162
20.199999999999985,0.5823297614960034
20.399999999999984,0.6436923962278759
20.599999999999984,0.7123242542756953
20.799999999999983,0.789499857961333
20.999999999999982,0.8764883629108806
21.19999999999998,0.9762649816189594
21.39999999999998,1.0899678313920442
21.59999999999998,1.2120795092361107
21.79999999999998,1.3522649169492134
21.99999999999998,1.5182371077279866
22.199999999999978,1.709529790269246
22.399999999999977,1.9316052867568925
22.599999999999977,2.1944006840497945
22.799999999999976,2.5031797939190903
22.999999999999975,2.858923621958466
23.199999999999974,3.2556360548313346
23.399999999999974,3.755676704571529
23.599999999999973,4.349959624398696
23.799999999999972,5.018862081460088
23.99999999999997,5.84997399885915
24.19999999999997,6.845383156737717
24.39999999999997,8.016121429977652
24.59999999999997,9.412952874397043
24.79999999999997,11.076072912455826
24.999999999999968,13.067140958865032
25.199999999999967,15.411398426134625
25.399999999999967,18.314167696009996
25.599999999999966,21.49810120646055
25.799999999999965,25.497364119060055
25.999999999999964,30.42426696734782
26.199999999999964,36.346097440530805
26.399999999999963,43.46434715379771
26.599999999999962,52.02121219620772
26.79999999999996,62.30785801481922
26.99999999999996,74.67430139170493
