mags_ab,pos_errs_mas
16.0,0.37479257738276617
16.2,0.3993613920008825
16.4,0.27314262626288266
16.599999999999998,0.29526143683077666
16.799999999999997,0.32005533942378406
16.999999999999996,0.3474256391272726
17.199999999999996,0.26468811223230604
17.399999999999995,0.2876757133170256
17.599999999999994,0.23926239488620277
17.799999999999994,0.2604885344521513
17.999999999999993,0.2834192164838644
18.199999999999992,0.24563204591584342
18.39999999999999,0.2676742908189256
18.59999999999999,0.2506007413801611
18.79999999999999,0.24975001785515272
18.99999999999999,0.24795739004402098
19.19999999999999,0.25857033443739175
19.399999999999988,0.28335105463247784
19.599999999999987,0.31072293872055234
19.799999999999986,0.3410684465667827
19.999999999999986,0.3745458283809464
20.199999999999985,0.4115928583545533
20.399999999999984,0.45271994919579855
20.599999999999984,0.4983466490929366
20.799999999999983,0.5491782849287828
20.999999999999982,0.605725354643152
21.19999999999998,0.6691426477733563
21.39999999999998,0.7398182562758294
21.59999999999998,0.8195217403891577
21.79999999999998,0.9105163926022779
21.99999999999998,1.0118605927048394
22.199999999999978,1.127630920831182
22.399999999999977,1.2599934328138729
22.599999999999977,1.4112633513020962
22.799999999999976,1.586429566201781
22.999999999999975,1.7882223771831844
23.199999999999974,2.0256093081792077
23.399999999999974,2.2992643943287843
23.599999999999973,2.62187665637096
23.799999999999972,3.0025323354454545
23.99999999999997,3.453106131941399
24.19999999999997,3.9873037745231086
24.39999999999997,4.62395799525662
24.59999999999997,5.38303646209313
24.79999999999997,6.290706550689369
24.999999999999968,7.372095171559442
25.199999999999967,8.672631975456449
25.399999999999967,10.197936465100621
25.599999999999966,12.058048556343158
25.799999999999965,14.291241120372504
25.999999999999964,16.956910626082536
26.199999999999964,20.158786067709908
26.399999999999963,24.022598568437935
26.599999999999962,28.635893854641207
26.79999999999996,34.210530127592016
26.99999999999996,40.86698744985182
