mags_ab,pos_errs_mas
16.0,inf
16.2,0.3099332273047099
16.4,0.3259196615604903
16.599999999999998,0.3447031490611185
16.799999999999997,0.3652601877963893
16.999999999999996,0.38686774020025544
17.199999999999996,0.39430225484752607
17.399999999999995,0.3987341119804433
17.599999999999994,0.2662226971568437
17.799999999999994,0.2867989026766766
17.999999999999993,0.30791882927647635
18.199999999999992,0.3308134090215921
18.39999999999999,0.2688637221407907
18.59999999999999,0.26384233337997254
18.79999999999999,0.28926145925774566
18.99999999999999,0.31737722889525954
19.19999999999999,0.34841589026264136
19.399999999999988,0.38282636437331485
19.599999999999987,0.42102076844882347
19.799999999999986,0.4633486523372265
19.999999999999986,0.5105603933258235
20.199999999999985,0.5628475039976919
20.399999999999984,0.6216444327755438
20.599999999999984,0.6865902776304205
20.799999999999983,0.760457768866593
20.999999999999982,0.8439057995239304
21.19999999999998,0.9371578270164007
21.39999999999998,1.0430651622983573
21.59999999999998,1.1649961631503718
21.79999999999998,1.3024795302065904
21.99999999999998,1.4631736484422593
22.199999999999978,1.645495857024522
22.399999999999977,1.8610954152825916
22.599999999999977,2.10649037083339
22.799999999999976,2.3924152781301697
22.999999999999975,2.727155929210307
23.199999999999974,3.131025622616228
23.399999999999974,3.609954331312961
23.599999999999973,4.168835762174091
23.799999999999972,4.834089625207465
23.99999999999997,5.638953584963786
24.19999999999997,6.580959066838614
24.39999999999997,7.728918914127576
24.59999999999997,9.018215623248667
24.79999999999997,10.64714870554005
24.999999999999968,12.555771554876166
25.199999999999967,14.892794917090027
25.399999999999967,17.69996613194808
25.599999999999966,21.072732692145088
25.799999999999965,25.12581262827813
25.999999999999964,29.997081392945685
26.199999999999964,35.852269487224454
26.399999999999963,42.890605644516455
26.599999999999962,51.3515694672338
26.79999999999996,61.52306831100096
26.99999999999996,73.42727931950506
