mags_ab,pos_errs_mas
16.0,0.24155869646238617
16.2,0.2562365075534583
16.4,0.1810742491132618
16.599999999999998,0.19509488101710054
16.799999999999997,0.21055489429852822
16.999999999999996,0.2274352037847954
17.199999999999996,0.24240494830414344
17.399999999999995,0.19614458188391332
17.599999999999994,0.19126456396638974
17.799999999999994,0.20404934641703354
17.999999999999993,0.2237970311284076
18.199999999999992,0.2456152948418357
18.39999999999999,0.2697219950077271
18.59999999999999,0.29634142551799414
18.79999999999999,0.32593799043107247
18.99999999999999,0.3587169621307235
19.19999999999999,0.395265566012605
19.399999999999988,0.43602894540243253
19.599999999999987,0.4805733656930685
19.799999999999986,0.5312037119867291
19.999999999999986,0.5880548141563273
20.199999999999985,0.651975661304543
20.399999999999984,0.7235991486068971
20.599999999999984,0.8033550645241
20.799999999999983,0.8962561383915433
20.999999999999982,1.0007947240722546
21.19999999999998,1.1226866349541431
21.39999999999998,1.263556960308792
21.59999999999998,1.4076984637703824
21.79999999999998,1.5872148295000879
21.99999999999998,1.800982755053994
22.199999999999978,2.048536998812096
22.399999999999977,2.3383511420695866
22.599999999999977,2.679855983899034
22.799999999999976,3.082921465447322
22.999999999999975,3.5693366432265985
23.199999999999974,4.149156317877158
23.399999999999974,4.7876984048540105
23.599999999999973,5.530880446495621
23.799999999999972,6.487277810936433
23.99999999999997,7.633326181803797
24.19999999999997,9.007811925646337
24.39999999999997,10.657344241154872
24.59999999999997,12.637930076550466
24.79999999999997,15.016875858882418
24.999999999999968,17.875064013077022
25.199999999999967,21.309704778053835
25.399999999999967,25.437637884702493
25.599999999999966,30.23223316567972
25.799999999999965,36.1588849099013
25.999999999999964,43.28338742811394
26.199999999999964,51.848158772524556
26.399999999999963,62.14464802299352
26.599999999999962,74.5232113348551
26.79999999999996,89.4050711989935
26.99999999999996,107.29661394054162
