mags_ab,pos_errs_mas
16.0,0.14865250342705846
16.2,0.16130781646931386
16.4,0.14549449243898055
16.599999999999998,0.15870201821533067
16.799999999999997,0.1542629403936344
16.999999999999996,0.15798472801706323
17.199999999999996,0.16643989265895126
17.399999999999995,0.17187819245869218
17.599999999999994,0.18825133480588438
17.799999999999994,0.20628419318682423
17.999999999999993,0.22614866996173655
18.199999999999992,0.24803952013800085
18.39999999999999,0.27217601155333826
18.59999999999999,0.2990292336120727
18.79999999999999,0.3285121605588858
18.99999999999999,0.36096018470128705
19.19999999999999,0.3968527732348817
19.399999999999988,0.43661322066360975
19.599999999999987,0.4807341468391086
19.799999999999986,0.5297843021205356
19.999999999999986,0.5851054592395909
20.199999999999985,0.6462137450605311
20.399999999999984,0.7142936142399179
20.599999999999984,0.7903635766346111
20.799999999999983,0.8757276016814304
20.999999999999982,0.9726232927699148
21.19999999999998,1.0826246690744372
21.39999999999998,1.2087076388985494
21.59999999999998,1.3520835044134587
21.79999999999998,1.5170177648828531
21.99999999999998,1.7051104726233375
22.199999999999978,1.9211488802233383
22.399999999999977,2.175692188867247
22.599999999999977,2.4699377279368213
22.799999999999976,2.8173606378352543
22.999999999999975,3.2290615067879953
23.199999999999974,3.716640080885459
23.399999999999974,4.288503121061796
23.599999999999973,4.974361394613293
23.799999999999972,5.792687327616508
23.99999999999997,6.748228378331314
24.19999999999997,7.902355310267898
24.39999999999997,9.293451631396962
24.59999999999997,10.961604459300423
24.79999999999997,12.963366659798654
24.999999999999968,15.366692296737202
25.199999999999967,18.253241447758743
25.399999999999967,21.689460861224795
25.599999999999966,25.84722585528613
25.799999999999965,30.844085194861623
25.999999999999964,36.850035653266644
26.199999999999964,44.06942144071174
26.399999999999963,52.747892504123485
26.599999999999962,63.18074484383381
26.79999999999996,75.72298435290247
26.99999999999996,90.80138196727923
