mags_ab,pos_errs_mas
16.0,0.24082013263880014
16.2,0.2553929718873488
16.4,0.2614503131282827
16.599999999999998,0.1859218906441548
16.799999999999997,0.20072916285557707
16.999999999999996,0.21696310678693448
17.199999999999996,0.23170326819627257
17.399999999999995,0.24747847475089846
17.599999999999994,0.19681463282551004
17.799999999999994,0.1929252036189784
17.999999999999993,0.21143862527822238
18.199999999999992,0.2318613154421036
18.39999999999999,0.2543674684627964
18.59999999999999,0.2792115325665966
18.79999999999999,0.30665738416923816
18.99999999999999,0.3370095543559751
19.19999999999999,0.37068334207758014
19.399999999999988,0.40805907328409846
19.599999999999987,0.44918251983177687
19.799999999999986,0.49501371356544566
19.999999999999986,0.5463599267280903
20.199999999999985,0.6037710190674156
20.399999999999984,0.6676252038456986
20.599999999999984,0.7384701169252539
20.799999999999983,0.8187790840140114
20.999999999999982,0.9104695404673754
21.19999999999998,1.01480101327748
21.39999999999998,1.1316670190794054
21.59999999999998,1.2584524456151038
21.79999999999998,1.4079934750953285
21.99999999999998,1.579931274092617
22.199999999999978,1.7833578054173274
22.399999999999977,2.017163749116588
22.599999999999977,2.2940639430157694
22.799999999999976,2.619814199594443
22.999999999999975,2.9702532384637372
23.199999999999974,3.4158735114708723
23.399999999999974,3.945051333736765
23.599999999999973,4.538445070384296
23.799999999999972,5.277598677594131
23.99999999999997,6.148449261477354
24.19999999999997,7.186397225975926
24.39999999999997,8.4221773953932
24.59999999999997,9.900509661600925
24.79999999999997,11.69936686723167
24.999999999999968,13.858776050868919
25.199999999999967,16.183638408309257
25.399999999999967,19.16373842899476
25.599999999999966,22.814179761152648
25.799999999999965,27.200916220950955
25.999999999999964,32.47317609057724
26.199999999999964,38.81032901671637
26.399999999999963,46.42800332560439
26.599999999999962,55.585391641608744
26.79999999999996,66.59409620141619
26.99999999999996,79.82870471653004
