mags_ab,pos_errs_mas
16.0,0.15031917118461025
16.2,0.1633312381771925
16.4,0.16753708693550423
16.599999999999998,0.17811811277570927
16.799999999999997,0.1886005036195093
16.999999999999996,0.14815782741507935
17.199999999999996,0.15711244687545955
17.399999999999995,0.16531009861281912
17.599999999999994,0.14816497434356823
17.799999999999994,0.1456041243429508
17.999999999999993,0.15945625042138362
18.199999999999992,0.16411385616306504
18.39999999999999,0.1724067241930002
18.59999999999999,0.1834875494958485
18.79999999999999,0.19532607691892098
18.99999999999999,0.21556543464410685
19.19999999999999,0.23839172665574576
19.399999999999988,0.2640668371099734
19.599999999999987,0.2931384580000922
19.799999999999986,0.32619189668617393
19.999999999999986,0.3639394446220522
20.199999999999985,0.40724941420513766
20.399999999999984,0.45760267439959734
20.599999999999984,0.515484063491371
20.799999999999983,0.5828591996538706
20.999999999999982,0.6616482671851303
21.19999999999998,0.7541857852425381
21.39999999999998,0.8636695112880366
21.59999999999998,0.9928395211380646
21.79999999999998,1.14619345534628
21.99999999999998,1.3287116630914677
22.199999999999978,1.5464088663519617
22.399999999999977,1.8065673127881077
22.599999999999977,2.117919778192105
22.799999999999976,2.4909690605684855
22.999999999999975,2.9383366162149036
23.199999999999974,3.477026303983266
23.399999999999974,4.124173346516613
23.599999999999973,4.899226175788513
23.799999999999972,5.830390040325192
23.99999999999997,6.949333029716221
24.19999999999997,8.29411928687651
24.39999999999997,9.921357915560012
24.59999999999997,11.87070714625893
24.79999999999997,14.209638896198474
24.999999999999968,17.02140569930614
25.199999999999967,20.401684793789823
25.399999999999967,24.46549938932103
25.599999999999966,29.362085869749638
25.799999999999965,35.237815223433344
25.999999999999964,42.30189172506265
26.199999999999964,50.794689817923725
26.399999999999963,61.00521157966042
26.599999999999962,73.28089929776931
26.79999999999996,88.03947084689014
26.99999999999996,105.7831263891077
