mags_ab,pos_errs_mas
16.0,0.3775682778451385
16.2,0.4051173235516275
16.4,0.27768407803256495
16.599999999999998,0.30108775408611066
16.799999999999997,0.32120205673249846
16.999999999999996,0.34834030828957946
17.199999999999996,0.3762511201207415
17.399999999999995,0.2602834452357934
17.599999999999994,0.2822468322948206
17.799999999999994,0.3050496000069562
17.999999999999993,0.33053511798242474
18.199999999999992,0.35852772146402667
18.39999999999999,0.38619695348975475
18.59999999999999,0.4168484632603957
18.79999999999999,0.24404390039451154
18.99999999999999,0.2654506944806969
19.19999999999999,0.28907472443865095
19.399999999999988,0.23622792875258036
19.599999999999987,0.25779177790879493
19.799999999999986,0.23779831456096498
19.999999999999986,0.25969409509518204
20.199999999999985,0.2836878104090565
20.399999999999984,0.2602761595947635
20.599999999999984,0.24661986414481998
20.799999999999983,0.251092800274902
20.999999999999982,0.27536909477505117
21.19999999999998,0.302199777360036
21.39999999999998,0.332002344242736
21.59999999999998,0.36507062662068823
21.79999999999998,0.40178340443267674
21.99999999999998,0.44268456972828973
22.199999999999978,0.48841576721147656
22.399999999999977,0.5396535365039429
22.599999999999977,0.5970987421743823
22.799999999999976,0.6618531706277913
22.999999999999975,0.7353138583148079
23.199999999999974,0.8185753223519043
23.399999999999974,0.9144292905025458
23.599999999999973,1.023428793228992
23.799999999999972,1.1490242229679428
23.99999999999997,1.2944134477399076
24.19999999999997,1.4636038108524525
24.39999999999997,1.6613395046352586
24.59999999999997,1.8934244946332004
24.79999999999997,2.167028710182575
24.999999999999968,2.492715595046818
25.199999999999967,2.876525237522319
25.399999999999967,3.333133376888863
25.599999999999966,3.877717349665674
25.799999999999965,4.528387623577756
25.999999999999964,5.306548352399957
26.199999999999964,6.23891923899549
26.399999999999963,7.356914112927568
26.599999999999962,8.69842666932688
26.79999999999996,10.30899465036367
26.99999999999996,12.2433366578827
