mags_ab,pos_errs_mas
16.0,0.182443864447421
16.2,0.19999332078847804
16.4,0.2193404554377902
16.599999999999998,0.24071711313492733
16.799999999999997,0.2643430805447489
16.999999999999996,0.2904842919897265
17.199999999999996,0.3194479325232715
17.399999999999995,0.3515645177691107
17.599999999999994,0.3871464790157167
17.799999999999994,0.4265606493867234
17.999999999999993,0.4706222507405162
18.199999999999992,0.5200226704291964
18.39999999999999,0.5754421726398782
18.59999999999999,0.6376710345219395
18.79999999999999,0.7080294020166795
18.99999999999999,0.786253023664541
19.19999999999999,0.8758559175311932
19.399999999999988,0.9789767404567906
19.599999999999987,1.0975112096212494
19.799999999999986,1.234424427264915
19.999999999999986,1.3913924533241624
20.199999999999985,1.565708065115997
20.399999999999984,1.7787421372094157
20.599999999999984,2.0290588423655618
20.799999999999983,2.3243500487779887
20.999999999999982,2.67392836405222
21.19999999999998,3.079202812328358
21.39999999999998,3.5333106814122552
21.59999999999998,4.109597544328484
21.79999999999998,4.798060170201884
21.99999999999998,5.621789820558254
22.199999999999978,6.608548113266077
22.399999999999977,7.755295944586406
22.599999999999977,9.165844000552983
22.799999999999976,10.859164708550678
22.999999999999975,12.892783990176895
23.199999999999974,15.335830547921784
23.399999999999974,18.271386746697715
23.599999999999973,21.799304804527054
23.799999999999972,26.039607390548827
23.99999999999997,31.13656162278411
24.19999999999997,37.263597853945015
24.39999999999997,44.62919781886599
24.59999999999997,53.48399003623966
24.79999999999997,64.1292858531941
24.999999999999968,76.9273197847216
25.199999999999967,92.31358436664722
25.399999999999967,110.81164473860436
25.599999999999966,133.05094783835392
25.799999999999965,159.78827518337485
25.999999999999964,191.93343625149544
26.199999999999964,230.58025802231487
26.399999999999963,277.0438581798892
26.599999999999962,332.9052926606937
26.79999999999996,400.0654214702942
26.99999999999996,480.8095456194879
