mags_ab,pos_errs_mas
16.0,0.1600426431915466
16.2,0.16756488316776955
16.4,0.15049700899981328
16.599999999999998,0.15791205655040635
16.799999999999997,0.14808705004419612
16.999999999999996,0.14702077951145684
17.199999999999996,0.16077791385750448
17.399999999999995,0.16472447676906912
17.599999999999994,0.1724588989531989
17.799999999999994,0.17860043353552443
17.999999999999993,0.1961421509897444
18.199999999999992,0.21567615226268827
18.39999999999999,0.23734040655337127
18.59999999999999,0.2614821119195055
18.79999999999999,0.2884491631621211
18.99999999999999,0.3186528228797327
19.19999999999999,0.35258933285998545
19.399999999999988,0.3912053496991745
19.599999999999987,0.4345235211175928
19.799999999999986,0.4837578143780582
19.999999999999986,0.5400090615606078
20.199999999999985,0.6046237879109797
20.399999999999984,0.6792715180327416
20.599999999999984,0.765348877387634
20.799999999999983,0.8655290967770082
20.999999999999982,0.9826662907862325
21.19999999999998,1.1202302892355822
21.39999999999998,1.2833404185609392
21.59999999999998,1.4751565416951935
21.79999999999998,1.7028220522058737
21.99999999999998,1.9737651428977394
22.199999999999978,2.2969372265034464
22.399999999999977,2.683834428785674
22.599999999999977,3.145873807536213
22.799999999999976,3.699432625131883
22.999999999999975,4.363236680834885
23.199999999999974,5.159788445510815
23.399999999999974,6.1161291823816875
23.599999999999973,7.264752628578121
23.799999999999972,8.644709049534676
23.99999999999997,10.302928750942423
24.19999999999997,12.295820356028074
24.39999999999997,14.691184507348188
24.59999999999997,17.57052065735956
24.79999999999997,21.031801402598735
24.999999999999968,25.192802362775286
25.199999999999967,30.19511182663641
25.399999999999967,36.208946655420775
25.599999999999966,43.43894277527049
25.799999999999965,52.131128962025855
25.999999999999964,62.581279250637785
26.199999999999964,75.14498844163867
26.399999999999963,90.24978834564861
26.599999999999962,108.4096619859301
26.79999999999996,130.2425561343732
26.99999999999996,156.49139243313655
