mags_ab,pos_errs_mas
16.0,0.24009079090976174
16.2,0.2545682273192087
16.4,0.2604834177110757
16.599999999999998,0.2649935936272918
16.799999999999997,0.26711022083865926
16.999999999999996,0.19046226163914565
17.199999999999996,0.20447136883506525
17.399999999999995,0.21990516223104323
17.599999999999994,0.23662323216416378
17.799999999999994,0.19896147674832262
17.999999999999993,0.19866833938177078
18.199999999999992,0.21785309267411432
18.39999999999999,0.23903693612636406
18.59999999999999,0.2624246470700857
18.79999999999999,0.28829162809548337
18.99999999999999,0.3169351785610081
19.19999999999999,0.3486966068066394
19.399999999999988,0.38404487495973166
19.599999999999987,0.4234242350628063
19.799999999999986,0.4669577495159034
19.999999999999986,0.515787604808185
20.199999999999985,0.5706657806858216
20.399999999999984,0.6325002610425722
20.599999999999984,0.701782287255806
20.799999999999983,0.7801474733987892
20.999999999999982,0.8689927026019818
21.19999999999998,0.9703522258891758
21.39999999999998,1.0878722587438678
21.59999999999998,1.2236112962963257
21.79999999999998,1.3720164700092055
21.99999999999998,1.5461846677285862
22.199999999999978,1.7551828510977163
22.399999999999977,2.0004362530712188
22.599999999999977,2.289270823503864
22.799999999999976,2.630865674319963
22.999999999999975,3.03103228476225
23.199999999999974,3.504522490464977
23.399999999999974,4.067740831532054
23.599999999999973,4.737964045507033
23.799999999999972,5.55082495382291
23.99999999999997,6.486433849627054
24.19999999999997,7.564405868901714
24.39999999999997,8.902039724699721
24.59999999999997,10.539121690810164
24.79999999999997,12.504977914927345
24.999999999999968,14.866422347006958
25.199999999999967,17.70375265614427
25.399999999999967,21.113476131890543
25.599999999999966,25.21158640979053
25.799999999999965,30.137515569122073
25.999999999999964,36.0588675801337
26.199999999999964,43.17711916315972
26.399999999999963,51.507002120827046
26.599999999999962,61.745878374169955
26.79999999999996,74.05524065799659
26.99999999999996,88.85393982426488
