mags_ab,pos_errs_mas
16.0,0.37442515013418093
16.2,0.4013590809903608
16.4,0.27280239264528583
16.599999999999998,0.2958923128839421
16.799999999999997,0.320544820441238
16.999999999999996,0.34825311336849185
17.199999999999996,0.2634390503275181
17.399999999999995,0.28569809655473155
17.599999999999994,0.3095498947645216
17.799999999999994,0.2429536428342308
17.999999999999993,0.26423912611920375
18.199999999999992,0.28783144394782684
18.39999999999999,0.24535121037029126
18.59999999999999,0.26759994958453265
18.79999999999999,0.24631980854159763
18.99999999999999,0.23354953757500194
19.19999999999999,0.2550124308452486
19.399999999999988,0.2506152216857942
19.599999999999987,0.25333359085251056
19.799999999999986,0.24877549147260708
19.999999999999986,0.2726507393733734
20.199999999999985,0.2989913906773152
20.399999999999984,0.3282075669238605
20.599999999999984,0.36047608331414743
20.799999999999983,0.39622270173096513
20.999999999999982,0.43589737992406485
21.19999999999998,0.4800595083197095
21.39999999999998,0.5292922098644999
21.59999999999998,0.5842038296170661
21.79999999999998,0.6456783262458244
21.99999999999998,0.7149211961378427
22.199999999999978,0.7926804285494613
22.399999999999977,0.8817127214538019
22.599999999999977,0.9819144806292279
22.799999999999976,1.096104643987283
22.999999999999975,1.2269958220316648
23.199999999999974,1.3780739513888431
23.399999999999974,1.5525861654092934
23.599999999999973,1.7560405953492682
23.799999999999972,1.9930671259529344
23.99999999999997,2.273180496199149
24.19999999999997,2.6014884862318635
24.39999999999997,2.988026285010179
24.59999999999997,3.448079872822729
24.79999999999997,3.9954699989533817
24.999999999999968,4.648265391366989
25.199999999999967,5.4282198463327775
25.399999999999967,6.361501431917294
25.599999999999966,7.479572782729321
25.799999999999965,8.820250724519534
25.999999999999964,10.428977823545399
26.199999999999964,12.349136695053154
26.399999999999963,14.663516685303955
26.599999999999962,17.4438935541273
26.79999999999996,20.784823174400305
26.99999999999996,24.79994563322429
