mags_ab,pos_errs_mas
16.0,0.23760906327878795
16.2,0.25737823637200224
16.4,0.27919137162757635
16.599999999999998,0.21235367616084344
16.799999999999997,0.23068122205271474
16.999999999999996,0.2507942548782371
17.199999999999996,0.2093041539074936
17.399999999999995,0.22794922177153593
17.599999999999994,0.24808724203555033
17.799999999999994,0.21572592307408467
17.999999999999993,0.23516458644133195
18.199999999999992,0.22076719912012943
18.39999999999999,0.2206188690224091
18.59999999999999,0.2197054044810372
18.79999999999999,0.2296203995155685
18.99999999999999,0.25174775660901455
19.19999999999999,0.2762478339924263
19.399999999999988,0.3033253158563558
19.599999999999987,0.33327426928325543
19.799999999999986,0.36652061817230597
19.999999999999986,0.4034483730600711
20.199999999999985,0.4444766947978436
20.399999999999984,0.4902630295827129
20.599999999999984,0.5414755999141843
20.799999999999983,0.5987918195773008
20.999999999999982,0.6632792784796271
21.19999999999998,0.7368242861941768
21.39999999999998,0.8192947030417331
21.59999999999998,0.912945413404455
21.79999999999998,1.0198723855820064
21.99999999999998,1.1429680573334302
22.199999999999978,1.2832352657743775
22.399999999999977,1.4472497627170127
22.599999999999977,1.6372699971227995
22.799999999999976,1.8614348570890142
22.999999999999975,2.121243925048077
23.199999999999974,2.4290521422651508
23.399999999999974,2.7933510946062983
23.599999999999973,3.225850715512947
23.799999999999972,3.740681495670287
23.99999999999997,4.354869275062051
24.19999999999997,5.08891019277245
24.39999999999997,5.9674564848318425
24.59999999999997,7.020145019874695
24.79999999999997,8.282597656926601
24.999999999999968,9.7832915986943
25.199999999999967,11.596155469294668
25.399999999999967,13.773499938552801
25.599999999999966,16.389348084081774
25.799999999999965,19.53266285749716
25.999999999999964,23.31036797397417
26.199999999999964,27.8509855915825
26.399999999999963,33.30900943736031
26.599999999999962,39.87014760115446
26.79999999999996,47.75766017055417
26.99999999999996,57.23993112329325
