mags_ab,pos_errs_mas
16.0,inf
16.2,inf
16.4,inf
16.599999999999998,inf
16.799999999999997,0.2336238643340352
16.999999999999996,0.24584269142770362
17.199999999999996,0.260782702524127
17.399999999999995,0.2675491721805554
17.599999999999994,0.2834455005032078
17.799999999999994,0.2027792038327868
17.999999999999993,0.21764926993045453
18.199999999999992,0.235439937908584
18.39999999999999,0.2516929103161521
18.59999999999999,0.2690800491637222
18.79999999999999,0.21741093403893139
18.99999999999999,0.215310068155329
19.19999999999999,0.2362512651815559
19.399999999999988,0.2594292224569147
19.599999999999987,0.285093343466439
19.799999999999986,0.31351276163615244
19.999999999999986,0.34502743285010085
20.199999999999985,0.3801183413905387
20.399999999999984,0.41931118763013137
20.599999999999984,0.46315686807903567
20.799999999999983,0.5123629250891345
20.999999999999982,0.5673522558138725
21.19999999999998,0.6291422816542279
21.39999999999998,0.6995645815392109
21.59999999999998,0.7796629142435754
21.79999999999998,0.8711712812475529
21.99999999999998,0.9764056356459404
22.199999999999978,1.0967590306743604
22.399999999999977,1.2342078531015612
22.599999999999977,1.3952685887676357
22.799999999999976,1.5854650230086413
22.999999999999975,1.8062986962152339
23.199999999999974,2.0688211843752677
23.399999999999974,2.373445331909858
23.599999999999973,2.717557142775651
23.799999999999972,3.1483093408152665
23.99999999999997,3.661949520300378
24.19999999999997,4.27558715944826
24.39999999999997,5.0098040199584215
24.59999999999997,5.889346604314089
24.79999999999997,6.943959393310618
24.999999999999968,8.209385949009015
25.199999999999967,9.728578400287429
25.399999999999967,11.502684722129604
25.599999999999966,13.68225853696924
25.799999999999965,16.301224919774448
25.999999999999964,19.448669407684203
26.199999999999964,23.23166894431272
26.399999999999963,27.778936278215298
26.599999999999962,33.24519295486915
26.79999999999996,39.816438528416526
26.99999999999996,47.71626961732675
