mags_ab,pos_errs_mas
16.0,0.16508425751004058
16.2,0.1574481600286515
16.4,0.15457821333923813
16.599999999999998,0.16639566549438986
16.799999999999997,0.14642922007442152
16.999999999999996,0.1545609908517265
17.199999999999996,0.16811802417145386
17.399999999999995,0.15660150942674292
17.599999999999994,0.17137264541145503
17.799999999999994,0.170891797211822
17.999999999999993,0.17531579475930764
18.199999999999992,0.19059634229610542
18.39999999999999,0.20964525313430685
18.59999999999999,0.2309050739862785
18.79999999999999,0.25459455617213494
18.99999999999999,0.28111988823760714
19.19999999999999,0.3109099946473527
19.399999999999988,0.34448084002203905
19.599999999999987,0.3825429872591128
19.799999999999986,0.42597185832092727
19.999999999999986,0.47519623883848305
20.199999999999985,0.5316174099799165
20.399999999999984,0.5966017328523852
20.599999999999984,0.672104269739687
20.799999999999983,0.7599463680483294
20.999999999999982,0.8621727985663332
21.19999999999998,0.9821404862282501
21.39999999999998,1.1235024648543552
21.59999999999998,1.2906841609794355
21.79999999999998,1.4904978397489717
21.99999999999998,1.726492898230835
22.199999999999978,2.0078869425374846
22.399999999999977,2.344051124503557
22.599999999999977,2.7462589608978525
22.799999999999976,3.2291618112106124
22.999999999999975,3.8068469775942178
23.199999999999974,4.499990948151831
23.399999999999974,5.332120206821709
23.599999999999973,6.331504752599516
23.799999999999972,7.532118639847409
23.99999999999997,8.974791065887748
24.19999999999997,10.708596912444248
24.39999999999997,12.79252136063689
24.59999999999997,15.297466664612228
24.79999999999997,18.308666042580878
24.999999999999968,21.928579862611876
25.199999999999967,26.280384227423156
25.399999999999967,31.512160774189105
25.599999999999966,37.80193387555117
25.799999999999965,45.36373725583262
25.999999999999964,54.45488075962726
26.199999999999964,65.38471522314072
26.399999999999963,78.52517319836585
26.599999999999962,94.32339524239603
26.79999999999996,113.31696652176166
26.99999999999996,136.1521914247665
