mags_ab,pos_errs_mas
16.0,0.20686211418142342
16.2,0.2227574137721248
16.4,0.17025948463800838
16.599999999999998,0.18358613194200024
16.799999999999997,0.19948120900333627
16.999999999999996,0.21689261416708053
17.199999999999996,0.1740711237919343
17.399999999999995,0.18939072996374098
17.599999999999994,0.20621649788514587
17.799999999999994,0.17170679096171837
17.999999999999993,0.18719172055749173
18.199999999999992,0.17821886851043164
18.39999999999999,0.17929701328747732
18.59999999999999,0.18268178194967083
18.79999999999999,0.19710650444980946
18.99999999999999,0.21598713535579786
19.19999999999999,0.23686314094750865
19.399999999999988,0.25977166117659745
19.599999999999987,0.28504790786615686
19.799999999999986,0.3129164442698457
19.999999999999986,0.3437088346331864
20.199999999999985,0.37774266713323035
20.399999999999984,0.415425210824153
20.599999999999984,0.4573416873008773
20.799999999999983,0.5036320853496442
20.999999999999982,0.5551535348604085
21.19999999999998,0.6131760759529282
21.39999999999998,0.6772300268894542
21.59999999999998,0.7487046069633007
21.79999999999998,0.8291563213075658
21.99999999999998,0.9201379059859142
22.199999999999978,1.023225201697289
22.399999999999977,1.1397922512574437
22.599999999999977,1.2704114710616219
22.799999999999976,1.4227846425680113
22.999999999999975,1.5967818888894423
23.199999999999974,1.7977291303582534
23.399999999999974,2.0310521308664056
23.599999999999973,2.3031198715130277
23.799999999999972,2.623804630084096
23.99999999999997,3.0016458146311527
24.19999999999997,3.4361992282291554
24.39999999999997,3.9569318225951977
24.59999999999997,4.569985953408429
24.79999999999997,5.308602443917821
24.999999999999968,6.190487996515348
25.199999999999967,7.245160871529751
25.399999999999967,8.508117571477865
25.599999999999966,10.022025016723951
25.799999999999965,11.838161680050465
25.999999999999964,14.01814565828203
26.199999999999964,16.63601958257077
26.399999999999963,19.738214741258517
26.599999999999962,23.504576719826428
26.79999999999996,28.030736095828754
26.99999999999996,33.47066404512784
