mags_ab,pos_errs_mas
16.0,inf
16.2,inf
16.4,0.2615224189340324
16.599999999999998,0.283170462574126
16.799999999999997,0.30271651653550036
16.999999999999996,0.20805954389420211
17.199999999999996,0.224951886885265
17.399999999999995,0.24267704237265086
17.599999999999994,0.2639873865612903
17.799999999999994,0.2807210430358392
17.999999999999993,0.18533491207594546
18.199999999999992,0.19905967626822127
18.39999999999999,0.21448776532528652
18.59999999999999,0.17560802210840118
18.79999999999999,0.18926945782940627
18.99999999999999,0.17085234802084717
19.19999999999999,0.18640102368270312
19.399999999999988,0.20336771138183815
19.599999999999987,0.22193534609542376
19.799999999999986,0.18726117031429612
19.999999999999986,0.20458996383385958
20.199999999999985,0.1893603842584508
20.399999999999984,0.20728794145871207
20.599999999999984,0.2052306005382983
20.799999999999983,0.20294893961248037
20.999999999999982,0.21780920659933783
21.19999999999998,0.23992969346761106
21.39999999999998,0.2646916916984301
21.59999999999998,0.2926895495432499
21.79999999999998,0.3240078945458412
21.99999999999998,0.3594079126811922
22.199999999999978,0.3995789517803938
22.399999999999977,0.44547923865233696
22.599999999999977,0.4979102787913889
22.799999999999976,0.5582873724680372
22.999999999999975,0.6280261059676215
23.199999999999974,0.7090412304118708
23.399999999999974,0.8036008027095983
23.599999999999973,0.9158372910633684
23.799999999999972,1.0463905705488328
23.99999999999997,1.2006462765892663
24.19999999999997,1.3835146905051536
24.39999999999997,1.6009252957713407
24.59999999999997,1.8600279752552162
24.79999999999997,2.169433813853216
24.999999999999968,2.5395037185834655
25.199999999999967,2.982696763636138
25.399999999999967,3.5139888688657663
25.599999999999966,4.152973714777302
25.799999999999965,4.918079406974131
25.999999999999964,5.836888181860726
26.199999999999964,6.94063041692939
26.399999999999963,8.26683931801003
26.599999999999962,9.860624350378782
26.79999999999996,11.776206138005733
26.99999999999996,14.07875736679928
