mags_ab,pos_errs_mas
16.0,0.21009434743505007
16.2,0.2277263074758778
16.4,0.24628583022941092
16.599999999999998,0.2647273700207268
16.799999999999997,0.28528515415128874
16.999999999999996,0.18433142450455292
17.199999999999996,0.19935254633571028
17.399999999999995,0.2161003953401376
17.599999999999994,0.1752903294979221
17.799999999999994,0.19092815345445785
17.999999999999993,0.17234454413772482
18.199999999999992,0.18793514340128065
18.39999999999999,0.20500166876669845
18.59999999999999,0.22357217688174177
18.79999999999999,0.18598223759798482
18.99999999999999,0.20294670654317398
19.19999999999999,0.1849670596569537
19.399999999999988,0.20206947471154124
19.599999999999987,0.19717967914901846
19.799999999999986,0.19124025899465613
19.999999999999986,0.20345549826196668
20.199999999999985,0.22307798218805103
20.399999999999984,0.24470155427792983
20.599999999999984,0.26859206424297954
20.799999999999983,0.2950465030599869
20.999999999999982,0.32435013923034917
21.19999999999998,0.3568401140446613
21.39999999999998,0.39303593660410585
21.59999999999998,0.43337038655560717
21.79999999999998,0.47832609740206833
21.99999999999998,0.5285605092555502
22.199999999999978,0.5849651078432038
22.399999999999977,0.6491982586725811
22.599999999999977,0.7211326528816774
22.799999999999976,0.8027944395550509
22.999999999999975,0.896006038714402
23.199999999999974,1.0026954505379777
23.399999999999974,1.1256836438937576
23.599999999999973,1.2679182497934276
23.799999999999972,1.4329581779239495
23.99999999999997,1.627074187696012
24.19999999999997,1.85274603924824
24.39999999999997,2.1188650655378143
24.59999999999997,2.433495254003981
24.79999999999997,2.8066912761365104
24.999999999999968,3.2505904113525945
25.199999999999967,3.779824617712091
25.399999999999967,4.412011091920539
25.599999999999966,5.168345071815832
25.799999999999965,6.074311457049004
25.999999999999964,7.160540477411414
26.199999999999964,8.463842569338363
26.399999999999963,10.023479776179274
26.599999999999962,11.899700573191362
26.79999999999996,14.153639464145046
26.99999999999996,16.861943297227103
