mags_ab,pos_errs_mas
16.0,0.20686138653574065
16.2,0.2227565256975523
16.4,0.17025849011022345
16.599999999999998,0.183584896859352
16.799999999999997,0.1994795940361209
16.999999999999996,0.21689049945750505
17.199999999999996,0.17406841222942215
17.399999999999995,0.18938716990099674
17.599999999999994,0.20621182379322392
17.799999999999994,0.17170027700350649
17.999999999999993,0.187187907434502
18.199999999999992,0.17820693584391353
18.39999999999999,0.17928064502127003
18.59999999999999,0.18265937715523675
18.79999999999999,0.19707676342257216
18.99999999999999,0.21594797111121722
19.19999999999999,0.23681151553717028
19.399999999999988,0.25970366903982994
19.599999999999987,0.2849582836595219
19.799999999999986,0.3127985710880875
19.999999999999986,0.3435537172199627
20.199999999999985,0.3775382264929662
20.399999999999984,0.4151574479886625
20.599999999999984,0.4569885757995903
20.799999999999983,0.5031672320161447
20.999999999999982,0.5545459085224892
21.19999999999998,0.6123803494756758
21.39999999999998,0.6761849629077676
21.59999999999998,0.7473342478499426
21.79999999999998,0.8273639657824272
21.99999999999998,0.9178032176232095
22.199999999999978,1.0201782027183142
22.399999999999977,1.1358419134211857
22.599999999999977,1.2652459793639779
22.799999999999976,1.4161066588441618
22.999999999999975,1.588158387568009
23.199999999999974,1.7856219314598454
23.399999999999974,2.01680735149702
23.599999999999973,2.2849123892154717
23.799999999999972,2.60069360943805
23.99999999999997,2.9724324006139287
24.19999999999997,3.394930609502823
24.39999999999997,3.9100546835900674
24.59999999999997,4.511139189154296
24.79999999999997,5.235344602447808
24.999999999999968,6.099643911112603
25.199999999999967,7.132920593707232
25.399999999999967,8.369912120311836
25.599999999999966,9.85237637437166
25.799999999999965,11.630501037755684
25.999999999999964,13.76459437122008
26.199999999999964,16.32712464230105
26.399999999999963,19.36073412499274
26.599999999999962,23.046296687157238
26.79999999999996,27.475191830216463
26.99999999999996,32.7980768635505
