mags_ab,pos_errs_mas
16.0,0.14951465764093277
16.2,0.15993813381818608
16.4,0.14243647631325726
16.599999999999998,0.15339927580832174
16.799999999999997,0.1437214505273531
16.999999999999996,0.15687220653964606
17.199999999999996,0.15460044830677
17.399999999999995,0.15769094340665105
17.599999999999994,0.16483653865736647
17.799999999999994,0.17038672446206748
17.999999999999993,0.18274037390481224
18.199999999999992,0.20018555484639117
18.39999999999999,0.21939175183996693
18.59999999999999,0.24054268925313868
18.79999999999999,0.2638436087691023
18.99999999999999,0.2897310329292469
19.19999999999999,0.3181659760488815
19.399999999999988,0.34939767255873316
19.599999999999987,0.38389067188333187
19.799999999999986,0.4220303297186252
19.999999999999986,0.4642615683519489
20.199999999999985,0.5110961036476721
20.399999999999984,0.5635689722785717
20.599999999999984,0.6219540367500576
20.799999999999983,0.6864289908179371
20.999999999999982,0.7583205084030649
21.19999999999998,0.8387162065857633
21.39999999999998,0.9293931494366499
21.59999999999998,1.0318119418795137
21.79999999999998,1.1479712123017707
21.99999999999998,1.2808524515160011
22.199999999999978,1.4319615634851952
22.399999999999977,1.6056003762305096
22.599999999999977,1.8008489203863023
22.799999999999976,2.0297847877156867
22.999999999999975,2.2940427216640082
23.199999999999974,2.6054899931564175
23.399999999999974,2.9713541085366773
23.599999999999973,3.402836919804171
23.799999999999972,3.913524120627962
23.99999999999997,4.512166198398175
24.19999999999997,5.229925617472618
24.39999999999997,6.062950221076176
24.59999999999997,7.07752531878439
24.79999999999997,8.291364961569446
24.999999999999968,9.745371052889357
25.199999999999967,11.488706314956115
25.399999999999967,13.580451410654277
25.599999999999966,16.09160050311259
25.799999999999965,19.08198858026187
25.999999999999964,22.696783869232675
26.199999999999964,27.040282790404355
26.399999999999963,32.2602333604168
26.599999999999962,38.534218075284336
26.79999999999996,46.075702142876445
26.99999999999996,55.14128027383045
