mags_ab,pos_errs_mas
16.0,0.18544590222020665
16.2,0.19970082400637312
16.4,0.18170853543889312
16.599999999999998,0.18775908683109388
16.799999999999997,0.205931918513206
16.999999999999996,0.22600033887080134
17.199999999999996,0.24819493658729316
17.399999999999995,0.27276907298800035
17.599999999999994,0.30001722137017606
17.799999999999994,0.3302824432848517
17.999999999999993,0.36396471391556734
18.199999999999992,0.40146680847765565
18.39999999999999,0.44312222540213136
18.59999999999999,0.4899998127879202
18.79999999999999,0.542720926477389
18.99999999999999,0.6022534828879959
19.19999999999999,0.6696327267740565
19.399999999999988,0.7463229723600748
19.599999999999987,0.8328248912806775
19.799999999999986,0.932410676251427
19.999999999999986,1.0475104487042246
20.199999999999985,1.1810325596283413
20.399999999999984,1.3365818572849668
20.599999999999984,1.5173045349320424
20.799999999999983,1.7307034085051607
20.999999999999982,1.9824313249439696
21.19999999999998,2.280424257669758
21.39999999999998,2.6255128608490876
21.59999999999998,3.0334779556902856
21.79999999999998,3.5305101820117795
21.99999999999998,4.124458467202397
22.199999999999978,4.835261451447937
22.399999999999977,5.6868912583483615
22.599999999999977,6.6503370729125475
22.799999999999976,7.8385309588697965
22.999999999999975,9.287834265430922
23.199999999999974,11.028431711232752
23.399999999999974,13.11949517811865
23.599999999999973,15.632135266316201
23.799999999999972,18.58747849057551
23.99999999999997,22.20260115764016
24.19999999999997,26.548071545284014
24.39999999999997,31.771745926795443
24.59999999999997,38.05136619762814
24.79999999999997,45.60061281568142
24.999999999999968,54.67636759527829
25.199999999999967,65.587459474827
25.399999999999967,78.70517139883025
25.599999999999966,94.47586861403815
25.799999999999965,113.43621197934827
25.999999999999964,136.23137760178565
26.199999999999964,163.6370334936658
26.399999999999963,196.58576957168154
26.599999999999962,236.1987599249178
26.79999999999996,283.82396158406794
26.99999999999996,341.081947055541
