mags_ab,pos_errs_mas
16.0,0.2415447388837107
16.2,0.25621836831097733
16.4,0.18105096612722793
16.599999999999998,0.19506423698810418
16.799999999999997,0.21051453245061819
16.999999999999996,0.22738201666800043
17.199999999999996,0.24233461555799815
17.399999999999995,0.1960416205603356
17.599999999999994,0.19112066076206133
17.799999999999994,0.20385428820514895
17.999999999999993,0.2235439926501746
18.199999999999992,0.24528248791027163
18.39999999999999,0.26928419420382066
18.59999999999999,0.29576503680961075
18.79999999999999,0.32511540314857423
18.99999999999999,0.3577228449405689
19.19999999999999,0.3939598690067256
19.399999999999988,0.43430816727063526
19.599999999999987,0.4783244145800809
19.799999999999986,0.5281979644233737
19.999999999999986,0.584136205462773
20.199999999999985,0.6463094433345276
20.399999999999984,0.7161963794371504
20.599999999999984,0.7947735298836854
20.799999999999983,0.8836718249459906
20.999999999999982,0.9862661492208611
21.19999999999998,1.1038328286013708
21.39999999999998,1.227663876064876
21.59999999999998,1.372006648696665
21.79999999999998,1.5439522695019707
21.99999999999998,1.74273807174141
22.199999999999978,1.974158642683599
22.399999999999977,2.2443017219141224
22.599999999999977,2.567110810975252
22.799999999999976,2.9488112676443468
22.999999999999975,3.3646852450623883
23.199999999999974,3.8776587495819235
23.399999999999974,4.503268020800414
23.599999999999973,5.196791827403981
23.799999999999972,6.074897758071457
23.99999999999997,7.125994197768911
24.19999999999997,8.385552085130122
24.39999999999997,9.896201818483787
24.59999999999997,11.709170853361144
24.79999999999997,13.88602016007891
24.999999999999968,16.500723506009432
25.199999999999967,19.517587528481382
25.399999999999967,23.26321831252808
25.599999999999966,27.76483693055853
25.799999999999965,33.17559854211812
25.999999999999964,39.679599163026474
26.199999999999964,47.49813758938088
26.399999999999963,56.8972647239262
26.599999999999962,68.1967995949275
26.79999999999996,81.78124459396344
26.99999999999996,98.11283711389899
