mags_ab,pos_errs_mas
16.0,0.23831418496254445
16.2,0.2578060048810409
16.4,0.279404814743044
16.599999999999998,0.21157909264884361
16.799999999999997,0.22838131564740424
16.999999999999996,0.24829534316197915
17.199999999999996,0.26873623858767404
17.399999999999995,0.21077005589549921
17.599999999999994,0.22934576637804663
17.799999999999994,0.2002724294947391
17.999999999999993,0.21826968071032157
18.199999999999992,0.23793770102940198
18.39999999999999,0.21067443019669507
18.59999999999999,0.22983480040711304
18.79999999999999,0.25075999615310035
18.99999999999999,0.21843760426415884
19.19999999999999,0.23854233228598737
19.399999999999988,0.22423023730170893
19.599999999999987,0.21369500110897216
19.799999999999986,0.23338661377299286
19.999999999999986,0.25579659686484196
20.199999999999985,0.2804981431176339
20.399999999999984,0.3077682589618964
20.599999999999984,0.3378857386420608
20.799999999999983,0.371298156594925
20.999999999999982,0.40817458032747655
21.19999999999998,0.4491319772268312
21.39999999999998,0.4945546678660922
21.59999999999998,0.5452062194933135
21.79999999999998,0.6016085495167676
21.99999999999998,0.664656312264122
22.199999999999978,0.7362319939106444
22.399999999999977,0.8158493169993475
22.599999999999977,0.9057312171881892
22.799999999999976,1.0078145016816478
22.999999999999975,1.1233511208904223
23.199999999999974,1.2560798501510448
23.399999999999974,1.408146206715581
23.599999999999973,1.5837226838145695
23.799999999999972,1.7891593044712792
23.99999999999997,2.0267176610995947
24.19999999999997,2.305029140201039
24.39999999999997,2.6324321473334287
24.59999999999997,3.0190554215090804
24.79999999999997,3.4771684321190564
24.999999999999968,4.020018491946891
25.199999999999967,4.668174382323161
25.399999999999967,5.439520790216239
25.599999999999966,6.361069593782165
25.799999999999965,7.460515101078297
25.999999999999964,8.76644516250251
26.199999999999964,10.3476000339775
26.399999999999963,12.236776252511913
26.599999999999962,14.503404406650032
26.79999999999996,17.23520739116869
26.99999999999996,20.517374492957895
