mags_ab,pos_errs_mas
16.0,0.20386929056607478
16.2,0.17237856938104662
16.4,0.17549637156035355
16.599999999999998,0.18768459065861115
16.799999999999997,0.20582156966855816
16.999999999999996,0.225814832456774
17.199999999999996,0.24790770939937784
17.399999999999995,0.2723436447331597
17.599999999999994,0.2994058158746391
17.799999999999994,0.3294222183711317
17.999999999999993,0.3628681995749697
18.199999999999992,0.39998687180075676
18.39999999999999,0.44120599121453846
18.59999999999999,0.487376091533377
18.79999999999999,0.5391671161688304
18.99999999999999,0.5976089383448661
19.19999999999999,0.6634225998601786
19.399999999999988,0.7380463820920077
19.599999999999987,0.8221677816171165
19.799999999999986,0.9187891891250286
19.999999999999986,1.0298143967648692
20.199999999999985,1.1580407959987697
20.399999999999984,1.306890991438041
20.599999999999984,1.479740336443595
20.799999999999983,1.6825291185754974
20.999999999999982,1.9188774050775097
21.19999999999998,2.1915877603505134
21.39999999999998,2.5219795386799446
21.59999999999998,2.914397835207486
21.79999999999998,3.381690166527375
21.99999999999998,3.939336522614683
22.199999999999978,4.605966710692819
22.399999999999977,5.353857961541774
22.599999999999977,6.297138303817585
22.799999999999976,7.428325693332841
22.999999999999975,8.7857712264246
23.199999999999974,10.415558520292748
23.399999999999974,12.338280315364326
23.599999999999973,14.681453007932593
23.799999999999972,17.497106465200936
23.99999999999997,20.881017467304865
24.19999999999997,24.948313772348488
24.39999999999997,29.837380922638584
24.59999999999997,35.71457144073786
24.79999999999997,42.7798693060134
24.999999999999968,51.27368641847674
25.199999999999967,61.48504880580918
25.399999999999967,73.76142719417258
25.599999999999966,88.52055747291497
25.799999999999965,106.2646782983028
25.999999999999964,127.59757967877387
26.199999999999964,153.24517115251192
26.399999999999963,184.08021859930423
26.599999999999962,221.15197116617153
26.79999999999996,265.7219112246465
26.99999999999996,319.3066489065801
