mags_ab,pos_errs_mas
16.0,0.16643034698731268
16.2,0.1763485785345037
16.4,0.19124904313713445
16.599999999999998,0.14384297897550768
16.799999999999997,0.15305045741240209
16.999999999999996,0.16523028657025404
17.199999999999996,0.17639441299690836
17.399999999999995,0.14119535748646458
17.599999999999994,0.15115468649827662
17.799999999999994,0.16493609922458602
17.999999999999993,0.15254680619717514
18.199999999999992,0.15104291067557996
18.39999999999999,0.16507753885572185
18.59999999999999,0.16900137076092828
18.79999999999999,0.1700533149634655
18.99999999999999,0.1824596806281252
19.19999999999999,0.19996230722973127
19.399999999999988,0.21925998761226126
19.599999999999987,0.240546945337144
19.799999999999986,0.2640434946369103
19.999999999999986,0.29015636683496415
20.199999999999985,0.3190046275580969
20.399999999999984,0.3508028190771344
20.599999999999984,0.3860678390291606
20.799999999999983,0.42525076891038927
20.999999999999982,0.4688818778101749
21.19999999999998,0.517588696337885
21.39999999999998,0.5724530751259992
21.59999999999998,0.6341199162093567
21.79999999999998,0.7032841890417478
21.99999999999998,0.7813257728880139
22.199999999999978,0.8699921424732246
22.399999999999977,0.971150001321582
22.599999999999977,1.0868563563358036
22.799999999999976,1.2202896829430045
22.999999999999975,1.3755773054738507
23.199999999999974,1.5552043321934226
23.399999999999974,1.7651258150101532
23.599999999999973,2.011536859621118
23.799999999999972,2.3019561303715297
23.99999999999997,2.643978373976688
24.19999999999997,3.049751513444726
24.39999999999997,3.532825362573134
24.59999999999997,4.108821256191342
24.79999999999997,4.79692168478343
24.999999999999968,5.620202456653069
25.199999999999967,6.60640906773575
25.399999999999967,7.7864371363958025
25.599999999999966,9.203554004611162
25.799999999999965,10.904792238982187
25.999999999999964,12.947947229207747
26.199999999999964,15.402473250059584
26.399999999999963,18.351844149447086
26.599999999999962,21.89638318208748
26.79999999999996,26.15667902744229
26.99999999999996,31.277678415487426
