mags_ab,pos_errs_mas
16.0,0.28454321873186805
16.2,0.3015567351047466
16.4,0.3196107731575293
16.599999999999998,0.326713293123564
16.799999999999997,0.33195456125606426
16.999999999999996,0.2298126482293689
17.199999999999996,0.24701307739054992
17.399999999999995,0.26590998458142107
17.599999999999994,0.28480870191810886
17.799999999999994,0.3050380440391206
17.999999999999993,0.21975023878280342
18.199999999999992,0.24072884034549558
18.39999999999999,0.2638831021535295
18.59999999999999,0.28941755324812984
18.79999999999999,0.3176132208783476
18.99999999999999,0.3488198335756461
19.19999999999999,0.38312312568436596
19.399999999999988,0.4213002678450932
19.599999999999987,0.4635254290875867
19.799999999999986,0.5103577602318623
19.999999999999986,0.5623484441679611
20.199999999999985,0.6206201211158451
20.399999999999984,0.6853523048287282
20.599999999999984,0.7576221174657292
20.799999999999983,0.8394074280118925
20.999999999999982,0.9280071791918795
21.19999999999998,1.031415549732603
21.39999999999998,1.145749599097833
21.59999999999998,1.2786263384069543
21.79999999999998,1.4256116072483496
21.99999999999998,1.594190114181741
22.199999999999978,1.7928923481584915
22.399999999999977,2.0113210406752775
22.599999999999977,2.2767633410539925
22.799999999999976,2.5802067602323615
22.999999999999975,2.943212626043316
23.199999999999974,3.352678319848968
23.399999999999974,3.8542347923182563
23.599999999999973,4.4382044628532675
23.799999999999972,5.1291664024580434
23.99999999999997,5.911574033017179
24.19999999999997,6.819152135462884
24.39999999999997,7.976643171690277
24.59999999999997,9.320163960773742
24.79999999999997,10.919785738672024
24.999999999999968,12.885939379017644
25.199999999999967,15.143778858146122
25.399999999999967,17.951390748044005
25.599999999999966,21.323516606914453
25.799999999999965,25.374800171090666
25.999999999999964,30.243021501097743
26.199999999999964,36.093782013310815
26.399999999999963,43.12613696737027
26.599999999999962,51.579349558165696
26.79999999999996,61.741054502050126
26.99999999999996,73.51204104571804
