mags_ab,pos_errs_mas
16.0,0.23879037924131968
16.2,0.2584098689405822
16.4,0.2804956334291851
16.599999999999998,0.30128870583991196
16.799999999999997,0.32506127046459893
16.999999999999996,0.20921445269380073
17.199999999999996,0.22695732567629295
17.399999999999995,0.24588037211208796
17.599999999999994,0.2663289415630054
17.799999999999994,0.28897385893081956
17.999999999999993,0.21107522173569865
18.199999999999992,0.22992230689208754
18.39999999999999,0.2504814733111899
18.59999999999999,0.27270876007068573
18.79999999999999,0.2125169184926632
18.99999999999999,0.23189183638980676
19.19999999999999,0.20700193807405395
19.399999999999988,0.226138424728778
19.599999999999987,0.21762053998102765
19.799999999999986,0.21756136524985545
19.999999999999986,0.2225066986263862
20.199999999999985,0.22412146326849525
20.399999999999984,0.24607842624670745
20.599999999999984,0.2705213085522991
20.799999999999983,0.29767550013066335
20.999999999999982,0.32799450881425624
21.19999999999998,0.3618455248033982
21.39999999999998,0.3998328801671141
21.59999999999998,0.4425842597765109
21.79999999999998,0.4907371308097643
21.99999999999998,0.5453660134983798
22.199999999999978,0.607548363979476
22.399999999999977,0.67848718175067
22.599999999999977,0.7599507873188228
22.799999999999976,0.8545916018227496
22.999999999999975,0.9636155226848594
23.199999999999974,1.0906387297833622
23.399999999999974,1.2393136689118598
23.599999999999973,1.4140789723606053
23.799999999999972,1.6203185815162338
23.99999999999997,1.8645492369578527
24.19999999999997,2.1546458131116895
24.39999999999997,2.501593389879451
24.59999999999997,2.9137547326087536
24.79999999999997,3.4064548803862875
24.999999999999968,3.996252143105745
25.199999999999967,4.703053068358688
25.399999999999967,5.550781863311942
25.599999999999966,6.568188304645659
25.799999999999965,7.789819742500393
25.999999999999964,9.257191054418424
26.199999999999964,11.020193957607809
26.399999999999963,13.13879212016892
26.599999999999962,15.685054290786148
26.79999999999996,18.74561214248558
26.99999999999996,22.424597215320638
