mags_ab,pos_errs_mas
16.0,0.16658137988399288
16.2,0.14614141479058151
16.4,0.15524213029102085
16.599999999999998,0.1693609523770053
16.799999999999997,0.1600948136587995
16.999999999999996,0.16058444921075415
17.199999999999996,0.16866504495859266
17.399999999999995,0.1779385331335552
17.599999999999994,0.19524409714901844
17.799999999999994,0.21443901282569228
17.999999999999993,0.23566261501498512
18.199999999999992,0.25922329918245024
18.39999999999999,0.28542369733082285
18.59999999999999,0.31462301946556354
18.79999999999999,0.34724625253971053
18.99999999999999,0.3841899041818378
19.19999999999999,0.4252730482218445
19.399999999999988,0.471642066254637
19.599999999999987,0.5242102460897003
19.799999999999986,0.5838437037026513
19.999999999999986,0.6523437611681084
20.199999999999985,0.73051587266059
20.399999999999984,0.8206666243638231
20.599999999999984,0.9253480760303411
20.799999999999983,1.0475414884848229
20.999999999999982,1.1896514948974364
21.19999999999998,1.3565826863791672
21.39999999999998,1.5534536384031097
21.59999999999998,1.7864622855293202
21.79999999999998,2.0637311004291954
21.99999999999998,2.39283983738222
22.199999999999978,2.7854454545112786
22.399999999999977,3.25464699981442
22.599999999999977,3.8162001675828017
22.799999999999976,4.489047016815864
22.999999999999975,5.2959540383941555
23.199999999999974,6.2642791054873905
23.399999999999974,7.4268982414520615
23.599999999999973,8.823316450415959
23.799999999999972,10.501010411456889
23.99999999999997,12.51703744444073
24.19999999999997,14.939979046056962
24.39999999999997,17.852267444580484
24.59999999999997,21.35299027515424
24.79999999999997,25.561264204674632
24.999999999999968,30.62028260525284
25.199999999999967,36.7021910866182
25.399999999999967,44.01394306826542
25.599999999999966,52.80433959913349
25.799999999999965,63.3725079598845
25.999999999999964,76.07805745210399
26.199999999999964,91.35332898269253
26.399999999999963,109.71812652294929
26.599999999999962,131.79736337330772
26.79999999999996,158.34235631400657
26.99999999999996,190.2563661506032
