mags_ab,pos_errs_mas
16.0,0.19220487041055448
16.2,0.21074282359537394
16.4,0.23121426725988461
16.599999999999998,0.2538328166281202
16.799999999999997,0.2788436341903895
16.999999999999996,0.30653557268410603
17.199999999999996,0.3372410697349963
17.399999999999995,0.3712211693048152
17.599999999999994,0.4090020700301516
17.799999999999994,0.45081855385196623
17.999999999999993,0.4978457704239152
18.199999999999992,0.5505218774292122
18.39999999999999,0.6096106290340411
18.59999999999999,0.6763260872984278
18.79999999999999,0.7518880497531559
18.99999999999999,0.8348044415309428
19.19999999999999,0.9319818759935212
19.399999999999988,1.0434526993131248
19.599999999999987,1.1719338026986958
19.799999999999986,1.3184699439676222
19.999999999999986,1.4793396651717101
20.199999999999985,1.6773139402788384
20.399999999999984,1.90944563590737
20.599999999999984,2.182761900303152
20.799999999999983,2.5057781452387715
20.999999999999982,2.8887941952067644
21.19999999999998,3.284799117800148
21.39999999999998,3.8116099174628357
21.59999999999998,4.440291307507667
21.79999999999998,5.191846618120821
21.99999999999998,6.091539180964704
22.199999999999978,7.125869109304386
22.399999999999977,8.408062230420311
22.599999999999977,9.946797955805444
22.799999999999976,11.794319876299953
22.999999999999975,14.013409802967827
23.199999999999974,16.67951425032425
23.399999999999974,19.883311022394583
23.599999999999973,23.733783727292312
23.799999999999972,28.36193378369322
23.99999999999997,33.92522794931691
24.19999999999997,40.61296713995078
24.39999999999997,48.65271362579287
24.59999999999997,58.31803684436471
24.79999999999997,69.93782929843516
24.999999999999968,83.90748652351805
25.199999999999967,100.70236975317356
25.399999999999967,120.89397661609316
25.599999999999966,145.1693819747416
25.799999999999965,174.3546545395009
25.999999999999964,209.44290080183916
26.199999999999964,251.62809528220083
26.399999999999963,302.34576343500976
26.599999999999962,363.3217170854688
26.79999999999996,436.6308545742787
26.99999999999996,524.7677130407342
