mags_ab,pos_errs_mas
16.0,0.25091710459014505
16.2,0.26604801348784785
16.4,0.2821221800120761
16.599999999999998,0.19764404295259488
16.799999999999997,0.2128498058065159
16.999999999999996,0.22961342757847406
17.199999999999996,0.2461385195001878
17.399999999999995,0.26396735409963684
17.599999999999994,0.21049210543953817
17.799999999999994,0.19755764229370504
17.999999999999993,0.2164725129955142
18.199999999999992,0.23734355022922818
18.39999999999999,0.2603631823158223
18.59999999999999,0.28583649189316224
18.79999999999999,0.3138868920059973
18.99999999999999,0.3450178599058862
19.19999999999999,0.379325754296751
19.399999999999988,0.417219117500542
19.599999999999987,0.45939178188592805
19.799999999999986,0.5065022081561967
19.999999999999986,0.5591432574682409
20.199999999999985,0.6174463365614997
20.399999999999984,0.6831956488088128
20.599999999999984,0.7552973059458861
20.799999999999983,0.8383550664486183
20.999999999999982,0.9307785070131277
21.19999999999998,1.0319277409881664
21.39999999999998,1.1434393869277202
21.59999999999998,1.2781899834019734
21.79999999999998,1.4243243817229017
21.99999999999998,1.6000415492188587
22.199999999999978,1.7995810817933986
22.399999999999977,2.0232251150743954
22.599999999999977,2.2874395084441366
22.799999999999976,2.5898489233309743
22.999999999999975,2.958348906652763
23.199999999999974,3.3794549791362853
23.399999999999974,3.8910053407278946
23.599999999999973,4.434066110264614
23.799999999999972,5.121087273860275
23.99999999999997,5.9125377588451205
24.19999999999997,6.870978278755165
24.39999999999997,8.042659082225843
24.59999999999997,9.445791172834896
24.79999999999997,11.127785415909937
24.999999999999968,13.03258639248436
25.199999999999967,15.425990791213245
25.399999999999967,18.299955443724016
25.599999999999966,21.752155564029433
25.799999999999965,25.899976295513532
25.999999999999964,30.88449146480929
26.199999999999964,36.87526760909465
26.399999999999963,43.82637516104692
26.599999999999962,52.420729479650866
26.79999999999996,62.752136349225005
26.99999999999996,75.17213250153448
