mags_ab,pos_errs_mas
16.0,0.16643924802057578
16.2,0.17635920812067335
16.4,0.19126290668194945
16.599999999999998,0.14385787707219316
16.799999999999997,0.153068619142465
16.999999999999996,0.16525345617179046
17.199999999999996,0.17642343058779048
17.399999999999995,0.14122971370335036
17.599999999999994,0.15119780725894755
17.799999999999994,0.16499259236104455
17.999999999999993,0.15262232421559996
18.199999999999992,0.15114439820590303
18.39999999999999,0.16521079884663895
18.59999999999999,0.16917970664399445
18.79999999999999,0.1702962030004458
18.99999999999999,0.1827816564686094
19.19999999999999,0.20038543148252472
19.399999999999988,0.21981608157737834
19.599999999999987,0.2412770408228695
19.799999999999986,0.26500359978945665
19.999999999999986,0.2914185934106684
20.199999999999985,0.320666643062069
20.399999999999984,0.35298380570082927
20.599999999999984,0.38892792232962536
20.799999999999983,0.4289983144926881
20.999999999999982,0.47378738153758565
21.19999999999998,0.5240023509024992
21.39999999999998,0.5808258107415004
21.59999999999998,0.6450555833167639
21.79999999999998,0.7175286019009861
21.99999999999998,0.7998345244511064
22.199999999999978,0.8939667349566207
22.399999999999977,1.0021392779986027
22.599999999999977,1.1270890516190573
22.799999999999976,1.2720632914072834
22.999999999999975,1.4415650225357357
23.199999999999974,1.63930540605297
23.399999999999974,1.871890877294474
23.599999999999973,2.1465135028514397
23.799999999999972,2.4718818188764646
23.99999999999997,2.858515201983362
24.19999999999997,3.319100877002329
24.39999999999997,3.867040681119499
24.59999999999997,4.522431284471652
24.79999999999997,5.30759235701473
24.999999999999968,6.248610799942799
25.199999999999967,7.377347103953196
25.399999999999967,8.732087643786869
25.599999999999966,10.358838996751327
25.799999999999965,12.310059599155501
25.999999999999964,14.656183631405119
26.199999999999964,17.475543616342176
26.399999999999963,20.8640519902354
26.599999999999962,24.93699257491364
26.79999999999996,29.832947363861
26.99999999999996,35.718502140193955
