mags_ab,pos_errs_mas
16.0,0.24006588978060278
16.2,0.25453597199812816
16.4,0.2604420970375536
16.599999999999998,0.26494051214589387
16.799999999999997,0.2670418243054754
16.999999999999996,0.19036988065810764
17.199999999999996,0.20434929897807144
17.399999999999995,0.21974377079244892
17.599999999999994,0.2364098265110484
17.799999999999994,0.19864835763185815
17.999999999999993,0.19823486021767311
18.199999999999992,0.21728266091569826
18.39999999999999,0.23828564016583864
18.59999999999999,0.2614361434712028
18.79999999999999,0.2869623378819338
18.99999999999999,0.3152247078402928
19.19999999999999,0.34644992382337014
19.399999999999988,0.38109547420149703
19.599999999999987,0.41955066092373783
19.799999999999986,0.46173097166145016
19.999999999999986,0.5090578651325383
20.199999999999985,0.5619071412855822
20.399999999999984,0.6206987691223869
20.599999999999984,0.6863634949159545
20.799999999999983,0.7599251774880118
20.999999999999982,0.8427414831511718
21.19999999999998,0.9374458121950581
21.39999999999998,1.045084234650395
21.59999999999998,1.1609486181813908
21.79999999999998,1.2952178771608012
21.99999999999998,1.4492876664812757
22.199999999999978,1.6285581117271215
22.399999999999977,1.8360173083327653
22.599999999999977,2.0810007528863967
22.799999999999976,2.3681369712572833
22.999999999999975,2.6977638287953827
23.199999999999974,3.062437047079832
23.399999999999974,3.522672055232181
23.599999999999973,4.06826545549399
23.799999999999972,4.6808098091647805
23.99999999999997,5.429263947413694
24.19999999999997,6.315579407694952
24.39999999999997,7.371766033983506
24.59999999999997,8.62919697045139
24.79999999999997,10.169118856949055
24.999999999999968,12.016647549250363
25.199999999999967,13.911851011050127
25.399999999999967,16.402793537674256
25.599999999999966,19.48638556373347
25.799999999999965,23.191079187171418
25.999999999999964,27.642870507055225
26.199999999999964,32.99319317890797
26.399999999999963,39.42408152419161
26.599999999999962,47.15433579325693
26.79999999999996,56.44698813615445
26.99999999999996,67.61822901023167
