mags_ab,pos_errs_mas
16.0,0.3747853785177755
16.2,0.39935553061336765
16.4,0.27320297819815953
16.599999999999998,0.29604410876612064
16.799999999999997,0.31992151769187355
16.999999999999996,0.34741041073668705
17.199999999999996,0.2641484906132486
17.399999999999995,0.28619118268981053
17.599999999999994,0.23695519049525635
17.799999999999994,0.2579395209391912
17.999999999999993,0.280607085509824
18.199999999999992,0.24168601209296303
18.39999999999999,0.2633114454620146
18.59999999999999,0.28712293722526816
18.79999999999999,0.2543747873984004
18.99999999999999,0.2776407553298897
19.19999999999999,0.24525759130316305
19.399999999999988,0.2497116936893103
19.599999999999987,0.2738223454446111
19.799999999999986,0.3004549231607697
19.999999999999986,0.3300421127402356
20.199999999999985,0.3628185792814689
20.399999999999984,0.39918438927068617
20.599999999999984,0.43966988237012966
20.799999999999983,0.4848791915837768
20.999999999999982,0.53537744119829
21.19999999999998,0.5920970468993482
21.39999999999998,0.6558467307704042
21.59999999999998,0.7280129309941451
21.79999999999998,0.8095654045358758
21.99999999999998,0.9035642135184397
22.199999999999978,1.0095667598050728
22.399999999999977,1.131711602741204
22.599999999999977,1.2728125384721678
22.799999999999976,1.436119732350045
22.999999999999975,1.6264227654250352
23.199999999999974,1.8497983200515864
23.399999999999974,2.111564908615704
23.599999999999973,2.42278348607142
23.799999999999972,2.7876799528477876
23.99999999999997,3.2225804819403527
24.19999999999997,3.738238290475597
24.39999999999997,4.3555464671456505
24.59999999999997,5.093566370485886
24.79999999999997,5.9771113671665965
24.999999999999968,7.036010045002804
25.199999999999967,8.306111687170928
25.399999999999967,9.830494427398808
25.599999999999966,11.660924354278837
25.799999999999965,13.859611008281425
25.999999999999964,16.50131161348298
26.199999999999964,19.65646422068396
26.399999999999963,23.46503733270546
26.599999999999962,28.042852233969377
26.79999999999996,33.545670488195256
26.99999999999996,40.16072449989345
