mags_ab,pos_errs_mas
16.0,inf
16.2,inf
16.4,inf
16.599999999999998,inf
16.799999999999997,0.2345792814806841
16.999999999999996,0.2472316489463136
17.199999999999996,0.26080684946092697
17.399999999999995,0.26434583074779344
17.599999999999994,0.27806399515398045
17.799999999999994,0.2784116842745218
17.999999999999993,0.25791412986775086
18.199999999999992,0.24350783386668343
18.39999999999999,0.22496721484497412
18.59999999999999,0.21476329809023492
18.79999999999999,0.2355053547569437
18.99999999999999,0.25840518019152514
19.19999999999999,0.28367258741909707
19.399999999999988,0.3116084179061616
19.599999999999987,0.3424640930141065
19.799999999999986,0.376705887391903
19.999999999999986,0.4148139383645716
20.199999999999985,0.45722217585303015
20.399999999999984,0.5045681271142775
20.599999999999984,0.5563078465850905
20.799999999999983,0.6152465916932136
20.999999999999982,0.6812670141872733
21.19999999999998,0.7559247292785509
21.39999999999998,0.8379385391554193
21.59999999999998,0.9333530839203349
21.79999999999998,1.0409095155402122
21.99999999999998,1.1654064054860174
22.199999999999978,1.3088088999179006
22.399999999999977,1.4750656212320503
22.599999999999977,1.6452947823877906
22.799999999999976,1.8639120389454007
22.999999999999975,2.1171565078042285
23.199999999999974,2.4110914983818215
23.399999999999974,2.759962087926938
23.599999999999973,3.1769765084563124
23.799999999999972,3.672374406140559
23.99999999999997,4.262390305841671
24.19999999999997,4.941800603842247
24.39999999999997,5.7468378753102405
24.59999999999997,6.691987767908515
24.79999999999997,7.86886590205034
24.999999999999968,9.280086407575213
25.199999999999967,10.973486548263343
25.399999999999967,13.006549534087892
25.599999999999966,15.448353988988636
25.799999999999965,18.381911666151826
25.999999999999964,21.90699039753493
26.199999999999964,26.04915392091831
26.399999999999963,31.11985801802044
26.599999999999962,37.21502454132325
26.79999999999996,44.54204703548234
26.99999999999996,53.350234348776404
