mags_ab,pos_errs_mas
16.0,inf
16.2,inf
16.4,0.25937758147641266
16.599999999999998,0.2833834285016119
16.799999999999997,0.30068492304807437
16.999999999999996,0.20859330585624114
17.199999999999996,0.22388343388272522
17.399999999999995,0.2398717096130204
17.599999999999994,0.18498641424861942
17.799999999999994,0.20024201268071734
17.999999999999993,0.21706405513305493
18.199999999999992,0.18398248079946702
18.39999999999999,0.20017496586124206
18.59999999999999,0.21798264162281583
18.79999999999999,0.19285082477188262
18.99999999999999,0.18396175677386697
19.19999999999999,0.2009577157740325
19.399999999999988,0.1943693456674426
19.599999999999987,0.19894474862531167
19.799999999999986,0.21695485567011621
19.999999999999986,0.2380121918111678
20.199999999999985,0.26139672407751735
20.399999999999984,0.2872914588990694
20.599999999999984,0.3158962090592792
20.799999999999983,0.34766421734288855
20.999999999999982,0.3829843188185584
21.19999999999998,0.4223328377821012
21.39999999999998,0.4663142890193995
21.59999999999998,0.5156193031122916
21.79999999999998,0.5713007150369507
21.99999999999998,0.6338595011035861
22.199999999999978,0.7052521286722829
22.399999999999977,0.7856838428567372
22.599999999999977,0.8776249883806155
22.799999999999976,0.9831571421387313
22.999999999999975,1.1049647878382138
23.199999999999974,1.2458142006656139
23.399999999999974,1.4091176489653712
23.599999999999973,1.6004593971124912
23.799999999999972,1.8265660893973865
23.99999999999997,2.0919397300465117
24.19999999999997,2.406055084254502
24.39999999999997,2.7769709022028426
24.59999999999997,3.2123297043596337
24.79999999999997,3.7382080829556243
24.999999999999968,4.3665958311921536
25.199999999999967,5.1185846408525455
25.399999999999967,6.019532061062186
25.599999999999966,7.099916387330934
25.799999999999965,8.396362303322201
25.999999999999964,9.95288126655963
26.199999999999964,11.82236028675636
26.399999999999963,14.052278502659556
26.599999999999962,16.74555397287479
26.79999999999996,19.982362649565392
26.99999999999996,23.872821646587543
