mags_ab,pos_errs_mas
16.0,inf
16.2,0.3089295017763121
16.4,0.3272071539656516
16.599999999999998,0.3468421719195981
16.799999999999997,0.3676891174594893
16.999999999999996,0.38962806975952863
17.199999999999996,0.3975626335811126
17.399999999999995,0.26890806663282724
17.599999999999994,0.28896860956614484
17.799999999999994,0.3112108873208711
17.999999999999993,0.2700497941755904
18.199999999999992,0.26219437377336063
18.39999999999999,0.28735142902604666
18.59999999999999,0.31514453478457727
18.79999999999999,0.34571976218532363
18.99999999999999,0.3796396675520183
19.19999999999999,0.41720006970972273
19.399999999999988,0.45869472361010144
19.599999999999987,0.5046706071193949
19.799999999999986,0.5557380933620059
19.999999999999986,0.6121504096670629
20.199999999999985,0.675254461176189
20.399999999999984,0.7462350942996195
20.599999999999984,0.8249518600050564
20.799999999999983,0.9129725617302493
20.999999999999982,1.0127750099829682
21.19999999999998,1.1244016805642043
21.39999999999998,1.2507856313335792
21.59999999999998,1.393641712821126
21.79999999999998,1.5606211390672906
21.99999999999998,1.7496207627285485
22.199999999999978,1.9548802750436918
22.399999999999977,2.206836719697319
22.599999999999977,2.4947082888897008
22.799999999999976,2.8330766745831744
22.999999999999975,3.224751887030372
23.199999999999974,3.68179913645732
23.399999999999974,4.220241803191528
23.599999999999973,4.874289659136431
23.799999999999972,5.6352003804864905
23.99999999999997,6.476928905615262
24.19999999999997,7.557932831895086
24.39999999999997,8.816459515248209
24.59999999999997,10.35629615469538
24.79999999999997,12.149372893298205
24.999999999999968,14.350705125584234
25.199999999999967,16.91635971259244
25.399999999999967,19.930123165741858
25.599999999999966,23.684019139259156
25.799999999999965,28.194198594090807
25.999999999999964,33.614054844504004
26.199999999999964,40.12795930614047
26.399999999999963,47.957537358694125
26.599999999999962,57.3691786921802
26.79999999999996,68.68313126051474
26.99999999999996,82.28436044682846
