mags_ab,pos_errs_mas
16.0,0.3747388266537652
16.2,0.4013046709801136
16.4,0.2743528593271906
16.599999999999998,0.29545210756479373
16.799999999999997,0.3207966167104786
16.999999999999996,0.34761055704311977
17.199999999999996,0.2635813877016571
17.399999999999995,0.285655372260458
17.599999999999994,0.309377080787651
17.799999999999994,0.3355387122863488
17.999999999999993,0.25173267038580516
18.199999999999992,0.27421375019179833
18.39999999999999,0.2982734329329001
18.59999999999999,0.24316669802869093
18.79999999999999,0.26516944332180453
18.99999999999999,0.2412169532135248
19.19999999999999,0.23352786628613625
19.399999999999988,0.2550625391112859
19.599999999999987,0.2553691431117356
19.799999999999986,0.24726849137511503
19.999999999999986,0.25687692382627614
20.199999999999985,0.28169492711776506
20.399999999999984,0.30917585889052773
20.599999999999984,0.3397105553941733
20.799999999999983,0.3735321746159685
20.999999999999982,0.4111127771296292
21.19999999999998,0.4529806896045906
21.39999999999998,0.49975744283386453
21.59999999999998,0.552128249040505
21.79999999999998,0.6108890610725356
21.99999999999998,0.677104151999779
22.199999999999978,0.7521135582424622
22.399999999999977,0.8370874879633996
22.599999999999977,0.9349021623761089
22.799999999999976,1.0457668525594892
22.999999999999975,1.1737364369981529
23.199999999999974,1.3218470883609053
23.399999999999974,1.4936352418298195
23.599999999999973,1.6942109117521986
23.799999999999972,1.9300063242601448
23.99999999999997,2.2068683502228787
24.19999999999997,2.535840339795466
24.39999999999997,2.9230649170826
24.59999999999997,3.3849558844254677
24.79999999999997,3.93561340404073
24.999999999999968,4.590292222512127
25.199999999999967,5.376133554576384
25.399999999999967,6.31739094933952
25.599999999999966,7.445883701912332
25.799999999999965,8.79985199281737
25.999999999999964,10.425244809244958
26.199999999999964,12.377278785889281
26.399999999999963,14.722312385550515
26.599999999999962,17.540090279015324
26.79999999999996,20.908368086097347
26.99999999999996,24.9724808954784
