mags_ab,pos_errs_mas
16.0,inf
16.2,inf
16.4,0.25940884760224014
16.599999999999998,0.2834242963694443
16.799999999999997,0.30162003470272836
16.999999999999996,0.2089616124967146
17.199999999999996,0.2238274236903001
17.399999999999995,0.24120752055785116
17.599999999999994,0.18526507154690008
17.799999999999994,0.1998075810317968
17.999999999999993,0.21539971484566658
18.199999999999992,0.17901143859615729
18.39999999999999,0.19470844242665195
18.59999999999999,0.2120619200497106
18.79999999999999,0.18428935178526723
18.99999999999999,0.2009861028428067
19.19999999999999,0.18575435559192421
19.399999999999988,0.18143667276353892
19.599999999999987,0.18337907339923507
19.799999999999986,0.18912531343052963
19.999999999999986,0.19863399404780516
20.199999999999985,0.2064942705508186
20.399999999999984,0.22649625972789486
20.599999999999984,0.248627464972669
20.799999999999983,0.27332349743666545
20.999999999999982,0.30052284097896903
21.19999999999998,0.3307516000351191
21.39999999999998,0.3643412361898973
21.59999999999998,0.40182332827198525
21.79999999999998,0.44370432165135626
21.99999999999998,0.4906737023537683
22.199999999999978,0.5436150347695815
22.399999999999977,0.6035782101757666
22.599999999999977,0.6711725640282259
22.799999999999976,0.7487431957826928
22.999999999999975,0.8367662381285852
23.199999999999974,0.937906414591432
23.399999999999974,1.0546722532306583
23.599999999999973,1.190228618537237
23.799999999999972,1.348255559760211
23.99999999999997,1.5334249238149356
24.19999999999997,1.7508040521530261
24.39999999999997,2.0074634011990424
24.59999999999997,2.310509670684017
24.79999999999997,2.6711626675637965
24.999999999999968,3.1007379690548045
25.199999999999967,3.6134802997795785
25.399999999999967,4.222240900445688
25.599999999999966,4.949334931269827
25.799999999999965,5.825349863763126
25.999999999999964,6.87605368299572
26.199999999999964,8.13708113897712
26.399999999999963,9.651253753487682
26.599999999999962,11.470029033192795
26.79999999999996,13.65524799053249
26.99999999999996,16.281232192640278
