mags_ab,pos_errs_mas
16.0,0.14492208700215728
16.2,0.15274549714034544
16.4,0.16554310580866982
16.599999999999998,0.18014354982161787
16.799999999999997,0.15558242938078976
16.999999999999996,0.16975926616297457
17.199999999999996,0.16580317311067946
17.399999999999995,0.16994472629184537
17.599999999999994,0.17440669071496395
17.799999999999994,0.1910259782697284
17.999999999999993,0.2093271823787005
18.199999999999992,0.22948435756344304
18.39999999999999,0.25169392108524724
18.59999999999999,0.2761773032727838
18.79999999999999,0.3034625880642114
18.99999999999999,0.33325383124281355
19.19999999999999,0.36614872687040034
19.399999999999988,0.40252679626831545
19.599999999999987,0.4428139092602933
19.799999999999986,0.4875051848846371
19.999999999999986,0.5371702050676734
20.199999999999985,0.5931102543187418
20.399999999999984,0.6547780371760034
20.599999999999984,0.7236264974129407
20.799999999999983,0.8002179150649774
20.999999999999982,0.8866215878699819
21.19999999999998,0.9844816809613183
21.39999999999998,1.0955112436033594
21.59999999999998,1.2224624713935328
21.79999999999998,1.3669640737327862
21.99999999999998,1.5331953954000854
22.199999999999978,1.7202479947980194
22.399999999999977,1.9385737191331414
22.599999999999977,2.1933280079058792
22.799999999999976,2.487433277657175
22.999999999999975,2.8375986663934114
23.199999999999974,3.250719838653036
23.399999999999974,3.7398012713487514
23.599999999999973,4.311629761027698
23.799999999999972,4.99919256523822
23.99999999999997,5.819390601369252
24.19999999999997,6.759494194462548
24.39999999999997,7.9208349201314885
24.59999999999997,9.312066085650413
24.79999999999997,10.980239111963785
24.999999999999968,12.981894266829183
25.199999999999967,15.384974467085753
25.399999999999967,18.271125581868656
25.599999999999966,21.695845607037317
25.799999999999965,25.85086501762381
25.999999999999964,30.844354982965477
26.199999999999964,36.84619574124024
26.399999999999963,44.060596561479024
26.599999999999962,52.733028403135975
26.79999999999996,63.15858790249312
26.99999999999996,75.69201797534994
