mags_ab,pos_errs_mas
16.0,0.1514140492023373
16.2,0.1597721658308811
16.4,0.14010482824634193
16.599999999999998,0.15267346822315547
16.799999999999997,0.16648951289260697
16.999999999999996,0.15428794891208203
17.199999999999996,0.16845385027027493
17.399999999999995,0.16645695074433461
17.599999999999994,0.16921689623183023
17.799999999999994,0.18109937667652468
17.999999999999993,0.19839363875481636
18.199999999999992,0.21743902031590923
18.39999999999999,0.23841794567676597
18.59999999999999,0.261536129698993
18.79999999999999,0.2872300520022342
18.99999999999999,0.3154827429973011
19.19999999999999,0.3465066027962205
19.399999999999988,0.38078840042497863
19.599999999999987,0.4187181154149282
19.799999999999986,0.460747351888116
19.999999999999986,0.5074022140373737
20.199999999999985,0.5597389693151843
20.399999999999984,0.6178640529971755
20.599999999999984,0.6824582681684196
20.799999999999983,0.7545976465625397
20.999999999999982,0.8348843389270774
21.19999999999998,0.9259100322630801
21.39999999999998,1.0289169891630865
21.59999999999998,1.1459814120683325
21.79999999999998,1.2802070496639737
21.99999999999998,1.4331284866015095
22.199999999999978,1.6093651221922218
22.399999999999977,1.8088726748017439
22.599999999999977,2.0417512226274224
22.799999999999976,2.3139761092229767
22.999999999999975,2.629809237995395
23.199999999999974,3.0052597194791026
23.399999999999974,3.448883789945016
23.599999999999973,3.9747796167890366
23.799999999999972,4.59199027025722
23.99999999999997,5.333225425483733
24.19999999999997,6.21816447933844
24.39999999999997,7.244000949634647
24.59999999999997,8.501126249000071
24.79999999999997,10.007764438252948
24.999999999999968,11.814923283109504
25.199999999999967,13.983898713468369
25.399999999999967,16.58834788885349
25.599999999999966,19.716783496871624
25.799999999999965,23.441164914434136
25.999999999999964,27.9484072769873
26.199999999999964,33.36549534048918
26.399999999999963,39.87673450770736
26.599999999999962,47.70366478417615
26.79999999999996,57.112608495959506
26.99999999999996,68.42371428394435
