mags_ab,pos_errs_mas
16.0,0.23817165913903746
16.2,0.25672058985672874
16.4,0.2777910938415353
16.599999999999998,0.29773219465199496
16.799999999999997,0.3195355711208656
16.999999999999996,0.21335843387013761
17.199999999999996,0.23108636117965647
17.399999999999995,0.2506043109137025
17.599999999999994,0.27117505947129994
17.799999999999994,0.29360455006294695
17.999999999999993,0.2253902275091201
18.199999999999992,0.24536539878228847
18.39999999999999,0.22122286967262825
18.59999999999999,0.22087120662664667
18.79999999999999,0.2289925654048017
18.99999999999999,0.2509419958137521
19.19999999999999,0.2752058020266516
19.399999999999988,0.30196333997883473
19.599999999999987,0.3315343153070592
19.799999999999986,0.3642690524600055
19.999999999999986,0.4004934221529904
20.199999999999985,0.44067865024784153
20.399999999999984,0.4853324755812462
20.599999999999984,0.5350572989720738
20.799999999999983,0.5905304820902332
20.999999999999982,0.6524570335034638
21.19999999999998,0.7227719989662736
21.39999999999998,0.8009365932511364
21.59999999999998,0.8891108963544668
21.79999999999998,0.9895215167126404
21.99999999999998,1.1016817178925948
22.199999999999978,1.232008155724022
22.399999999999977,1.380459986456836
22.599999999999977,1.5515461035455513
22.799999999999976,1.7513865396370365
22.999999999999975,1.9838832595064557
23.199999999999974,2.2562092676517955
23.399999999999974,2.5741763774466664
23.599999999999973,2.9517683418143497
23.799999999999972,3.391677398291425
23.99999999999997,3.921227027858597
24.19999999999997,4.5449742172581455
24.39999999999997,5.27969548059867
24.59999999999997,6.173408116569529
24.79999999999997,7.207865013014983
24.999999999999968,8.462836269073836
25.199999999999967,9.983548048586442
25.399999999999967,11.808448530240256
25.599999999999966,13.999493154722856
25.799999999999965,16.63113276061712
25.999999999999964,19.79283736097197
26.199999999999964,23.592136200997995
26.399999999999963,28.15827364090261
26.599999999999962,33.646592567485015
26.79999999999996,40.24383369632721
26.99999999999996,48.174468109557196
