mags_ab,pos_errs_mas
16.0,0.19354971490704304
16.2,0.20562882135032712
16.4,0.21944368713827267
16.599999999999998,0.23317860108463542
16.799999999999997,0.24772418190075587
16.999999999999996,0.26296615860205746
17.199999999999996,0.17646038117008433
17.399999999999995,0.19156161867027227
17.599999999999994,0.2078029112347121
17.799999999999994,0.18676041162243656
17.999999999999993,0.185103857796394
18.199999999999992,0.20281314581507728
18.39999999999999,0.22233723970743016
18.59999999999999,0.24387254783982076
18.79999999999999,0.2677094025860995
18.99999999999999,0.29393749145759157
19.19999999999999,0.3228998811610812
19.399999999999988,0.35494153445533305
19.599999999999987,0.3904441467242633
19.799999999999986,0.4298453748895543
19.999999999999986,0.4736629127059507
20.199999999999985,0.5224861175278012
20.399999999999984,0.5767187366539989
20.599999999999984,0.6377937312702695
20.799999999999983,0.7057877459837688
20.999999999999982,0.781326842505232
21.19999999999998,0.8678643059768941
21.39999999999998,0.9660521898807056
21.59999999999998,1.0781279208636814
21.79999999999998,1.2065707519591597
21.99999999999998,1.3538932721623083
22.199999999999978,1.524417157779678
22.399999999999977,1.7096765880659686
22.599999999999977,1.9368772843128614
22.799999999999976,2.1975028999286437
22.999999999999975,2.5015503255836884
23.199999999999974,2.866754572595069
23.399999999999974,3.299817726958588
23.599999999999973,3.8142685492409183
23.799999999999972,4.426964602832123
23.99999999999997,5.137859649071837
24.19999999999997,5.9898949429213975
24.39999999999997,6.963887077891641
24.59999999999997,8.188933001118599
24.79999999999997,9.657928494105148
24.999999999999968,11.420668702703717
25.199999999999967,13.536993134344097
25.399999999999967,16.078807842685194
25.599999999999966,19.132526971934062
25.799999999999965,22.802005837260303
25.999999999999964,27.11147279543953
26.199999999999964,32.38904101781317
26.399999999999963,38.73287184125099
26.599999999999962,46.35881020726443
26.79999999999996,55.526347258463474
26.99999999999996,66.5474206230897
