mags_ab,pos_errs_mas
16.0,0.2856145765343772
16.2,0.3031421917012338
16.4,0.32280633473064374
16.599999999999998,0.3334673956728636
16.799999999999997,0.22564123870490366
16.999999999999996,0.2437668808539515
17.199999999999996,0.26203774491483556
17.399999999999995,0.28190074762138106
17.599999999999994,0.30152585813347327
17.799999999999994,0.22509989530194097
17.999999999999993,0.2441409511551329
18.199999999999992,0.22308945695421337
18.39999999999999,0.22705502152642884
18.59999999999999,0.24878346493396022
18.79999999999999,0.2727730036501112
18.99999999999999,0.29920973570119475
19.19999999999999,0.3284533839762704
19.399999999999988,0.3607199500658955
19.599999999999987,0.3964035605368055
19.799999999999986,0.43601599382951384
19.999999999999986,0.4798714896219771
20.199999999999985,0.5285968007258448
20.399999999999984,0.5826685926658411
20.599999999999984,0.643308704377911
20.799999999999983,0.7110149276641768
20.999999999999982,0.7864157281205102
21.19999999999998,0.871907983766532
21.39999999999998,0.9650051978267916
21.59999999999998,1.0735585432410246
21.79999999999998,1.195055540659772
21.99999999999998,1.3346645264270984
22.199999999999978,1.492438201349455
22.399999999999977,1.67284383341474
22.599999999999977,1.8828798205008035
22.799999999999976,2.1295413154920206
22.999999999999975,2.403698378281184
23.199999999999974,2.738072395781322
23.399999999999974,3.123820148742484
23.599999999999973,3.5772530504786584
23.799999999999972,4.12397684586002
23.99999999999997,4.774088663574225
24.19999999999997,5.510328530928031
24.39999999999997,6.423839877811751
24.59999999999997,7.516210829982774
24.79999999999997,8.824194708782265
24.999999999999968,10.39196864789421
25.199999999999967,12.272626302395878
25.399999999999967,14.52996816484205
25.599999999999966,17.240661302009467
25.799999999999965,20.393071183015387
25.999999999999964,24.27971952637036
26.199999999999964,28.95034271648278
26.399999999999963,34.563831660711784
26.599999999999962,41.311165272309466
26.79999999999996,49.42192567593658
26.99999999999996,59.17208365522616
