mags_ab,pos_errs_mas
16.0,0.17547704305479117
16.2,0.19061777112707753
16.4,0.15229074746954974
16.599999999999998,0.16276204213374054
16.799999999999997,0.17342605730396296
16.999999999999996,0.18484607261995994
17.199999999999996,0.19838305276457446
17.399999999999995,0.1497218921255879
17.599999999999994,0.16048798710090265
17.799999999999994,0.14297883030925004
17.999999999999993,0.15609493359324703
18.199999999999992,0.15229612675126097
18.39999999999999,0.15452744730899723
18.59999999999999,0.16024087240403284
18.79999999999999,0.16843900065979983
18.99999999999999,0.17661742509695705
19.19999999999999,0.19353434532854552
19.399999999999988,0.21218770418948643
19.599999999999987,0.23276364419933915
19.799999999999986,0.2554773985957533
19.999999999999986,0.28057184464426527
20.199999999999985,0.30866426756271664
20.399999999999984,0.33944070461365994
20.599999999999984,0.3735345173747205
20.799999999999983,0.4114123138179803
20.999999999999982,0.45358485798172316
21.19999999999998,0.5006563692056485
21.39999999999998,0.5533459601705703
21.59999999999998,0.6135793192600287
21.79999999999998,0.6805321421103002
21.99999999999998,0.7559553577742989
22.199999999999978,0.8416148714101597
22.399999999999977,0.9393421044841481
22.599999999999977,1.0515111701799442
22.799999999999976,1.1806452009581205
22.999999999999975,1.3311827288787246
23.199999999999974,1.5047283404498022
23.399999999999974,1.7074971617268968
23.599999999999973,1.9454623915062605
23.799999999999972,2.2258740823503227
23.99999999999997,2.5586289120938948
24.19999999999997,2.95270170232631
24.39999999999997,3.419808769649893
24.59999999999997,3.9767169146407215
24.79999999999997,4.64196642696087
24.999999999999968,5.437861228457482
25.199999999999967,6.391219235079948
25.399999999999967,7.536592565883025
25.599999999999966,8.907120067048664
25.799999999999965,10.552389973368125
25.999999999999964,12.528294137328635
26.199999999999964,14.901999100807721
26.399999999999963,17.754228918317626
26.599999999999962,21.182001674854092
26.79999999999996,25.30193288633522
26.99999999999996,30.25419322046863
