mags_ab,pos_errs_mas
16.0,inf
16.2,0.3093025441981786
16.4,0.3264902141799131
16.599999999999998,0.3460286117066628
16.799999999999997,0.3667658884476125
16.999999999999996,0.38857952450178507
17.199999999999996,0.2765449108220604
17.399999999999995,0.29799908506899886
17.599999999999994,0.31912234628022507
17.799999999999994,0.34198358397604456
17.999999999999993,0.2671589879226026
18.199999999999992,0.29004412633098037
18.39999999999999,0.27065015810516135
18.59999999999999,0.29675423419240865
18.79999999999999,0.3255546742360042
18.99999999999999,0.3573710468394471
19.19999999999999,0.39267482630764833
19.399999999999988,0.43180945097188367
19.599999999999987,0.4751176803933844
19.799999999999986,0.5229651596163399
19.999999999999986,0.5766422640708189
20.199999999999985,0.6357463249976006
20.399999999999984,0.7021720682259986
20.599999999999984,0.7770495249175001
20.799999999999983,0.8600725016717223
20.999999999999982,0.9535700709022904
21.19999999999998,1.0608085689878712
21.39999999999998,1.179258132935874
21.59999999999998,1.3178799678737736
21.79999999999998,1.4691458783727434
21.99999999999998,1.6504969437540697
22.199999999999978,1.8606520455260893
22.399999999999977,2.0838888912317395
22.599999999999977,2.358134980067487
22.799999999999976,2.683830977748103
22.999999999999975,3.0580120986634993
23.199999999999974,3.508404230520502
23.399999999999974,4.027511460374119
23.599999999999973,4.658023266091076
23.799999999999972,5.386865946827994
23.99999999999997,6.277640601497618
24.19999999999997,7.265653469453868
24.39999999999997,8.519232631860122
24.59999999999997,10.021248785515082
24.79999999999997,11.822523267217827
24.999999999999968,13.984127716306553
25.199999999999967,16.579450533043037
25.399999999999967,19.696678735272716
25.599999999999966,23.44179285949187
25.799999999999965,27.764986309915397
25.999999999999964,33.13195978271759
26.199999999999964,39.582756879668125
26.399999999999963,47.33686740489709
26.599999999999962,56.658121530812835
26.79999999999996,67.86369765414642
26.99999999999996,81.33487794547328
