mags_ab,pos_errs_mas
16.0,0.2005669834519699
16.2,0.21553611354122978
16.4,0.16490910472554637
16.599999999999998,0.17926826985720176
16.799999999999997,0.173890664328452
16.999999999999996,0.18144356721303337
17.199999999999996,0.19880482278119524
17.399999999999995,0.2179324593155653
17.599999999999994,0.23901425188499667
17.799999999999994,0.26226497750780625
17.999999999999993,0.28797807411384263
18.199999999999992,0.3161757990263182
18.39999999999999,0.34735900942443565
18.59999999999999,0.3818449399649652
18.79999999999999,0.4200362267921447
18.99999999999999,0.46240144293075924
19.19999999999999,0.5094666764445351
19.399999999999988,0.5620333883644942
19.599999999999987,0.6195408585393908
19.799999999999986,0.6843254616540936
19.999999999999986,0.7553319057343585
20.199999999999985,0.835630117765607
20.399999999999984,0.9268256170270298
20.599999999999984,1.0299762048386367
20.799999999999983,1.1472716897001338
20.999999999999982,1.2794672611766147
21.19999999999998,1.4319684428700306
21.39999999999998,1.5921417923860948
21.59999999999998,1.7803134247848864
21.79999999999998,2.006595120302113
21.99999999999998,2.2700278961426807
22.199999999999978,2.5781055859681747
22.399999999999977,2.9399714431406445
22.599999999999977,3.366718715985101
22.799999999999976,3.8278161592896356
22.999999999999975,4.385495729351688
23.199999999999974,5.072432468631686
23.399999999999974,5.8903263056677435
23.599999999999973,6.853861534182401
23.799999999999972,7.9658620418116515
23.99999999999997,9.347936733946089
24.19999999999997,10.955476577865992
24.39999999999997,12.929364792065119
24.59999999999997,15.298285928637183
24.79999999999997,18.142679378750355
24.999999999999968,21.559204131928247
25.199999999999967,25.31597848573166
25.399999999999967,30.165028824151893
25.599999999999966,35.99261478508109
25.799999999999965,42.99699799687214
25.999999999999964,51.41649156245332
26.199999999999964,61.53757067177074
26.399999999999963,73.7046291415927
26.599999999999962,87.9914964690059
26.79999999999996,105.49761139508601
26.99999999999996,126.54383761713065
