mags_ab,pos_errs_mas
16.0,0.23295876474914043
16.2,0.24524730017839458
16.4,0.2460751045746871
16.599999999999998,0.2291307847509577
16.799999999999997,0.18748175475777543
16.999999999999996,0.20294109865284388
17.199999999999996,0.19569739347172943
17.399999999999995,0.21452612931096185
17.599999999999994,0.23529660400283128
17.799999999999994,0.258228265103772
17.999999999999993,0.28336405488907423
18.199999999999992,0.3111890298232845
18.39999999999999,0.3420252873930939
18.59999999999999,0.3761922968154074
18.79999999999999,0.4141035168909281
18.99999999999999,0.45623356321022235
19.19999999999999,0.5031972109799308
19.399999999999988,0.5545904938385962
19.599999999999987,0.6122276389028679
19.799999999999986,0.6755776373343406
19.999999999999986,0.7474688232971295
20.199999999999985,0.8290574278502997
20.399999999999984,0.9214696955144048
20.599999999999984,1.0265031401400582
20.799999999999983,1.1465250261392634
20.999999999999982,1.2819839028792255
21.19999999999998,1.4207561288855655
21.39999999999998,1.5916805389002762
21.59999999999998,1.7944888172510651
21.79999999999998,2.0308324173156946
21.99999999999998,2.306957252783625
22.199999999999978,2.6314827848912503
22.399999999999977,2.9807065673419872
22.599999999999977,3.4050835028377984
22.799999999999976,3.925283801400448
22.999999999999975,4.506803579647938
23.199999999999974,5.234273957553471
23.399999999999974,6.102779653296564
23.599999999999973,7.141381814851235
23.799999999999972,8.305558476321682
23.99999999999997,9.743181387639718
24.19999999999997,11.44274818912393
24.39999999999997,13.53518550219792
24.59999999999997,16.047467194217933
24.79999999999997,19.064964019148984
24.999999999999968,22.690263186938502
25.199999999999967,27.046663554340668
25.399999999999967,32.15206411271871
25.599999999999966,38.41353742807334
25.799999999999965,45.94008662753531
25.999999999999964,54.98780380594659
26.199999999999964,65.86455003380814
26.399999999999963,78.94044670397031
26.599999999999962,94.66042028103163
26.79999999999996,113.55940013346404
26.99999999999996,136.2804635480243
