mags_ab,pos_errs_mas
16.0,inf
16.2,inf
16.4,0.2614234891225154
16.599999999999998,0.2862827210317386
16.799999999999997,0.3059995501879523
16.999999999999996,0.208535660172574
17.199999999999996,0.2262663657004471
17.399999999999995,0.24061207702059167
17.599999999999994,0.26156346138789366
17.799999999999994,0.28257999729733846
17.999999999999993,0.18356225109819707
18.199999999999992,0.19987967153455885
18.39999999999999,0.2139750050022838
18.59999999999999,0.2315784623964271
18.79999999999999,0.17170617640204267
18.99999999999999,0.18437841706834515
19.19999999999999,0.20072017454498656
19.399999999999988,0.17634123164125273
19.599999999999987,0.19256348844097662
19.799999999999986,0.21033956851406907
19.999999999999986,0.1876914950047518
20.199999999999985,0.20530207994443345
20.399999999999984,0.19622550328172972
20.599999999999984,0.19709289197412475
20.799999999999983,0.20346462100516025
20.999999999999982,0.21157247991194933
21.19999999999998,0.23341430672756683
21.39999999999998,0.2579736489164009
21.59999999999998,0.2857197848790772
21.79999999999998,0.31723868553195383
21.99999999999998,0.3529186640570971
22.199999999999978,0.39366017972474565
22.399999999999977,0.4404007173092421
22.599999999999977,0.49427687271468945
22.799999999999976,0.556727773008264
22.999999999999975,0.629484605356621
23.199999999999974,0.7145036945844606
23.399999999999974,0.814263109318343
23.599999999999973,0.9323781789248143
23.799999999999972,1.0715616435445283
23.99999999999997,1.236990358572587
24.19999999999997,1.4344325000095703
24.39999999999997,1.6690280398797883
24.59999999999997,1.9493543975137337
24.79999999999997,2.284820400044934
24.999999999999968,2.686737810182563
25.199999999999967,3.1687025318413595
25.399999999999967,3.747052818102204
25.599999999999966,4.441422437997847
25.799999999999965,5.275404087868966
25.999999999999964,6.279171327523629
26.199999999999964,7.483255661959586
26.399999999999963,8.930352039004047
26.599999999999962,10.669692083882676
26.79999999999996,12.76045567964219
26.99999999999996,15.273781104896416
