mags_ab,pos_errs_mas
16.0,0.37543659993298234
16.2,0.4012673117263197
16.4,0.2738115332681671
16.599999999999998,0.2961648204131158
16.799999999999997,0.32094182624272316
16.999999999999996,0.3489683066554096
17.199999999999996,0.3749601430077014
17.399999999999995,0.40516623587992373
17.599999999999994,0.2620866767493472
17.799999999999994,0.28311168431836276
17.999999999999993,0.22916147409485613
18.199999999999992,0.24975959254245295
18.39999999999999,0.22366339646111819
18.59999999999999,0.24392904775432211
18.79999999999999,0.26602723754537244
18.99999999999999,0.2900920605845795
19.19999999999999,0.23960267468786645
19.399999999999988,0.2614579788441774
19.599999999999987,0.2365136277774003
19.799999999999986,0.2583843673342086
19.999999999999986,0.25060539393567727
20.199999999999985,0.25191624528081763
20.399999999999984,0.25599956472199076
20.599999999999984,0.28096349531730686
20.799999999999983,0.30865033887086096
20.999999999999982,0.33949631795224783
21.19999999999998,0.3738198813262802
21.39999999999998,0.41206392997239766
21.59999999999998,0.4548494139376035
21.79999999999998,0.5029154057556506
21.99999999999998,0.5569557814984132
22.199999999999978,0.6181076871776954
22.399999999999977,0.6873739550834987
22.599999999999977,0.7664869368882388
22.799999999999976,0.8568241351612708
22.999999999999975,0.9616508932395068
23.199999999999974,1.081729561259635
23.399999999999974,1.2211942866597787
23.599999999999973,1.383931567188686
23.799999999999972,1.5746051855308862
23.99999999999997,1.7990991137023329
24.19999999999997,2.0643241251045104
24.39999999999997,2.3786940468040387
24.59999999999997,2.7540105929108107
24.79999999999997,3.1991050576254825
24.999999999999968,3.729586052487449
25.199999999999967,4.36488224647142
25.399999999999967,5.125646852514852
25.599999999999966,6.036527836904014
25.799999999999965,7.129088426230802
25.999999999999964,8.441571494031235
26.199999999999964,10.015638988326284
26.399999999999963,11.908387659395979
26.599999999999962,14.179525922472695
26.79999999999996,16.911726957017773
26.99999999999996,20.19555076165245
