mags_ab,pos_errs_mas
16.0,0.21572024820854735
16.2,0.16731571276024168
16.4,0.18003453760409327
16.599999999999998,0.1954008752983253
16.799999999999997,0.1557949751133467
16.999999999999996,0.16728275528362405
17.199999999999996,0.17838264298691653
17.399999999999995,0.1550270007787249
17.599999999999994,0.16817535044766463
17.799999999999994,0.1516546001873128
17.999999999999993,0.16546307506829153
18.199999999999992,0.18061653151682325
18.39999999999999,0.16205404660728073
18.59999999999999,0.17703959513031034
18.79999999999999,0.1710588747786357
18.99999999999999,0.177294666369826
19.19999999999999,0.18386063502275532
19.399999999999988,0.20153002712036483
19.599999999999987,0.2210368152492337
19.799999999999986,0.24258775640623423
19.999999999999986,0.2665642978589436
20.199999999999985,0.2930629300985385
20.399999999999984,0.32229276054075584
20.599999999999984,0.3547416347119187
20.799999999999983,0.3908291387439208
20.999999999999982,0.4310580135295203
21.19999999999998,0.47602174049329044
21.39999999999998,0.5264287715230707
21.59999999999998,0.5834571119810411
21.79999999999998,0.6480250733541697
21.99999999999998,0.7204455987278952
22.199999999999978,0.8028577379731437
22.399999999999977,0.8970410860544493
22.599999999999977,1.00523301198798
22.799999999999976,1.1293869057627437
22.999999999999975,1.2738919660440522
23.199999999999974,1.4432842230426923
23.399999999999974,1.6402062986133246
23.599999999999973,1.8716746043716297
23.799999999999972,2.144819456915501
23.99999999999997,2.4682720070926867
24.19999999999997,2.848961890782593
24.39999999999997,3.3033160723165054
24.59999999999997,3.846515123593362
24.79999999999997,4.495770256912196
24.999999999999968,5.272891821193324
25.199999999999967,6.2041014241724834
25.399999999999967,7.320912801153771
25.599999999999966,8.661196612047293
25.799999999999965,10.264783927044942
25.999999999999964,12.194918945495376
26.199999999999964,14.513834397570754
26.399999999999963,17.300400097067477
26.599999999999962,20.64940409286463
26.79999999999996,24.674787594811455
26.99999999999996,29.513507799721317
