mags_ab,pos_errs_mas
16.0,0.20752792097134856
16.2,0.2254637059730595
16.4,0.24270887085462267
16.599999999999998,0.2595108607063257
16.799999999999997,0.28000807245410364
16.999999999999996,0.3014402684442666
17.199999999999996,0.17192066580413898
17.399999999999995,0.18613929908073154
17.599999999999994,0.19991842686481465
17.799999999999994,0.21550778023653774
17.999999999999993,0.16848326666662405
18.199999999999992,0.18297900725402172
18.39999999999999,0.19954348370698377
18.59999999999999,0.16316063002053552
18.79999999999999,0.17806538223853943
18.99999999999999,0.16212653444753855
19.19999999999999,0.17713452802717805
19.399999999999988,0.19361822719369354
19.599999999999987,0.17764422013269338
19.799999999999986,0.17854992333330916
19.999999999999986,0.1863752792803012
20.199999999999985,0.18751811412010666
20.399999999999984,0.20633571124619363
20.599999999999984,0.22740245586939017
20.799999999999983,0.25109777952102735
20.999999999999982,0.27758711351891874
21.19999999999998,0.30744496542727406
21.39999999999998,0.3412755024100215
21.59999999999998,0.37966824998993154
21.79999999999998,0.4236148733007492
21.99999999999998,0.4739525320820457
22.199999999999978,0.5318558046216105
22.399999999999977,0.5988909576497339
22.599999999999977,0.6770986674403136
22.799999999999976,0.7696860181293432
22.999999999999975,0.876796878743423
23.199999999999974,1.0030241270282427
23.399999999999974,1.152321674524003
23.599999999999973,1.3294700162258224
23.799999999999972,1.5402397051530452
23.99999999999997,1.7915859553680769
24.19999999999997,2.0918828358143986
24.39999999999997,2.451204259788089
24.59999999999997,2.881662111292869
24.79999999999997,3.400367067477864
24.999999999999968,4.019841118769625
25.199999999999967,4.763542625356458
25.399999999999967,5.656738831080759
25.599999999999966,6.729793550020789
25.799999999999965,8.019200091645821
25.999999999999964,9.568818785136607
26.199999999999964,11.431367727522176
26.399999999999963,13.670220727659661
26.599999999999962,16.36155396619274
26.79999999999996,19.596945821742004
26.99999999999996,23.486484938659487
