mags_ab,pos_errs_mas
16.0,0.20971181613620773
16.2,0.22744785241199134
16.4,0.24632329568115113
16.599999999999998,0.26460787395740365
16.799999999999997,0.1837941076513121
16.999999999999996,0.19898542737752806
17.199999999999996,0.21553328991140225
17.399999999999995,0.2333172190796307
17.599999999999994,0.25214819787486625
17.799999999999994,0.2724432354658478
17.999999999999993,0.29398140339071216
18.199999999999992,0.3168418990135457
18.39999999999999,0.187570731523168
18.59999999999999,0.2042759277354261
18.79999999999999,0.2224240014787347
18.99999999999999,0.18309104526034575
19.19999999999999,0.19985735902775886
19.399999999999988,0.18552742366678682
19.599999999999987,0.20268115710008824
19.799999999999986,0.18759882689912266
19.999999999999986,0.1885236383702431
20.199999999999985,0.19639993217974283
20.399999999999984,0.2014335558659403
20.599999999999984,0.22107355181019617
20.799999999999983,0.24278448632943986
20.999999999999982,0.2668905063694135
21.19999999999998,0.2936695696178007
21.39999999999998,0.3235390899117117
21.59999999999998,0.3568279132692103
21.79999999999998,0.39412499192390693
21.99999999999998,0.4360765517567515
22.199999999999978,0.48335936699767784
22.399999999999977,0.5366294042278209
22.599999999999977,0.5971078567419014
22.799999999999976,0.6660744383098097
22.999999999999975,0.7456755774069705
23.199999999999974,0.8366756065807758
23.399999999999974,0.941952683882155
23.599999999999973,1.064323312734532
23.799999999999972,1.2072699868068575
23.99999999999997,1.3749573133863913
24.19999999999997,1.572520858361614
24.39999999999997,1.806104883563397
24.59999999999997,2.08464122073859
24.79999999999997,2.4140787547543265
24.999999999999968,2.806899757486545
25.199999999999967,3.275834928473497
25.399999999999967,3.837025811941447
25.599999999999966,4.509010344333476
25.799999999999965,5.314165230633572
25.999999999999964,6.279831643723486
26.199999999999964,7.439561059402738
26.399999999999963,8.832347321955048
26.599999999999962,10.505534786227773
26.79999999999996,12.516023150630074
26.99999999999996,14.932198009238885
