mags_ab,pos_errs_mas
16.0,inf
16.2,inf
16.4,inf
16.599999999999998,inf
16.799999999999997,0.23360240028648388
16.999999999999996,0.2486985094203238
17.199999999999996,0.2633461132300446
17.399999999999995,0.2700798782515174
17.599999999999994,0.2875663500000198
17.799999999999994,0.19764455924086377
17.999999999999993,0.21246391554946265
18.199999999999992,0.23004640141732893
18.39999999999999,0.2464372271961485
18.59999999999999,0.26406560547938446
18.79999999999999,0.20450546358015562
18.99999999999999,0.22240546363011582
19.19999999999999,0.20933087205404138
19.399999999999988,0.21661369901006705
19.599999999999987,0.23796005872778134
19.799999999999986,0.26168564440162384
19.999999999999986,0.28809058165218304
20.199999999999985,0.3174776994119588
20.399999999999984,0.35022442890548716
20.599999999999984,0.3869758890982163
20.799999999999983,0.428227681425568
20.999999999999982,0.4747947318722656
21.19999999999998,0.527524928674555
21.39999999999998,0.587489532844841
21.59999999999998,0.6552462779886595
21.79999999999998,0.7336263873775801
21.99999999999998,0.8236849086503037
22.199999999999978,0.9279772719265292
22.399999999999977,1.0493391904277884
22.599999999999977,1.191223846341285
22.799999999999976,1.3578298946386043
22.999999999999975,1.5542522158663004
23.199999999999974,1.7866612512441438
23.399999999999974,2.0625162080323935
23.599999999999973,2.3885908851150925
23.799999999999972,2.7791972171561987
23.99999999999997,3.2459198599811323
24.19999999999997,3.8044216899649252
24.39999999999997,4.4735331919423675
24.59999999999997,5.275887222748383
24.79999999999997,6.238682847547548
24.999999999999968,7.3946030170366175
25.199999999999967,8.782922637121864
25.399999999999967,10.450839547012862
25.599999999999966,12.455079116026656
25.799999999999965,14.863817764673515
25.999999999999964,17.759004296650122
26.199999999999964,21.23914411624325
26.399999999999963,25.42265306790036
26.599999999999962,30.45188109520192
26.79999999999996,36.49796094558407
26.99999999999996,43.766622428044556
