mags_ab,pos_errs_mas
16.0,0.17797358789616843
16.2,0.154735810226581
16.4,0.16020639515439622
16.599999999999998,0.14895040170053356
16.799999999999997,0.1534579245974169
16.999999999999996,0.14359450783849376
17.199999999999996,0.15390258171799953
17.399999999999995,0.1682576782490005
17.599999999999994,0.1622787810243838
17.799999999999994,0.1638411328974452
17.999999999999993,0.17342891050597836
18.199999999999992,0.18348613819773096
18.39999999999999,0.20183866443905038
18.59999999999999,0.2223603212822362
18.79999999999999,0.24524244864408998
18.99999999999999,0.27089066388835614
19.19999999999999,0.29973022623696527
19.399999999999988,0.3322714655440544
19.599999999999987,0.3691346903288074
19.799999999999986,0.41139427676665086
19.999999999999986,0.45931948627863745
20.199999999999985,0.5143406811481416
20.399999999999984,0.5778162682906028
20.599999999999984,0.6514040272796591
20.799999999999983,0.7375625918822987
20.999999999999982,0.8380402156059394
21.19999999999998,0.9559422244848134
21.39999999999998,1.0950456987247017
21.59999999999998,1.2597399144135704
21.79999999999998,1.4553286386747368
21.99999999999998,1.6892473781122541
22.199999999999978,1.96753634981065
22.399999999999977,2.299715758538814
22.599999999999977,2.6973287786185844
22.799999999999976,3.1737923233710417
22.999999999999975,3.7452319739644286
23.199999999999974,4.432054279379317
23.399999999999974,5.255473665115252
23.599999999999973,6.24450599675498
23.799999999999972,7.4327784052259585
23.99999999999997,8.860704143780042
24.19999999999997,10.57685917499872
24.39999999999997,12.639630244069478
24.59999999999997,15.119201401889413
24.79999999999997,18.099943349001602
24.999999999999968,21.68328107661694
25.199999999999967,25.991146532424644
25.399999999999967,31.170126627498664
25.599999999999966,37.39644933546041
25.799999999999965,44.88198960546862
25.999999999999964,53.88146240552326
26.199999999999964,64.70109911192475
26.399999999999963,77.7090824925027
26.599999999999962,93.34804554050474
26.79999999999996,112.15015310098707
26.99999999999996,134.75519661921487
