mags_ab,pos_errs_mas
16.0,0.20973081201374924
16.2,0.22747184660523603
16.4,0.24635259530738346
16.599999999999998,0.26464367497084107
16.799999999999997,0.1838304745137574
16.999999999999996,0.19903070212714935
17.199999999999996,0.2155897225323927
17.399999999999995,0.233760412140245
17.599999999999994,0.252234661015939
17.799999999999994,0.27255268061850096
17.999999999999993,0.2941214860094533
18.199999999999992,0.31702340137056223
18.39999999999999,0.18775961220622525
18.59999999999999,0.20452328195496614
18.79999999999999,0.2227483342826213
18.99999999999999,0.1835478884908678
19.19999999999999,0.20042143553887198
19.399999999999988,0.18631406180005383
19.599999999999987,0.20371060488866247
19.799999999999986,0.18903373445200028
19.999999999999986,0.19048274382034458
20.199999999999985,0.19904668409197215
20.399999999999984,0.2050124847394739
20.599999999999984,0.225771215105629
20.799999999999983,0.24898063631188058
20.999999999999982,0.2749929631019347
21.19999999999998,0.30427200240021524
21.39999999999998,0.3373686709561447
21.59999999999998,0.37487948501386864
21.79999999999998,0.4176773516912221
21.99999999999998,0.466561606292695
22.199999999999978,0.5228203660985044
22.399999999999977,0.5879367153345708
22.599999999999977,0.6635622541713497
22.799999999999976,0.7514745766703844
22.999999999999975,0.8550170612594751
23.199999999999974,0.9761930979903067
23.399999999999974,1.1192854499630693
23.599999999999973,1.2888326924226672
23.799999999999972,1.4903175790069474
23.99999999999997,1.7303524622121693
24.19999999999997,2.0169023899893546
24.39999999999997,2.3595527486216774
24.59999999999997,2.769830430233847
24.79999999999997,3.2615925790588864
24.999999999999968,3.8531919352308357
25.199999999999967,4.5612852849030165
25.399999999999967,5.411575195842187
25.599999999999966,6.432960775340631
25.799999999999965,7.660172968527842
25.999999999999964,9.134951691663153
26.199999999999964,10.907467387188214
26.399999999999963,13.038027443576876
26.599999999999962,15.59912292214167
26.79999999999996,18.677898519800323
26.99999999999996,22.37911348706372
