mags_ab,pos_errs_mas
16.0,0.20927682933062058
16.2,0.2261869497827935
16.4,0.2452442766695629
16.599999999999998,0.18553504846556682
16.799999999999997,0.2007463064461425
16.999999999999996,0.21781938236716986
17.199999999999996,0.23604005469202982
17.399999999999995,0.17789963722407226
17.599999999999994,0.19368112802718185
17.799999999999994,0.21081580653922705
17.999999999999993,0.2293896333084502
18.199999999999992,0.188313564460921
18.39999999999999,0.20543802002129996
18.59999999999999,0.18818632812520988
18.79999999999999,0.1832624745197262
18.99999999999999,0.1843998648899288
19.19999999999999,0.1892814041621037
19.399999999999988,0.19160251876961043
19.599999999999987,0.20572802034099177
19.799999999999986,0.2257374038875705
19.999999999999986,0.24783535875246962
20.199999999999985,0.2723345120129543
20.399999999999984,0.2995205292989648
20.599999999999984,0.3297702376770331
20.799999999999983,0.36344434932421343
20.999999999999982,0.40110440849548984
21.19999999999998,0.44328486493942265
21.39999999999998,0.4906088957078568
21.59999999999998,0.5438895679198192
21.79999999999998,0.6041630697810962
21.99999999999998,0.6732306488762247
22.199999999999978,0.7514344605167329
22.399999999999977,0.8410913109590575
22.599999999999977,0.9444171374197701
22.799999999999976,1.0640992414231751
22.999999999999975,1.2030749736458037
23.199999999999974,1.3657995956731535
23.399999999999974,1.5559093781130808
23.599999999999973,1.781606613126685
23.799999999999972,2.046629872239042
23.99999999999997,2.3593883301124827
24.19999999999997,2.7305629131186295
24.39999999999997,3.175628731272344
24.59999999999997,3.7073136601905325
24.79999999999997,4.3434484627333205
24.999999999999968,5.105470465506946
25.199999999999967,6.019147592424808
25.399999999999967,7.1154446312038635
25.599999999999966,8.431571827414965
25.799999999999965,10.012244334370145
25.999999999999964,11.911195395059469
26.199999999999964,14.193004094295505
26.399999999999963,16.93529037817178
26.599999999999962,20.2136451092974
26.79999999999996,24.170286182709663
26.99999999999996,28.92655151516056
