mags_ab,pos_errs_mas
16.0,0.23811986283851258
16.2,0.2572832650782453
16.4,0.2774127007772007
16.599999999999998,0.2968560107019445
16.799999999999997,0.3179014988526029
16.999999999999996,0.3405416713604657
17.199999999999996,0.21315050655189732
17.399999999999995,0.23110572537369609
17.599999999999994,0.2502115977501522
17.799999999999994,0.27114445671063275
17.999999999999993,0.21796400816067457
18.199999999999992,0.23740916351825117
18.39999999999999,0.21954166885415602
18.59999999999999,0.22219476326183993
18.79999999999999,0.24343009116061465
18.99999999999999,0.26689737636571986
19.19999999999999,0.29276597714828106
19.399999999999988,0.32134462295736776
19.599999999999987,0.3529551857604457
19.799999999999986,0.3879258294694259
19.999999999999986,0.42667982143510275
20.199999999999985,0.46970413352191653
20.399999999999984,0.5175603809896195
20.599999999999984,0.5708954785410235
20.799999999999983,0.6303412969892479
20.999999999999982,0.6971258816782279
21.19999999999998,0.7724396346816402
21.39999999999998,0.8566103090540774
21.59999999999998,0.9523256829688117
21.79999999999998,1.058863085578887
21.99999999999998,1.182386393043931
22.199999999999978,1.3227876446391837
22.399999999999977,1.4840916697707056
22.599999999999977,1.6720232608776575
22.799999999999976,1.8887201898839816
22.999999999999975,2.1433524276316516
23.199999999999974,2.442205742554547
23.399999999999974,2.787767828137931
23.599999999999973,3.2024604394973175
23.799999999999972,3.676508571059992
23.99999999999997,4.2568708041632775
24.19999999999997,4.938731026953235
24.39999999999997,5.762430365015916
24.59999999999997,6.709799477594101
24.79999999999997,7.878770140080223
24.999999999999968,9.279986800929375
25.199999999999967,10.960907855360214
25.399999999999967,12.978561920414187
25.599999999999966,15.40147870095203
25.799999999999965,18.312011090248973
25.999999999999964,21.80912825867056
26.199999999999964,26.01177975165275
26.399999999999963,31.0629406774535
26.599999999999962,37.134461669926516
26.79999999999996,44.296618897640805
26.99999999999996,53.03933599614997
