mags_ab,pos_errs_mas
16.0,0.15355891817770706
16.2,0.16681449665742779
16.4,0.18146504147522663
16.599999999999998,0.16989079056851078
16.799999999999997,0.17625095186047268
16.999999999999996,0.18962949273631374
17.199999999999996,0.20803892228470253
17.399999999999995,0.22835203471949014
17.599999999999994,0.25082711431443383
17.799999999999994,0.2757238716190495
17.999999999999993,0.30334568694406816
18.199999999999992,0.33404648701145123
18.39999999999999,0.3684187089733872
18.59999999999999,0.40656752617489406
18.79999999999999,0.44919411073771265
18.99999999999999,0.49707884255193546
19.19999999999999,0.5510276744453271
19.399999999999988,0.612227158036338
19.599999999999987,0.6815018725756148
19.799999999999986,0.7605320199271604
19.999999999999986,0.8507594708595198
20.199999999999985,0.954611964384089
20.399999999999984,1.074863650075864
20.599999999999984,1.2146645083508814
20.799999999999983,1.377960406844423
20.999999999999982,1.569190674829269
21.19999999999998,1.7944063522771376
21.39999999999998,2.060258320874058
21.59999999999998,2.3758316730927733
21.79999999999998,2.751289487397102
21.99999999999998,3.198914577801171
22.199999999999978,3.733682611346336
22.399999999999977,4.373511041865309
22.599999999999977,5.139909658394274
22.799999999999976,6.043592292125635
22.999999999999975,7.123863354363642
23.199999999999974,8.438873184615778
23.399999999999974,10.018124684335449
23.599999999999973,11.915299504295485
23.799999999999972,14.194914343524767
23.99999999999997,16.843166327917952
24.19999999999997,20.079224002290886
24.39999999999997,24.005131608848444
24.59999999999997,28.724408059748296
24.79999999999997,34.39763533706513
24.999999999999968,41.21785600479053
25.199999999999967,49.32036115580557
25.399999999999967,59.15711112196707
25.599999999999966,70.98318266999367
25.799999999999965,85.20100411249388
25.999999999999964,102.29437392091464
26.199999999999964,122.84494071314096
26.399999999999963,147.5520221978678
26.599999999999962,177.25634569885983
26.79999999999996,212.96869587260085
26.99999999999996,255.9042764778227
