mags_ab,pos_errs_mas
16.0,0.20926535866810816
16.2,0.22617289372076296
16.4,0.24522690774459385
16.599999999999998,0.18551632203551185
16.799999999999997,0.20072319279089082
16.999999999999996,0.2177901543676742
17.199999999999996,0.23600257423075321
17.399999999999995,0.1778555242945922
17.599999999999994,0.19362338797034295
17.799999999999994,0.21074015845670688
17.999999999999993,0.22929044491197656
18.199999999999992,0.18818229519388005
18.39999999999999,0.20526556444446645
18.59999999999999,0.18794920624589678
18.79999999999999,0.18293642254441003
18.99999999999999,0.18393475963524736
19.19999999999999,0.18867397394438398
19.399999999999988,0.1907822951083122
19.599999999999987,0.20463518895430505
19.799999999999986,0.22426840172285253
19.999999999999986,0.24590975649294566
20.199999999999985,0.2697935638750752
20.399999999999984,0.29620342923115145
20.599999999999984,0.3253797607790272
20.799999999999983,0.35770361869375783
20.999999999999982,0.3935684375910478
21.19999999999998,0.43335341453958376
21.39999999999998,0.4775960139191829
21.59999999999998,0.5268881590259668
21.79999999999998,0.5819975825079537
21.99999999999998,0.6443799155148418
22.199999999999978,0.7138176157399819
22.399999999999977,0.7923276724073415
22.599999999999977,0.8809436637215772
22.799999999999976,0.9821474273765793
22.999999999999975,1.0975841234281452
23.199999999999974,1.2293996330819292
23.399999999999974,1.380973346027673
23.599999999999973,1.5584163593613403
23.799999999999972,1.763996697905128
23.99999999999997,2.0046363811944508
24.19999999999997,2.2874657971451198
24.39999999999997,2.621008004844674
24.59999999999997,3.0159611812966967
24.79999999999997,3.4852595329473846
24.999999999999968,4.043675205321353
25.199999999999967,4.710115157205218
25.399999999999967,5.507132583228491
25.599999999999966,6.448819767347366
25.799999999999965,7.587226968795895
25.999999999999964,8.939436702187889
26.199999999999964,10.574746636827173
26.399999999999963,12.528469168781863
26.599999999999962,14.855455217428805
26.79999999999996,17.64399056381839
26.99999999999996,21.029107471347597
