mags_ab,pos_errs_mas
16.0,0.1817032448802335
16.2,0.18662049710778664
16.4,0.20460881070781703
16.599999999999998,0.22445290423326697
16.799999999999997,0.2463807688589981
16.999999999999996,0.2706266152473568
17.199999999999996,0.2974680719161979
17.399999999999995,0.32722651210722487
17.599999999999994,0.3602131313038469
17.799999999999994,0.3968784452611072
17.999999999999993,0.43739731641260043
18.199999999999992,0.48292691190452447
18.39999999999999,0.5339345967234465
18.59999999999999,0.5912691980987138
18.79999999999999,0.655752560559425
18.99999999999999,0.7287204171894255
19.19999999999999,0.8095368123258805
19.399999999999988,0.9034290167768481
19.599999999999987,1.0110544752106776
19.799999999999986,1.1350541098971372
19.999999999999986,1.2785900990736963
20.199999999999985,1.441418013514262
20.399999999999984,1.6265428813373344
20.599999999999984,1.8511242995564958
20.799999999999983,2.115478546777312
20.999999999999982,2.4278271653159336
21.19999999999998,2.79811550308453
21.39999999999998,3.2383537500215356
21.59999999999998,3.707697612841175
21.79999999999998,4.31941184025877
21.99999999999998,5.050697318740798
22.199999999999978,5.9261355881292435
22.399999999999977,6.975278084170215
22.599999999999977,8.193590080630523
22.799999999999976,9.693833475049013
22.999999999999975,11.495164018148415
23.199999999999974,13.658793515046991
23.399999999999974,16.258286451512213
23.599999999999973,19.382052385928016
23.799999999999972,23.136355928872423
23.99999999999997,27.648922951289627
24.19999999999997,33.07329484317191
24.39999999999997,39.59404093519178
24.59999999999997,47.433039690597724
24.79999999999997,56.857035403265286
24.999999999999968,68.18670342056618
25.199999999999967,81.80756982149073
25.399999999999967,98.18312605482677
25.599999999999966,117.87059469768495
25.799999999999965,141.53992052033715
25.999999999999964,169.99651589184975
26.199999999999964,204.20869405893336
26.399999999999963,245.34066557835084
26.599999999999962,294.79206252176294
26.79999999999996,354.2456232802238
26.99999999999996,425.72441242268445
