mags_ab,pos_errs_mas
16.0,0.2380504993182092
16.2,0.25769199123580017
16.4,0.27955692598292375
16.599999999999998,0.3011633584780123
16.799999999999997,0.32515322016195014
16.999999999999996,0.2094754415910918
17.199999999999996,0.2267548958750029
17.399999999999995,0.24634848409438648
17.599999999999994,0.2668583076782567
17.799999999999994,0.21050706993784202
17.999999999999993,0.2292988624826636
18.199999999999992,0.20359824205295085
18.39999999999999,0.22209779687050704
18.59999999999999,0.20563397824633806
18.79999999999999,0.2244465221042921
18.99999999999999,0.20355831664183166
19.19999999999999,0.2223092733292239
19.399999999999988,0.21234290687982166
19.599999999999987,0.23220183974149972
19.799999999999986,0.21587541438366628
19.999999999999986,0.23674394246665126
20.199999999999985,0.2598763530755243
20.399999999999984,0.2854616516635005
20.599999999999984,0.31390037660992504
20.799999999999983,0.34547828774076006
20.999999999999982,0.38070359631211265
21.19999999999998,0.4200716970059356
21.39999999999998,0.46405821960287624
21.59999999999998,0.5135305452452474
21.79999999999998,0.5693264193515118
21.99999999999998,0.6323176713197428
22.199999999999978,0.7038893202414421
22.399999999999977,0.7863727512151233
22.599999999999977,0.8800539085991833
22.799999999999976,0.9879904357855582
22.999999999999975,1.1129642223521687
23.199999999999974,1.2582634203637049
23.399999999999974,1.4281708474540666
23.599999999999973,1.627482695064702
23.799999999999972,1.8622982037571236
23.99999999999997,2.14190123728328
24.19999999999997,2.4703261254481057
24.39999999999997,2.861923312664374
24.59999999999997,3.3282137109302092
24.79999999999997,3.8857691324354704
24.999999999999968,4.551833899687172
25.199999999999967,5.350513298762719
25.399999999999967,6.308148963251174
25.599999999999966,7.457196711516222
25.799999999999965,8.836657395003167
25.999999999999964,10.493396641008202
26.199999999999964,12.483735139399496
26.399999999999963,14.875361697380866
26.599999999999962,17.749627416786257
26.79999999999996,21.204319669364
26.99999999999996,25.350012814499575
