mags_ab,pos_errs_mas
16.0,inf
16.2,inf
16.4,0.26950152273648614
16.599999999999998,0.28227429136878257
16.799999999999997,0.2976187580287814
16.999999999999996,0.31410426725772855
17.199999999999996,0.20298291071391986
17.399999999999995,0.21573242192668932
17.599999999999994,0.23284494334721112
17.799999999999994,0.24979056201836472
17.999999999999993,0.2653259665110854
18.199999999999992,0.2847816782831522
18.39999999999999,0.29896923899918226
18.59999999999999,0.1981427055200984
18.79999999999999,0.2150064354999599
18.99999999999999,0.23317259646646754
19.19999999999999,0.2069279200223214
19.399999999999988,0.20343803754452272
19.599999999999987,0.22303628898871752
19.799999999999986,0.24469459715738714
19.999999999999986,0.268736535930964
20.199999999999985,0.2952319628157115
20.399999999999984,0.3245780662175398
20.599999999999984,0.35715591925136897
20.799999999999983,0.3933596141842841
20.999999999999982,0.43371418778574305
21.19999999999998,0.4787995288007495
21.39999999999998,0.5292739807337126
21.59999999999998,0.5857935864393111
21.79999999999998,0.6496121528686918
21.99999999999998,0.7220864368562867
22.199999999999978,0.8041360136082608
22.399999999999977,0.8977356174274567
22.599999999999977,1.004575573304396
22.799999999999976,1.1265681735701323
22.999999999999975,1.2692696502312155
23.199999999999974,1.4339736759164408
23.399999999999974,1.627658272994204
23.599999999999973,1.853960963171353
23.799999999999972,2.117988828084815
23.99999999999997,2.420694228972392
24.19999999999997,2.79087427564845
24.39999999999997,3.231083725273028
24.59999999999997,3.7558172872907085
24.79999999999997,4.382529761093735
24.999999999999968,5.132221013774918
25.199999999999967,6.030142091865533
25.399999999999967,7.106643846451713
25.599999999999966,8.39820173478758
25.799999999999965,9.94864523864299
25.999999999999964,11.775424431171455
26.199999999999964,14.003357626449079
26.399999999999963,16.680363926949653
26.599999999999962,19.897499309113993
26.79999999999996,23.764211383772626
26.99999999999996,28.412055439756966
