mags_ab,pos_errs_mas
16.0,0.14886331976130557
16.2,0.1574958718869148
16.4,0.16562593132055703
16.599999999999998,0.1466063729099668
16.799999999999997,0.15569581230837432
16.999999999999996,0.1392562598511804
17.199999999999996,0.1513576572473991
17.399999999999995,0.16520485827763887
17.599999999999994,0.15050971121132434
17.799999999999994,0.1643966395425822
17.999999999999993,0.16085881046241488
18.199999999999992,0.1677966149094655
18.39999999999999,0.17520101685637632
18.59999999999999,0.19191006781220277
18.79999999999999,0.21031352310612603
18.99999999999999,0.23058732565488235
19.19999999999999,0.25293164232184145
19.399999999999988,0.2775714618151527
19.599999999999987,0.3050682292302366
19.799999999999986,0.33510398534500685
19.999999999999986,0.36828330590330693
20.199999999999985,0.40500579145094656
20.399999999999984,0.445713126976909
20.599999999999984,0.4909205943304518
20.799999999999983,0.541233236640094
20.999999999999982,0.5981693139633276
21.19999999999998,0.6610134115120359
21.39999999999998,0.7312770930219705
21.59999999999998,0.810255163113259
21.79999999999998,0.8990931879947341
21.99999999999998,1.0000345769077952
22.199999999999978,1.1149770627688287
22.399999999999977,1.247294519911439
22.599999999999977,1.3982637187425313
22.799999999999976,1.5726169677039143
22.999999999999975,1.7749690831115852
23.199999999999974,2.0072237730063356
23.399999999999974,2.2812222140679634
23.599999999999973,2.6032937779668313
23.799999999999972,2.9832342326673706
23.99999999999997,3.4329969249311643
24.19999999999997,3.9674394206322474
24.39999999999997,4.603404059915359
24.59999999999997,5.34750384015997
24.79999999999997,6.249561611046463
24.999999999999968,7.329298254557289
25.199999999999967,8.623093021687136
25.399999999999967,10.174728213975191
25.599999999999966,12.036816447244618
25.799999999999965,14.27258122224718
25.999999999999964,16.921099517398336
26.199999999999964,20.12304923159975
26.399999999999963,23.984717681030787
26.599999999999962,28.625792590551164
26.79999999999996,34.20417189364537
26.99999999999996,40.90964999077618
