mags_ab,pos_errs_mas
16.0,0.19686250549385215
16.2,0.16224381906750873
16.4,0.17675828964957074
16.599999999999998,0.17352786233355755
16.799999999999997,0.18272316586150592
16.999999999999996,0.20039710763401838
17.199999999999996,0.21992267458422018
17.399999999999995,0.241507459371973
17.599999999999994,0.2654106220140846
17.799999999999994,0.2919170839209509
17.999999999999993,0.3213614245214484
18.199999999999992,0.3542012553658859
18.39999999999999,0.39073577599877085
18.59999999999999,0.4314645902931737
18.79999999999999,0.4770633911707969
18.99999999999999,0.5284469096743807
19.19999999999999,0.5864682788779525
19.399999999999988,0.6522994837926815
19.599999999999987,0.727133181490044
19.799999999999986,0.8119720903283841
19.999999999999986,0.9095425121937608
20.199999999999985,1.0224020405358731
20.399999999999984,1.1532983481303645
20.599999999999984,1.3057169083911098
20.799999999999983,1.484059603229489
20.999999999999982,1.6922934651600339
21.19999999999998,1.9389862526503567
21.39999999999998,2.231188036290651
21.59999999999998,2.5784156420079962
21.79999999999998,2.9919532834022657
21.99999999999998,3.4854623401273956
22.199999999999978,4.068748202272829
22.399999999999977,4.748494280407302
22.599999999999977,5.586948754905255
22.799999999999976,6.592511735292813
22.999999999999975,7.7992812445380375
23.199999999999974,9.248230353744455
23.399999999999974,10.988597690705967
23.599999999999973,12.943832547697838
23.799999999999972,15.42617826323566
23.99999999999997,18.409512502123775
24.19999999999997,21.995334431383277
24.39999999999997,26.305647871632953
24.59999999999997,31.397282317309763
24.79999999999997,37.60665555654219
24.999999999999968,45.07147765274023
25.199999999999967,54.04575964306671
25.399999999999967,64.83487749987339
25.599999999999966,77.80595900442898
25.799999999999965,93.40039678136259
25.999999999999964,112.14883232810627
26.199999999999964,134.68923258461373
26.399999999999963,161.78862690115452
26.599999999999962,194.36914990594855
26.79999999999996,233.53945408584798
26.99999999999996,280.63241439879033
