mags_ab,pos_errs_mas
16.0,inf
16.2,inf
16.4,0.2595553623445572
16.599999999999998,0.2842020343439338
16.799999999999997,0.30095446356400685
16.999999999999996,0.2095659479706295
17.199999999999996,0.22461003175760966
17.399999999999995,0.23874262987579759
17.599999999999994,0.2558216071995586
17.799999999999994,0.27409441241536003
17.999999999999993,0.2904484926144962
18.199999999999992,0.18785711412608247
18.39999999999999,0.2032896486052753
18.59999999999999,0.22033059575221162
18.79999999999999,0.23841232800088444
18.99999999999999,0.19782018885819744
19.19999999999999,0.21570964517967858
19.399999999999988,0.20439397895135514
19.599999999999987,0.21000439152364334
19.799999999999986,0.23024770762327013
19.999999999999986,0.2526378793678342
20.199999999999985,0.27745606295638886
20.399999999999984,0.30479891395815206
20.599999999999984,0.3350774502794629
20.799999999999983,0.3686607098850192
20.999999999999982,0.4059774569442212
21.19999999999998,0.44753772947736753
21.39999999999998,0.4939382306686375
21.59999999999998,0.5458490681725507
21.79999999999998,0.6040424709315553
21.99999999999998,0.6699912117660377
22.199999999999978,0.7440724985170679
22.399999999999977,0.8281301266558778
22.599999999999977,0.9240491371431157
22.799999999999976,1.0328442646490832
22.999999999999975,1.1583235306338848
23.199999999999974,1.3031666744220922
23.399999999999974,1.472257372505501
23.599999999999973,1.66947402832044
23.799999999999972,1.9005265017651125
23.99999999999997,2.1612767830593596
24.19999999999997,2.4791457947501305
24.39999999999997,2.8558428372274745
24.59999999999997,3.30356239969565
24.79999999999997,3.837010638809477
24.999999999999968,4.473899721761101
25.199999999999967,5.235543330273071
25.399999999999967,6.147571727571224
25.599999999999966,7.240794897694821
25.799999999999965,8.552238329228881
25.999999999999964,10.101437675529883
26.199999999999964,11.98491965917415
26.399999999999963,14.247396111140613
26.599999999999962,16.96579760324254
26.79999999999996,20.232585761436575
26.99999999999996,24.158891152144257
