mags_ab,pos_errs_mas
16.0,0.23811644970156834
16.2,0.25727885581240967
16.4,0.27740713839796655
16.599999999999998,0.2968487833996887
16.799999999999997,0.31789209892988496
16.999999999999996,0.34052943066533853
17.199999999999996,0.21313533223704292
17.399999999999995,0.23108576007132908
17.599999999999994,0.25018530961926283
17.799999999999994,0.27110980355740444
17.999999999999993,0.2179135096065559
18.199999999999992,0.23734240417230193
18.39999999999999,0.21944567560438807
18.59999999999999,0.2220620705385055
18.79999999999999,0.24325502237441096
18.99999999999999,0.26666687232934216
19.19999999999999,0.2924628377690917
19.399999999999988,0.3209455514958516
19.599999999999987,0.3524305449439532
19.799999999999986,0.3872286988382865
19.999999999999986,0.4257712568408799
20.199999999999985,0.46851057444042243
20.399999999999984,0.5159946894608822
20.599999999999984,0.56884022287756
20.799999999999983,0.6276439489134644
20.999999999999982,0.6935533966041486
21.19999999999998,0.7675061465083028
21.39999999999998,0.8505994096340611
21.59999999999998,0.943848205168196
21.79999999999998,1.0485824181388848
21.99999999999998,1.1691470785061717
22.199999999999978,1.305635690253842
22.399999999999977,1.4619316119307697
22.599999999999977,1.6422425921412167
22.799999999999976,1.8521608442933264
22.999999999999975,2.0925275404610524
23.199999999999974,2.3775068052423016
23.399999999999974,2.7083079031125457
23.599999999999973,3.092481162934147
23.799999999999972,3.5559788061343727
23.99999999999997,4.097732410576565
24.19999999999997,4.740071555628916
24.39999999999997,5.515674175901838
24.59999999999997,6.418066481605453
24.79999999999997,7.519260445723959
24.999999999999968,8.838361566409494
25.199999999999967,10.419974010546872
25.399999999999967,12.317699353654744
25.599999999999966,14.59594895003143
25.799999999999965,17.332124133809593
25.999999999999964,20.61923930705156
26.199999999999964,24.569081900066756
26.399999999999963,29.217427374499824
26.599999999999962,34.89928364512765
26.79999999999996,41.72901227105775
26.99999999999996,49.938991466451164
