mags_ab,pos_errs_mas
16.0,0.23746597990598184
16.2,0.2577476664619302
16.4,0.27919018997220896
16.599999999999998,0.21047699933314298
16.799999999999997,0.22863935349664216
16.999999999999996,0.24816524324349487
17.199999999999996,0.268901799624047
17.399999999999995,0.2020092571273515
17.599999999999994,0.21990073676739189
17.799999999999994,0.2395776726404124
17.999999999999993,0.26063297174775096
18.199999999999992,0.21290889650015968
18.39999999999999,0.232209839052917
18.59999999999999,0.21171586943649262
18.79999999999999,0.2053127388223082
18.99999999999999,0.20576977590775683
19.19999999999999,0.21048976127844382
19.399999999999988,0.2182885101737511
19.599999999999987,0.22704069539405303
19.799999999999986,0.24886028818969808
19.999999999999986,0.2729992495845978
20.199999999999985,0.299669003173665
20.399999999999984,0.3291558165625359
20.599999999999984,0.36185664299567183
20.799999999999983,0.3981514831066429
20.999999999999982,0.43844786069999975
21.19999999999998,0.48336612560960224
21.39999999999998,0.5335429617546211
21.59999999999998,0.5896460602309315
21.79999999999998,0.6526717895259188
21.99999999999998,0.7242941797163635
22.199999999999978,0.8046582130732739
22.399999999999977,0.8958178722563432
22.599999999999977,0.9997512815642052
22.799999999999976,1.1191062838036896
22.999999999999975,1.2553526354001046
23.199999999999974,1.4140060302060489
23.399999999999974,1.5977914720068822
23.599999999999973,1.8139633504001207
23.799999999999972,2.064951044451714
23.99999999999997,2.3615834475022224
24.19999999999997,2.7122949255180426
24.39999999999997,3.1282935998556143
24.59999999999997,3.623109809186213
24.79999999999997,4.213054861018466
24.999999999999968,4.9177674451431495
25.199999999999967,5.760874958251719
25.399999999999967,6.770785969379753
25.599999999999966,7.981646476459307
25.799999999999965,9.434490984127851
25.999999999999964,11.164058128555306
26.199999999999964,13.253337784306288
26.399999999999963,15.763218733623152
26.599999999999962,18.77905054965411
26.79999999999996,22.403419327205597
26.99999999999996,26.75962385809861
