mags_ab,pos_errs_mas
16.0,inf
16.2,inf
16.4,0.2695525929039049
16.599999999999998,0.28555476934560864
16.799999999999997,0.2976810845460711
16.999999999999996,0.31418406012033584
17.199999999999996,0.20305957888296847
17.399999999999995,0.21582741029381983
17.599999999999994,0.2329659274260096
17.799999999999994,0.2499482642935401
17.999999999999993,0.2655311538712901
18.199999999999992,0.2850495686509756
18.39999999999999,0.2993176497568634
18.59999999999999,0.1986114760969075
18.79999999999999,0.2156239832743158
18.99999999999999,0.2339869190905988
19.19999999999999,0.20808980714915704
19.399999999999988,0.20505137860515
19.599999999999987,0.22515577153092894
19.799999999999986,0.2474772860325057
19.999999999999986,0.2723425050931329
20.199999999999985,0.30003794277008716
20.399999999999984,0.33089377303176953
20.599999999999984,0.3654134722317364
20.799999999999983,0.4041706406745403
20.999999999999982,0.4478410079620816
21.19999999999998,0.4972300607222024
21.39999999999998,0.553319894173374
21.59999999999998,0.6172481521148103
21.79999999999998,0.6902785549222732
21.99999999999998,0.7747747555276255
22.199999999999978,0.872127439190288
22.399999999999977,0.9852853238421498
22.599999999999977,1.117435224321966
22.799999999999976,1.2724535924470652
22.999999999999975,1.4550465372574946
23.199999999999974,1.6709163311256712
23.399999999999974,1.9269592306499765
23.599999999999973,2.2308964937347704
23.799999999999972,2.593467267527685
23.99999999999997,3.026528758714711
24.19999999999997,3.5445954764255783
24.39999999999997,4.165118995085619
24.59999999999997,4.909075977664551
24.79999999999997,5.801675762992056
24.999999999999968,6.873210528095832
25.199999999999967,8.160081914370993
25.399999999999967,9.706034280444678
25.599999999999966,11.563641573122881
25.799999999999965,13.79608980731475
25.999999999999964,16.479328271005933
26.199999999999964,19.704649727172377
26.399999999999963,23.581798554279157
26.599999999999962,28.242699655900907
26.79999999999996,33.84595198862777
26.99999999999996,40.58221693375594
