mags_ab,pos_errs_mas
16.0,0.3759499760709895
16.2,0.4027403241049342
16.4,0.2764637459513515
16.599999999999998,0.2984592386800927
16.799999999999997,0.3240332110284065
16.999999999999996,0.34791949263196953
17.199999999999996,0.37578069273141373
17.399999999999995,0.4058793123875728
17.599999999999994,0.4343999848738853
17.799999999999994,0.24492195984514528
17.999999999999993,0.26400321633278784
18.199999999999992,0.2868518286835204
18.39999999999999,0.3099576477723433
18.59999999999999,0.33578093998239333
18.79999999999999,0.36297336289539195
18.99999999999999,0.24450793700295137
19.19999999999999,0.2665867236083561
19.399999999999988,0.290593102551032
19.599999999999987,0.24618764433916365
19.799999999999986,0.23041448278241022
19.999999999999986,0.25182643142712136
20.199999999999985,0.2754019181162816
20.399999999999984,0.2556591184254926
20.599999999999984,0.2569528744788962
20.799999999999983,0.256779808947163
20.999999999999982,0.2681683333773447
21.19999999999998,0.29573330876402076
21.39999999999998,0.32664766194109124
21.59999999999998,0.3616393770098535
21.79999999999998,0.4010816611649632
21.99999999999998,0.44588243181007126
22.199999999999978,0.49713926846669904
22.399999999999977,0.5557252093940973
22.599999999999977,0.6231836103569766
22.799999999999976,0.7014071027780862
22.999999999999975,0.7921675587954239
23.199999999999974,0.8984464668502543
23.399999999999974,1.0228429619305908
23.599999999999973,1.170803261334246
23.799999999999972,1.3441277524443955
23.99999999999997,1.5496994960760873
24.19999999999997,1.7941999482176114
24.39999999999997,2.085683888420674
24.59999999999997,2.433850766020498
24.79999999999997,2.850370224058998
24.999999999999968,3.3492739230520314
25.199999999999967,3.947427966552795
25.399999999999967,4.665100589581698
25.599999999999966,5.5304385863247205
25.799999999999965,6.565342352969873
25.999999999999964,7.808592113614045
26.199999999999964,9.30246608301699
26.399999999999963,11.097780427451413
26.599999999999962,13.255610292018142
26.79999999999996,15.849374196406295
26.99999999999996,18.967322825903963
