mags_ab,pos_errs_mas
16.0,0.14864912142138778
16.2,0.16130342867996986
16.4,0.1454886333430346
16.599999999999998,0.15869432906987288
16.799999999999997,0.1542525534834285
16.999999999999996,0.15797078976849013
17.199999999999996,0.166421275254655
17.399999999999995,0.17185312516234094
17.599999999999994,0.18821837978148664
17.799999999999994,0.2062408575716223
17.999999999999993,0.22609168418969305
18.199999999999992,0.24796457861211116
18.39999999999999,0.2720774619093099
18.59999999999999,0.29889916235551794
18.79999999999999,0.3283406815273915
18.99999999999999,0.36073483114533145
19.19999999999999,0.39655674577124056
19.399999999999988,0.4362245588270924
19.599999999999987,0.4802241918054415
19.799999999999986,0.5291155223475826
19.999999999999986,0.5842272167314316
20.199999999999985,0.6450609361211305
20.399999999999984,0.7127858488633405
20.599999999999984,0.7882036189618501
20.799999999999983,0.8731295799694452
20.999999999999982,0.9692417621179863
21.19999999999998,1.0782328390756521
21.39999999999998,1.2030123826286712
21.59999999999998,1.3446766988004333
21.79999999999998,1.507519676238279
21.99999999999998,1.691325596513582
22.199999999999978,1.9051083210425315
22.399999999999977,2.1542643589721804
22.599999999999977,2.4423900211148237
22.799999999999976,2.7842225433761776
22.999999999999975,3.1872455606567986
23.199999999999974,3.6640967030242315
23.399999999999974,4.222431678712928
23.599999999999973,4.891980138868382
23.799999999999972,5.69037655321017
23.99999999999997,6.612391744620482
24.19999999999997,7.743376565179655
24.39999999999997,9.097965156915523
24.59999999999997,10.721942569158768
24.79999999999997,12.670334083675694
24.999999999999968,15.009258487977574
25.199999999999967,17.818169671290406
25.399999999999967,21.15830272819152
25.599999999999966,25.20282697371108
25.799999999999965,30.06339348185761
25.999999999999964,35.90535668113599
26.199999999999964,42.927476780882664
26.399999999999963,51.36868859659532
26.599999999999962,61.51621296886853
26.79999999999996,73.71534503689877
26.99999999999996,88.38118008687405
