mags_ab,pos_errs_mas
16.0,0.1968668803103552
16.2,0.16224961845345418
16.4,0.17676590172372314
16.599999999999998,0.17353809992399985
16.799999999999997,0.18273675650273422
16.999999999999996,0.20041495966067907
17.199999999999996,0.2199461250106741
17.399999999999995,0.24153823866145957
17.599999999999994,0.26545100178675685
17.799999999999994,0.29197003869164295
17.999999999999993,0.3214308302819442
18.199999999999992,0.35429229556919806
18.39999999999999,0.39085498577877836
18.59999999999999,0.43166287452651325
18.79999999999999,0.4772676938325809
18.99999999999999,0.528713303621399
19.19999999999999,0.5868150209667474
19.399999999999988,0.652750112825516
19.599999999999987,0.7277172361804879
19.799999999999986,0.812730188871107
19.999999999999986,0.9105214300857134
20.199999999999985,1.0236604259617659
20.399999999999984,1.1549103794577738
20.599999999999984,1.3079031176315845
20.799999999999983,1.4868942197888635
20.999999999999982,1.695639435545311
21.19999999999998,1.9432235172081036
21.39999999999998,2.2365099682049623
21.59999999999998,2.584996808598762
21.79999999999998,3.000149951808239
21.99999999999998,3.49563124141306
22.199999999999978,4.088000451989935
22.399999999999977,4.764207822448197
22.599999999999977,5.606251233090606
22.799999999999976,6.616154532435655
22.999999999999975,7.828165572391102
23.199999999999974,9.283437380111417
23.399999999999974,11.031425002755638
23.599999999999973,12.99688499306648
23.799999999999972,15.490519730122747
23.99999999999997,18.487439968496552
24.19999999999997,22.089607629976793
24.39999999999997,26.419583116566155
24.59999999999997,31.535584709545656
24.79999999999997,37.77355239191726
24.999999999999968,45.27275914985567
25.199999999999967,54.288386041524866
25.399999999999967,65.12721584070346
25.599999999999966,78.15806823605219
25.799999999999965,93.8243695931753
25.999999999999964,112.65920700086059
26.199999999999964,135.3034870570561
26.399999999999963,162.5277749513369
26.599999999999962,195.25845344721756
26.79999999999996,234.60928671406145
26.99999999999996,281.9192910371194
