mags_ab,pos_errs_mas
16.0,0.24243699451068682
16.2,0.2572301604428074
16.4,0.2636120921033493
16.599999999999998,0.26869364189679146
16.799999999999997,0.19231332738869705
16.999999999999996,0.20826376487747192
17.199999999999996,0.22351547987611614
17.399999999999995,0.19950234393868146
17.599999999999994,0.19749902512187625
17.799999999999994,0.2164995900137783
17.999999999999993,0.23744237145806538
18.199999999999992,0.2605555243927886
18.39999999999999,0.28608037937772357
18.59999999999999,0.31429509283354135
18.79999999999999,0.3455178555263633
18.99999999999999,0.38020578925521653
19.19999999999999,0.4187470233529192
19.399999999999988,0.46106690683337587
19.599999999999987,0.5083447933544186
19.799999999999986,0.5614149796369738
19.999999999999986,0.6203297048159714
20.199999999999985,0.6863179427690717
20.399999999999984,0.7602862080862537
20.599999999999984,0.843644388810267
20.799999999999983,0.9391912746712076
20.999999999999982,1.0481504702472737
21.19999999999998,1.1699809875581375
21.39999999999998,1.299392444551712
21.59999999999998,1.454076474228067
21.79999999999998,1.6354971913056602
21.99999999999998,1.8454209317903882
22.199999999999978,2.093672346432552
22.399999999999977,2.384600487243736
22.599999999999977,2.7010348990396325
22.799999999999976,3.08677388391474
22.999999999999975,3.553696258149447
23.199999999999974,4.099875338951248
23.399999999999974,4.702095825741296
23.599999999999973,5.457444629775491
23.799999999999972,6.355351356155277
23.99999999999997,7.447876259256896
24.19999999999997,8.756704952461028
24.39999999999997,10.150709915030836
24.59999999999997,11.989325816927405
24.79999999999997,14.098301792677335
24.999999999999968,16.724172255552205
25.199999999999967,19.878343062369833
25.399999999999967,23.668063190529587
25.599999999999966,28.222227145009345
25.799999999999965,33.695764619935375
25.999999999999964,40.2748980733786
26.199999999999964,48.18347575399664
26.399999999999963,57.690607575965494
26.599999999999962,68.73463443160668
26.79999999999996,82.38491161537355
26.99999999999996,98.79543409739027
