mags_ab,pos_errs_mas
16.0,0.2381425396795569
16.2,0.25875572214413917
16.4,0.2800369695886608
16.599999999999998,0.3013607892409836
16.799999999999997,0.3251353894546097
16.999999999999996,0.3510789822662109
17.199999999999996,0.3762947142032144
17.399999999999995,0.21224848027174315
17.599999999999994,0.22937028715495877
17.799999999999994,0.2488569893188036
17.999999999999993,0.2696343851568532
18.199999999999992,0.20975551265807874
18.39999999999999,0.22858113080544162
18.59999999999999,0.24912469548518104
18.79999999999999,0.20181053141121927
18.99999999999999,0.22016955387794704
19.19999999999999,0.1984509160397423
19.399999999999988,0.2166832199441788
19.599999999999987,0.23667293525959598
19.799999999999986,0.21383864476191528
19.999999999999986,0.21259741588478634
20.199999999999985,0.22012192066404765
20.399999999999984,0.2179829571877635
20.599999999999984,0.23927134593734828
20.799999999999983,0.2629394707482844
20.999999999999982,0.2891854445033471
21.19999999999998,0.318454334734045
21.39999999999998,0.35113448511524653
21.59999999999998,0.3876741527610448
21.79999999999998,0.4289271728647859
21.99999999999998,0.47514741197057625
22.199999999999978,0.5275482425113657
22.399999999999977,0.5870929405723789
22.599999999999977,0.6547642188099165
22.799999999999976,0.7322898154286357
22.999999999999975,0.8224077461626726
23.199999999999974,0.9256798558604333
23.399999999999974,1.0457152868955433
23.599999999999973,1.1858932847389947
23.799999999999972,1.3503244883427248
23.99999999999997,1.5439990886056583
24.19999999999997,1.7729642612146468
24.39999999999997,2.0445329812727593
24.59999999999997,2.3703582273981256
24.79999999999997,2.755418752381422
24.999999999999968,3.215332313764016
25.199999999999967,3.765511839033899
25.399999999999967,4.424489870821567
25.599999999999966,5.214542347769176
25.799999999999965,6.162439341484942
25.999999999999964,7.300349027359712
26.199999999999964,8.66692742815328
26.399999999999963,10.308629542120551
26.599999999999962,12.281282613592408
26.79999999999996,14.651988467795375
26.99999999999996,17.501397266882257
