mags_ab,pos_errs_mas
16.0,0.24235305124014925
16.2,0.25822230604696295
16.4,0.2671096534762645
16.599999999999998,0.1843984868147255
16.799999999999997,0.19938828978371914
16.999999999999996,0.21582195928172931
17.199999999999996,0.2311722398677169
17.399999999999995,0.24770907445038204
17.599999999999994,0.19260618343357808
17.799999999999994,0.18828055834758903
17.999999999999993,0.19831397871589337
18.199999999999992,0.2173600968783895
18.39999999999999,0.23838608110778342
18.59999999999999,0.2615243378077232
18.79999999999999,0.2870471808093775
18.99999999999999,0.31526504174447045
19.19999999999999,0.3464477428177737
19.399999999999988,0.3810041663387706
19.599999999999987,0.41933531578508754
19.799999999999986,0.461611171397607
19.999999999999986,0.5087619877808566
20.199999999999985,0.5613996267196217
20.399999999999984,0.6201364376522642
20.599999999999984,0.6859372546205853
20.799999999999983,0.7587735543932893
20.999999999999982,0.8411991708281363
21.19999999999998,0.9350753836295155
21.39999999999998,1.041823826980768
21.59999999999998,1.1618223880089014
21.79999999999998,1.2934067354154208
21.99999999999998,1.4481806320617112
22.199999999999978,1.6256893586020136
22.399999999999977,1.8347047274576427
22.599999999999977,2.0756667322549838
22.799999999999976,2.3602973067110637
22.999999999999975,2.695054538191919
23.199999999999974,3.06313374127923
23.399999999999974,3.5232087137796224
23.599999999999973,4.0695435123934285
23.799999999999972,4.692421076457273
23.99999999999997,5.4593552958552785
24.19999999999997,6.3746412792316525
24.39999999999997,7.469423709944977
24.59999999999997,8.779552248913184
24.79999999999997,10.350079774127286
24.999999999999968,12.21323589294318
25.199999999999967,14.410335770451361
25.399999999999967,17.038404236237305
25.599999999999966,20.219482537969274
25.799999999999965,24.085776067546476
25.999999999999964,28.732172594702547
26.199999999999964,33.92393251602334
26.399999999999963,40.550143474676034
26.599999999999962,48.515342246436845
26.79999999999996,58.0905582738702
26.99999999999996,69.60159864497274
