mags_ab,pos_errs_mas
16.0,0.20731309179274637
16.2,0.22283776386944618
16.4,0.1708351388984513
16.599999999999998,0.18350960699310917
16.799999999999997,0.1984104322841775
16.999999999999996,0.2156918617557917
17.199999999999996,0.1717691831400364
17.399999999999995,0.18691778572219397
17.599999999999994,0.20355541360588159
17.799999999999994,0.16752251086984649
17.999999999999993,0.1826122494700297
18.199999999999992,0.1991387658015281
18.39999999999999,0.18383929824310274
18.59999999999999,0.18094907553188452
18.79999999999999,0.1864654482490246
18.99999999999999,0.19177811063804276
19.19999999999999,0.21011994154967317
19.399999999999988,0.23040258888404375
19.599999999999987,0.25266231933245553
19.799999999999986,0.27721469237389534
19.999999999999986,0.30430578896986965
20.199999999999985,0.33422903440975127
20.399999999999984,0.367295452608049
20.599999999999984,0.4039048387427414
20.799999999999983,0.4446305141495493
20.999999999999982,0.4896903767686333
21.19999999999998,0.5397501266877133
21.39999999999998,0.596145775679829
21.59999999999998,0.6584540271673454
21.79999999999998,0.7282251305266142
21.99999999999998,0.8066006611161218
22.199999999999978,0.8949607190128337
22.399999999999977,0.9953088545916485
22.599999999999977,1.1095435048824787
22.799999999999976,1.237955718422271
22.999999999999975,1.3863815570852212
23.199999999999974,1.5572369971551543
23.399999999999974,1.7550274333541875
23.599999999999973,1.9843556981364516
23.799999999999972,2.250663519228783
23.99999999999997,2.5641223403439932
24.19999999999997,2.934998820738156
24.39999999999997,3.3737840237037635
24.59999999999997,3.894554753293006
24.79999999999997,4.494189618183957
24.999999999999968,5.2162225961463715
25.199999999999967,6.086906494467633
25.399999999999967,7.128455390579527
25.599999999999966,8.375951269761885
25.799999999999965,9.87156369511154
25.999999999999964,11.665968612007983
26.199999999999964,13.820060018988965
26.399999999999963,16.407017286692717
26.599999999999962,19.514775846147614
26.79999999999996,23.210840085641028
26.99999999999996,27.68753750308527
