mags_ab,pos_errs_mas
16.0,0.18164409448563146
16.2,0.19674088857722244
16.4,0.15057263713236266
16.599999999999998,0.1641394347128031
16.799999999999997,0.14431380263340066
16.999999999999996,0.15255692847890734
17.199999999999996,0.16112101246591362
17.399999999999995,0.14442497780997363
17.599999999999994,0.1576657179023471
17.799999999999994,0.15549881606036858
17.999999999999993,0.1598914122373943
18.199999999999992,0.17536579369058253
18.39999999999999,0.17801430248874636
18.59999999999999,0.19549641035757057
18.79999999999999,0.21544197070068388
18.99999999999999,0.2378100537028384
19.19999999999999,0.26288243301970515
19.399999999999988,0.2911340811009448
19.599999999999987,0.3230866768290497
19.799999999999986,0.35937289084373025
19.999999999999986,0.40076387643210065
20.199999999999985,0.4485522881885301
20.399999999999984,0.503187407740847
20.599999999999984,0.566397872903345
20.799999999999983,0.6398880182959824
20.999999999999982,0.7257308335220709
21.19999999999998,0.8267639783065603
21.39999999999998,0.9455332881134983
21.59999999999998,1.0862437305059633
21.79999999999998,1.2527365499062708
21.99999999999998,1.4507788416581222
22.199999999999978,1.68689852799134
22.399999999999977,1.9689561071330612
22.599999999999977,2.30640810733179
22.799999999999976,2.7129650668319343
22.999999999999975,3.1978662432477947
23.199999999999974,3.779666831893604
23.399999999999974,4.4781130912440945
23.599999999999973,5.316932593137175
23.799999999999972,6.326237973050515
23.99999999999997,7.537250209895189
24.19999999999997,8.992635575057376
24.39999999999997,10.741906879880993
24.59999999999997,12.84458009390573
24.79999999999997,15.372200563558984
24.999999999999968,18.41077406919235
25.199999999999967,22.063695152222714
25.399999999999967,26.455264037726625
25.599999999999966,31.734914875824675
25.799999999999965,38.08230806172695
25.999999999999964,45.71342998279278
26.199999999999964,54.887950263296176
26.399999999999963,65.91806966502965
26.599999999999962,79.17911860431455
26.79999999999996,95.12234680485444
26.99999999999996,114.29026297908106
