mags_ab,pos_errs_mas
16.0,inf
16.2,inf
16.4,0.2612232114971334
16.599999999999998,0.285140317980195
16.799999999999997,0.30216812552101957
16.999999999999996,0.20896946895349755
17.199999999999996,0.2241402452987291
17.399999999999995,0.24135186133673334
17.599999999999994,0.2605039755366081
17.799999999999994,0.28144655957978165
17.999999999999993,0.1858675263180231
18.199999999999992,0.1991366773814398
18.39999999999999,0.21425701314483162
18.59999999999999,0.17067118488351565
18.79999999999999,0.18304233191016825
18.99999999999999,0.1990768137210152
19.19999999999999,0.17857133424051266
19.399999999999988,0.19482753731991248
19.599999999999987,0.18247040390682484
19.799999999999986,0.19929426458018026
19.999999999999986,0.18398622720804947
20.199999999999985,0.2011284147641419
20.399999999999984,0.1955957394578841
20.599999999999984,0.19826885597135988
20.799999999999983,0.20493039485746675
20.999999999999982,0.22507646847915394
21.19999999999998,0.24745992100081132
21.39999999999998,0.27251041151792793
21.59999999999998,0.3003525420895373
21.79999999999998,0.3314417415944316
21.99999999999998,0.36632812562030287
22.199999999999978,0.4054988226496229
22.399999999999977,0.4497492775705689
22.599999999999977,0.4998498238280035
22.799999999999976,0.556868422492661
22.999999999999975,0.6221869417945837
23.199999999999974,0.69752012142046
23.399999999999974,0.7845549129273268
23.599999999999973,0.884808706332259
23.799999999999972,1.0016366899510007
23.99999999999997,1.138404138661771
24.19999999999997,1.29920057297376
24.39999999999997,1.488985441273899
24.59999999999997,1.7137618614191548
24.79999999999997,1.9807829882105974
24.999999999999968,2.2987978544816126
25.199999999999967,2.6796752363315535
25.399999999999967,3.133310775268461
25.599999999999966,3.6763745202861284
25.799999999999965,4.327198010868596
25.999999999999964,5.1078132207252445
26.199999999999964,6.044695358660796
26.399999999999963,7.169659148879267
26.599999999999962,8.520935590841757
26.79999999999996,10.144470295602332
26.99999999999996,12.095481573169813
