mags_ab,pos_errs_mas
16.0,0.16555003222870987
16.2,0.14731870173953268
16.4,0.15491005924028114
16.599999999999998,0.14371606875471565
16.799999999999997,0.1567459442023399
16.999999999999996,0.15745074338964107
17.199999999999996,0.16278392520929183
17.399999999999995,0.1711567542995214
17.599999999999994,0.17640132065830563
17.799999999999994,0.19363971449945902
17.999999999999993,0.21281789903108664
18.199999999999992,0.2340530418488484
18.39999999999999,0.25767885248424655
18.59999999999999,0.2840203328946881
18.79999999999999,0.3134617507427167
18.99999999999999,0.3464638948017344
19.19999999999999,0.3839522258577023
19.399999999999988,0.4258453366203644
19.599999999999987,0.4733108043816768
19.799999999999986,0.5274041052920942
19.999999999999986,0.5892269349015793
20.199999999999985,0.6604808252945179
20.399999999999984,0.7423007133287104
20.599999999999984,0.8371892084372674
20.799999999999983,0.9477629465949945
20.999999999999982,1.077913009153635
21.19999999999998,1.230256083202121
21.39999999999998,1.4097026607144438
21.59999999999998,1.6221991928621708
21.79999999999998,1.874596046118712
21.99999999999998,2.175158138080327
22.199999999999978,2.5345429749449577
22.399999999999977,2.963186075270351
22.599999999999977,3.4763028066474644
22.799999999999976,4.091211466495913
22.999999999999975,4.828726289028566
23.199999999999974,5.713858898388233
23.399999999999974,6.776665795226972
23.599999999999973,8.053264331649443
23.799999999999972,9.587060279532087
23.99999999999997,11.430219296800216
24.19999999999997,13.645443756767332
24.39999999999997,16.308100197084606
24.59999999999997,19.50878368211615
24.79999999999997,23.356402165663752
24.999999999999968,27.981877620814743
25.199999999999967,33.54260354517238
25.399999999999967,40.227799069319474
25.599999999999966,48.26494485612656
25.799999999999965,57.92753640396224
25.999999999999964,69.54436839209905
26.199999999999964,83.51073523588165
26.399999999999963,100.3018995659064
26.599999999999962,120.48922891203739
26.79999999999996,144.75965905816423
26.99999999999996,173.93905675426674
