mags_ab,pos_errs_mas
16.0,0.16185785362307376
16.2,0.17499868440060296
16.4,0.18912644375945387
16.599999999999998,0.1535956841449042
16.799999999999997,0.16739328006515852
16.999999999999996,0.182468075635478
17.199999999999996,0.17300738549824077
17.399999999999995,0.17167418137987112
17.599999999999994,0.18799941844710322
17.799999999999994,0.2059705319885538
17.999999999999993,0.2257560192193137
18.199999999999992,0.2475444652649574
18.39999999999999,0.2715483849821523
18.59999999999999,0.29815664758449073
18.79999999999999,0.3273632787748395
18.99999999999999,0.3595178685188347
19.19999999999999,0.3950320324210216
19.399999999999988,0.4343034038366132
19.599999999999987,0.4777914171432977
19.799999999999986,0.5260172331253732
19.999999999999986,0.5799714868014638
20.199999999999985,0.6394734899224561
20.399999999999984,0.7057200021362531
20.599999999999984,0.7785800786567137
20.799999999999983,0.861213060416159
20.999999999999982,0.9541545227785041
21.19999999999998,1.0590305677986902
21.39999999999998,1.1780274753047038
21.59999999999998,1.3129514934917772
21.79999999999998,1.4671493817985528
21.99999999999998,1.6335416971968209
22.199999999999978,1.8290370000653937
22.399999999999977,2.0591588847159423
22.599999999999977,2.326634903089787
22.799999999999976,2.6389735906107874
22.999999999999975,3.0053348797366013
23.199999999999974,3.4368392860458727
23.399999999999974,3.9093260417767914
23.599999999999973,4.491417516728832
23.799999999999972,5.1920652605989375
23.99999999999997,6.026548959407916
24.19999999999997,7.022532749035887
24.39999999999997,8.211519808010458
24.59999999999997,9.633746849375168
24.79999999999997,11.299561907040939
24.999999999999968,13.309988087356782
25.199999999999967,15.660435436028353
25.399999999999967,18.565104091511994
25.599999999999966,22.05451215656896
25.799999999999965,26.246745144048774
25.999999999999964,31.284378906148284
26.199999999999964,37.33877737499767
26.399999999999963,44.61592511833673
26.599999999999962,52.83504687125245
26.79999999999996,63.22761981924422
26.99999999999996,75.72097499366515
