mags_ab,pos_errs_mas
16.0,0.2061280841302971
16.2,0.22283295548557044
16.4,0.1701030133365937
16.599999999999998,0.18471855986855779
16.799999999999997,0.20084684522640217
16.999999999999996,0.16934966692803616
17.199999999999996,0.1841731496075067
17.399999999999995,0.20048954882032943
17.599999999999994,0.1764607531634084
17.799999999999994,0.1924204603439971
17.999999999999993,0.18278017808527636
18.199999999999992,0.18424243030276907
18.39999999999999,0.18549330205244374
18.59999999999999,0.19500796938613413
18.79999999999999,0.21385361459206956
18.99999999999999,0.23475397698151312
19.19999999999999,0.2577494597225111
19.399999999999988,0.28320364100414847
19.599999999999987,0.3114099001675273
19.799999999999986,0.3427185537171324
19.999999999999986,0.37751006583761004
20.199999999999985,0.4162875873204969
20.399999999999984,0.4596710866355639
20.599999999999984,0.5083347936688148
20.799999999999983,0.5627837771340604
20.999999999999982,0.6248357530523716
21.19999999999998,0.6943031390083111
21.39999999999998,0.7732847447957766
21.59999999999998,0.8632923988891696
21.79999999999998,0.9664067286953112
21.99999999999998,1.085116903775073
22.199999999999978,1.222433720243869
22.399999999999977,1.382631987500636
22.599999999999977,1.5707336745456575
22.799999999999976,1.7865563079279945
22.999999999999975,2.041964319877408
23.199999999999974,2.345238428826641
23.399999999999974,2.704970213770776
23.599999999999973,3.132860255732925
23.799999999999972,3.64301362051604
23.99999999999997,4.252413332015569
24.19999999999997,4.981491288748771
24.39999999999997,5.854814124754001
24.59999999999997,6.901909058564472
24.79999999999997,8.158261846845768
24.999999999999968,9.652505824785539
25.199999999999967,11.458548384743086
25.399999999999967,13.62816276743883
25.599999999999966,16.235127850577246
25.799999999999965,19.36812109077358
25.999999999999964,23.133727092166332
26.199999999999964,27.660061448684818
26.399999999999963,33.101140930930285
26.599999999999962,39.642101291384414
26.79999999999996,47.50551623183972
26.99999999999996,56.958951683989454
