mags_ab,pos_errs_mas
16.0,0.3742839112123459
16.2,0.39954988761606103
16.4,0.2746198400621971
16.599999999999998,0.2952069385345126
16.799999999999997,0.3201186065024496
16.999999999999996,0.3465873204526219
17.199999999999996,0.26433922489863554
17.399999999999995,0.28642305068604673
17.599999999999994,0.31021463232943564
17.799999999999994,0.24659809387416992
17.999999999999993,0.2681746502365533
18.199999999999992,0.29189893812383094
18.39999999999999,0.31707332323426074
18.59999999999999,0.2598958691067618
18.79999999999999,0.24363543852642652
18.99999999999999,0.26597430395179694
19.19999999999999,0.2504305982371847
19.399999999999988,0.26248122290886816
19.599999999999987,0.2876783701759533
19.799999999999986,0.3155153922960215
19.999999999999986,0.346381759208191
20.199999999999985,0.3804280618989788
20.399999999999984,0.4181433001029535
20.599999999999984,0.46001680764574704
20.799999999999983,0.5065118701194504
20.999999999999982,0.55832605797375
21.19999999999998,0.6160261429694319
21.39999999999998,0.6807618686611434
21.59999999999998,0.7530031272837807
21.79999999999998,0.8355236542937989
21.99999999999998,0.9277453938165122
22.199999999999978,1.0317117180842847
22.399999999999977,1.1507475216187375
22.599999999999977,1.2870646693503145
22.799999999999976,1.4430465704731108
22.999999999999975,1.624071963006597
23.199999999999974,1.8328785058405972
23.399999999999974,2.078538532412592
23.599999999999973,2.3626692219071748
23.799999999999972,2.6986872706387754
23.99999999999997,3.0955445295488904
24.19999999999997,3.5658460103969842
24.39999999999997,4.124815647151307
24.59999999999997,4.790812985952752
24.79999999999997,5.5859510362426805
24.999999999999968,6.536838826135692
25.199999999999967,7.675475341933459
25.399999999999967,9.040323952675369
25.599999999999966,10.656500089855115
25.799999999999965,12.61411571595827
25.999999999999964,14.964812904094877
26.199999999999964,17.78848271253961
26.399999999999963,21.18114083714961
26.599999999999962,25.25817689242298
26.79999999999996,30.158289836469176
26.99999999999996,36.04818824555869
