mags_ab,pos_errs_mas
16.0,0.3171779441164607
16.2,0.20424952146072034
16.4,0.22101605858622178
16.599999999999998,0.23673615124181924
16.799999999999997,0.2538460024437026
16.999999999999996,0.2723206760007402
17.199999999999996,0.28903608939321085
17.399999999999995,0.30654799946547084
17.599999999999994,0.1968331174246806
17.799999999999994,0.21331576384669837
17.999999999999993,0.23105120721437475
18.199999999999992,0.2005207659274768
18.39999999999999,0.19391916435000067
18.59999999999999,0.21240604751957223
18.79999999999999,0.2327702019905628
18.99999999999999,0.2551988958996087
19.19999999999999,0.27994734988241443
19.399999999999988,0.3072405499019732
19.599999999999987,0.3373970067674135
19.799999999999986,0.3707022622988538
19.999999999999986,0.40755943313514525
20.199999999999985,0.44831270472618096
20.399999999999984,0.493592358239803
20.599999999999984,0.5439778364058865
20.799999999999983,0.5999099745181782
20.999999999999982,0.6629187163674953
21.19999999999998,0.7322720952957881
21.39999999999998,0.8109000487117857
21.59999999999998,0.898817169580639
21.79999999999998,0.9966217567272121
21.99999999999998,1.1066715500877244
22.199999999999978,1.2334651421858962
22.399999999999977,1.3787284344571846
22.599999999999977,1.5424698191327408
22.799999999999976,1.734504755223431
22.999999999999975,1.9545387663616314
23.199999999999974,2.2084701755655374
23.399999999999974,2.498223737883566
23.599999999999973,2.8418889760429646
23.799999999999972,3.2525806237799326
23.99999999999997,3.73956986347296
24.19999999999997,4.316365596108027
24.39999999999997,4.975532757789063
24.59999999999997,5.770521640389271
24.79999999999997,6.735521110245783
24.999999999999968,7.839737653020792
25.199999999999967,9.20971086024693
25.399999999999967,10.767519188961696
25.599999999999966,12.602579596204107
25.799999999999965,14.762384687416056
25.999999999999964,17.499158461360654
26.199999999999964,20.786197645925846
26.399999999999963,24.735255692639388
26.599999999999962,29.480635432043947
26.79999999999996,35.18376013384203
26.99999999999996,42.038653280009086
