mags_ab,pos_errs_mas
16.0,inf
16.2,inf
16.4,inf
16.599999999999998,inf
16.799999999999997,0.23358817028504797
16.999999999999996,0.24579877652277377
17.199999999999996,0.2607258155799005
17.399999999999995,0.267476142820027
17.599999999999994,0.2833506498089426
17.799999999999994,0.20265727257339855
17.999999999999993,0.21748867948614775
18.199999999999992,0.2352284962616267
18.39999999999999,0.2514135954071114
18.59999999999999,0.2687102885729414
18.79999999999999,0.2168699244712712
18.99999999999999,0.21455968901588343
19.19999999999999,0.23526570974977498
19.399999999999988,0.25813306748523374
19.599999999999987,0.2833884112875956
19.799999999999986,0.31127159192731285
19.999999999999986,0.34208010572790615
20.199999999999985,0.37624757646019613
20.399999999999984,0.4142387135612604
20.599999999999984,0.4565010277699893
20.799999999999983,0.5036564902549365
20.999999999999982,0.5554791662455626
21.19999999999998,0.614180828527161
21.39999999999998,0.6800957789271141
21.59999999999998,0.7543700256723423
21.79999999999998,0.8376441596890831
21.99999999999998,0.9310528358021283
22.199999999999978,1.0380432331821214
22.399999999999977,1.161758217422617
22.599999999999977,1.304264711623667
22.799999999999976,1.469057794080244
22.999999999999975,1.64062739095731
23.199999999999974,1.8577439546537795
23.399999999999974,2.1116038353695084
23.599999999999973,2.410436700054444
23.799999999999972,2.7588102901365503
23.99999999999997,3.163707146789183
24.19999999999997,3.648615097656673
24.39999999999997,4.232483444658061
24.59999999999997,4.929153024236751
24.79999999999997,5.761887635611575
24.999999999999968,6.696104766528419
25.199999999999967,7.798518606373705
25.399999999999967,9.193028037902925
25.599999999999966,10.866214077219217
25.799999999999965,12.874863040940937
25.999999999999964,15.287214973105185
26.199999999999964,18.18527508898207
26.399999999999963,21.667599947621692
26.599999999999962,25.852641914873356
26.79999999999996,30.882779947852164
26.99999999999996,36.78011521243177
