mags_ab,pos_errs_mas
16.0,0.37441829425068146
16.2,0.40135043370316165
16.4,0.27279412207139536
16.599999999999998,0.2958818196159178
16.799999999999997,0.32053156390010334
16.999999999999996,0.34823611207373545
17.199999999999996,0.2634208444896757
17.399999999999995,0.28567485843034596
17.599999999999994,0.30951986672335985
17.799999999999994,0.24291770471630217
17.999999999999993,0.26419221786941505
18.199999999999992,0.2877699097633478
18.39999999999999,0.24526973641195163
18.59999999999999,0.26749288727627274
18.79999999999999,0.2461731838330432
18.99999999999999,0.23334579263680838
19.19999999999999,0.25474412603048335
19.399999999999988,0.250245963176301
19.599999999999987,0.25282117619896594
19.799999999999986,0.248065547530624
19.999999999999986,0.2716989196786282
20.199999999999985,0.29773698984096236
20.399999999999984,0.3265561314964858
20.599999999999984,0.3583013606850287
20.799999999999983,0.3933603303504829
20.999999999999982,0.4321831485475381
21.19999999999998,0.47512482350076984
21.39999999999998,0.5228124698972254
21.59999999999998,0.5756697624257774
21.79999999999998,0.6345471580295236
21.99999999999998,0.7001873673690614
22.199999999999978,0.7735790693882693
22.399999999999977,0.8568301864157557
22.599999999999977,0.9491303025299553
22.799999999999976,1.0536643875102985
22.999999999999975,1.1722532619218102
23.199999999999974,1.3067974702798004
23.399999999999974,1.4606563171715194
23.599999999999973,1.6378236160872368
23.799999999999972,1.8441141546754742
23.99999999999997,2.079511133399377
24.19999999999997,2.355262912398177
24.39999999999997,2.6761879888862348
24.59999999999997,3.055351132675775
24.79999999999997,3.5029746029290276
24.999999999999968,4.0288369996568845
25.199999999999967,4.65749361587924
25.399999999999967,5.406259984140515
25.599999999999966,6.295131023859305
25.799999999999965,7.362218236700866
25.999999999999964,8.618796799335158
26.199999999999964,10.141257537703275
26.399999999999963,11.956588076934842
26.599999999999962,14.144851020152196
26.79999999999996,16.772250832407256
26.99999999999996,19.928066622315146
