mags_ab,pos_errs_mas
16.0,0.2383149022114148
16.2,0.2576488219745356
16.4,0.2799236056663353
16.599999999999998,0.3015031929301685
16.799999999999997,0.3248558511140775
16.999999999999996,0.20965763851483388
17.199999999999996,0.2266349213069695
17.399999999999995,0.24621101332459197
17.599999999999994,0.2667044500770134
17.799999999999994,0.2892120819996545
17.999999999999993,0.21183148610095476
18.199999999999992,0.23075904843197012
18.39999999999999,0.20032677998642637
18.59999999999999,0.21854117021427116
18.79999999999999,0.2384645725961761
18.99999999999999,0.20889132070256014
19.19999999999999,0.22811073702824683
19.399999999999988,0.21376082248824663
19.599999999999987,0.21088019357956303
19.799999999999986,0.21410583166390035
19.999999999999986,0.2184091907935018
20.199999999999985,0.23968410876260457
20.399999999999984,0.26330865905481793
20.599999999999984,0.2895073703777637
20.799999999999983,0.3186814154515195
20.999999999999982,0.3512185296179311
21.19999999999998,0.38757731198767537
21.39999999999998,0.4284467051724182
21.59999999999998,0.474292177800389
21.79999999999998,0.5261083860675426
21.99999999999998,0.5848563029306432
22.199999999999978,0.6516004397772126
22.399999999999977,0.7279151360181304
22.599999999999977,0.8162532616493032
22.799999999999976,0.9174764628392398
22.999999999999975,1.0348947989799926
23.199999999999974,1.1717581510387993
23.399999999999974,1.332014507489785
23.599999999999973,1.5204440340328162
23.799999999999972,1.7428270874988987
23.99999999999997,2.006185704423366
24.19999999999997,2.320532383012151
24.39999999999997,2.6931632776644285
24.59999999999997,3.137820283232284
24.79999999999997,3.6694883140804553
24.999999999999968,4.306016207514833
25.199999999999967,5.0688770956069655
25.399999999999967,5.982600872721556
25.599999999999966,7.080496243266107
25.799999999999965,8.398814422350881
25.999999999999964,9.977597769086422
26.199999999999964,11.879083679347275
26.399999999999963,14.152205393259964
26.599999999999962,16.895717933643798
26.79999999999996,20.18703327740151
26.99999999999996,24.149562149084076
