mags_ab,pos_errs_mas
16.0,0.18165323878027353
16.2,0.1967524765397486
16.4,0.15058700094298158
16.599999999999998,0.1641554730579544
16.799999999999997,0.14433358032036978
16.999999999999996,0.15257986864585207
17.199999999999996,0.16115021501104734
17.399999999999995,0.1444599320814139
17.599999999999994,0.15771133951964827
17.799999999999994,0.15555925351362834
17.999999999999993,0.15997150889649475
18.199999999999992,0.1754706003012603
18.39999999999999,0.17815422361019795
18.59999999999999,0.19567941012976536
18.79999999999999,0.21568111077492966
18.99999999999999,0.23812250835342225
19.19999999999999,0.2632898053726787
19.399999999999988,0.2916644633129554
19.599999999999987,0.32377604543580285
19.799999999999986,0.36026711192099753
19.999999999999986,0.40192122950374887
20.199999999999985,0.4500482257007912
20.399999999999984,0.5051130203669817
20.599999999999984,0.5688678460127846
20.799999999999983,0.6430452769870159
20.999999999999982,0.7297512733402818
21.19999999999998,0.8318638452890409
21.39999999999998,0.9518659118324536
21.59999999999998,1.0940907264840796
21.79999999999998,1.2629133210133827
21.99999999999998,1.463474055590858
22.199999999999978,1.7026726579398748
22.399999999999977,1.988482038977591
22.599999999999977,2.330493004252381
22.799999999999976,2.7420322707964138
22.999999999999975,3.234274719746395
23.199999999999974,3.824180576924865
23.399999999999974,4.5324071170117355
23.599999999999973,5.383017003489047
23.799999999999972,6.404928164744493
23.99999999999997,7.6347093501526855
24.19999999999997,9.1106930938212
24.39999999999997,10.884747754399552
24.59999999999997,13.017233284550816
24.79999999999997,15.58070962864389
24.999999999999968,18.66240315908079
25.199999999999967,22.36717577159612
25.399999999999967,26.82109233062695
25.599999999999966,32.175708435254
25.799999999999965,38.61323582196075
25.999999999999964,46.352727946129114
26.199999999999964,55.6575421549903
26.399999999999963,66.8443122814126
26.599999999999962,80.29370023196368
26.79999999999996,96.46336319021177
26.99999999999996,115.90351698639752
