mags_ab,pos_errs_mas
16.0,inf
16.2,inf
16.4,0.26121510491641187
16.599999999999998,0.285132231066318
16.799999999999997,0.3021590400888544
16.999999999999996,0.20897338268113547
17.199999999999996,0.22414523921637414
17.399999999999995,0.2412938494010787
17.599999999999994,0.26048710519553464
17.799999999999994,0.28147341543325594
17.999999999999993,0.18597239473126803
18.199999999999992,0.1992558072378037
18.39999999999999,0.21439341318229174
18.59999999999999,0.169398828562268
18.79999999999999,0.18349111625959003
18.99999999999999,0.19997654987189722
19.19999999999999,0.17978030988947652
19.399999999999988,0.19618121617156561
19.599999999999987,0.18422154871823135
19.799999999999986,0.20126169020497978
19.999999999999986,0.18658032842142805
20.199999999999985,0.20406262380815868
20.399999999999984,0.19929345384041816
20.599999999999984,0.19869461309516964
20.799999999999983,0.2149773142534155
20.999999999999982,0.23634730946042773
21.19999999999998,0.2601774476886116
21.39999999999998,0.28685384092230454
21.59999999999998,0.316556797267716
21.79999999999998,0.3498925906370759
21.99999999999998,0.3874318298811659
22.199999999999978,0.42980736851299817
22.399999999999977,0.4778236301148201
22.599999999999977,0.5325098165721431
22.799999999999976,0.5950803512376018
22.999999999999975,0.6671139075327598
23.199999999999974,0.750533968822083
23.399999999999974,0.8474215176545992
23.599999999999973,0.9598337759632547
23.799999999999972,1.0915176423054347
23.99999999999997,1.2464297127655593
24.19999999999997,1.4293674028698184
24.39999999999997,1.6461356626355848
24.59999999999997,1.9037464845619378
24.79999999999997,2.210656746486478
24.999999999999968,2.578092507222251
25.199999999999967,3.0160463348643938
25.399999999999967,3.5404267178432813
25.599999999999966,4.16894369027666
25.799999999999965,4.922880327452896
25.999999999999964,5.827812725227685
26.199999999999964,6.914474277346001
26.399999999999963,8.219798211968286
26.599999999999962,9.78816930804423
26.79999999999996,11.67293306454871
26.99999999999996,13.938206000444787
