mags_ab,pos_errs_mas
16.0,0.2096272987004323
16.2,0.22678968702024935
16.4,0.24622534959026374
16.599999999999998,0.26487460443688376
16.799999999999997,0.2851951891347758
16.999999999999996,0.18413966694393963
17.199999999999996,0.19930875494032121
17.399999999999995,0.21602867900469358
17.599999999999994,0.23392420337133216
17.799999999999994,0.25337471639683495
17.999999999999993,0.18636543225233387
18.199999999999992,0.2030402034839444
18.39999999999999,0.1768285898966458
18.59999999999999,0.19292282657483728
18.79999999999999,0.21051871949911435
18.99999999999999,0.18521924124230926
19.19999999999999,0.20226076763386866
19.399999999999988,0.19038346358621566
19.599999999999987,0.18851276871426595
19.799999999999986,0.1919697350487941
19.999999999999986,0.19652492130677945
20.199999999999985,0.21555275811260804
20.399999999999984,0.23661920994996025
20.599999999999984,0.259945488000861
20.799999999999983,0.28581933271433685
20.999999999999982,0.3146159219223889
21.19999999999998,0.346646415119616
21.39999999999998,0.38243690412045284
21.59999999999998,0.4225603005870746
21.79999999999998,0.4676227848685066
21.99999999999998,0.5182317430516042
22.199999999999978,0.5754673635016608
22.399999999999977,0.6404564643967342
22.599999999999977,0.7151633123999713
22.799999999999976,0.8001412661677704
22.999999999999975,0.8979807365518528
23.199999999999974,1.0112244877390337
23.399999999999974,1.1428950440610757
23.599999999999973,1.296750633558247
23.799999999999972,1.4770664774374156
23.99999999999997,1.6897265957754972
24.19999999999997,1.9415435973329995
24.39999999999997,2.2394100908900216
24.59999999999997,2.593140920077598
24.79999999999997,3.013562114564688
24.999999999999968,3.5150372964148366
25.199999999999967,4.116787814643929
25.399999999999967,4.837545600973979
25.599999999999966,5.701676156766617
25.799999999999965,6.738460979282636
25.999999999999964,7.9830849651180635
26.199999999999964,9.477829762466435
26.399999999999963,11.27350800723192
26.599999999999962,13.431183987724719
26.79999999999996,16.02425187220621
26.99999999999996,19.140926859620382
