mags_ab,pos_errs_mas
16.0,0.18933609906696844
16.2,0.14879870416055224
16.4,0.15787389851556366
16.599999999999998,0.16903299007834907
16.799999999999997,0.14079660473553207
16.999999999999996,0.1519944725990889
17.199999999999996,0.14308734005499404
17.399999999999995,0.15623864886730854
17.599999999999994,0.15572667932295622
17.799999999999994,0.15977224425429237
17.999999999999993,0.16677244287988818
18.199999999999992,0.17022244024181907
18.39999999999999,0.18645038280122028
18.59999999999999,0.20433012149322502
18.79999999999999,0.22403469734557224
18.99999999999999,0.24576071814430483
19.19999999999999,0.26973014098482884
19.399999999999988,0.29636132340152715
19.599999999999987,0.32569490201264506
19.799999999999986,0.358032053121898
19.999999999999986,0.39385368044091
20.199999999999985,0.433602219592767
20.399999999999984,0.47779578734875644
20.599999999999984,0.5270449001888089
20.799999999999983,0.5824087096467917
20.999999999999982,0.6443645342484692
21.19999999999998,0.7134947437652555
21.39999999999998,0.7914420823879218
21.59999999999998,0.8793619111769073
21.79999999999998,0.9790481962006901
21.99999999999998,1.0932298284667317
22.199999999999978,1.2242303719066838
22.399999999999977,1.3756296130522445
22.599999999999977,1.5503414277532797
22.799999999999976,1.7536913352362296
22.999999999999975,1.9914798807239484
23.199999999999974,2.2640087637489277
23.399999999999974,2.590253357194513
23.599999999999973,2.9760867280555585
23.799999999999972,3.4338605541008063
23.99999999999997,3.978483679873212
24.19999999999997,4.627926248288011
24.39999999999997,5.398063893015944
24.59999999999997,6.323691771499158
24.79999999999997,7.432454324645737
24.999999999999968,8.76183963170202
25.199999999999967,10.35689904578364
25.399999999999967,12.271769287203506
25.599999999999966,14.57150413035683
25.799999999999965,17.33428261085202
25.999999999999964,20.654059071360162
26.199999999999964,24.643756758368582
26.399999999999963,29.43911089336432
26.599999999999962,35.2032753732596
26.79999999999996,42.13238080412475
26.99999999999996,50.46219459984389
