mags_ab,pos_errs_mas
16.0,0.1488726019618469
16.2,0.15750704878646804
16.4,0.16563925749888725
16.599999999999998,0.14662226776312515
16.799999999999997,0.1557152776636362
16.999999999999996,0.13928042191072926
17.199999999999996,0.15138907604888005
17.399999999999995,0.16524604411769356
17.599999999999994,0.15056544192512378
17.799999999999994,0.1644698148159133
17.999999999999993,0.16095830653945645
18.199999999999992,0.1679299164261937
18.39999999999999,0.17537971026595459
18.59999999999999,0.19214496871494577
18.79999999999999,0.21062237792848038
18.99999999999999,0.23099339402933078
19.19999999999999,0.25346554323315135
19.399999999999988,0.278273341349701
19.599999999999987,0.3059929081624522
19.799999999999986,0.3363224528178641
19.999999999999986,0.369883623470697
20.199999999999985,0.4071065219963963
20.399999999999984,0.44846893487513784
20.599999999999984,0.4945328609497638
20.799999999999983,0.5459635724661511
20.999999999999982,0.6043763729974772
21.19999999999998,0.669143216310214
21.39999999999998,0.7418880247226367
21.59999999999998,0.8241559199037122
21.79999999999998,0.9174866776111257
21.99999999999998,1.0235233798894428
22.199999999999978,1.1453628596871022
22.399999999999977,1.2865159411060614
22.599999999999977,1.4487150504618311
22.799999999999976,1.6372910883377711
22.999999999999975,1.8575699765022307
23.199999999999974,2.116028851238254
23.399999999999974,2.416048154838475
23.599999999999973,2.7735395916222854
23.799999999999972,3.1974267629215207
23.99999999999997,3.701471767003656
24.19999999999997,4.302266940991708
24.39999999999997,5.019793008869465
24.59999999999997,5.878089144063707
24.79999999999997,6.900339056557024
24.999999999999968,8.129909189213235
25.199999999999967,9.605017419900335
25.399999999999967,11.375716791282871
25.599999999999966,13.50215352824134
25.799999999999965,16.056608117752894
25.999999999999964,19.125944918851637
26.199999999999964,22.8145643394189
26.399999999999963,27.247955517972734
26.599999999999962,32.57695502206218
26.79999999999996,38.982885037363985
26.99999999999996,46.683710478898576
