mags_ab,pos_errs_mas
16.0,0.2848751710447922
16.2,0.30193763862840506
16.4,0.3200486070521132
16.599999999999998,0.32723324375771295
16.799999999999997,0.22941443619296006
16.999999999999996,0.24752753078639783
17.199999999999996,0.2655885283978686
17.399999999999995,0.2851801498631814
17.599999999999994,0.3041857636719387
17.799999999999994,0.2355224183131341
17.999999999999993,0.22752928365290914
18.199999999999992,0.24940378521535328
18.39999999999999,0.27358955284503406
18.59999999999999,0.30025779388210627
18.79999999999999,0.3298256916868605
18.99999999999999,0.3625415640400065
19.19999999999999,0.39870475980970693
19.399999999999988,0.43903239436137226
19.599999999999987,0.4837844823488251
19.799999999999986,0.5336657303488399
19.999999999999986,0.5896138947452185
20.199999999999985,0.652001620574738
20.399999999999984,0.7225215898915663
20.599999999999984,0.8007046701441087
20.799999999999983,0.8905148454580759
20.999999999999982,0.9913736552544004
21.19999999999998,1.1043128413915062
21.39999999999998,1.2370142658222474
21.59999999999998,1.3868914354146131
21.79999999999998,1.5593484882217208
21.99999999999998,1.7577119803358137
22.199999999999978,1.9939460086125855
22.399999999999977,2.267751267530072
22.599999999999977,2.5890298719441347
22.799999999999976,2.9727229331607097
22.999999999999975,3.4044681084770234
23.199999999999974,3.939423142936823
23.399999999999974,4.56392290032435
23.599999999999973,5.321799712458176
23.799999999999972,6.208373760169798
23.99999999999997,7.238135858015628
24.19999999999997,8.519272128874777
24.39999999999997,10.055881042627627
24.59999999999997,11.900075820636765
24.79999999999997,14.114482562053077
24.999999999999968,16.774353984263723
25.199999999999967,19.97012958608915
25.399999999999967,23.810503073495532
25.599999999999966,28.426117902215342
25.799999999999965,33.82818851793342
25.999999999999964,40.46410660187588
26.199999999999964,48.441266874266255
26.399999999999963,58.03111328738258
26.599999999999962,69.55995441265227
26.79999999999996,83.42010092317642
26.99999999999996,100.08317240818454
