mags_ab,pos_errs_mas
16.0,0.21365658646549596
16.2,0.16705553914100255
16.4,0.1782843674337829
16.599999999999998,0.1919027337278802
16.799999999999997,0.1602974626547291
16.999999999999996,0.17207558776240928
17.199999999999996,0.18685812873927793
17.399999999999995,0.16323975977302155
17.599999999999994,0.17803581279494374
17.799999999999994,0.16561041067185678
17.999999999999993,0.16265371133604997
18.199999999999992,0.1651416686888407
18.39999999999999,0.1709363238305183
18.59999999999999,0.18001426227810965
18.79999999999999,0.18784707412201762
18.99999999999999,0.20590946009042324
19.19999999999999,0.22584660125521056
19.399999999999988,0.24786844299440636
19.599999999999987,0.27236607887582814
19.799999999999986,0.29941466378370246
19.999999999999986,0.32924989873670046
20.199999999999985,0.36235767214061637
20.399999999999984,0.3991628166157552
20.599999999999984,0.44017196932808067
20.799999999999983,0.4859831012793182
20.999999999999982,0.5373080804573277
21.19999999999998,0.5958898610338789
21.39999999999998,0.6608189100807169
21.59999999999998,0.7343132921895212
21.79999999999998,0.8178226940977742
21.99999999999998,0.9131874606915664
22.199999999999978,1.0216780598121034
22.399999999999977,1.1473907768656517
22.599999999999977,1.2929472130756092
22.799999999999976,1.463239767143244
22.999999999999975,1.6610656045870558
23.199999999999974,1.8933298778228131
23.399999999999974,2.1671306421267067
23.599999999999973,2.486505536840445
23.799999999999972,2.8669602997665646
23.99999999999997,3.32103292648003
24.19999999999997,3.8624474440961643
24.39999999999997,4.509233634728176
24.59999999999997,5.283081448477136
24.79999999999997,6.2100713218346115
24.999999999999968,7.321548049487432
25.199999999999967,8.647442611478485
25.399999999999967,10.244974770264232
25.599999999999966,12.163555094810507
25.799999999999965,14.46840337557695
25.999999999999964,17.237899164393845
26.199999999999964,20.56624682489638
26.399999999999963,24.566682872583897
26.599999999999962,29.375311463812555
26.79999999999996,35.1557519379671
26.99999999999996,42.104687757012435
