mags_ab,pos_errs_mas
16.0,inf
16.2,inf
16.4,inf
16.599999999999998,inf
16.799999999999997,0.23435401170633932
16.999999999999996,0.2488641465880393
17.199999999999996,0.26175554317036
17.399999999999995,0.18600731900791848
17.599999999999994,0.20195916820343804
17.799999999999994,0.2178557591816281
17.999999999999993,0.2336443841866085
18.199999999999992,0.25250746083009357
18.39999999999999,0.2692316300783939
18.59999999999999,0.1979072271552771
18.79999999999999,0.21498792487496887
18.99999999999999,0.2035461801553981
19.19999999999999,0.21010247332260765
19.399999999999988,0.2306792227164694
19.599999999999987,0.2535119579724994
19.799999999999986,0.27892754501891875
19.999999999999986,0.30713000361676757
20.199999999999985,0.3385505434952837
20.399999999999984,0.37361948369655135
20.599999999999984,0.412938424321661
20.799999999999983,0.45719127394012754
20.999999999999982,0.5071423602231375
21.19999999999998,0.5637523526540923
21.39999999999998,0.627518160695037
21.59999999999998,0.7007930803165874
21.79999999999998,0.785015461132813
21.99999999999998,0.8819042273924896
22.199999999999978,0.9941998902149884
22.399999999999977,1.1249812089552427
22.599999999999977,1.2779963359150874
22.799999999999976,1.457781362094502
22.999999999999975,1.6698969531178312
23.199999999999974,1.921018167886941
23.399999999999974,2.216763113319621
23.599999999999973,2.569911497121308
23.799999999999972,2.9917979444991976
23.99999999999997,3.4953406321162483
24.19999999999997,4.098722167219353
24.39999999999997,4.8138964398466
24.59999999999997,5.658646374709594
24.79999999999997,6.680487633122557
24.999999999999968,7.918908170039533
25.199999999999967,9.406332298954059
25.399999999999967,11.193327867717676
25.599999999999966,13.276291383367743
25.799999999999965,15.76578384134355
25.999999999999964,18.83407394349249
26.199999999999964,22.522260666825655
26.399999999999963,26.955838269392068
26.599999999999962,32.285665194942304
26.79999999999996,38.6931025416141
26.99999999999996,46.396175797891495
