mags_ab,pos_errs_mas
16.0,inf
16.2,inf
16.4,0.2616560498719805
16.599999999999998,0.2863813697338448
16.799999999999997,0.30625000254970275
16.999999999999996,0.20857380989613292
17.199999999999996,0.22644686884481638
17.399999999999995,0.24429893931603347
17.599999999999994,0.2645076054414353
17.799999999999994,0.28121608631586187
17.999999999999993,0.18596106887468755
18.199999999999992,0.19833208086196438
18.39999999999999,0.21471217579825116
18.59999999999999,0.2314441742723284
18.79999999999999,0.1710953406579453
18.99999999999999,0.18493998782376106
19.19999999999999,0.19983462725464177
19.399999999999988,0.21785818984496286
19.599999999999987,0.1726508528253121
19.799999999999986,0.18861709800893492
19.999999999999986,0.20616695011560165
20.199999999999985,0.18790950643393586
20.399999999999984,0.18426310678686086
20.599999999999984,0.2022512576701141
20.799999999999983,0.20619779116593837
20.999999999999982,0.2150750469208919
21.19999999999998,0.22264530600543445
21.39999999999998,0.24687103757732576
21.59999999999998,0.27442182444742763
21.79999999999998,0.30588775596524415
21.99999999999998,0.34218820472721223
22.199999999999978,0.3838194322551701
22.399999999999977,0.43203644837858796
22.599999999999977,0.488146354271862
22.799999999999976,0.5537415069676086
22.999999999999975,0.630758348397269
23.199999999999974,0.7215473233808749
23.399999999999974,0.8289557917552388
23.599999999999973,0.956426235807443
23.799999999999972,1.1081139417855443
23.99999999999997,1.2895252340652867
24.19999999999997,1.505717254697591
24.39999999999997,1.7644188956811742
24.59999999999997,2.0743517527150703
24.79999999999997,2.4459988927743406
24.999999999999968,2.891957777353743
25.199999999999967,3.427366550046984
25.399999999999967,4.070416285510678
25.599999999999966,4.842968735788327
25.799999999999965,5.771297043001864
25.999999999999964,6.886979831643549
26.199999999999964,8.22797367694957
26.399999999999963,9.839905121348762
26.599999999999962,11.777620783046785
26.79999999999996,14.107055344185467
26.99999999999996,16.907471571901898
