mags_ab,pos_errs_mas
16.0,0.20646582872489702
16.2,0.17857888092547167
16.4,0.182452353861333
16.599999999999998,0.20003511947375446
16.799999999999997,0.219437402555464
16.999999999999996,0.24087240218097303
17.199999999999996,0.26457734742334776
17.399999999999995,0.2908249034315884
17.599999999999994,0.31993079502603583
17.799999999999994,0.35226696647372674
17.999999999999993,0.3881817108417077
18.199999999999992,0.42808196141768073
18.39999999999999,0.4725843258395388
18.59999999999999,0.5226044614007027
18.79999999999999,0.5788592763566502
18.99999999999999,0.6423089366985604
19.19999999999999,0.7141325444734884
19.399999999999988,0.79455480876437
19.599999999999987,0.8867585249917861
19.799999999999986,0.9929919221086796
19.999999999999986,1.1154784121103851
20.199999999999985,1.2574253996970128
20.399999999999984,1.4227157518094882
20.599999999999984,1.6140218515807478
20.799999999999983,1.834775050039237
20.999999999999982,2.092928632505722
21.19999999999998,2.4047047598435958
21.39999999999998,2.7746197035963056
21.59999999999998,3.214722057236269
21.79999999999998,3.739533157977967
21.99999999999998,4.327501638815952
22.199999999999978,5.051382639640574
22.399999999999977,5.933638162430587
22.599999999999977,6.991284357483955
22.799999999999976,8.260150961274112
22.999999999999975,9.783294251515306
23.199999999999974,11.566730286753696
23.399999999999974,13.753189475831402
23.599999999999973,16.380317839033935
23.799999999999972,19.537475003201468
23.99999999999997,23.332063647492838
24.19999999999997,27.893190274938263
24.39999999999997,33.376047559424215
24.59999999999997,39.96719535156836
24.79999999999997,47.89091428720849
24.999999999999968,57.41682753083083
25.199999999999967,68.86908199094911
25.399999999999967,82.63737478253377
25.599999999999966,99.19020882479643
25.799999999999965,119.09086001164465
25.999999999999964,143.01650128428773
26.199999999999964,171.78126758578682
26.399999999999963,206.36399871077768
26.599999999999962,247.94147016142284
26.79999999999996,297.9284853434373
26.99999999999996,358.0259844982812
