mags_ab,pos_errs_mas
16.0,0.24082661844245262
16.2,0.2554013885179178
16.4,0.261461141511804
16.599999999999998,0.18593589140429276
16.799999999999997,0.2007475924266769
16.999999999999996,0.2169873850440008
17.199999999999996,0.2317353634015885
17.399999999999995,0.24752091124467107
17.599999999999994,0.19687757581835838
17.799999999999994,0.19301315391187585
17.999999999999993,0.21155433501843526
18.199999999999992,0.23201384017820942
18.39999999999999,0.2545682311165647
18.59999999999999,0.2794793356605966
18.79999999999999,0.30700496419009193
18.99999999999999,0.3374666019267254
19.19999999999999,0.3712833604064773
19.399999999999988,0.40884898800435215
19.599999999999987,0.45021890080059
19.799999999999986,0.4964093552842437
19.999999999999986,0.5481403746632889
20.199999999999985,0.6061014119323335
20.399999999999984,0.6706736235033517
20.599999999999984,0.7424670582427778
20.799999999999983,0.8248654801613071
20.999999999999982,0.9172983553861682
21.19999999999998,1.0236692409655948
21.39999999999998,1.145398733096874
21.59999999999998,1.273553086432637
21.79999999999998,1.4288698689011594
21.99999999999998,1.6091046724016447
22.199999999999978,1.8152659052109679
22.399999999999977,2.0579664646691893
22.599999999999977,2.345900763020221
22.799999999999976,2.6853446653666846
22.999999999999975,3.086959867196188
23.199999999999974,3.5219753748070537
23.399999999999974,4.077929680477621
23.599999999999973,4.740662230502905
23.799999999999972,5.4899261628698435
23.99999999999997,6.424953175152214
24.19999999999997,7.544619769783874
24.39999999999997,8.886751533816943
24.59999999999997,10.496805433849294
24.79999999999997,12.429408557595362
24.999999999999968,14.750201092232919
25.199999999999967,17.45404656923893
25.399999999999967,20.783605580600838
25.599999999999966,24.78482504091926
25.799999999999965,29.593824953938977
25.999999999999964,35.37421953490621
26.199999999999964,42.32268135894382
26.399999999999963,50.675650400480244
26.599999999999962,60.71734569688617
26.79999999999996,72.78946604599727
26.99999999999996,87.30278739399903
