mags_ab,pos_errs_mas
16.0,0.23767640864008835
16.2,0.25760291279225656
16.4,0.27912019143102124
16.599999999999998,0.21087889356540837
16.799999999999997,0.22856031179441777
16.999999999999996,0.24814001821596027
17.199999999999996,0.26885659212818436
17.399999999999995,0.29179455535895493
17.599999999999994,0.21096226911620378
17.799999999999994,0.22985381762916188
17.999999999999993,0.2501287307221602
18.199999999999992,0.20690446971174428
18.39999999999999,0.2257226197417573
18.59999999999999,0.20789312008116034
18.79999999999999,0.20264448641115063
18.99999999999999,0.22143381813760818
19.19999999999999,0.2089125073493735
19.399999999999988,0.2170961628316823
19.599999999999987,0.2251790007389251
19.799999999999986,0.24714234728610215
19.999999999999986,0.2715520472920468
20.199999999999985,0.29863527172491605
20.399999999999984,0.3288030364177385
20.599999999999984,0.3624345393781403
20.799999999999983,0.4000892335177746
20.999999999999982,0.442284286036854
21.19999999999998,0.48977637714988376
21.39999999999998,0.5433555904019208
21.59999999999998,0.6041608950663002
21.79999999999998,0.6733244268636781
21.99999999999998,0.7524459036332144
22.199999999999978,0.8439744125147035
22.399999999999977,0.9489366506496707
22.599999999999977,1.0707965099572194
22.799999999999976,1.2129332742965786
22.999999999999975,1.3794442969784224
23.199999999999974,1.575272585457574
23.399999999999974,1.8065931398945831
23.599999999999973,2.0806999940945157
23.799999999999972,2.4070971278107636
23.99999999999997,2.793810417402487
24.19999999999997,3.2563837056546605
24.39999999999997,3.8079468075376806
24.59999999999997,4.467858853366638
24.79999999999997,5.260635085495735
24.999999999999968,6.201609504593668
25.199999999999967,7.340489186110328
25.399999999999967,8.702691745606407
25.599999999999966,10.344079337258249
25.799999999999965,12.308472054779287
25.999999999999964,14.676545838416835
26.199999999999964,17.522671946804376
26.399999999999963,20.94368470206474
26.599999999999962,25.05597998845592
26.79999999999996,29.999487157457114
26.99999999999996,35.942414455891345
