mags_ab,pos_errs_mas
16.0,0.2842935306306639
16.2,0.3012764924926487
16.4,0.31929672260628705
16.599999999999998,0.32634754084661216
16.799999999999997,0.33152590599896886
16.999999999999996,0.33354313353432874
17.199999999999996,0.23243561154620948
17.399999999999995,0.2506087587285526
17.599999999999994,0.2692004934694586
17.799999999999994,0.2893072247268527
17.999999999999993,0.23730377782002685
18.199999999999992,0.2339092357397407
18.39999999999999,0.25647597594314514
18.59999999999999,0.28140825912402895
18.79999999999999,0.3089267196268005
18.99999999999999,0.3394492288111723
19.19999999999999,0.3731250543545497
19.399999999999988,0.4106308976879593
19.599999999999987,0.4522549419625217
19.799999999999986,0.49873833056980005
19.999999999999986,0.5504918396871383
20.199999999999985,0.6086404329844918
20.399999999999984,0.6735782044465577
20.599999999999984,0.7472291587378763
20.799999999999983,0.8288444378506168
20.999999999999982,0.9228910240521362
21.19999999999998,1.0275938496869326
21.39999999999998,1.1477779572861637
21.59999999999998,1.2854193372813485
21.79999999999998,1.4467429577274817
21.99999999999998,1.6300281851822558
22.199999999999978,1.8438361435539348
22.399999999999977,2.0939902577822918
22.599999999999977,2.391123882892308
22.799999999999976,2.736911094568319
22.999999999999975,3.1448402300350926
23.199999999999974,3.635454444915553
23.399999999999974,4.185326245995389
23.599999999999973,4.87405180502608
23.799999999999972,5.67825893277382
23.99999999999997,6.635976028780542
24.19999999999997,7.753879593470911
24.39999999999997,9.142842490333326
24.59999999999997,10.809470615712605
24.79999999999997,12.810337182596122
24.999999999999968,15.213420507605086
25.199999999999967,18.100415621076294
25.399999999999967,21.569504179468737
25.599999999999966,25.738691805863144
25.799999999999965,30.749819010574907
25.999999999999964,36.77338181310477
26.199999999999964,43.80893342580553
26.399999999999963,52.468583563097894
26.599999999999962,62.87905903653395
26.79999999999996,75.39461301085748
26.99999999999996,90.44111182894086
