mags_ab,pos_errs_mas
16.0,0.25176166037672953
16.2,0.2654112684272382
16.4,0.2797451445958724
16.599999999999998,0.2822823896341995
16.799999999999997,0.28198437098396156
16.999999999999996,0.277096183143235
17.199999999999996,0.21926508803146053
17.399999999999995,0.20523451021737163
17.599999999999994,0.21659827812017451
17.799999999999994,0.23755822080571182
17.999999999999993,0.2607001158612647
18.199999999999992,0.28634337046684993
18.39999999999999,0.3146177672174211
18.59999999999999,0.346071994284386
18.79999999999999,0.3809058679874055
18.99999999999999,0.4194077386511298
19.19999999999999,0.46210424786267135
19.399999999999988,0.5101954619557442
19.599999999999987,0.5641386632502162
19.799999999999986,0.6241956259205765
19.999999999999986,0.6921422833771486
20.199999999999985,0.7671889001827698
20.399999999999984,0.8542061198946509
20.599999999999984,0.9516891903725632
20.799999999999983,1.0593886614720673
20.999999999999982,1.1844311217562191
21.19999999999998,1.3255461636195836
21.39999999999998,1.4902861861516765
21.59999999999998,1.6800519718121614
21.79999999999998,1.906730833846328
21.99999999999998,2.1678412888854734
22.199999999999978,2.465566126457641
22.399999999999977,2.821680468392187
22.599999999999977,3.2399248663417097
22.799999999999976,3.7474365020764973
22.999999999999975,4.353110417207097
23.199999999999974,5.062997646999117
23.399999999999974,5.863600543879688
23.599999999999973,6.837974323033708
23.799999999999972,8.04476500611663
23.99999999999997,9.461127771782143
24.19999999999997,11.14362873341985
24.39999999999997,13.09441552448813
24.59999999999997,15.478997570529534
24.79999999999997,18.296321522904588
24.999999999999968,21.793339030953145
25.199999999999967,25.995924705533984
25.399999999999967,31.047046944370525
25.599999999999966,37.11856233885292
25.799999999999965,44.41705977469204
25.999999999999964,53.190874521843874
26.199999999999964,63.738553974206965
26.399999999999963,76.41902038658142
26.599999999999962,91.66375556883905
26.79999999999996,109.41107286157708
26.99999999999996,131.31964404315002
