mags_ab,pos_errs_mas
16.0,0.19171569367660224
16.2,0.1909524473000097
16.4,0.15773964435918753
16.599999999999998,0.15872546340039118
16.799999999999997,0.17138974433421378
16.999999999999996,0.1809527813222227
17.199999999999996,0.1496407848175715
17.399999999999995,0.15684408799491126
17.599999999999994,0.14621032501441303
17.799999999999994,0.1599848700693068
17.999999999999993,0.16131088283945008
18.199999999999992,0.16762984473320985
18.39999999999999,0.17722231676060254
18.59999999999999,0.18831799925458723
18.79999999999999,0.2074860611666101
18.99999999999999,0.22899295366424013
19.19999999999999,0.2531194090167408
19.399999999999988,0.28028771763280247
19.599999999999987,0.3110136915610287
19.799999999999986,0.34590467391970303
19.999999999999986,0.38569926222575257
20.199999999999985,0.43154642970831203
20.399999999999984,0.4841571093116522
20.599999999999984,0.5449214551757621
20.799999999999983,0.6155546844411598
20.999999999999982,0.698051513692674
21.19999999999998,0.7951339499162233
21.39999999999998,0.9091500964597197
21.59999999999998,1.0439488998125217
21.79999999999998,1.204108686139583
21.99999999999998,1.3946493755772877
22.199999999999978,1.6214739533328952
22.399999999999977,1.8924174584751015
22.599999999999977,2.216562533391557
22.799999999999976,2.6048301142082058
22.999999999999975,3.0721681387418465
23.199999999999974,3.6316457809286713
23.399999999999974,4.302519959012604
23.599999999999973,5.1082200496067065
23.799999999999972,6.076134968063701
23.99999999999997,7.23917983991379
24.19999999999997,8.63875096875984
24.39999999999997,10.318942933752732
24.59999999999997,12.338578091713547
24.79999999999997,14.766376240178841
24.999999999999968,17.684946527198964
25.199999999999967,21.19360023474929
25.399999999999967,25.41172832388907
25.599999999999966,30.482862985166193
25.799999999999965,36.57956951232392
25.999999999999964,43.90930390851437
26.199999999999964,52.72147987449398
26.399999999999963,63.31596825773941
26.599999999999962,76.05327613247736
26.79999999999996,91.36683019464947
26.99999999999996,109.77771456786428
