mags_ab,pos_errs_mas
16.0,0.375683706272745
16.2,0.4007762331699511
16.4,0.2735004445773853
16.599999999999998,0.29544644916847324
16.799999999999997,0.320802274363154
16.999999999999996,0.3474964157637765
17.199999999999996,0.3753622829681513
17.399999999999995,0.40527573548313867
17.599999999999994,0.26108519146761405
17.799999999999994,0.28358132696371907
17.999999999999993,0.30683956096108195
18.199999999999992,0.24104058512294335
18.39999999999999,0.262255051939804
18.59999999999999,0.2325509324403678
18.79999999999999,0.2536055701726882
18.99999999999999,0.2343273633850413
19.19999999999999,0.2557249345750511
19.399999999999988,0.279103561060923
19.599999999999987,0.25236485246887935
19.799999999999986,0.24016196266979273
19.999999999999986,0.26243579621980506
20.199999999999985,0.24599126722940587
20.399999999999984,0.2655667134563372
20.599999999999984,0.29110386049327097
20.799999999999983,0.3193952289248146
20.999999999999982,0.35065762890903857
21.19999999999998,0.38521726911357307
21.39999999999998,0.42352428721296886
21.59999999999998,0.4661128569768322
21.79999999999998,0.5134252972737234
21.99999999999998,0.5662494568336619
22.199999999999978,0.6251740900718827
22.399999999999977,0.6914045445209096
22.599999999999977,0.7656091295571078
22.799999999999976,0.850346639058423
22.999999999999975,0.9452873671899265
23.199999999999974,1.0532222715678
23.399999999999974,1.1765113511295988
23.599999999999973,1.3181613595227253
23.799999999999972,1.4814350684309923
23.99999999999997,1.6708496088491394
24.19999999999997,1.891176128331042
24.39999999999997,2.15117603286703
24.59999999999997,2.454190073746994
24.79999999999997,2.810840689378651
24.999999999999968,3.2335541438631568
25.199999999999967,3.735526335806938
25.399999999999967,4.333175918660811
25.599999999999966,5.046285745243226
25.799999999999965,5.8986682592474
25.999999999999964,6.918962138388952
26.199999999999964,8.141597061429096
26.399999999999963,9.607954216653102
26.599999999999962,11.363021741070146
26.79999999999996,13.472353096670911
26.99999999999996,16.005872778927223
