mags_ab,pos_errs_mas
16.0,0.28540330549593085
16.2,0.3025345279620983
16.4,0.32072258400471326
16.599999999999998,0.22343089357544202
16.799999999999997,0.2405295017574343
16.999999999999996,0.25937844765255785
17.199999999999996,0.2779048813889199
17.399999999999995,0.29787691235312974
17.599999999999994,0.23508165533207429
17.799999999999994,0.22575590958357536
17.999999999999993,0.2397287527641546
18.199999999999992,0.2628025709358093
18.39999999999999,0.28825808671516157
18.59999999999999,0.3163724344736141
18.79999999999999,0.34751987473250556
18.99999999999999,0.38166823676266903
19.19999999999999,0.419778753942044
19.399999999999988,0.46187576929958607
19.599999999999987,0.5088366453175911
19.799999999999986,0.5604131211514662
19.999999999999986,0.6186252705688617
20.199999999999985,0.6830967930926306
20.399999999999984,0.7549173567758343
20.599999999999984,0.8365973965614234
20.799999999999983,0.9234197882636492
20.999999999999982,1.0261872676497101
21.19999999999998,1.1386038801920282
21.39999999999998,1.270572081138235
21.59999999999998,1.4121116017291453
21.79999999999998,1.578226899391027
21.99999999999998,1.766015935126109
22.199999999999978,1.9844525251108767
22.399999999999977,2.2401828334788494
22.599999999999977,2.5326449094990098
22.799999999999976,2.867478452715562
22.999999999999975,3.2693040947253236
23.199999999999974,3.7496889676731304
23.399999999999974,4.283234563621834
23.599999999999973,4.887299741324788
23.799999999999972,5.641231438191854
23.99999999999997,6.558476911702093
24.19999999999997,7.622739188319845
24.39999999999997,8.924713322974778
24.59999999999997,10.483995477826447
24.79999999999997,12.353283654022084
24.999999999999968,14.465908619791048
25.199999999999967,17.124857683091108
25.399999999999967,20.317757399931775
25.599999999999966,24.15312564191217
25.799999999999965,28.76137709255336
25.999999999999964,34.29924989518424
26.199999999999964,40.955136800921366
26.399999999999963,48.66452490259873
26.599999999999962,58.209727399019116
26.79999999999996,69.68418807472783
26.99999999999996,83.4783364282991
