mags_ab,pos_errs_mas
16.0,inf
16.2,0.30893558511473335
16.4,0.32721506525024535
16.599999999999998,0.3468524790712601
16.799999999999997,0.36770256103409404
16.999999999999996,0.38964561897261646
17.199999999999996,0.3975854774442608
17.399999999999995,0.2689404367977176
17.599999999999994,0.28901149731539255
17.799999999999994,0.3112677265717628
17.999999999999993,0.27013365588263644
18.199999999999992,0.2623140691678718
18.39999999999999,0.28750869765599507
18.59999999999999,0.3153514291802589
18.79999999999999,0.34599181804554513
18.99999999999999,0.3799972983550945
19.19999999999999,0.41766994386303347
19.399999999999988,0.4593126505202975
19.599999999999987,0.5055021413157622
19.799999999999986,0.5568100009066212
19.999999999999986,0.6135583826435057
20.199999999999985,0.6771370285016265
20.399999999999984,0.7486451788223384
20.599999999999984,0.8281599471044104
20.799999999999983,0.9171051545290764
20.999999999999982,1.018827624984814
21.19999999999998,1.1314376594497666
21.39999999999998,1.2623374213468006
21.59999999999998,1.4058070002539433
21.79999999999998,1.5763344215959934
21.99999999999998,1.773372567838153
22.199999999999978,1.9819823843676396
22.399999999999977,2.2413493200286267
22.599999999999977,2.544994435650963
22.799999999999976,2.8936061517905687
22.999999999999975,3.3000527742048082
23.199999999999974,3.7915324886795796
23.399999999999974,4.3734676319941945
23.599999999999973,5.047204039574674
23.799999999999972,5.854816225636547
23.99999999999997,6.77184595494464
24.19999999999997,7.88108234263411
24.39999999999997,9.250495394542249
24.59999999999997,10.891798389505405
24.79999999999997,12.77187361444594
24.999999999999968,15.114188437132967
25.199999999999967,17.92670889044685
25.399999999999967,21.2147218454505
25.599999999999966,25.091130268151957
25.799999999999965,29.77074124334174
25.999999999999964,35.52693914008795
26.199999999999964,42.251956368299396
26.399999999999963,50.52564203272387
26.599999999999962,60.471446572701666
26.79999999999996,72.427799568778
26.99999999999996,86.80152871730648
