mags_ab,pos_errs_mas
16.0,inf
16.2,inf
16.4,0.2594013523178671
16.599999999999998,0.28388582945223123
16.799999999999997,0.30479177273530816
16.999999999999996,0.2137639504443755
17.199999999999996,0.23198206232572846
17.399999999999995,0.2481419211083632
17.599999999999994,0.2615989306624581
17.799999999999994,0.28261888201664215
17.999999999999993,0.3018483556431042
18.199999999999992,0.324547146084843
18.39999999999999,0.18596953249213366
18.59999999999999,0.20123724326374445
18.79999999999999,0.2179552940199612
18.99999999999999,0.23382641267388396
19.19999999999999,0.25206512356310085
19.399999999999988,0.17171893259181095
19.599999999999987,0.1863036957247371
19.799999999999986,0.20324143198526182
19.999999999999986,0.1749044410445289
20.199999999999985,0.1911534192348572
20.399999999999984,0.18176775297763947
20.599999999999984,0.19900611250623618
20.799999999999983,0.18892439628233795
20.999999999999982,0.19286253590480393
21.19999999999998,0.20343249702074556
21.39999999999998,0.21063715959455284
21.59999999999998,0.2300094964656938
21.79999999999998,0.2548366345723645
21.99999999999998,0.283011969761907
22.199999999999978,0.3152364988228788
22.399999999999977,0.35213860045046136
22.599999999999977,0.39443125235130605
22.799999999999976,0.4433010075319064
22.999999999999975,0.500042378467458
23.199999999999974,0.5662324700834035
23.399999999999974,0.6437915968141467
23.599999999999973,0.7350658834199283
23.799999999999972,0.8428747939131201
23.99999999999997,0.970625683191742
24.19999999999997,1.1231250236331065
24.39999999999997,1.3040762793948972
24.59999999999997,1.5204985274015907
24.79999999999997,1.779930639827341
24.999999999999968,2.0901696330470747
25.199999999999967,2.4614416488545707
25.399999999999967,2.906819203001102
25.599999999999966,3.441412306920181
25.799999999999965,4.085003115333045
25.999999999999964,4.862346017763483
26.199999999999964,5.790371077349389
26.399999999999963,6.905618768679619
26.599999999999962,8.24602872482599
26.79999999999996,9.857205878710884
26.99999999999996,11.793969417002904
