mags_ab,pos_errs_mas
16.0,0.20895767374532534
16.2,0.22609669649268288
16.4,0.24508973876494877
16.599999999999998,0.18535913848564312
16.799999999999997,0.2010280927067044
16.999999999999996,0.21852922626572324
17.199999999999996,0.18109277590516307
17.399999999999995,0.197288281887537
17.599999999999994,0.21480414071047493
17.799999999999994,0.18488935807623305
17.999999999999993,0.20155370638883702
18.199999999999992,0.18432906593228518
18.39999999999999,0.178348407953153
18.59999999999999,0.1947499159356238
18.79999999999999,0.1951889014740404
18.99999999999999,0.1907551449723309
19.19999999999999,0.19650250374525355
19.399999999999988,0.21529609328450303
19.599999999999987,0.23595244379489133
19.799999999999986,0.25874282902134427
19.999999999999986,0.28388371182301575
20.199999999999985,0.3116741046518302
20.399999999999984,0.34235143873070784
20.599999999999984,0.37636105026207034
20.799999999999983,0.41405104483684974
20.999999999999982,0.4557897366942153
21.19999999999998,0.5021105434075618
21.39999999999998,0.5537038206758164
21.59999999999998,0.6113312677457178
21.79999999999998,0.676448193012482
21.99999999999998,0.7488864334919778
22.199999999999978,0.8301869277221028
22.399999999999977,0.9224043311987837
22.599999999999977,1.0268548907464023
22.799999999999976,1.1452434196408108
22.999999999999975,1.2803007511761932
23.199999999999974,1.437610775138806
23.399999999999974,1.6178142199682024
23.599999999999973,1.8271931590983814
23.799999999999972,2.070830010404158
23.99999999999997,2.3570771730797695
24.19999999999997,2.6916904286059538
24.39999999999997,3.089043911990846
24.59999999999997,3.558236756195234
24.79999999999997,4.114631580832301
24.999999999999968,4.772812794078372
25.199999999999967,5.5530180460793455
25.399999999999967,6.494563024988062
25.599999999999966,7.62179015664499
25.799999999999965,8.9727584510143
25.999999999999964,10.5932056339644
26.199999999999964,12.538095281407692
26.399999999999963,14.873476720819307
26.599999999999962,17.678718108874506
26.79999999999996,21.049203774773645
26.99999999999996,25.099569062909634
