mags_ab,pos_errs_mas
16.0,0.24139907702926106
16.2,0.2569120602244071
16.4,0.2655874260021633
16.599999999999998,0.18168933439960644
16.799999999999997,0.19636778605088637
16.999999999999996,0.2124562264947413
17.199999999999996,0.22737913225294565
17.399999999999995,0.2434320313197396
17.599999999999994,0.18588537186414156
17.799999999999994,0.20177419408349526
17.999999999999993,0.18774019775174905
18.199999999999992,0.19284637117343084
18.39999999999999,0.211336564362228
18.59999999999999,0.23176111555612552
18.79999999999999,0.2542401605297399
18.99999999999999,0.2790520085894612
19.19999999999999,0.3064581436329913
19.399999999999988,0.33676234065899524
19.599999999999987,0.37035776809718
19.799999999999986,0.40763376620925307
19.999999999999986,0.448755032822113
20.199999999999985,0.4945579147775708
20.399999999999984,0.5457326127788313
20.599999999999984,0.6031283808838342
20.799999999999983,0.6668348075736924
20.999999999999982,0.7376581901629702
21.19999999999998,0.8186060327963368
21.39999999999998,0.9093201459308169
21.59999999999998,1.013332527534272
21.79999999999998,1.132189940715782
21.99999999999998,1.2579331952625963
22.199999999999978,1.4095406227399327
22.399999999999977,1.584520574514669
22.599999999999977,1.7867268972410415
22.799999999999976,2.0219027341588243
22.999999999999975,2.2963124920543114
23.199999999999974,2.6226224739028767
23.399999999999974,3.007967444933995
23.599999999999973,3.4266148740272246
23.799999999999972,3.95853896011571
23.99999999999997,4.5918366930492835
24.19999999999997,5.309660942885596
24.39999999999997,6.201796649873455
24.59999999999997,7.269378543212992
24.79999999999997,8.548404819645835
24.999999999999968,10.082139680940513
25.199999999999967,11.922575574451827
25.399999999999967,14.132189689439187
25.599999999999966,16.786057504633675
25.799999999999965,19.87750021469417
25.999999999999964,23.68539909702583
26.199999999999964,28.26173776082659
26.399999999999963,33.7622133562716
26.599999999999962,40.37396777722985
26.79999999999996,48.32197279940933
26.99999999999996,57.87666474125964
