mags_ab,pos_errs_mas
16.0,0.20609837416720359
16.2,0.2234702595561346
16.4,0.1701881452664839
16.599999999999998,0.18330591678714123
16.799999999999997,0.19903081028761385
16.999999999999996,0.1667501967264441
17.199999999999996,0.18127799483707546
17.399999999999995,0.19726436496954144
17.599999999999994,0.1720197648080125
17.799999999999994,0.18746586992018954
17.999999999999993,0.20432799115673428
18.199999999999992,0.18403205639972273
18.39999999999999,0.1772843635153265
18.59999999999999,0.1817434261573909
18.79999999999999,0.18690897287735253
18.99999999999999,0.20472335961281848
19.19999999999999,0.2245007928318772
19.399999999999988,0.24614211220393212
19.599999999999987,0.2700137994614315
19.799999999999986,0.2963659335574816
19.999999999999986,0.3254466473772903
20.199999999999985,0.357559286703847
20.399999999999984,0.39309219897173425
20.599999999999984,0.43252003193095473
20.799999999999983,0.4763576557311808
20.999999999999982,0.52482535315621
21.19999999999998,0.5788216589181236
21.39999999999998,0.6396863708976821
21.59999999999998,0.7070357608508551
21.79999999999998,0.7825330452700121
21.99999999999998,0.8675200447591113
22.199999999999978,0.9638026251606621
22.399999999999977,1.0731637183751626
22.599999999999977,1.1973255917250862
22.799999999999976,1.3381362396347085
22.999999999999975,1.5005932934986663
23.199999999999974,1.6881914935367308
23.399999999999974,1.905262305232785
23.599999999999973,2.1569193945655476
23.799999999999972,2.452370111406092
23.99999999999997,2.801068711704469
24.19999999999997,3.212878059704235
24.39999999999997,3.6975889475293973
24.59999999999997,4.263703683956901
24.79999999999997,4.939733541651302
24.999999999999968,5.752872530337504
25.199999999999967,6.72482433939696
25.399999999999967,7.888247116285655
25.599999999999966,9.28240053054676
25.799999999999965,10.954470852914636
25.999999999999964,12.96115991425237
26.199999999999964,15.370602434071833
26.399999999999963,18.2646808747254
26.599999999999962,21.709032903792863
26.79999999999996,25.877293028416933
26.99999999999996,30.886873556532322
