mags_ab,pos_errs_mas
16.0,0.23817515415617369
16.2,0.25722166084265896
16.4,0.27911474596903546
16.599999999999998,0.21131509716418595
16.799999999999997,0.22922873959275353
16.999999999999996,0.2491752076159888
17.199999999999996,0.20696348405509438
17.399999999999995,0.22533820219284886
17.599999999999994,0.24517194029023512
17.799999999999994,0.21165747962020076
17.999999999999993,0.2306077682967513
18.199999999999992,0.2512904482613566
18.39999999999999,0.22322869209674168
18.59999999999999,0.2123377233699657
18.79999999999999,0.21585151850186549
18.99999999999999,0.22003037067253273
19.19999999999999,0.24095949353752677
19.399999999999988,0.2640671158739079
19.599999999999987,0.2895038987146708
19.799999999999986,0.31755564537561637
19.999999999999986,0.3485013703526472
20.199999999999985,0.38274462636508383
20.399999999999984,0.4204959342481134
20.599999999999984,0.46231825838265955
20.799999999999983,0.508679499577748
20.999999999999982,0.5600256584636746
21.19999999999998,0.6170128627267825
21.39999999999998,0.6805969625234125
21.59999999999998,0.7522192182554929
21.79999999999998,0.8316235738929015
21.99999999999998,0.9203317901077793
22.199999999999978,1.0201632069239193
22.399999999999977,1.13341050776765
22.599999999999977,1.2612733750860337
22.799999999999976,1.4063755673852727
22.999999999999975,1.5747792489238785
23.199999999999974,1.765201677649275
23.399999999999974,1.9863756920958506
23.599999999999973,2.2419477611391256
23.799999999999972,2.537826120783356
23.99999999999997,2.8873053398283797
24.19999999999997,3.2955293684620663
24.39999999999997,3.7766776183872497
24.59999999999997,4.349656798786801
24.79999999999997,5.030570079423941
24.999999999999968,5.828292012245995
25.199999999999967,6.789982273625249
25.399999999999967,7.939657600125792
25.599999999999966,9.315964918856807
25.799999999999965,10.965363262790396
25.999999999999964,12.943687451014588
26.199999999999964,15.318034165303779
26.399999999999963,18.169032367874692
26.599999999999962,21.556175227330595
26.79999999999996,25.658414199481843
26.99999999999996,30.587997123134624
