mags_ab,pos_errs_mas
16.0,0.23804108957919254
16.2,0.2576805536334724
16.4,0.27954240030269933
16.599999999999998,0.3011452949743517
16.799999999999997,0.3251298929203965
16.999999999999996,0.20945329898545123
17.199999999999996,0.2267268543635911
17.399999999999995,0.24631231329656336
17.599999999999994,0.2668119695373064
17.799999999999994,0.21045147410106058
17.999999999999993,0.2292260243872229
18.199999999999992,0.20350298220948737
18.39999999999999,0.22197282498830787
18.59999999999999,0.20546506745064852
18.79999999999999,0.22422435674829144
18.99999999999999,0.2032470438714009
19.19999999999999,0.2218995215468651
19.399999999999988,0.21176760553300447
19.599999999999987,0.23144353475590698
19.799999999999986,0.2147770357511365
19.999999999999986,0.2353070223906879
20.199999999999985,0.25797279290362435
20.399999999999984,0.2829748565192286
20.599999999999984,0.3106054030516069
20.799999999999983,0.34114957554302566
20.999999999999982,0.375090185735998
21.19999999999998,0.41260108044418825
21.39999999999998,0.45434221149687576
21.59999999999998,0.5007252968370708
21.79999999999998,0.5525845869000575
21.99999999999998,0.6104809913048993
22.199999999999978,0.6754295192103059
22.399999999999977,0.7494011513892126
22.599999999999977,0.832107678248539
22.799999999999976,0.9258057423544341
22.999999999999975,1.0326996493066365
23.199999999999974,1.1547080162620438
23.399999999999974,1.2952252313420707
23.599999999999973,1.4574376581441228
23.799999999999972,1.6459529926082912
23.99999999999997,1.8670992079786388
24.19999999999997,2.1243782757351504
24.39999999999997,2.4271555406111234
24.59999999999997,2.7848334984222403
24.79999999999997,3.2087882405989268
24.999999999999968,3.712757457526479
25.199999999999967,4.313307138782882
25.399999999999967,5.030388593206408
25.599999999999966,5.888008689278269
25.799999999999965,6.915035823410903
25.999999999999964,8.146170188041829
26.199999999999964,9.61709983296702
26.399999999999963,11.386263679146614
26.599999999999962,13.510744461188532
26.79999999999996,16.062751412247717
26.99999999999996,19.129059892993975
