mags_ab,pos_errs_mas
16.0,0.24243342096468568
16.2,0.2572255108591852
16.4,0.26360606688634175
16.599999999999998,0.26868580267355674
16.799999999999997,0.1923024266558329
16.999999999999996,0.20824937549455638
17.199999999999996,0.22349642050308133
17.399999999999995,0.19947495508032317
17.599999999999994,0.19746094595379435
17.799999999999994,0.21644947700364178
17.999999999999993,0.23737636558921707
18.199999999999992,0.26046865368939515
18.39999999999999,0.2859660691110363
18.59999999999999,0.31414473875813753
18.79999999999999,0.3453201818928463
18.99999999999999,0.3799463326266093
19.19999999999999,0.41840671165001575
19.399999999999988,0.46043258828583755
19.599999999999987,0.5077568240968188
19.799999999999986,0.5606428937208701
19.999999999999986,0.6193207626356609
20.199999999999985,0.6849972639332181
20.399999999999984,0.7585591388307563
20.599999999999984,0.8413711510070745
20.799999999999983,0.9362631112638949
20.999999999999982,1.0443564979831312
21.19999999999998,1.1590501481053004
21.39999999999998,1.2928983606778075
21.59999999999998,1.4435805135434865
21.79999999999998,1.6246725738114303
21.99999999999998,1.8314293530373515
22.199999999999978,2.075635369843124
22.399999999999977,2.361010895546112
22.599999999999977,2.6624251856673573
22.799999999999976,3.0489155451877705
22.999999999999975,3.499289909800631
23.199999999999974,4.02004911365431
23.399999999999974,4.601973358492113
23.599999999999973,5.347673824010447
23.799999999999972,6.238163525097729
23.99999999999997,7.273772412210155
24.19999999999997,8.430639438258321
24.39999999999997,9.920633925600933
24.59999999999997,11.707647825691716
24.79999999999997,13.750956355371518
24.999999999999968,16.300791035634425
25.199999999999967,19.363321460607196
25.399999999999967,23.042666769201144
25.599999999999966,27.463957289158056
25.799999999999965,32.77759475835076
25.999999999999964,39.16435602823879
26.199999999999964,46.57401965066541
26.399999999999963,55.73649131216022
26.599999999999962,66.75110636712658
26.79999999999996,79.9926665815234
26.99999999999996,95.91173796944975
