mags_ab,pos_errs_mas
16.0,0.3759274718418389
16.2,0.40271245547868123
16.4,0.2764349496256637
16.599999999999998,0.2984248699791258
16.799999999999997,0.32398941613392024
16.999999999999996,0.34786944536726877
17.199999999999996,0.375716256117059
17.399999999999995,0.40579656927278285
17.599999999999994,0.43429713752140386
17.799999999999994,0.24475347488342228
17.999999999999993,0.263889645581194
18.199999999999992,0.2867053669086669
18.39999999999999,0.30968899768734
18.59999999999999,0.33554364817436594
18.79999999999999,0.36266692609449225
18.99999999999999,0.24416085345224103
19.19999999999999,0.26613048611438755
19.399999999999988,0.2899974835653411
19.599999999999987,0.24538756962973515
19.799999999999986,0.2293191192880956
19.999999999999986,0.25037384419224207
20.199999999999985,0.2734866104477402
20.399999999999984,0.25297843228301936
20.599999999999984,0.24039321790631077
20.799999999999983,0.2516786243528162
20.999999999999982,0.26132458905225275
21.19999999999998,0.2866787318168468
21.39999999999998,0.31477694380364724
21.59999999999998,0.3460712649376373
21.79999999999998,0.38076529961195904
21.99999999999998,0.4193518004124536
22.199999999999978,0.4625023829913176
22.399999999999977,0.510677392459948
22.599999999999977,0.5648836454782442
22.799999999999976,0.6257557270787522
22.999999999999975,0.6945456268569488
23.199999999999974,0.7729065372379398
23.399999999999974,0.8628792637829715
23.599999999999973,0.9648177531301015
23.799999999999972,1.0821293563530796
23.99999999999997,1.217714691570616
24.19999999999997,1.3753391940081674
24.39999999999997,1.5591783615358141
24.59999999999997,1.774732564068255
24.79999999999997,2.02879789575122
24.999999999999968,2.331798985930366
25.199999999999967,2.6872576482032136
25.399999999999967,3.110111316538874
25.599999999999966,3.614100176678323
25.799999999999965,4.215270949426513
25.999999999999964,4.9342927653292445
26.199999999999964,5.796145614136115
26.399999999999963,6.828147933792631
26.599999999999962,8.066208314366415
26.79999999999996,9.552335154337417
26.99999999999996,11.33700553646578
