mags_ab,pos_errs_mas
16.0,0.2135947675298481
16.2,0.16596485497203084
16.4,0.17803729856816877
16.599999999999998,0.19215940534992873
16.799999999999997,0.15437652261883988
16.999999999999996,0.1649309399681401
17.199999999999996,0.17712247844171042
17.399999999999995,0.1535461719721116
17.599999999999994,0.16747528326476357
17.799999999999994,0.15733774634877074
17.999999999999993,0.17178104261777527
18.199999999999992,0.16664036028285953
18.39999999999999,0.16723429711343668
18.59999999999999,0.17212128120179365
18.79999999999999,0.1772300347780695
18.99999999999999,0.19059763370851043
19.19999999999999,0.20910991038939697
19.399999999999988,0.22959650190734196
19.599999999999987,0.25229459632056117
19.799999999999986,0.27762131677704555
19.999999999999986,0.3057176833406171
20.199999999999985,0.33686841521822153
20.399999999999984,0.37163388439442085
20.599999999999984,0.41053502086907406
20.799999999999983,0.45420200848390985
20.999999999999982,0.5033899654849373
21.19999999999998,0.5590110891147047
21.39999999999998,0.6229166783224505
21.59999999999998,0.6949798996445589
21.79999999999998,0.777367344074455
21.99999999999998,0.8721947355483841
22.199999999999978,0.9818793195135223
22.399999999999977,1.1093691041309863
22.599999999999977,1.2582494431045532
22.799999999999976,1.4328586062729742
22.999999999999975,1.6385619152965705
23.199999999999974,1.8822653029249137
23.399999999999974,2.1702746780088282
23.599999999999973,2.5104649832830503
23.799999999999972,2.9171656234003454
23.99999999999997,3.403638356624894
24.19999999999997,3.9857048807703617
24.39999999999997,4.682850420648614
24.59999999999997,5.518638501954037
24.79999999999997,6.521388280232564
24.999999999999968,7.713220607629645
25.199999999999967,9.150661171178085
25.399999999999967,10.881815422482108
25.599999999999966,12.961906201187052
25.799999999999965,15.461687297356612
25.999999999999964,18.466199540234047
26.199999999999964,22.077665146659577
26.399999999999963,26.418970023484892
26.599999999999962,31.637828033333097
26.79999999999996,37.88823008423963
26.99999999999996,45.42459256903377
