mags_ab,pos_errs_mas
16.0,0.2405058661480278
16.2,0.25354483241286874
16.4,0.25599858909988304
16.599999999999998,0.2559333955589587
16.799999999999997,0.25178430799834567
16.999999999999996,0.24136979322778673
17.199999999999996,0.20482564901678943
17.399999999999995,0.19326650044656707
17.599999999999994,0.2118613557873024
17.799999999999994,0.2323486574743499
17.999999999999993,0.2549802504657647
18.199999999999992,0.27998841702392996
18.39999999999999,0.3076348137199006
18.59999999999999,0.33825024897152434
18.79999999999999,0.3722869495844067
18.99999999999999,0.4101377021031397
19.19999999999999,0.4519038832904758
19.399999999999988,0.49826270727274385
19.599999999999987,0.5505364307689061
19.799999999999986,0.6091977282775562
19.999999999999986,0.674446216852958
20.199999999999985,0.7472389269625799
20.399999999999984,0.8310935800178325
20.599999999999984,0.9252445327284333
20.799999999999983,1.0339794805370024
20.999999999999982,1.158853620101721
21.19999999999998,1.2894669983601714
21.39999999999998,1.4472155730280325
21.59999999999998,1.6326793673669895
21.79999999999998,1.8485889835268952
21.99999999999998,2.100790939499558
22.199999999999978,2.4003535978016117
22.399999999999977,2.7542853174071684
22.599999999999977,3.1512475157622406
22.799999999999976,3.634283621590699
22.999999999999975,4.217850945013836
23.199999999999974,4.912668173398483
23.399999999999974,5.700025271179504
23.599999999999973,6.682870389992941
23.799999999999972,7.846167318605354
23.99999999999997,9.214636315824176
24.19999999999997,10.873494102599794
24.39999999999997,12.88893889512234
24.59999999999997,15.309606121576577
24.79999999999997,18.141212330272463
24.999999999999968,21.351108928512264
25.199999999999967,25.470610702059826
25.399999999999967,30.42190915588734
25.599999999999966,36.37346080096635
25.799999999999965,43.52777347354426
25.999999999999964,52.12828224969273
26.199999999999964,62.46763139522435
26.399999999999963,74.89765888034056
26.599999999999962,89.84132040185493
26.79999999999996,107.80712554006912
26.99999999999996,128.96058693735606
