mags_ab,pos_errs_mas
16.0,0.1601743096870519
16.2,0.15393999313364168
16.4,0.1489371478509443
16.599999999999998,0.14961826984789356
16.799999999999997,0.16328565775602538
16.999999999999996,0.17058788349898432
17.199999999999996,0.1455350517195677
17.399999999999995,0.1560376998842484
17.599999999999994,0.15004090479287452
17.799999999999994,0.1642893417055957
17.999999999999993,0.1673693196998853
18.199999999999992,0.17518414034769492
18.39999999999999,0.1852212093416821
18.59999999999999,0.20399979929759754
18.79999999999999,0.2250448186450293
18.99999999999999,0.24866402650164848
19.19999999999999,0.2752112276212533
19.399999999999988,0.30520182312817873
19.599999999999987,0.3392170405345201
19.799999999999986,0.3779632862278559
19.999999999999986,0.4226000575286825
20.199999999999985,0.47371667048450483
20.399999999999984,0.5326459335972368
20.599999999999984,0.6010534583518824
20.799999999999983,0.680846617014644
20.999999999999982,0.7743413452707253
21.19999999999998,0.884728304536489
21.39999999999998,1.014676949652512
21.59999999999998,1.169022908520076
21.79999999999998,1.352527359481675
21.99999999999998,1.570736729491932
22.199999999999978,1.8312573269453298
22.399999999999977,2.142806958538921
22.599999999999977,2.51586911065097
22.799999999999976,2.965373403371538
22.999999999999975,3.50302738622851
23.199999999999974,4.147402746240137
23.399999999999974,4.92119799542729
23.599999999999973,5.85071265543586
23.799999999999972,6.9675541193644746
23.99999999999997,8.312076877290549
24.19999999999997,9.925496433870222
24.39999999999997,11.864829514929623
24.59999999999997,14.196061255774323
24.79999999999997,16.998515733219175
24.999999999999968,20.367551875494954
25.199999999999967,24.417809826126813
25.399999999999967,29.287111131891077
25.599999999999966,35.14114627171533
25.799999999999965,42.179121715723575
25.999999999999964,50.64052306509327
26.199999999999964,60.81327250892107
26.399999999999963,73.04353943282915
26.599999999999962,87.74749321925187
26.79999999999996,105.42548236824571
26.99999999999996,126.67904670086266
