mags_ab,pos_errs_mas
16.0,0.21291925933870728
16.2,0.2237662039778548
16.4,0.24154835780709422
16.599999999999998,0.2609038986710676
16.799999999999997,0.27947983938184023
16.999999999999996,0.30184053444494363
17.199999999999996,0.17087295868523353
17.399999999999995,0.1856378131166639
17.599999999999994,0.19959981979890112
17.799999999999994,0.2153977710967024
17.999999999999993,0.23267520476479553
18.199999999999992,0.25124324780156304
18.39999999999999,0.17149308963685927
18.59999999999999,0.18693489055166135
18.79999999999999,0.15989430979328226
18.99999999999999,0.1745376306571654
19.19999999999999,0.16493775126943752
19.399999999999988,0.18022123445828295
19.599999999999987,0.19702291598655383
19.799999999999986,0.18536628375253725
19.999999999999986,0.17955028428812675
20.199999999999985,0.18960408853362756
20.399999999999984,0.19904704522151276
20.599999999999984,0.21889725328432608
20.799999999999983,0.24118547687319536
20.999999999999982,0.26591715155197665
21.19999999999998,0.29362133287004166
21.39999999999998,0.32477742817398064
21.59999999999998,0.35996196606274516
21.79999999999998,0.39974363689455544
21.99999999999998,0.44488437967156735
22.199999999999978,0.4964111252186895
22.399999999999977,0.5556740549888723
22.599999999999977,0.6243782434994023
22.799999999999976,0.7038992105707013
22.999999999999975,0.7957465986741489
23.199999999999974,0.9031063265290435
23.399999999999974,1.0291499292983821
23.599999999999973,1.1777262575015968
23.799999999999972,1.3534973704944204
23.99999999999997,1.562099257199779
24.19999999999997,1.810334168793632
24.39999999999997,2.1064002244068782
24.59999999999997,2.4623330407698765
24.79999999999997,2.885719159573807
24.999999999999968,3.3929440881644455
25.199999999999967,4.00116392071088
25.399999999999967,4.730995528330784
25.599999999999966,5.607212737081238
25.799999999999965,6.659587037714659
25.999999999999964,7.923895163693503
26.199999999999964,9.443133691982787
26.399999999999963,11.268983878098945
26.599999999999962,13.46356163145775
26.79999999999996,16.10153619354019
26.99999999999996,19.272664044761896
