mags_ab,pos_errs_mas
16.0,0.16186874057397832
16.2,0.17501279160913893
16.4,0.18914492362725924
16.599999999999998,0.15362049873634934
16.799999999999997,0.1674258756207494
16.999999999999996,0.18251092263854465
17.199999999999996,0.17306618993730158
17.399999999999995,0.1717545443614834
17.599999999999994,0.18810507699007897
17.799999999999994,0.20610948267799456
17.999999999999993,0.22593875757535642
18.199999999999992,0.24778481384603357
18.39999999999999,0.27186449208419966
18.59999999999999,0.2985708749705667
18.79999999999999,0.3279127001870277
18.99999999999999,0.36024010242873283
19.19999999999999,0.3959810854536265
19.399999999999988,0.4355499391768434
19.599999999999987,0.4794277406838859
19.799999999999986,0.5281642029789168
19.999999999999986,0.5828166880512031
20.199999999999985,0.6431785272113691
20.399999999999984,0.710580979061563
20.599999999999984,0.7852581509563873
20.799999999999983,0.8695573630953048
20.999999999999982,0.9650297831061703
21.19999999999998,1.0732277045460505
21.39999999999998,1.19648282864099
21.59999999999998,1.3368763267903168
21.79999999999998,1.4980698417200635
21.99999999999998,1.6773238212706352
22.199999999999978,1.8859130522653642
22.399999999999977,2.126178300101455
22.599999999999977,2.4121541925973817
22.799999999999976,2.747715213259561
22.999999999999975,3.143038695245667
23.199999999999974,3.6104882607979167
23.399999999999974,4.152787939246031
23.599999999999973,4.807924524186592
23.799999999999972,5.540726533086129
23.99999999999997,6.459739066718942
24.19999999999997,7.5587161984501625
24.39999999999997,8.874635292133823
24.59999999999997,10.451944163466656
24.79999999999997,12.344062525513861
24.999999999999968,14.61518047787253
25.199999999999967,17.290125005835073
25.399999999999967,20.552761612548153
25.599999999999966,24.47283909722124
25.799999999999965,29.1836916590396
25.999999999999964,34.84557555694769
26.199999999999964,41.6511209502494
26.399999999999963,49.83189064696875
26.599999999999962,59.66624209357517
26.79999999999996,71.48881261226161
26.99999999999996,85.70188311161198
