mags_ab,pos_errs_mas
16.0,inf
16.2,inf
16.4,0.2616040202126422
16.599999999999998,0.286309019598556
16.799999999999997,0.30617245316221614
16.999999999999996,0.20851271439635735
17.199999999999996,0.22637034896642994
17.399999999999995,0.24419990478351272
17.599999999999994,0.26427084122511374
17.799999999999994,0.28103230691657666
17.999999999999993,0.18581775670470846
18.199999999999992,0.19816168146036575
18.39999999999999,0.21456193419936553
18.59999999999999,0.2312513698013021
18.79999999999999,0.17091512188481583
18.99999999999999,0.18422052115894266
19.19999999999999,0.19987192469467682
19.399999999999988,0.21773619391339005
19.599999999999987,0.17278382999771183
19.799999999999986,0.18862063133614984
19.999999999999986,0.2059818951277264
20.199999999999985,0.18761758805287948
20.399999999999984,0.18371755220539362
20.599999999999984,0.20120075455308567
20.799999999999983,0.20449415554255007
20.999999999999982,0.20213848030966
21.19999999999998,0.22184001566327455
21.39999999999998,0.24454099784810418
21.59999999999998,0.27003074380240133
21.79999999999998,0.29878968332875006
21.99999999999998,0.33110690995061826
22.199999999999978,0.36771885771586665
22.399999999999977,0.4093680939499015
22.599999999999977,0.4569911755671436
22.799999999999976,0.5117024331316508
22.999999999999975,0.5747928373447743
23.199999999999974,0.6478822180038679
23.399999999999974,0.7330195485048057
23.599999999999973,0.8326466700312091
23.799999999999972,0.9508378870047863
23.99999999999997,1.0889951796659898
24.19999999999997,1.252554992628278
24.39999999999997,1.4467817504223122
24.59999999999997,1.6780273403949537
24.79999999999997,1.9539454700780985
24.999999999999968,2.283748399810114
25.199999999999967,2.6785165662244697
25.399999999999967,3.151570672754286
25.599999999999966,3.7189208872485953
25.799999999999965,4.401040287196242
25.999999999999964,5.218552697174147
26.199999999999964,6.2004880837441485
26.399999999999963,7.380232218873413
26.599999999999962,8.797908770507178
26.79999999999996,10.501744219786637
26.99999999999996,12.549705046033601
