mags_ab,pos_errs_mas
16.0,0.1514445631645983
16.2,0.15980893684764824
16.4,0.14015112162881946
16.599999999999998,0.15273406800671535
16.799999999999997,0.16656898461364342
16.999999999999996,0.1543954887110761
17.199999999999996,0.1685951084931992
17.399999999999995,0.1666487645105728
17.599999999999994,0.16947641940343003
17.799999999999994,0.18144383063979055
17.999999999999993,0.19884645666876466
18.199999999999992,0.21803443538571932
18.39999999999999,0.23920080237311198
18.59999999999999,0.26256526747521325
18.79999999999999,0.2885851213065179
18.99999999999999,0.3172717194278444
19.19999999999999,0.3488569240434103
19.399999999999988,0.38387478142160225
19.599999999999987,0.4227687486597139
19.799999999999986,0.46605974522398547
19.999999999999986,0.5143634516052551
20.199999999999985,0.5688612544706387
20.399999999999984,0.6298425727751205
20.599999999999984,0.6981247631485138
20.799999999999983,0.775052810380076
20.999999999999982,0.8623031767441766
21.19999999999998,0.9610421913917132
21.39999999999998,1.0741581676729945
21.59999999999998,1.2044846812318735
21.79999999999998,1.3557043796950616
21.99999999999998,1.5302347542843853
22.199999999999978,1.733784817005605
22.399999999999977,1.9722623245262565
22.599999999999977,2.248271437068799
22.799999999999976,2.575361056884411
22.999999999999975,2.964231395715136
23.199999999999974,3.4261670289407737
23.399999999999974,3.9763020705287397
23.599999999999973,4.632868322329355
23.799999999999972,5.41780827116055
23.99999999999997,6.350107247271231
24.19999999999997,7.472961838661791
24.39999999999997,8.819676109223526
24.59999999999997,10.435919561189001
24.79999999999997,12.37657430305843
24.999999999999968,14.70758878995726
25.199999999999967,17.508218549566802
25.399999999999967,20.87371706049758
25.599999999999966,24.918571116184644
25.799999999999965,29.780397345141377
25.999999999999964,35.62461576795562
26.199999999999964,42.65007973684019
26.399999999999963,51.09585013866847
26.599999999999962,61.24931108638792
26.79999999999996,73.4559657942743
26.99999999999996,88.13116967793113
