mags_ab,pos_errs_mas
16.0,0.3171849203910816
16.2,0.20425650747054946
16.4,0.22102517884076264
16.599999999999998,0.2367480388859882
16.799999999999997,0.25386150867535434
16.999999999999996,0.2723409273919353
17.199999999999996,0.28906249232813164
17.399999999999995,0.30658246510916404
17.599999999999994,0.19688055260767695
17.799999999999994,0.21337819764625754
17.999999999999993,0.23113368534823894
18.199999999999992,0.20064102139176612
18.39999999999999,0.19408919979477554
18.59999999999999,0.21263007399778794
18.79999999999999,0.2330651710642235
18.99999999999999,0.2555877605721566
19.19999999999999,0.2804583000108028
19.399999999999988,0.3079134777794271
19.599999999999987,0.33828219846297397
19.799999999999986,0.371886839105285
19.999999999999986,0.4090904562750794
20.199999999999985,0.45032927351239027
20.399999999999984,0.4962590795576364
20.599999999999984,0.5474460693924994
20.799999999999983,0.6044520872210787
20.999999999999982,0.6688892569004898
21.19999999999998,0.7409318543934962
21.39999999999998,0.8210975216463442
21.59999999999998,0.9128063382686804
21.79999999999998,1.0151547984227312
21.99999999999998,1.1307167378993208
22.199999999999978,1.2637141168217725
22.399999999999977,1.4178707430193507
22.599999999999977,1.5947095679278203
22.799999999999976,1.801682215911446
22.999999999999975,2.037944443483015
23.199999999999974,2.3197823323063615
23.399999999999974,2.6472519092207425
23.599999999999973,3.0246350941662796
23.799999999999972,3.467225667154303
23.99999999999997,4.008690639135556
24.19999999999997,4.653643349442117
24.39999999999997,5.397930889442395
24.59999999999997,6.310558417371052
24.79999999999997,7.403010903871441
24.999999999999968,8.712156437753036
25.199999999999967,10.282307230049978
25.399999999999967,12.16671050037965
25.599999999999966,14.429352902852104
25.799999999999965,17.1471277090962
25.999999999999964,20.412438310190232
26.199999999999964,24.232707001803313
26.399999999999963,28.924256033323484
26.599999999999962,34.563336209829544
26.79999999999996,41.34181421918127
26.99999999999996,49.49032853869438
