mags_ab,pos_errs_mas
16.0,0.2349581479756445
16.2,0.2490124879318314
16.4,0.17983529122776729
16.599999999999998,0.19311094808813872
16.799999999999997,0.20768797147992787
16.999999999999996,0.2234816684273045
17.199999999999996,0.23759167893668529
17.399999999999995,0.18113445347357315
17.599999999999994,0.19542237878978072
17.799999999999994,0.21419026459869836
17.999999999999993,0.23488422731279904
18.199999999999992,0.2577199710431435
18.39999999999999,0.2827801140745597
18.59999999999999,0.31051338477042995
18.79999999999999,0.3411598098799988
18.99999999999999,0.3750776983549204
19.19999999999999,0.4126648726572232
19.399999999999988,0.4543752119660765
19.599999999999987,0.5007907473263444
19.799999999999986,0.5517414974530773
19.999999999999986,0.6087896930542642
20.199999999999985,0.6712337706770266
20.399999999999984,0.7418404399556884
20.599999999999984,0.8216880877601097
20.799999999999983,0.911836003694467
20.999999999999982,1.0140476782059262
21.19999999999998,1.1302665901963267
21.39999999999998,1.261259895163494
21.59999999999998,1.3949948053764876
21.79999999999998,1.5589774384335913
21.99999999999998,1.7521364258793974
22.199999999999978,1.976426067976213
22.399999999999977,2.2374459077489073
22.599999999999977,2.5426836257280763
22.799999999999976,2.9016212816207783
22.999999999999975,3.275161447233627
23.199999999999974,3.7413717987983386
23.399999999999974,4.276537984526585
23.599999999999973,4.945763341987603
23.799999999999972,5.743011745547389
23.99999999999997,6.694738760502499
24.19999999999997,7.832780917296109
24.39999999999997,9.095446582520808
24.59999999999997,10.596972256280363
24.79999999999997,12.495850023162506
24.999999999999968,14.774349395858518
25.199999999999967,17.509812991192636
25.399999999999967,20.79517915540246
25.599999999999966,24.74213750610678
25.799999999999965,29.48491960379621
25.999999999999964,35.184854678352636
26.199999999999964,41.82960234292714
26.399999999999963,50.014103348687605
26.599999999999962,59.8526307479926
26.79999999999996,71.67996289836553
26.99999999999996,85.89853981047814
