mags_ab,pos_errs_mas
16.0,0.20862949553661747
16.2,0.22661196349119195
16.4,0.24161372596301547
16.599999999999998,0.2597260696371285
16.799999999999997,0.16908743143242624
16.999999999999996,0.18314619710436605
17.199999999999996,0.1970232703793143
17.399999999999995,0.21314398899790465
17.599999999999994,0.23060231139336612
17.799999999999994,0.16938101150547638
17.999999999999993,0.18448066601830324
18.199999999999992,0.20101291445794986
18.39999999999999,0.21902214088880093
18.59999999999999,0.17297977638082207
18.79999999999999,0.1888223613712263
18.99999999999999,0.17092238961896727
19.19999999999999,0.1868421051418972
19.399999999999988,0.1820899293458246
19.599999999999987,0.1840795590760134
19.799999999999986,0.1843718813819104
19.999999999999986,0.197454354084926
20.199999999999985,0.2171439318135833
20.399999999999984,0.2392142489529582
20.599999999999984,0.2637446964455994
20.799999999999983,0.29122372380681916
20.999999999999982,0.3221128875555106
21.19999999999998,0.35696542569953277
21.39999999999998,0.3963606129574217
21.59999999999998,0.4411611431327681
21.79999999999998,0.49226859825537483
21.99999999999998,0.550884964338324
22.199999999999978,0.618787242080073
22.399999999999977,0.6970052922312696
22.599999999999977,0.7884901549070844
22.799999999999976,0.8948867918360972
22.999999999999975,1.019802783731735
23.199999999999974,1.16705313545673
23.399999999999974,1.3412589405176023
23.599999999999973,1.5480065179374096
23.799999999999972,1.7940382647311168
23.99999999999997,2.0874799080865962
24.19999999999997,2.438114044055103
24.39999999999997,2.858646433239603
24.59999999999997,3.361234537312848
24.79999999999997,3.963900349980814
24.999999999999968,4.6870724216439905
25.199999999999967,5.555299493321669
25.399999999999967,6.598081383357172
25.599999999999966,7.850868384993543
25.799999999999965,9.356267317983276
25.999999999999964,11.165486448188679
26.199999999999964,13.340076048497156
26.399999999999963,15.9540276102702
26.599999999999962,19.096280201396535
26.79999999999996,22.873755904847595
26.99999999999996,27.41498865666227
