mags_ab,pos_errs_mas
16.0,0.20731689414018578
16.2,0.22284227609113208
16.4,0.17084032843245972
16.599999999999998,0.1835158321870953
16.799999999999997,0.19841821641628357
16.999999999999996,0.21570199577542384
17.199999999999996,0.17178175356419867
17.399999999999995,0.18693426016091327
17.599999999999994,0.20357702320801283
17.799999999999994,0.16755187039760783
17.999999999999993,0.18265084382722047
18.199999999999992,0.1991895457328337
18.39999999999999,0.1839100741082271
18.59999999999999,0.18104680172752569
18.79999999999999,0.1865981077475164
18.99999999999999,0.19195859521644196
19.19999999999999,0.21032914424977311
19.399999999999988,0.2307163259000005
19.599999999999987,0.2530754318756293
19.799999999999986,0.2777585829960088
19.999999999999986,0.30502158535556767
20.199999999999985,0.33517073170977785
20.399999999999984,0.36853265095092697
20.599999999999984,0.405529963401135
20.799999999999983,0.44677296329938887
20.999999999999982,0.4925041374311059
21.19999999999998,0.5434309642910347
21.39999999999998,0.6009776696426115
21.59999999999998,0.6648702800418868
21.79999999999998,0.7366364997108893
21.99999999999998,0.8173836022887659
22.199999999999978,0.9090188116604553
22.399999999999977,1.0135540975926394
22.599999999999977,1.133168310822431
22.799999999999976,1.270017716066536
22.999999999999975,1.4263734513688608
23.199999999999974,1.6086118957956999
23.399999999999974,1.8208821482200888
23.599999999999973,2.0692501850240266
23.799999999999972,2.360888346254888
23.99999999999997,2.7053739372120194
24.19999999999997,3.112951661547137
24.39999999999997,3.5949415748791917
24.59999999999997,4.164743768769264
24.79999999999997,4.846862455068158
24.999999999999968,5.656575501260366
25.199999999999967,6.63240378365693
25.399999999999967,7.793090785728441
25.599999999999966,9.16155256712199
25.799999999999965,10.833382699304288
25.999999999999964,12.840551696519222
26.199999999999964,15.251255263840392
26.399999999999963,18.147452767062237
26.599999999999962,21.627638152339873
26.79999999999996,25.810196947757266
26.99999999999996,30.837420873429043
