mags_ab,pos_errs_mas
16.0,0.20661658570973734
16.2,0.2231777239368551
16.4,0.17003957381444168
16.599999999999998,0.18356293100733176
16.799999999999997,0.19867142532818463
16.999999999999996,0.1651600805518153
17.199999999999996,0.1796640451607729
17.399999999999995,0.19561616394245554
17.599999999999994,0.1693564346990759
17.799999999999994,0.18461611798310387
17.999999999999993,0.16977873502968965
18.199999999999992,0.18532174730782885
18.39999999999999,0.18032574361893686
18.59999999999999,0.18160383527802004
18.79999999999999,0.17878947121646022
18.99999999999999,0.1849607092000499
19.19999999999999,0.2026197640241135
19.399999999999988,0.222193045112247
19.599999999999987,0.24371608934098565
19.799999999999986,0.2674402922523575
19.999999999999986,0.29366226310905813
20.199999999999985,0.32263802943299297
20.399999999999984,0.3546831913983919
20.599999999999984,0.3902072618681556
20.799999999999983,0.4297176976123031
20.999999999999982,0.47377715753034927
21.19999999999998,0.5226402854929517
21.39999999999998,0.5772383077675426
21.59999999999998,0.6390563299526855
21.79999999999998,0.707812149689694
21.99999999999998,0.785333350566303
22.199999999999978,0.8730693903145212
22.399999999999977,0.9727964689075235
22.599999999999977,1.0869501074874532
22.799999999999976,1.2180707396818422
22.999999999999975,1.3686774485300182
23.199999999999974,1.541900448815483
23.399999999999974,1.74409066637817
23.599999999999973,1.9805290715799055
23.799999999999972,2.2582027728437883
23.99999999999997,2.585545680237714
24.19999999999997,2.9727951197461673
24.39999999999997,3.432363601535841
24.59999999999997,3.979305382305862
24.79999999999997,4.629725386365501
24.999999999999968,5.405891452415487
25.199999999999967,6.325791179196677
25.399999999999967,7.432639464449826
25.599999999999966,8.76408575793649
25.799999999999965,10.361700250136058
25.999999999999964,12.24939922080312
26.199999999999964,14.532929818223957
26.399999999999963,17.2879227614022
26.599999999999962,20.598334096862164
26.79999999999996,24.57677084701692
26.99999999999996,29.35857803668337
