mags_ab,pos_errs_mas
16.0,0.24049755961986702
16.2,0.2535339979130736
16.4,0.25598448640746435
16.599999999999998,0.2559149137189126
16.799999999999997,0.2517598468935684
16.999999999999996,0.24133685516868505
17.199999999999996,0.2047775574237081
17.399999999999995,0.19319803598149116
17.599999999999994,0.21177129731147096
17.799999999999994,0.23223002078966143
17.999999999999993,0.2548241350994073
18.199999999999992,0.279783039422149
18.39999999999999,0.307364698026774
18.59999999999999,0.337895191670532
18.79999999999999,0.37182101757539915
18.99999999999999,0.40952376776995325
19.19999999999999,0.45090526676436027
19.399999999999988,0.4971690832139278
19.599999999999987,0.5491569477274887
19.799999999999986,0.6073956309425732
19.999999999999986,0.672088374474291
20.199999999999985,0.7441471035564374
20.399999999999984,0.82608068326054
20.599999999999984,0.9200228965880288
20.799999999999983,1.0271117125823155
20.999999999999982,1.1475221140513716
21.19999999999998,1.2768940989499098
21.39999999999998,1.4324327928166125
21.59999999999998,1.6117868835325797
21.79999999999998,1.8218726297371814
21.99999999999998,2.069804006083815
22.199999999999978,2.3608955724941123
22.399999999999977,2.698011235858993
22.599999999999977,3.0790331550504355
22.799999999999976,3.552371587726836
22.999999999999975,4.109203916128544
23.199999999999974,4.724333125186961
23.399999999999974,5.510273461061085
23.599999999999973,6.436376050893614
23.799999999999972,7.558637490399666
23.99999999999997,8.903908979158095
24.19999999999997,10.39182108037536
24.39999999999997,12.298799929343767
24.59999999999997,14.522908961085442
24.79999999999997,17.257508873464168
24.999999999999968,20.54301660130977
25.199999999999967,24.49117667953873
25.399999999999967,29.236298288455693
25.599999999999966,34.93981701615389
25.799999999999965,41.79579654823829
25.999999999999964,50.037517652674254
26.199999999999964,59.9454139369604
26.399999999999963,71.58694585067315
26.599999999999962,85.84687709073614
26.79999999999996,102.99057342593719
26.99999999999996,123.60138466558112
