mags_ab,pos_errs_mas
16.0,0.20860226485696987
16.2,0.22657709707543328
16.4,0.24157372421118928
16.599999999999998,0.25967687735014544
16.799999999999997,0.16903911011290218
16.999999999999996,0.18308585359434248
17.199999999999996,0.1969493922938237
17.399999999999995,0.21305105236789718
17.599999999999994,0.23048543952054237
17.799999999999994,0.16921875708128323
17.999999999999993,0.18431145015821296
18.199999999999992,0.20079136686953483
18.39999999999999,0.21861206992671534
18.59999999999999,0.17260008063767895
18.79999999999999,0.18832373956699014
18.99999999999999,0.17023681391876333
19.19999999999999,0.1859245148590483
19.399999999999988,0.18085073520593464
19.599999999999987,0.18239643938226302
19.799999999999986,0.18203365503563498
19.999999999999986,0.194345247670415
20.199999999999985,0.21308733240911903
20.399999999999984,0.2338496601434705
20.599999999999984,0.2567179098063957
20.799999999999983,0.28202340013907407
20.999999999999982,0.3100583512931899
21.19999999999998,0.3411656456953089
21.39999999999998,0.3757188649892232
21.59999999999998,0.41420891485206246
21.79999999999998,0.457374642496562
21.99999999999998,0.5055508311686426
22.199999999999978,0.559580501848436
22.399999999999977,0.6209629128842927
22.599999999999977,0.689874647526001
22.799999999999976,0.7682014128568802
22.999999999999975,0.8575952296927365
23.199999999999974,0.9600017850443991
23.399999999999974,1.0777481919939338
23.599999999999973,1.214176526593968
23.799999999999972,1.373081544352926
23.99999999999997,1.5597532805054848
24.19999999999997,1.777141907046663
24.39999999999997,2.03146796378865
24.59999999999997,2.333972346406719
24.79999999999997,2.6928773608942906
24.999999999999968,3.1198709067334067
25.199999999999967,3.6290411218691894
25.399999999999967,4.237349804474346
25.599999999999966,4.965201279268532
25.799999999999965,5.837129288398811
25.999999999999964,6.882620921935105
26.199999999999964,8.137110767838477
26.399999999999963,9.637058445558424
26.599999999999962,11.443155015995236
26.79999999999996,13.61290672005795
26.99999999999996,16.22009942677712
