mags_ab,pos_errs_mas
16.0,0.148637323346467
16.2,0.16128812399508297
16.4,0.1454681968351801
16.599999999999998,0.15866751431197254
16.799999999999997,0.15421633016992836
16.999999999999996,0.15792217676664166
17.199999999999996,0.16635633778604206
17.399999999999995,0.17176568417011437
17.599999999999994,0.1881034189393812
17.799999999999994,0.20608966907792267
17.999999999999993,0.22589285904878137
18.199999999999992,0.24770307030454913
18.39999999999999,0.2717335304353363
18.59999999999999,0.29845842050470134
18.79999999999999,0.32774201627614363
18.99999999999999,0.3599479005355673
19.19999999999999,0.39552273742282756
19.399999999999988,0.43486653897202576
19.599999999999987,0.4784416753142068
19.799999999999986,0.5267767773954765
19.999999999999986,0.5812444239246495
20.199999999999985,0.6410224179147037
20.399999999999984,0.707489728289925
20.599999999999984,0.7810239864343855
20.799999999999983,0.8640035894318684
20.999999999999982,0.9573565899551807
21.19999999999998,1.0627761117802832
21.39999999999998,1.1828991878703567
21.59999999999998,1.318599320500325
21.79999999999998,1.4738444303421414
21.99999999999998,1.647358894745981
22.199999999999978,1.8449856079741518
22.399999999999977,2.077962211056316
22.599999999999977,2.348897951269759
22.799999999999976,2.6654453552682456
22.999999999999975,3.0369278755027915
23.199999999999974,3.4746619214933023
23.399999999999974,3.9834693612251004
23.599999999999973,4.576319648781708
23.799999999999972,5.287951920801366
23.99999999999997,6.1419055594993255
24.19999999999997,7.161443565816415
24.39999999999997,8.380685020967201
24.59999999999997,9.840658207847978
24.79999999999997,11.590684044640478
24.999999999999968,13.664565560743128
25.199999999999967,16.17585478400537
25.399999999999967,19.191430508439836
25.599999999999966,22.81378216686538
25.799999999999965,27.166081939545954
25.999999999999964,32.39636248866905
26.199999999999964,38.68255063489041
26.399999999999963,46.238524103171294
26.599999999999962,55.32137099685074
26.79999999999996,66.24014974690814
26.99999999999996,79.3663834037203
