mags_ab,pos_errs_mas
16.0,0.14951389301473683
16.2,0.15993718285156977
16.4,0.1424353150889841
16.599999999999998,0.1533977984920871
16.799999999999997,0.14371948564146947
16.999999999999996,0.15686963050054803
17.199999999999996,0.15459698833716493
17.399999999999995,0.15768630238357081
17.599999999999994,0.16483033317368717
17.799999999999994,0.17037837645834267
17.999999999999993,0.18272930169725843
18.199999999999992,0.20017099280718711
18.39999999999999,0.21937260165894065
18.59999999999999,0.24051749909146627
18.79999999999999,0.2638104751047678
18.99999999999999,0.2896873536886835
19.19999999999999,0.3181083323426657
19.399999999999988,0.3493218855456595
19.599999999999987,0.3837910605368502
19.799999999999986,0.42189946060597505
19.999999999999986,0.46408971824505046
20.199999999999985,0.5108705226273751
20.399999999999984,0.5632731836939598
20.599999999999984,0.6215646445662344
20.799999999999983,0.6859189986651464
20.999999999999982,0.7576499991903639
21.19999999999998,0.8378354820802987
21.39999999999998,0.9282444017453861
21.59999999999998,1.030316375600285
21.79999999999998,1.146028206141287
21.99999999999998,1.2783312845309556
22.199999999999978,1.4287016410589075
22.399999999999977,1.6005663854548555
22.599999999999977,1.7953631590958197
22.799999999999976,2.0213486223580945
22.999999999999975,2.2849412770763124
23.199999999999974,2.5939043476089143
23.399999999999974,2.956666488345737
23.599999999999973,3.3842945748948288
23.799999999999972,3.885606546026538
23.99999999999997,4.482849791592519
24.19999999999997,5.180291083431205
24.39999999999997,6.016744039430627
24.59999999999997,7.020298441180532
24.79999999999997,8.220741926315405
24.999999999999968,9.6585035124166
25.199999999999967,11.382179029273928
25.399999999999967,13.45016890430685
25.599999999999966,15.913317545128136
25.799999999999965,18.887584388505964
25.999999999999964,22.460511855619263
26.199999999999964,26.75359680391508
26.399999999999963,31.91286882252979
26.599999999999962,38.11384319693342
26.79999999999996,45.56749913933135
26.99999999999996,54.527441669615015
