mags_ab,pos_errs_mas
16.0,0.21388553749434666
16.2,0.23125600121316023
16.4,0.24784601974364615
16.599999999999998,0.16566729116522858
16.799999999999997,0.17897125789928858
16.999999999999996,0.1906644171876742
17.199999999999996,0.1526440325132283
17.399999999999995,0.16335693164242435
17.599999999999994,0.14603544835566346
17.799999999999994,0.15890555138249196
17.999999999999993,0.14982726389530956
18.199999999999992,0.16353863846291783
18.39999999999999,0.17854318590539064
18.59999999999999,0.16658960697538305
18.79999999999999,0.18200849125664248
18.99999999999999,0.17860396164503475
19.19999999999999,0.17737473247611957
19.399999999999988,0.1931568311619491
19.599999999999987,0.21170309679345173
19.799999999999986,0.23215843307614165
19.999999999999986,0.2547711352676691
20.199999999999985,0.2798643855826319
20.399999999999984,0.3074164298965164
20.599999999999984,0.33788504331468516
20.799999999999983,0.37163765443863717
20.999999999999982,0.4090927623504176
21.19999999999998,0.45073790303556727
21.39999999999998,0.4971467601696724
21.59999999999998,0.5492613043707504
21.79999999999998,0.6078037894769247
21.99999999999998,0.6729598173933269
22.199999999999978,0.7464303690996179
22.399999999999977,0.8292295488162766
22.599999999999977,0.9234075449538648
22.799999999999976,1.031028962295387
22.999999999999975,1.15451095855163
23.199999999999974,1.296866805426019
23.399999999999974,1.4624632511310052
23.599999999999973,1.654156306256411
23.799999999999972,1.8756848493469624
23.99999999999997,2.1362244922416154
24.19999999999997,2.44396556243831
24.39999999999997,2.807907454350391
24.59999999999997,3.2396991462170273
24.79999999999997,3.753402463212854
24.999999999999968,4.365965243128961
25.199999999999967,5.097793362995626
25.399999999999967,5.973434218164027
25.599999999999966,7.014966627699557
25.799999999999965,8.269194527275763
25.999999999999964,9.774057604971595
26.199999999999964,11.580629333169508
26.399999999999963,13.750286327848967
26.599999999999962,16.35678099198946
26.79999999999996,19.488755201564793
26.99999999999996,23.2527418197893
