mags_ab,pos_errs_mas
16.0,0.16510142533401292
16.2,0.15747043573481032
16.4,0.15460480421157635
16.599999999999998,0.16642680831158452
16.799999999999997,0.1464662588654118
16.999999999999996,0.15463760195041054
17.199999999999996,0.1681761686596237
17.399999999999995,0.15667850463773159
17.599999999999994,0.17147347511228828
17.799999999999994,0.17102625572548394
17.999999999999993,0.17549914768744776
18.199999999999992,0.1908316661417972
18.39999999999999,0.2099533310819065
18.59999999999999,0.231308531768247
18.79999999999999,0.25512185830304623
18.99999999999999,0.2818084367213262
19.19999999999999,0.31180807894808554
19.399999999999988,0.3456503367039979
19.599999999999987,0.3840638090535979
19.799999999999986,0.427946549475237
19.999999999999986,0.47775145654696244
20.199999999999985,0.5349148354731316
20.399999999999984,0.6008440534980827
20.599999999999984,0.6774017221544864
20.799999999999983,0.7669213361111458
20.999999999999982,0.8710509541932179
21.19999999999998,0.993395708205491
21.39999999999998,1.1377120789091675
21.59999999999998,1.3085483508527957
21.79999999999998,1.5125298947070565
21.99999999999998,1.7544834135446974
22.199999999999978,2.0426521124978003
22.399999999999977,2.387068868905122
22.599999999999977,2.799301972237851
22.799999999999976,3.2932590317074477
22.999999999999975,3.886809977087165
23.199999999999974,4.59772985492131
23.399999999999974,5.4513061787274735
23.599999999999973,6.47654346120723
23.799999999999972,7.708298981215848
23.99999999999997,9.188464316999973
24.19999999999997,10.967392112998297
24.39999999999997,13.105604415055444
24.59999999999997,15.6758518768481
24.79999999999997,18.765590541053182
24.999999999999968,22.479953901460288
25.199999999999967,26.94533236011995
25.399999999999967,32.313672667001164
25.599999999999966,38.76764605852436
25.799999999999965,46.52687429392967
25.999999999999964,55.85538513960282
26.199999999999964,67.07060660607988
26.399999999999963,80.55418234454098
26.599999999999962,96.76492969303689
26.79999999999996,116.25446900530383
26.99999999999996,139.68598435919452
