mags_ab,pos_errs_mas
16.0,0.1640435868763021
16.2,0.14944957621686383
16.4,0.1582842466772294
16.599999999999998,0.14732599971439958
16.799999999999997,0.14709981463286245
16.999999999999996,0.16081782320135535
17.199999999999996,0.16590654078869008
17.399999999999995,0.17025848948875313
17.599999999999994,0.18006262957417055
17.799999999999994,0.1976781879640791
17.999999999999993,0.2172432081607192
18.199999999999992,0.23891661697320335
18.39999999999999,0.2630238894519878
18.59999999999999,0.2898950776568787
18.79999999999999,0.3199195658955431
18.99999999999999,0.35356485072834437
19.19999999999999,0.391766032690122
19.399999999999988,0.4344409065509407
19.599999999999987,0.4827718005988752
19.799999999999986,0.5379103646900983
19.999999999999986,0.6006980151012992
20.199999999999985,0.673138991613848
20.399999999999984,0.7562803073080921
20.599999999999984,0.8526534227583696
20.799999999999983,0.9649033614685081
20.999999999999982,1.097171464908337
21.19999999999998,1.2513740380241456
21.39999999999998,1.4332696095542357
21.59999999999998,1.6485915222512282
21.79999999999998,1.9042681623152162
21.99999999999998,2.2094244490668355
22.199999999999978,2.5724676745432724
22.399999999999977,3.006378407780259
22.599999999999977,3.5257316042056424
22.799999999999976,4.148049369841805
22.999999999999975,4.894391394166006
23.199999999999974,5.79006441268719
23.399999999999974,6.865479512617998
23.599999999999973,8.15718000462924
23.799999999999972,9.70908327261517
23.99999999999997,11.573969314558394
24.19999999999997,13.815278700709055
24.39999999999997,16.50926457014839
24.59999999999997,19.747587553868108
24.79999999999997,23.64043568637697
24.999999999999968,28.32026994387837
25.199999999999967,33.946333174194244
25.399999999999967,40.710067637926194
25.599999999999966,48.84162645454489
25.799999999999965,58.6177178401438
25.999999999999964,70.37099860002543
26.199999999999964,84.50140626224102
26.399999999999963,101.4897850273753
26.599999999999962,121.91421316766807
26.79999999999996,146.46969530150878
26.99999999999996,175.99179708495117
