mags_ab,pos_errs_mas
16.0,0.1760318584088107
16.2,0.17864025732174799
16.4,0.1925875864980233
16.599999999999998,0.21121438252887417
16.799999999999997,0.2317905358898753
16.999999999999996,0.25453710737300095
17.199999999999996,0.27971355569736656
17.399999999999995,0.3076172651764418
17.599999999999994,0.3385942186981344
17.799999999999994,0.37295206366427625
17.999999999999993,0.41117990004948546
18.199999999999992,0.45358939201202764
18.39999999999999,0.5013372442210609
18.59999999999999,0.5549712274250601
18.79999999999999,0.6153491988541612
18.99999999999999,0.6836334839182413
19.19999999999999,0.7610802602369274
19.399999999999988,0.8466959670482048
19.599999999999987,0.9469740860015186
19.799999999999986,1.0623916798762012
19.999999999999986,1.1959041816361724
20.199999999999985,1.3510587566307852
20.399999999999984,1.5297390114652178
20.599999999999984,1.730515747230643
20.799999999999983,1.9717721133159434
20.999999999999982,2.260792152403744
21.19999999999998,2.603187870580195
21.39999999999998,3.0100243596376615
21.59999999999998,3.4946472482288833
21.79999999999998,4.02174181657522
21.99999999999998,4.678585407294225
22.199999999999978,5.4848859146543205
22.399999999999977,6.450932166360473
22.599999999999977,7.609406082221352
22.799999999999976,8.950638808649721
22.999999999999975,10.607659068954115
23.199999999999974,12.597781560002925
23.399999999999974,14.988663523577557
23.599999999999973,17.861613709047848
23.799999999999972,21.31436000780172
23.99999999999997,25.464365907304614
24.19999999999997,30.452834252826918
24.39999999999997,36.44950048397299
24.59999999999997,43.65840952781192
24.79999999999997,52.324863991178866
24.999999999999968,62.74376159634947
25.199999999999967,75.26963615463102
25.399999999999967,90.32871846565735
25.599999999999966,108.43343407547984
25.799999999999965,130.19986870609335
25.999999999999964,156.36868274744822
26.199999999999964,187.8303422072542
26.399999999999963,225.65545914673638
26.599999999999962,271.1311416205901
26.79999999999996,325.8048400645526
26.99999999999996,391.536973844985
