mags_ab,pos_errs_mas
16.0,0.3747638070861816
16.2,0.39932886736843815
16.4,0.2731765066347132
16.599999999999998,0.29601033227159107
16.799999999999997,0.3198792197533481
16.999999999999996,0.3473555458179531
17.199999999999996,0.264086893884122
17.399999999999995,0.28611216334205275
17.599999999999994,0.23685510787171307
17.799999999999994,0.2578082029800781
17.999999999999993,0.2804345567468228
18.199999999999992,0.24145162062252623
18.39999999999999,0.2630030476427198
18.59999999999999,0.2867223771845526
18.79999999999999,0.2537985234936379
18.99999999999999,0.27688397080997734
19.19999999999999,0.24413589932115032
19.399999999999988,0.24817747629280826
19.599999999999987,0.2717804333140092
19.799999999999986,0.2977677356507876
19.999999999999986,0.3265218157618072
20.199999999999985,0.35815270230942137
20.399999999999984,0.39305729607710527
20.599999999999984,0.4316610598923007
20.799999999999983,0.4743046638074889
20.999999999999982,0.5215431595701725
21.19999999999998,0.5738693692012735
21.39999999999998,0.6318419557795426
21.59999999999998,0.6965572463433364
21.79999999999998,0.7685864057550783
21.99999999999998,0.8499461534209699
22.199999999999978,0.939918927800081
22.399999999999977,1.041262963414361
22.599999999999977,1.15526572401848
22.799999999999976,1.2844768818738355
22.999999999999975,1.4309686860434183
23.199999999999974,1.598036167906813
23.399999999999974,1.7911684042125358
23.599999999999973,2.0120947086756082
23.799999999999972,2.2668468168042204
23.99999999999997,2.563066761395535
24.19999999999997,2.9105552549569715
24.39999999999997,3.316138512418474
24.59999999999997,3.7964583380886556
24.79999999999997,4.360676680618515
24.999999999999968,5.033877408387639
25.199999999999967,5.8290741484317
25.399999999999967,6.769081471841148
25.599999999999966,7.901214652071143
25.799999999999965,9.25566718147914
25.999999999999964,10.878074861981544
26.199999999999964,12.823290981114123
26.399999999999963,15.157237934360033
26.599999999999962,17.95912632799986
26.79999999999996,21.324146556434137
26.99999999999996,25.366685267339808
