mags_ab,pos_errs_mas
16.0,0.2608561787298818
16.2,0.15471060484183852
16.4,0.16784425876544062
16.599999999999998,0.17736424595496297
16.799999999999997,0.14531213776557386
16.999999999999996,0.15842223064889507
17.199999999999996,0.16410922903218209
17.399999999999995,0.17524253366318882
17.599999999999994,0.14514427490436502
17.799999999999994,0.15599082786073265
17.999999999999993,0.14427866730550032
18.199999999999992,0.1575527388950195
18.39999999999999,0.17209894628554864
18.59999999999999,0.1619900753054034
18.79999999999999,0.15888332159079924
18.99999999999999,0.16850096434113243
19.19999999999999,0.1779179647774053
19.399999999999988,0.19501045580186097
19.599999999999987,0.21387142077530627
19.799999999999986,0.23469441379383207
19.999999999999986,0.25770514183188437
20.199999999999985,0.28322785185233007
20.399999999999984,0.31175308900736054
20.599999999999984,0.34308275206801975
20.799999999999983,0.37785064440498933
20.999999999999982,0.41656540710195566
21.19999999999998,0.45978282921546026
21.39999999999998,0.5081642482714063
21.59999999999998,0.5629563202534614
21.79999999999998,0.62503284580427
21.99999999999998,0.6946942655180305
22.199999999999978,0.7734696622582468
22.399999999999977,0.8633677249930034
22.599999999999977,0.966438533932132
22.799999999999976,1.0852006152300204
22.999999999999975,1.2226936309424583
23.199999999999974,1.3848224899169963
23.399999999999974,1.5717316143490774
23.599999999999973,1.7911347845717476
23.799999999999972,2.0497243623074306
23.99999999999997,2.3556093641480356
24.19999999999997,2.7185934446878135
24.39999999999997,3.150508952559886
24.59999999999997,3.6692564818157813
24.79999999999997,4.283977324687339
24.999999999999968,5.019478787340774
25.199999999999967,5.900549730802006
25.399999999999967,6.956984817234063
25.599999999999966,8.22458880259977
25.799999999999965,9.746387681276268
25.999999999999964,11.57732276875838
26.199999999999964,13.772161936808288
26.399999999999963,16.409494993708304
26.599999999999962,19.579031411685033
26.79999999999996,23.3886019448726
26.99999999999996,27.967818467310124
