mags_ab,pos_errs_mas
16.0,0.2861103948827401
16.2,0.3033395145822849
16.4,0.3216395726297332
16.599999999999998,0.32910591978301723
16.799999999999997,0.3347953146145786
16.999999999999996,0.23481709568224585
17.199999999999996,0.25265584080021847
17.399999999999995,0.2722645444109452
17.599999999999994,0.238204301597913
17.799999999999994,0.2325339073494608
17.999999999999993,0.2548912877186437
18.199999999999992,0.2795566524616677
18.39999999999999,0.3067439539434938
18.59999999999999,0.336887434510549
18.79999999999999,0.3700072543337463
18.99999999999999,0.40689994237074156
19.19999999999999,0.447702000985599
19.399999999999988,0.4931652980288044
19.599999999999987,0.5435289747832469
19.799999999999986,0.5996034629132403
19.999999999999986,0.6627296915899102
20.199999999999985,0.7320321200048935
20.399999999999984,0.8112344320333097
20.599999999999984,0.8993321362953194
20.799999999999983,0.9968885385773426
20.999999999999982,1.1096971861927858
21.19999999999998,1.2361193779045543
21.39999999999998,1.3798228902844696
21.59999999999998,1.544469884831719
21.79999999999998,1.7332448218979837
21.99999999999998,1.944177526751337
22.199999999999978,2.2009677165748665
22.399999999999977,2.494253591397401
22.599999999999977,2.840221947396336
22.799999999999976,3.2412009197502476
22.999999999999975,3.726265381728469
23.199999999999974,4.280945857847724
23.399999999999974,4.960227901375886
23.599999999999973,5.655669966077548
23.799999999999972,6.591063333250075
23.99999999999997,7.678280896237978
24.19999999999997,9.008844834727508
24.39999999999997,10.556195981676598
24.59999999999997,12.456437742229433
24.79999999999997,14.736914031689919
24.999999999999968,17.346205730879422
25.199999999999967,20.603286812066056
25.399999999999967,24.516322342514094
25.599999999999966,29.218391559420763
25.799999999999965,34.86944373983141
25.999999999999964,41.66173253310794
26.199999999999964,49.82635903963307
26.399999999999963,59.64113687436247
26.599999999999962,71.02369485591568
26.79999999999996,85.10876936838845
26.99999999999996,102.04189701447808
