mags_ab,pos_errs_mas
16.0,0.2608552238023741
16.2,0.15470974144401575
16.4,0.16784315038543227
16.599999999999998,0.17736293087500093
16.799999999999997,0.14531055149861655
16.999999999999996,0.1584201595254288
17.199999999999996,0.16410687914949149
17.399999999999995,0.17523964791170854
17.599999999999994,0.14514080428997855
17.799999999999994,0.1559864520214516
17.999999999999993,0.14427293372198052
18.199999999999992,0.1575452227775616
18.39999999999999,0.17208908637406647
18.59999999999999,0.16197671453620094
18.79999999999999,0.15886511560398114
18.99999999999999,0.1684767269805746
19.19999999999999,0.17788562431086116
19.399999999999988,0.194967961574076
19.599999999999987,0.21381557627736986
19.799999999999986,0.23462103979996057
19.999999999999986,0.25760874280242546
20.199999999999985,0.28310119694203817
20.399999999999984,0.3115861704257537
20.599999999999984,0.34286350834128293
20.799999999999983,0.37756317001070383
20.999999999999982,0.4161887919306208
21.19999999999998,0.45928992371892374
21.39999999999998,0.5075199291544488
21.59999999999998,0.5621154529415734
21.79999999999998,0.6239341334672072
21.99999999999998,0.6932637916968029
22.199999999999978,0.7716162518953104
22.399999999999977,0.8609625890080359
22.599999999999977,0.9633319187283428
22.799999999999976,1.0811957272534753
22.999999999999975,1.2178223092678764
23.199999999999974,1.3781940837773268
23.399999999999974,1.56328815556325
23.599999999999973,1.780422799129755
23.799999999999972,2.0361908330002265
23.99999999999997,2.338583195372946
24.19999999999997,2.6972633971432898
24.39999999999997,3.1238973756590265
24.59999999999997,3.635816169514734
24.79999999999997,4.2425667666777915
24.999999999999968,4.968380942774723
25.199999999999967,5.837705684745414
25.399999999999967,6.879925966736836
25.599999999999966,8.13035483990472
25.799999999999965,9.631427502259488
25.999999999999964,11.436990676821969
26.199999999999964,13.601625493791715
26.399999999999963,16.202589987574566
26.599999999999962,19.32835382058074
26.79999999999996,23.08525669921793
26.99999999999996,27.601117239781814
