mags_ab,pos_errs_mas
16.0,inf
16.2,inf
16.4,0.2588232632582995
16.599999999999998,0.2835116260243527
16.799999999999997,0.30332359480700755
16.999999999999996,0.21043049687645438
17.199999999999996,0.2248319843693877
17.399999999999995,0.24158760025468912
17.599999999999994,0.186075337327999
17.799999999999994,0.19983793447767328
17.999999999999993,0.21508765765578
18.199999999999992,0.23303481655202773
18.39999999999999,0.18664357661838818
18.59999999999999,0.2032496061539871
18.79999999999999,0.22123695584725053
18.99999999999999,0.18366692994231654
19.19999999999999,0.20049026576708315
19.399999999999988,0.1864842426695156
19.599999999999987,0.20398054015102027
19.799999999999986,0.20250054831211778
19.999999999999986,0.20075034514604956
20.199999999999985,0.2184259106100778
20.399999999999984,0.24051138517772197
20.599999999999984,0.2652060469346542
20.799999999999983,0.2930802756635115
20.999999999999982,0.32421862445694716
21.19999999999998,0.35935550743913675
21.39999999999998,0.3991763664381293
21.59999999999998,0.4444984911438891
21.79999999999998,0.4962602562703914
21.99999999999998,0.5556461815630498
22.199999999999978,0.6241556570054738
22.399999999999977,0.7035767636524987
22.599999999999977,0.7961855623141899
22.799999999999976,0.9052914313626025
22.999999999999975,1.0323966936540365
23.199999999999974,1.182329979471504
23.399999999999974,1.3598164932816914
23.599999999999973,1.570566631938665
23.799999999999972,1.8214707048669827
23.99999999999997,2.120830862160911
24.19999999999997,2.4786408007142877
24.39999999999997,2.906920313010416
24.59999999999997,3.4210417474977226
24.79999999999997,4.036327246699332
24.999999999999968,4.774716765696794
25.199999999999967,5.6612801851372785
25.399999999999967,6.7261433669093975
25.599999999999966,8.005511427698977
25.799999999999965,9.542895637665803
25.999999999999964,11.390594305508204
26.199999999999964,13.611469073670504
26.399999999999963,16.28108479471218
26.599999999999962,19.49027684524799
26.79999999999996,23.348244902691555
26.99999999999996,27.98626286618488
