mags_ab,pos_errs_mas
16.0,0.2861038617500767
16.2,0.3033310071190222
16.4,0.3216283581323161
16.599999999999998,0.3290915174243049
16.799999999999997,0.3347765364071301
16.999999999999996,0.23479045293269088
17.199999999999996,0.2526205630471704
17.399999999999995,0.2722177900835933
17.599999999999994,0.23813573984986605
17.799999999999994,0.23243707879521663
17.999999999999993,0.25475862357742074
18.199999999999992,0.27938886916604105
18.39999999999999,0.306522805978769
18.59999999999999,0.33659671972637656
18.79999999999999,0.3696237842380612
18.99999999999999,0.40639358010199694
19.19999999999999,0.44704001318863296
19.399999999999988,0.492276339967782
19.599999999999987,0.5423848394037457
19.799999999999986,0.5981022014403276
19.999999999999986,0.6607380783794865
20.199999999999985,0.7294531486396976
20.399999999999984,0.8078624421997046
20.599999999999984,0.8936787227211477
20.799999999999983,0.9909352592945567
20.999999999999982,1.101971383082009
21.19999999999998,1.2262252645709544
21.39999999999998,1.3652597347587347
21.59999999999998,1.5277771062470944
21.79999999999998,1.711933747891817
21.99999999999998,1.9165082326449785
22.199999999999978,2.165608487904241
22.399999999999977,2.444648284269502
22.599999999999977,2.772933754399922
22.799999999999976,3.1536898871458785
22.999999999999975,3.6153904257382963
23.199999999999974,4.125124668239767
23.399999999999974,4.763465103556795
23.599999999999973,5.441065525137099
23.799999999999972,6.323360617965881
23.99999999999997,7.344316450802029
24.19999999999997,8.595267223810048
24.39999999999997,10.093247173542194
24.59999999999997,11.888861493376472
24.79999999999997,13.933389553890402
24.999999999999968,16.490793241958887
25.199999999999967,19.561642814238365
25.399999999999967,23.250301502534974
25.599999999999966,27.682190964749026
25.799999999999965,33.00805004480979
25.999999999999964,39.409054527016664
26.199999999999964,46.79788388037924
26.399999999999963,55.96863446530276
26.599999999999962,66.99286899668206
26.79999999999996,80.24571598537582
26.99999999999996,96.17812260130889
