mags_ab,pos_errs_mas
16.0,inf
16.2,inf
16.4,0.2612567398088074
16.599999999999998,0.28519801348038193
16.799999999999997,0.3022202185977871
16.999999999999996,0.20903703076297422
17.199999999999996,0.22422028904524438
17.399999999999995,0.24141633328598464
17.599999999999994,0.26060677234100715
17.799999999999994,0.28163361902862727
17.999999999999993,0.1861315611400631
18.199999999999992,0.19944550195817334
18.39999999999999,0.21528485773125267
18.59999999999999,0.16988846389338302
18.79999999999999,0.18382728136308038
18.99999999999999,0.2004163296926669
19.19999999999999,0.18035431835574242
19.399999999999988,0.19699350981153874
19.599999999999987,0.18523059447966875
19.799999999999986,0.20258562649670261
19.999999999999986,0.18840008128929026
20.199999999999985,0.20646520259217876
20.399999999999984,0.20260117344720074
20.599999999999984,0.2064378224451076
20.799999999999983,0.22095089345057176
20.999999999999982,0.24415981978643853
21.19999999999998,0.27034911346705337
21.39999999999998,0.30005113455343035
21.59999999999998,0.3339272671440201
21.79999999999998,0.3724597530454421
21.99999999999998,0.4166697499345024
22.199999999999978,0.46763728182293307
22.399999999999977,0.5266829728907936
22.599999999999977,0.5954099766087948
22.799999999999976,0.6758354253113815
22.999999999999975,0.7703804550280261
23.199999999999974,0.8817936636701449
23.399999999999974,1.0140184146969045
23.599999999999973,1.1703911068005166
23.799999999999972,1.3564983540395839
23.99999999999997,1.5787651066971808
24.19999999999997,1.8450468561366054
24.39999999999997,2.1626207688232304
24.59999999999997,2.5431066806330023
24.79999999999997,2.9993761586050325
24.999999999999968,3.5468967516144345
25.199999999999967,4.204255464031212
25.399999999999967,4.993787772206781
25.599999999999966,5.942336169612811
25.799999999999965,7.0821596893203145
25.999999999999964,8.454097813255405
26.199999999999964,10.100733790585453
26.399999999999963,12.080064177619763
26.599999999999962,14.459436584589943
26.79999999999996,17.31981402286648
26.99999999999996,20.758525494977043
