mags_ab,pos_errs_mas
16.0,0.3754751464662815
16.2,0.40289652318331104
16.4,0.2729472057609357
16.599999999999998,0.29613452340454466
16.799999999999997,0.3218487797830524
16.999999999999996,0.3479224772162737
17.199999999999996,0.37581558966924095
17.399999999999995,0.4047443195677092
17.599999999999994,0.26125059407463275
17.799999999999994,0.28273433790916264
17.999999999999993,0.30668173912893887
18.199999999999992,0.3324285665204086
18.39999999999999,0.24260579741381438
18.59999999999999,0.2641539863054244
18.79999999999999,0.2288641326271559
18.99999999999999,0.24962520857539464
19.19999999999999,0.272414052490367
19.399999999999988,0.2380360830983283
19.599999999999987,0.2599287957777974
19.799999999999986,0.24297418627263062
19.999999999999986,0.26562778743053833
20.199999999999985,0.2617057580927477
20.399999999999984,0.250063971231572
20.599999999999984,0.27089635602646284
20.799999999999983,0.29764387760693767
20.999999999999982,0.3273957439280401
21.19999999999998,0.36064835588538163
21.39999999999998,0.39773069486774754
21.59999999999998,0.43924851597043874
21.79999999999998,0.4859042728668464
21.99999999999998,0.5385659270255052
22.199999999999978,0.5981993562448619
22.399999999999977,0.6658864433748815
22.599999999999977,0.7431720397234315
22.799999999999976,0.8319924985352386
22.999999999999975,0.9349612910190183
23.199999999999974,1.0533418119570055
23.399999999999974,1.1911173275139955
23.599999999999973,1.3522118102220964
23.799999999999972,1.541396028775294
23.99999999999997,1.76445895805396
24.19999999999997,2.028411631628198
24.39999999999997,2.341728683292498
24.59999999999997,2.714637309171489
24.79999999999997,3.160912923599331
24.999999999999968,3.692224194176529
25.199999999999967,4.328051328532748
25.399999999999967,5.089835251811617
25.599999999999966,6.003346208122277
25.799999999999965,7.099553928685476
25.999999999999964,8.415671110318947
26.199999999999964,9.99641658819529
26.399999999999963,11.895533627640667
26.599999999999962,14.177607978071272
26.79999999999996,16.92027033440004
26.99999999999996,20.216826590058446
