mags_ab,pos_errs_mas
16.0,0.23982172137814217
16.2,0.25976002843380747
16.4,0.2800578786213427
16.599999999999998,0.30146241400165896
16.799999999999997,0.3256944407375577
16.999999999999996,0.350689090718387
17.199999999999996,0.37603717739064985
17.399999999999995,0.21185494900648721
17.599999999999994,0.22972894899595753
17.799999999999994,0.24901032019462505
17.999999999999993,0.26943515875970875
18.199999999999992,0.2918352259927059
18.39999999999999,0.31571226311773726
18.59999999999999,0.21352070797507008
18.79999999999999,0.23271613298526345
18.99999999999999,0.19715429379279795
19.19999999999999,0.2151577309212075
19.399999999999988,0.20151846382239147
19.599999999999987,0.22009588225015578
19.799999999999986,0.2404876468100558
19.999999999999986,0.22323170423350447
20.199999999999985,0.21305122667925994
20.399999999999984,0.22355016707522707
20.599999999999984,0.23280562262227067
20.799999999999983,0.25573223849012444
20.999999999999982,0.2811399476501863
21.19999999999998,0.3094483267184083
21.39999999999998,0.3410238395098045
21.59999999999998,0.3762885704120392
21.79999999999998,0.4160411695969886
21.99999999999998,0.4605221047520806
22.199999999999978,0.5108636724702824
22.399999999999977,0.5677706015123037
22.599999999999977,0.6327408091545904
22.799999999999976,0.7068006570327723
22.999999999999975,0.7927087440757649
23.199999999999974,0.8909596854788208
23.399999999999974,1.00492625417532
23.599999999999973,1.1377562410472255
23.799999999999972,1.2932814736512994
23.99999999999997,1.476157418751795
24.19999999999997,1.6920303333637576
24.39999999999997,1.947733764248021
24.59999999999997,2.251523388952457
24.79999999999997,2.6160211799858484
24.999999999999968,3.04784258561335
25.199999999999967,3.5640983517757276
25.399999999999967,4.182144805153657
25.599999999999966,4.922846731231335
25.799999999999965,5.811279961861297
25.999999999999964,6.87757734569425
26.199999999999964,8.157948706544158
26.399999999999963,9.695908342932501
26.599999999999962,11.543747997135824
26.79999999999996,13.76431814933085
26.99999999999996,16.4331572949519
