mags_ab,pos_errs_mas
16.0,inf
16.2,inf
16.4,inf
16.599999999999998,inf
16.799999999999997,0.23459911925347937
16.999999999999996,0.24725742298394515
17.199999999999996,0.26084039176152596
17.399999999999995,0.26438945138836556
17.599999999999994,0.2781208412075686
17.799999999999994,0.2784860607126889
17.999999999999993,0.2580132309158912
18.199999999999992,0.24364258401416045
18.39999999999999,0.22515844984383665
18.59999999999999,0.21503291302349592
18.79999999999999,0.23585976864890915
18.99999999999999,0.25887119728902525
19.19999999999999,0.2842856777017457
19.399999999999988,0.31241451535688525
19.599999999999987,0.3435254407869041
19.799999999999986,0.37809858305566585
19.999999999999986,0.41663982220738677
20.199999999999985,0.4596354368853803
20.399999999999984,0.5077022711848912
20.599999999999984,0.5607124213157872
20.799999999999983,0.6206213797900728
20.999999999999982,0.6882856867713697
21.19999999999998,0.7650488596916193
21.39999999999998,0.8515607511506879
21.59999999999998,0.9488410198251482
21.79999999999998,1.060988263635923
21.99999999999998,1.1913821170033714
22.199999999999978,1.3423661872509818
22.399999999999977,1.5180674822348164
22.599999999999977,1.7149264199876773
22.799999999999976,1.935435278766236
22.999999999999975,2.210687599526904
23.199999999999974,2.535139345176574
23.399999999999974,2.9202684046197525
23.599999999999973,3.377211052122909
23.799999999999972,3.92238473427706
23.99999999999997,4.549817000927291
24.19999999999997,5.322478978403403
24.39999999999997,6.236071146290689
24.59999999999997,7.299640058048619
24.79999999999997,8.615290538087269
24.999999999999968,10.19426181082245
25.199999999999967,11.962531160287906
25.399999999999967,14.211247990035353
25.599999999999966,16.91290285181576
25.799999999999965,20.159377451076068
25.999999999999964,24.06110837057467
26.199999999999964,28.750837926864563
26.399999999999963,34.38813268783903
26.599999999999962,41.16480481074737
26.79999999999996,49.311444932650915
26.99999999999996,59.10525589804334
