mags_ab,pos_errs_mas
16.0,0.1660843981583449
16.2,0.18069523950690325
16.4,0.18741833795311527
16.599999999999998,0.1463667680996111
16.799999999999997,0.15404522894839795
16.999999999999996,0.16485295830727856
17.199999999999996,0.1454030163766438
17.399999999999995,0.15479016851971739
17.599999999999994,0.1684874549780321
17.799999999999994,0.15306486965966146
17.999999999999993,0.1483577014220061
18.199999999999992,0.16212141366834748
18.39999999999999,0.16445500457543286
18.59999999999999,0.1708123243617489
18.79999999999999,0.17845781783326112
18.99999999999999,0.19560311401773076
19.19999999999999,0.21452118663000475
19.399999999999988,0.23540707899011812
19.599999999999987,0.258485462524593
19.799999999999986,0.28406547220138745
19.999999999999986,0.3125604908949932
20.199999999999985,0.3439348763941568
20.399999999999984,0.3787694186628883
20.599999999999984,0.4175526636071121
20.799999999999983,0.46083895583136847
20.999999999999982,0.5092879400375468
21.19999999999998,0.5640379114748901
21.39999999999998,0.6257412794104291
21.59999999999998,0.6951944513500038
21.79999999999998,0.7738659334542399
21.99999999999998,0.8636114594304715
22.199999999999978,0.9664490855669359
22.399999999999977,1.0848779513820732
22.599999999999977,1.2216226309793081
22.799999999999976,1.3811583634634195
22.999999999999975,1.5668900206770324
23.199999999999974,1.7848132309094173
23.399999999999974,2.0415496522676944
23.599999999999973,2.345128382526751
23.799999999999972,2.705258372796734
23.99999999999997,3.1326595787471736
24.19999999999997,3.6387506302539347
24.39999999999997,4.246414086468417
24.59999999999997,4.973347241841799
24.79999999999997,5.844038387644672
24.999999999999968,6.887920441561083
25.199999999999967,8.140364710993984
25.399999999999967,9.63948741887954
25.599999999999966,11.443032753536222
25.799999999999965,13.609645186700872
25.999999999999964,16.213002228801678
26.199999999999964,19.341655830921695
26.399999999999963,23.10204560655064
26.599999999999962,27.622111368692174
26.79999999999996,33.055651540412896
26.99999999999996,39.58754510695869
