mags_ab,pos_errs_mas
16.0,0.23804591552940477
16.2,0.2576864193869629
16.4,0.2795498569329736
16.599999999999998,0.30115455879543307
16.799999999999997,0.3251419141777367
16.999999999999996,0.20946465562842512
17.199999999999996,0.22674129286773195
17.399999999999995,0.24633086456322348
17.599999999999994,0.26683573594227433
17.799999999999994,0.21047998849152005
17.999999999999993,0.22926338273825897
18.199999999999992,0.2035518411212049
18.39999999999999,0.22203693000001354
18.59999999999999,0.20555167364953628
18.79999999999999,0.224338321733818
18.99999999999999,0.20340674038761838
19.19999999999999,0.22210975574148364
19.399999999999988,0.21206284273558496
19.599999999999987,0.2318327555198013
19.799999999999986,0.2153410393159792
19.999999999999986,0.23604080539112632
20.199999999999985,0.25895070425366246
20.399999999999984,0.2842453969468288
20.599999999999984,0.31230045162422604
20.799999999999983,0.3433780982514592
20.999999999999982,0.37797944644477094
21.19999999999998,0.4164457592617233
21.39999999999998,0.45938786060053444
21.59999999999998,0.5073334759469171
21.79999999999998,0.5612316528523412
21.99999999999998,0.6217739458527713
22.199999999999978,0.6901829145901623
22.399999999999977,0.7686124573412826
22.599999999999977,0.8570301515094902
22.799999999999976,0.9582696187768437
22.999999999999975,1.0747261748273103
23.199999999999974,1.2090843412859826
23.399999999999974,1.3653020537415754
23.599999999999973,1.5469721147965922
23.799999999999972,1.7602443955119613
23.99999999999997,2.012508481398716
24.19999999999997,2.3085345819713834
24.39999999999997,2.6587266503517792
24.59999999999997,3.07532003300694
24.79999999999997,3.5716683330864973
24.999999999999968,4.164249441720728
25.199999999999967,4.8728925814888076
25.399999999999967,5.721443175245065
25.599999999999966,6.738565019403509
25.799999999999965,7.958705883573789
25.999999999999964,9.423260116691912
26.199999999999964,11.181970278109253
26.399999999999963,13.294613855114836
26.599999999999962,15.825970176812747
26.79999999999996,18.87292785921751
26.99999999999996,22.535017691830408
