mags_ab,pos_errs_mas
16.0,0.1548421879865431
16.2,0.1616309170067345
16.4,0.17269500723384426
16.599999999999998,0.14830760765617512
16.799999999999997,0.15560474332782162
16.999999999999996,0.14738315865869275
17.199999999999996,0.14877197913657342
17.399999999999995,0.16279022319359523
17.599999999999994,0.16896693656263212
17.799999999999994,0.17303163379689832
17.999999999999993,0.1848828966200787
18.199999999999992,0.20329224377480706
18.39999999999999,0.22382265469454685
18.59999999999999,0.24669072245536464
18.79999999999999,0.2722765004517767
18.99999999999999,0.30098561984848105
19.19999999999999,0.33330710612981146
19.399999999999988,0.36982806617671654
19.599999999999987,0.4115852131680679
19.799999999999986,0.45880643886456246
19.999999999999986,0.51286034610219
20.199999999999985,0.5750339348629349
20.399999999999984,0.646982646128126
20.599999999999984,0.7308423020376884
20.799999999999983,0.8282366445961497
20.999999999999982,0.9423967292056386
21.19999999999998,1.0767681680393675
21.39999999999998,1.2355276342205206
21.59999999999998,1.4244052553554607
21.79999999999998,1.6483471774040936
21.99999999999998,1.9149003868881367
22.199999999999978,2.233179430432212
22.399999999999977,2.6138400032348157
22.599999999999977,3.0696954402068126
22.799999999999976,3.6168009413594
22.999999999999975,4.2722831354077995
23.199999999999974,5.059092760588412
23.399999999999974,6.003955282443433
23.599999999999973,7.1389857354555755
23.799999999999972,8.502780907235142
23.99999999999997,10.141727761728966
24.19999999999997,12.111584025892016
24.39999999999997,14.479370152531327
24.59999999999997,17.32564958765475
24.79999999999997,20.74727201732994
24.999999999999968,24.86066492996969
25.199999999999967,29.80579725391147
25.399999999999967,35.7509412675435
25.599999999999966,42.89839582080374
25.799999999999965,51.49138109178981
25.999999999999964,61.822296002700355
26.199999999999964,74.24267804711273
26.399999999999963,89.17518151638362
26.599999999999962,107.12792703634256
26.79999999999996,128.71181350888918
26.99999999999996,154.6612891450923
