mags_ab,pos_errs_mas
16.0,0.3757357417470664
16.2,0.40319176831213865
16.4,0.2734205684490467
16.599999999999998,0.29694236626655085
16.799999999999997,0.3215157520797109
16.999999999999996,0.349609612448936
17.199999999999996,0.37507000747089597
17.399999999999995,0.40525632358320296
17.599999999999994,0.26216259960251526
17.799999999999994,0.2830317138709461
17.999999999999993,0.3062238908457171
18.199999999999992,0.3318528112625337
18.39999999999999,0.2420790469715813
18.59999999999999,0.2633967043787068
18.79999999999999,0.2866521293658117
18.99999999999999,0.31202762088539826
19.19999999999999,0.2424644078878726
19.399999999999988,0.26447539032675016
19.599999999999987,0.23538735007133646
19.799999999999986,0.25702218648475467
19.999999999999986,0.24661124005044102
20.199999999999985,0.24579648535660523
20.399999999999984,0.25067003434053736
20.599999999999984,0.25134882765740296
20.799999999999983,0.2756769114383912
20.999999999999982,0.3025776180519687
21.19999999999998,0.3324659121388514
21.39999999999998,0.36564052359952354
21.59999999999998,0.4024956380624658
21.79999999999998,0.4435793322642663
21.99999999999998,0.4895369028606631
22.199999999999978,0.5409801942894725
22.399999999999977,0.5988925194608268
22.599999999999977,0.6641281631543069
22.799999999999976,0.7381903434736359
22.999999999999975,0.8222432475698234
23.199999999999974,0.9190544561902533
23.399999999999974,1.0293137937827805
23.599999999999973,1.1565365829975884
23.799999999999972,1.3039016787640951
23.99999999999997,1.4756339434246177
24.19999999999997,1.6765991328122105
24.39999999999997,1.9126349703219376
24.59999999999997,2.1910341110751848
24.79999999999997,2.522479749536599
24.999999999999968,2.913581040445461
25.199999999999967,3.379407812938846
25.399999999999967,3.9346681091320845
25.599999999999966,4.598705769805892
25.799999999999965,5.392914916042723
25.999999999999964,6.344908933734075
26.199999999999964,7.486634498454945
26.399999999999963,8.856807329630964
26.599999999999962,10.50194708244839
26.79999999999996,12.477959119135601
26.99999999999996,14.85202415067958
