mags_ab,pos_errs_mas
16.0,0.2384257944374434
16.2,0.2539397733660754
16.4,0.17785913678227377
16.599999999999998,0.19137853602051433
16.799999999999997,0.20622377205213907
16.999999999999996,0.22236027562142285
17.199999999999996,0.2372785618827682
17.399999999999995,0.19078586666720937
17.599999999999994,0.18338095277653696
17.799999999999994,0.20088403944068578
17.999999999999993,0.2201718421456665
18.199999999999992,0.24143064079739984
18.39999999999999,0.26492384570611405
18.59999999999999,0.2907272811885602
18.79999999999999,0.31920082611017037
18.99999999999999,0.3506500260522833
19.19999999999999,0.385432075815233
19.399999999999988,0.42394894424824137
19.599999999999987,0.46665872127739577
19.799999999999986,0.5141372371654186
19.999999999999986,0.566395737920127
20.199999999999985,0.6251291745040622
20.399999999999984,0.6888688692812113
20.599999999999984,0.7615392636417099
20.799999999999983,0.8430944357794581
20.999999999999982,0.9350469415457525
21.19999999999998,1.0391546840382293
21.39999999999998,1.1573698690028473
21.59999999999998,1.2903388336051327
21.79999999999998,1.430702317595301
21.99999999999998,1.5988365606564197
22.199999999999978,1.7958196751211166
22.399999999999977,2.024217351256336
22.599999999999977,2.2898657247382324
22.799999999999976,2.600745022064906
22.999999999999975,2.9653721177738404
23.199999999999974,3.360829140338548
23.399999999999974,3.8136528301010095
23.599999999999973,4.390296541591825
23.799999999999972,5.074376208538415
23.99999999999997,5.890150270875537
24.19999999999997,6.863820644507272
24.39999999999997,8.027936383685908
24.59999999999997,9.421641876737327
24.79999999999997,10.943065332500003
24.999999999999968,12.865827120447095
25.199999999999967,15.210703997251597
25.399999999999967,18.025819859070968
25.599999999999966,21.40681893729663
25.799999999999965,25.468640987444672
25.999999999999964,30.349419068870535
26.199999999999964,36.21517660770855
26.399999999999963,43.1073642344371
26.599999999999962,51.541245893046344
26.79999999999996,61.67955323253948
26.99999999999996,73.86724794063713
