mags_ab,pos_errs_mas
16.0,0.3171787336074674
16.2,0.20425031160553722
16.4,0.22101708983371465
16.599999999999998,0.23673749686277853
16.799999999999997,0.25384775545797067
16.999999999999996,0.27232296657525285
17.199999999999996,0.28903907406738083
17.399999999999995,0.30655189522478205
17.599999999999994,0.19683846560153767
17.799999999999994,0.2133228268284263
17.999999999999993,0.23106058210565583
18.199999999999992,0.2005343679874381
18.39999999999999,0.19393840072704152
18.59999999999999,0.2124313936507973
18.79999999999999,0.23280357773825994
18.99999999999999,0.2552428493089624
19.19999999999999,0.28000517595092533
19.399999999999988,0.3073167229598088
19.599999999999987,0.3374971794467804
19.799999999999986,0.3708341593842009
19.999999999999986,0.407732860605356
20.199999999999985,0.4485408874990075
20.399999999999984,0.49389182298113804
20.599999999999984,0.5443704142711616
20.799999999999983,0.600425110503372
20.999999999999982,0.6635927848253741
21.19999999999998,0.7331567670821529
21.39999999999998,0.8120544576742
21.59999999999998,0.9003247879534512
21.79999999999998,0.9986731922309474
21.99999999999998,1.109259524309905
22.199999999999978,1.2368124896078938
22.399999999999977,1.3830886032663385
22.599999999999977,1.5499045377546132
22.799999999999976,1.741850058544824
22.999999999999975,1.9666206055183413
23.199999999999974,2.220946143931956
23.399999999999974,2.514668310741023
23.599999999999973,2.8620519758575385
23.799999999999972,3.2783627401070587
23.99999999999997,3.7718618724430053
24.19999999999997,4.35631998150165
24.39999999999997,5.024185877849356
24.59999999999997,5.847381199665196
24.79999999999997,6.811311259220608
24.999999999999968,7.983500463212712
25.199999999999967,9.327739169356278
25.399999999999967,10.996808835252601
25.599999999999966,12.954273207772811
25.799999999999965,15.13253541854257
25.999999999999964,17.868926237665057
26.199999999999964,21.135311698320187
26.399999999999963,25.159241072524786
26.599999999999962,29.99475675640234
26.79999999999996,35.8063535650165
26.99999999999996,42.7917492775005
