mags_ab,pos_errs_mas
16.0,0.18175569228419922
16.2,0.18669061072100596
16.4,0.2047009317070117
16.599999999999998,0.22457396891335793
16.799999999999997,0.2465397295430987
16.999999999999996,0.27083528295284165
17.199999999999996,0.2977418999438165
17.399999999999995,0.3275856786669587
17.599999999999994,0.36068467352717337
17.799999999999994,0.397496543682245
17.999999999999993,0.4382098999795134
18.199999999999992,0.4839896761929236
18.39999999999999,0.5353227955678662
18.59999999999999,0.5930797507268148
18.79999999999999,0.658112119193507
18.99999999999999,0.7317952019150402
19.19999999999999,0.8135569261810962
19.399999999999988,0.9086327749481896
19.599999999999987,1.0177644051466113
19.799999999999986,1.1436696880071167
19.999999999999986,1.2896378999428508
20.199999999999985,1.4577554802574837
20.399999999999984,1.6503349357388089
20.599999999999984,1.8743304144358581
20.799999999999983,2.144808492222786
20.999999999999982,2.464740807826713
21.19999999999998,2.84437818083134
21.39999999999998,3.296093479603865
21.59999999999998,3.794478116165745
21.79999999999998,4.410604955511629
21.99999999999998,5.16335702391438
22.199999999999978,6.064844216153452
22.399999999999977,7.145529774620356
22.599999999999977,8.442022588593012
22.799999999999976,9.950154416652476
22.999999999999975,11.807487249574017
23.199999999999974,14.038604188475267
23.399999999999974,16.719374121670924
23.599999999999973,19.94097795926095
23.799999999999972,23.813013954713664
23.99999999999997,28.467217193238692
24.19999999999997,34.06195114961921
24.39999999999997,40.787583862559806
24.59999999999997,48.87296687146991
24.79999999999997,58.593229020759814
24.999999999999968,70.27912812532492
25.199999999999967,84.32831219594502
25.399999999999967,101.21884814150064
25.599999999999966,121.525482257571
25.799999999999965,145.9392292593375
25.999999999999964,175.29083206896684
26.199999999999964,210.57905968121437
26.399999999999963,253.00473907776978
26.599999999999962,304.0115243120154
26.79999999999996,365.33508211069176
26.99999999999996,439.06210776745286
