mags_ab,pos_errs_mas
16.0,0.23811273285063173
16.2,0.25727405485790605
16.4,0.2774010801479677
16.599999999999998,0.2968409131639268
16.799999999999997,0.317881864064679
16.999999999999996,0.34051610424638284
17.199999999999996,0.21311880262300237
17.399999999999995,0.2310640165706156
17.599999999999994,0.25015667823225973
17.799999999999994,0.27107206155154234
17.999999999999993,0.21785850289717923
18.199999999999992,0.23726974599959122
18.39999999999999,0.21934108898213123
18.59999999999999,0.22191747550435686
18.79999999999999,0.2430645188491453
18.99999999999999,0.2664134997092094
19.19999999999999,0.29213170750279854
19.399999999999988,0.320510141481068
19.599999999999987,0.35185709658057807
19.799999999999986,0.38647395665459083
19.999999999999986,0.4247802182650885
20.199999999999985,0.4672081207921927
20.399999999999984,0.5142811995083116
20.599999999999984,0.5665667371164117
20.799999999999983,0.62464570517142
20.999999999999982,0.6896808643133405
21.19999999999998,0.7624548716727731
21.39999999999998,0.8439725737203998
21.59999999999998,0.9340740540681692
21.79999999999998,1.0373362112062832
21.99999999999998,1.153468754010055
22.199999999999978,1.2859182681894765
22.399999999999977,1.4363676052229657
22.599999999999977,1.6105634758156127
22.799999999999976,1.8080893343049034
22.999999999999975,2.0402406617427635
23.199999999999974,2.3013653315348024
23.399999999999974,2.6153482334991662
23.599999999999973,2.9789073787947586
23.799999999999972,3.4127257080377316
23.99999999999997,3.9176125668193484
24.19999999999997,4.525013627764076
24.39999999999997,5.2481060680798
24.59999999999997,6.084474942166472
24.79999999999997,7.107093302636435
24.999999999999968,8.330838152735657
25.199999999999967,9.796974375820042
25.399999999999967,11.555097579762599
25.599999999999966,13.664807966734486
25.799999999999965,16.197724438360858
25.999999999999964,19.23990874208082
26.199999999999964,22.806027305880292
26.399999999999963,27.175858693763757
26.599999999999962,32.42754555586301
26.79999999999996,38.73975957107197
26.99999999999996,46.32726067928533
