mags_ab,pos_errs_mas
16.0,inf
16.2,inf
16.4,0.25927924151406445
16.599999999999998,0.28401439364636605
16.799999999999997,0.30476108339237806
16.999999999999996,0.21223039478817532
17.199999999999996,0.2249390579753734
17.399999999999995,0.2427763730844048
17.599999999999994,0.26406594480914586
17.799999999999994,0.28074382100943573
17.999999999999993,0.30125219887917826
18.199999999999992,0.32472779807167707
18.39999999999999,0.18634986952187893
18.59999999999999,0.20254499376051124
18.79999999999999,0.21626795837645682
18.99999999999999,0.1695338027877646
19.19999999999999,0.1834109235286095
19.399999999999988,0.1986539381299013
19.599999999999987,0.21598486232143504
19.799999999999986,0.17745819337500982
19.999999999999986,0.1937278243298207
20.199999999999985,0.1772028893055714
20.399999999999984,0.19371641317859878
20.599999999999984,0.2118572639350165
20.799999999999983,0.19570606842629137
20.999999999999982,0.19767327840884252
21.19999999999998,0.19949547775657714
21.39999999999998,0.20987779817728042
21.59999999999998,0.2313280972651304
21.79999999999998,0.25539087311654257
21.99999999999998,0.28251963964606225
22.199999999999978,0.3132824906704884
22.399999999999977,0.3479529405750023
22.599999999999977,0.38741742648887345
22.799999999999976,0.4325328807969223
22.999999999999975,0.4844287021943061
23.199999999999974,0.5444501750867848
23.399999999999974,0.6139929564588944
23.599999999999973,0.6949137305203748
23.799999999999972,0.7896502614636598
23.99999999999997,0.9016848062710473
24.19999999999997,1.0335603578281696
24.39999999999997,1.1907123974221663
24.59999999999997,1.375927970549813
24.79999999999997,1.5965007351298417
24.999999999999968,1.8597386401458622
25.199999999999967,2.1744373850777774
25.399999999999967,2.551175460322604
25.599999999999966,3.002670313492466
25.799999999999965,3.5442056112049283
25.999999999999964,4.194148110456864
26.199999999999964,4.97775232593365
26.399999999999963,5.9154464968797384
26.599999999999962,7.042061704196632
26.79999999999996,8.39591627538106
26.99999999999996,10.023064916423168
