mags_ab,pos_errs_mas
16.0,0.23603161537510747
16.2,0.1750079472365773
16.4,0.18872204964407063
16.599999999999998,0.20249189055461422
16.799999999999997,0.21749909056229055
16.999999999999996,0.23369161009362582
17.199999999999996,0.19436798255022716
17.399999999999995,0.18831272334115357
17.599999999999994,0.20637668282536983
17.799999999999994,0.22630015552898164
17.999999999999993,0.24828962569921323
18.199999999999992,0.27242127602415367
18.39999999999999,0.2991033014257623
18.59999999999999,0.32864062958917517
18.79999999999999,0.361344492728343
18.99999999999999,0.39760123263611596
19.19999999999999,0.43787359425313094
19.399999999999988,0.4826660481297801
19.599999999999987,0.5320605265716574
19.799999999999986,0.5867775780401565
19.999999999999986,0.6479083267190839
20.199999999999985,0.714529245521634
20.399999999999984,0.7916214984164467
20.599999999999984,0.8784457301231507
20.799999999999983,0.9770819912098867
20.999999999999982,1.0892248600299248
21.19999999999998,1.2175458912977715
21.39999999999998,1.3559177719431723
21.59999999999998,1.495041138178581
21.79999999999998,1.6789962976723904
21.99999999999998,1.892427883742379
22.199999999999978,2.140533297428878
22.399999999999977,2.4303676118733595
22.599999999999977,2.7708883063475396
22.799999999999976,3.116291706085747
22.999999999999975,3.5514169298042475
23.199999999999974,4.042013029803328
23.399999999999974,4.6659674346499
23.599999999999973,5.40850623969115
23.799999999999972,6.294160191084681
23.99999999999997,7.352460137577151
24.19999999999997,8.515652545259961
24.39999999999997,9.9624872854634
24.59999999999997,11.639822958656314
24.79999999999997,13.743527876916376
24.999999999999968,16.268487885281157
25.199999999999967,19.300454164996466
25.399999999999967,22.942471443089953
25.599999999999966,27.31837866491981
25.799999999999965,32.577013772105175
25.999999999999964,38.68165182011894
26.199999999999964,46.225570289175174
26.399999999999963,55.293801964396174
26.599999999999962,66.1948909121371
26.79999999999996,79.29977553910584
26.99999999999996,95.05436903753217
