mags_ab,pos_errs_mas
16.0,0.2417740852263494
16.2,0.2575702749779906
16.4,0.18584872493727533
16.599999999999998,0.20038155047018005
16.799999999999997,0.21629102953464954
16.999999999999996,0.23360960642959647
17.199999999999996,0.2488865804830005
17.399999999999995,0.26507673078890687
17.599999999999994,0.19542430671054972
17.799999999999994,0.21196256913607442
17.999999999999993,0.18756344771205943
18.199999999999992,0.20553850429697756
18.39999999999999,0.22540767820518678
18.59999999999999,0.24730309397201083
18.79999999999999,0.2714605707158823
18.99999999999999,0.2981304541431176
19.19999999999999,0.3276547731407122
19.399999999999988,0.3603971410189071
19.599999999999987,0.39674826802492197
19.799999999999986,0.4370970180905287
19.999999999999986,0.48170655649050825
20.199999999999985,0.5317121556268171
20.399999999999984,0.5877684939986091
20.599999999999984,0.6507980049278335
20.799999999999983,0.7210890630890596
20.999999999999982,0.7995615881544075
21.19999999999998,0.8889589009546272
21.39999999999998,0.9915664468341442
21.59999999999998,1.1090516630867921
21.79999999999998,1.2418153078772485
21.99999999999998,1.3861918180085264
22.199999999999978,1.5621526927837568
22.399999999999977,1.7669139707945734
22.599999999999977,2.004214464377987
22.799999999999976,2.278599370699818
22.999999999999975,2.6078937266474163
23.199999999999974,2.9925159223456146
23.399999999999974,3.4534645644925663
23.599999999999973,4.001928424071954
23.799999999999972,4.609224922138113
23.99999999999997,5.346700577095925
24.19999999999997,6.257170355548319
24.39999999999997,7.3474213216973965
24.59999999999997,8.654283614150492
24.79999999999997,10.222021279841679
24.999999999999968,12.10382255492559
25.199999999999967,14.363603292366141
25.399999999999967,17.07817192574174
25.599999999999966,20.339833531557094
25.799999999999965,24.170346214993536
25.999999999999964,28.860142960481355
26.199999999999964,34.49725228359108
26.399999999999963,41.27348419063811
26.599999999999962,49.41940224650541
26.79999999999996,59.21219154757505
26.99999999999996,70.98506714906121
