mags_ab,pos_errs_mas
16.0,0.21595660558050148
16.2,0.16635939963855537
16.4,0.17905119556261911
16.599999999999998,0.19075296633693858
16.799999999999997,0.16000039458716714
16.999999999999996,0.17365083684278432
17.199999999999996,0.15279920762707033
17.399999999999995,0.16658213628555843
17.599999999999994,0.18164868893567657
17.799999999999994,0.16591519298242483
17.999999999999993,0.18116250309837198
18.199999999999992,0.1768809910450263
18.39999999999999,0.1779472049440563
18.59999999999999,0.18980840902935572
18.79999999999999,0.20802230947763925
18.99999999999999,0.22811227055293104
19.19999999999999,0.2502831547902526
19.399999999999988,0.27496604836712524
19.599999999999987,0.3020964427744328
19.799999999999986,0.3320208796487516
19.999999999999986,0.3651683421463953
20.199999999999985,0.40194911478136675
20.399999999999984,0.4428406942936909
20.599999999999984,0.48840454418625356
20.799999999999983,0.5395003338098546
20.999999999999982,0.59719559357518
21.19999999999998,0.66109040594523
21.39999999999998,0.7331138940666138
21.59999999999998,0.8141213875313275
21.79999999999998,0.9062615762925565
21.99999999999998,1.011525230544082
22.199999999999978,1.132232189050507
22.399999999999977,1.2713000219173936
22.599999999999977,1.433067373502951
22.799999999999976,1.6200207150460713
22.999999999999975,1.836219195095378
23.199999999999974,2.088257292984166
23.399999999999974,2.3873657854848394
23.599999999999973,2.7408876418212738
23.799999999999972,3.1600999146280895
23.99999999999997,3.6586182438075787
24.19999999999997,4.252857872105258
24.39999999999997,4.962585448789438
24.59999999999997,5.811582588889438
24.79999999999997,6.8190532980256195
24.999999999999968,8.034069345705328
25.199999999999967,9.491715102822956
25.399999999999967,11.241450153839207
25.599999999999966,13.342709362618864
25.799999999999965,15.866917024439402
25.999999999999964,18.8999082841336
26.199999999999964,22.544847308198488
26.399999999999963,26.925739324910687
26.599999999999962,32.19163098445703
26.79999999999996,38.52169957791292
26.99999999999996,46.131328662255044
