mags_ab,pos_errs_mas
16.0,0.28454764030097346
16.2,0.30156246638605294
16.4,0.3196182091780781
16.599999999999998,0.3267228546068007
16.799999999999997,0.3319668936542342
16.999999999999996,0.2298291987445695
17.199999999999996,0.2470350065060924
17.399999999999995,0.2659388914089198
17.599999999999994,0.28484700743638613
17.799999999999994,0.3050888228001799
17.999999999999993,0.2198323423436285
18.199999999999992,0.24083705564648084
18.39999999999999,0.2640304697093428
18.59999999999999,0.289610429225445
18.79999999999999,0.31786030601514204
18.99999999999999,0.3491446307602091
19.19999999999999,0.3835526976402553
19.399999999999988,0.42186402699019837
19.599999999999987,0.4642645210876283
19.799999999999986,0.5113484020605549
19.999999999999986,0.5639250642268716
20.199999999999985,0.622289614387478
20.399999999999984,0.688022297375165
20.599999999999984,0.760496654833356
20.799999999999983,0.8431546605231331
20.999999999999982,0.9329330891807166
21.19999999999998,1.0378351166291597
21.39999999999998,1.155094096658468
21.59999999999998,1.289816457201471
21.79999999999998,1.4419636191309897
21.99999999999998,1.6132038114557128
22.199999999999978,1.8171905122938357
22.399999999999977,2.0501300082346545
22.599999999999977,2.315918947343162
22.799999999999976,2.6371848992643856
22.999999999999975,3.005873740428224
23.199999999999974,3.439216730308395
23.399999999999974,3.963128674457386
23.599999999999973,4.585947007090568
23.799999999999972,5.328149362655169
23.99999999999997,6.145042306749334
24.19999999999997,7.186025166893449
24.39999999999997,8.380337702734066
24.59999999999997,9.861215068689907
24.79999999999997,11.589854949011052
24.999999999999968,13.601518469740355
25.199999999999967,16.121842656857122
25.399999999999967,18.940474503632323
25.599999999999966,22.42070172295503
25.799999999999965,26.706833651140766
25.999999999999964,31.857759075963184
26.199999999999964,38.04871189483935
26.399999999999963,45.49033296335377
26.599999999999962,54.4358182718091
26.79999999999996,65.18955879996103
26.99999999999996,78.11746433666328
