mags_ab,pos_errs_mas
16.0,0.3615305866315541
16.2,0.23247698324623733
16.4,0.25139177760890313
16.599999999999998,0.2692257764889985
16.799999999999997,0.2886343610321978
16.999999999999996,0.3095873330252175
17.199999999999996,0.32850367516545576
17.399999999999995,0.34830541905495827
17.599999999999994,0.22171425358194724
17.799999999999994,0.2406746456127576
17.999999999999993,0.2605888389905117
18.199999999999992,0.22399734113366265
18.39999999999999,0.2167586396729356
18.59999999999999,0.23562783595404763
18.79999999999999,0.2582833153044686
18.99999999999999,0.2832564590983291
19.19999999999999,0.31083990841392034
19.399999999999988,0.34134554240717424
19.599999999999987,0.3750535929090976
19.799999999999986,0.41241658666703834
19.999999999999986,0.4538569037547602
20.199999999999985,0.4999449648823476
20.399999999999984,0.5512283946815064
20.599999999999984,0.6083277679807418
20.799999999999983,0.672421905379058
20.999999999999982,0.7444652586591447
21.19999999999998,0.8249548510651405
21.39999999999998,0.9164324711213463
21.59999999999998,1.017519499680286
21.79999999999998,1.1350774324987547
21.99999999999998,1.268073233952339
22.199999999999978,1.422461741486854
22.399999999999977,1.5981870414862498
22.599999999999977,1.8012527003878798
22.799999999999976,2.040540910554975
22.999999999999975,2.3147705166519397
23.199999999999974,2.6427637696316975
23.399999999999974,3.02410854961545
23.599999999999973,3.467372865122238
23.799999999999972,4.006623424214149
23.99999999999997,4.636811920966627
24.19999999999997,5.3854925666174145
24.39999999999997,6.266415962195014
24.59999999999997,7.345295297493305
24.79999999999997,8.637868353407164
24.999999999999968,10.187858053931217
25.199999999999967,12.047808826845424
25.399999999999967,14.280860213894403
25.599999999999966,16.962886383344816
25.799999999999965,20.185068753632557
25.999999999999964,24.056989952540935
26.199999999999964,28.71035993141938
26.399999999999963,34.168954028436
26.599999999999962,40.8612219097499
26.79999999999996,48.90602304709863
26.99999999999996,58.577088178040874
