mags_ab,pos_errs_mas
16.0,0.23449806329913592
16.2,0.24701388660599272
16.4,0.24819823770935406
16.599999999999998,0.18610187982996704
16.799999999999997,0.20090574181775192
16.999999999999996,0.18826267839417504
17.199999999999996,0.20635025795299702
17.399999999999995,0.22630877755541481
17.599999999999994,0.24834997075382498
17.799999999999994,0.272616621433152
17.999999999999993,0.2993128873744003
18.199999999999992,0.3289976191519143
18.39999999999999,0.3619045230580557
18.59999999999999,0.3984380753401897
18.79999999999999,0.43907701444178326
18.99999999999999,0.48436144926723373
19.19999999999999,0.5346918956548115
19.399999999999988,0.5899325957686438
19.599999999999987,0.6528075670918406
19.799999999999986,0.7203802936443999
19.999999999999986,0.7995568307465175
20.199999999999985,0.8891783733186438
20.399999999999984,0.9912800347585761
20.599999999999984,1.1080034592517036
20.799999999999983,1.2422164632720176
20.999999999999982,1.3881943569766924
21.19999999999998,1.5439213207413898
21.39999999999998,1.7348357745160894
21.59999999999998,1.9648607702226004
21.79999999999998,2.233810315501695
21.99999999999998,2.550434164287509
22.199999999999978,2.923292978501515
22.399999999999977,3.3298275183001587
22.599999999999977,3.7917593505608234
22.799999999999976,4.348561933346303
22.999999999999975,5.049283432727702
23.199999999999974,5.887515853655122
23.399999999999974,6.8899447475455196
23.599999999999973,8.090303470984157
23.799999999999972,9.529142005656205
23.99999999999997,11.048006444537878
24.19999999999997,12.983260430459874
24.39999999999997,15.38891581889768
24.59999999999997,18.278224090090763
24.79999999999997,21.749416120592308
24.999999999999968,25.920539836086782
25.199999999999967,30.93348484092049
25.399999999999967,36.95879591230018
25.599999999999966,43.94995168252715
25.799999999999965,52.597928461455744
25.999999999999964,62.99406179694622
26.199999999999964,75.49209991008493
26.399999999999963,90.51733835571413
26.599999999999962,108.58103557482391
26.79999999999996,130.29787655890115
26.99999999999996,156.4068234329048
