mags_ab,pos_errs_mas
16.0,0.2039284101184682
16.2,0.1724582650898502
16.4,0.17560296193898414
16.599999999999998,0.18782551345834617
16.799999999999997,0.2060005532190425
16.999999999999996,0.22605820998032305
17.199999999999996,0.248227225160762
17.399999999999995,0.2727629951494948
17.599999999999994,0.2999559965068852
17.799999999999994,0.33014367567108543
17.999999999999993,0.36381513293854056
18.199999999999992,0.4012276107306907
18.39999999999999,0.4428361379693627
18.59999999999999,0.48950673573567527
18.79999999999999,0.5419480623859672
18.99999999999999,0.6012341114236468
19.19999999999999,0.6681381257992297
19.399999999999988,0.7442015891164965
19.599999999999987,0.8304210773453644
19.799999999999986,0.9292645280826863
19.999999999999986,1.0431923971055488
20.199999999999985,1.1751791028678358
20.399999999999984,1.3287491934090996
20.599999999999984,1.507596657350384
20.799999999999983,1.7178986226699196
20.999999999999982,1.9657431631718356
21.19999999999998,2.2588984816952955
21.39999999999998,2.6001292781661336
21.59999999999998,3.003834188317991
21.79999999999998,3.4929751254355947
21.99999999999998,4.077274013389207
22.199999999999978,4.776320554371711
22.399999999999977,5.6136695858870205
22.599999999999977,6.573851299573312
22.799999999999976,7.749601961335971
22.999999999999975,9.178131073750219
23.199999999999974,10.89365210738376
23.399999999999974,12.95447832097195
23.599999999999973,15.430687427703282
23.799999999999972,18.35737434528802
23.99999999999997,21.922601366293527
24.19999999999997,26.20803157781162
24.39999999999997,31.35947700527476
24.59999999999997,37.55222088501716
24.79999999999997,44.996986783907
24.999999999999968,53.9471008125899
25.199999999999967,64.70711626343581
25.399999999999967,77.64317501148012
25.599999999999966,93.19546090128469
25.799999999999965,111.89320233943978
25.999999999999964,134.37263963325404
26.199999999999964,161.39869721146172
26.399999999999963,193.89104754571997
26.599999999999962,232.95533487555062
26.79999999999996,279.92084490758873
26.99999999999996,336.38570234754957
