mags_ab,pos_errs_mas
16.0,0.17603746984393762
16.2,0.17864777308335092
16.4,0.19259750392676028
16.599999999999998,0.21122741510503354
16.799999999999997,0.23180764650496263
16.999999999999996,0.25455957080824104
17.199999999999996,0.27974303488391045
17.399999999999995,0.3076559378777897
17.599999999999994,0.33864492198207924
17.799999999999994,0.3730186180372132
17.999999999999993,0.4112671385175533
18.199999999999992,0.45370390614050965
18.39999999999999,0.5014868872965097
18.59999999999999,0.5551664958321156
18.79999999999999,0.6156037121627786
18.99999999999999,0.6839645495189197
19.19999999999999,0.761510156073292
19.399999999999988,0.8472569944597004
19.599999999999987,0.9476989770420388
19.799999999999986,1.0633254222893713
19.999999999999986,1.1971028845330576
20.199999999999985,1.3525921121051223
20.399999999999984,1.5316983194991844
20.599999999999984,1.7365734446769263
20.799999999999983,1.9749776230579688
20.999999999999982,2.264832596068075
21.19999999999998,2.60825923501376
21.39999999999998,3.0163631321040087
21.59999999999998,3.502538058976683
21.79999999999998,4.031738879666183
21.99999999999998,4.691041726676673
22.199999999999978,5.500242569723145
22.399999999999977,6.469803687781326
22.599999999999977,7.632529266729926
22.799999999999976,9.027840396273856
22.999999999999975,10.642411155780017
23.199999999999974,12.640076146274804
23.399999999999974,15.040043914118172
23.599999999999973,17.92393315057202
23.799999999999972,21.389844653801045
23.99999999999997,25.555690231119424
24.19999999999997,30.563212057760456
24.39999999999997,36.58279421536364
24.59999999999997,43.81926156297927
24.79999999999997,52.51885434112302
24.999999999999968,62.97759836416951
25.199999999999967,75.55138327246732
25.399999999999967,90.66807003365375
25.599999999999966,108.84204469680317
25.799999999999965,130.69174955039955
25.999999999999964,156.96067874573944
26.199999999999964,188.54270450947453
26.399999999999963,226.5125359023744
26.599999999999962,272.1622032976954
26.79999999999996,327.04508002821655
26.99999999999996,393.0287013880055
