mags_ab,pos_errs_mas
16.0,0.24242863645448331
16.2,0.2572192804099437
16.4,0.26359799418376695
16.599999999999998,0.26867530332579076
16.799999999999997,0.1922878255783736
16.999999999999996,0.20823009799190564
17.199999999999996,0.22347088711359345
17.399999999999995,0.19943826212053742
17.599999999999994,0.19740992640311053
17.799999999999994,0.2163823298231942
17.999999999999993,0.23728791922463782
18.199999999999992,0.26035224090255416
18.39999999999999,0.28581287187860777
18.59999999999999,0.3139432172154904
18.79999999999999,0.3450552107323113
18.99999999999999,0.3795984970118743
19.19999999999999,0.4179504106500509
19.399999999999988,0.4598046544468362
19.599999999999987,0.5069681338149844
19.799999999999986,0.5596104471652236
19.999999999999986,0.6179666510747797
20.199999999999985,0.683142353528508
20.399999999999984,0.7562308311459587
20.599999999999984,0.838341543111345
20.799999999999983,0.9322035953378391
20.999999999999982,1.0392525541675317
21.19999999999998,1.152336181417472
21.39999999999998,1.2841691814757596
21.59999999999998,1.4321860526691772
21.79999999999998,1.6071701943745764
21.99999999999998,1.8124371703117554
22.199999999999978,2.050724508869197
22.399999999999977,2.3227313178286986
22.599999999999977,2.61686972116553
22.799999999999976,2.9856763985777706
22.999999999999975,3.417903078710638
23.199999999999974,3.9282395638477383
23.399999999999974,4.497991007208988
23.599999999999973,5.2182280518149895
23.799999999999972,6.003600172373129
23.99999999999997,6.978218866194661
24.19999999999997,8.172882248409078
24.39999999999997,9.603801008483739
24.59999999999997,11.235057609956822
24.79999999999997,13.271429851893119
24.999999999999968,15.715785276554563
25.199999999999967,18.651149271717546
25.399999999999967,22.177294633566525
25.599999999999966,26.414124300599322
25.799999999999965,31.50575247565552
25.999999999999964,37.39048225848766
26.199999999999964,44.68597087654759
26.399999999999963,53.45561311625372
26.599999999999962,63.99779713513998
26.79999999999996,76.67124605896623
26.99999999999996,91.90719286319413
