mags_ab,pos_errs_mas
16.0,0.21427628949571734
16.2,0.16622289156205008
16.4,0.17879286104636788
16.599999999999998,0.1909944367928098
16.799999999999997,0.15996963549864218
16.999999999999996,0.17256014622798707
17.199999999999996,0.15451945041535484
17.399999999999995,0.1684090825747342
17.599999999999994,0.15609444568892783
17.799999999999994,0.1704113213749021
17.999999999999993,0.1663753214261325
18.199999999999992,0.1684710361799128
18.39999999999999,0.17516437714194788
18.59999999999999,0.17972890022089535
18.79999999999999,0.19234258218954958
18.99999999999999,0.21097169153166279
19.19999999999999,0.23156873247478832
19.399999999999988,0.25436484779683705
19.599999999999987,0.27978142842985204
19.799999999999986,0.3079262492216207
19.999999999999986,0.3390696471140885
20.199999999999985,0.3737592385627207
20.399999999999984,0.41248980418236636
20.599999999999984,0.45585755455320015
20.799999999999983,0.5045738799960776
20.999999999999982,0.5594951380650525
21.19999999999998,0.6225810390298615
21.39999999999998,0.6930830904965737
21.59999999999998,0.7735264427270309
21.79999999999998,0.8657548576609472
21.99999999999998,0.9719878209391588
22.199999999999978,1.0949473893936157
22.399999999999977,1.2379917171222439
22.599999999999977,1.4041565917882008
22.799999999999976,1.6004665047773659
22.999999999999975,1.8307976559880017
23.199999999999974,2.103238437945663
23.399999999999974,2.426456156669057
23.599999999999973,2.810973498127979
23.799999999999972,3.2694743339009444
23.99999999999997,3.811311982786165
24.19999999999997,4.461943360934094
24.39999999999997,5.243262647778673
24.59999999999997,6.180004519865963
24.79999999999997,7.303911902717258
24.999999999999968,8.65312636234788
25.199999999999967,10.273483634077138
25.399999999999967,12.22006446284747
25.599999999999966,14.559066390305137
25.799999999999965,17.35696586558953
25.999999999999964,20.731117427255022
26.199999999999964,24.786911175471765
26.399999999999963,29.662352344513625
26.599999999999962,35.52332915510347
26.79999999999996,42.56927852977309
26.99999999999996,51.03995090954202
