mags_ab,pos_errs_mas
16.0,0.25004895285194034
16.2,0.2662122446275393
16.4,0.28352741616536703
16.599999999999998,0.29298817663888754
16.799999999999997,0.19908736128953936
16.999999999999996,0.21513018804809603
17.199999999999996,0.23132772343708247
17.399999999999995,0.2489415247751355
17.599999999999994,0.26638464597101247
17.799999999999994,0.20041648166175127
17.999999999999993,0.21751452479421182
18.199999999999992,0.20049489477940008
18.39999999999999,0.2050314161875889
18.59999999999999,0.22471108499032683
18.79999999999999,0.24639347181259685
18.99999999999999,0.2703450955656584
19.19999999999999,0.2967654752296758
19.399999999999988,0.32601559770330457
19.599999999999987,0.35834277063439274
19.799999999999986,0.39408933266627916
19.999999999999986,0.43366297265981235
20.199999999999985,0.47779347527508936
20.399999999999984,0.5269459966796821
20.599999999999984,0.5818899076238472
20.799999999999983,0.6432249741822548
20.999999999999982,0.7121851165786695
21.19999999999998,0.7884600322539028
21.39999999999998,0.8759753399212378
21.59999999999998,0.9741425791570443
21.79999999999998,1.0834048459709116
21.99999999999998,1.206636128371008
22.199999999999978,1.3524071271721254
22.399999999999977,1.5165294484068665
22.599999999999977,1.7099362573446542
22.799999999999976,1.9296490233193868
22.999999999999975,2.191525951146247
23.199999999999974,2.494663620041892
23.399999999999974,2.842198271882522
23.599999999999973,3.2483309148887707
23.799999999999972,3.7460657326252482
23.99999999999997,4.338049144443608
24.19999999999997,5.010437048551922
24.39999999999997,5.843171926483141
24.59999999999997,6.839090381949899
24.79999999999997,8.03171519675856
24.999999999999968,9.46133897129117
25.199999999999967,11.176387207594615
25.399999999999967,13.235048786266042
25.599999999999966,15.70724905725062
25.799999999999965,18.677019343286943
25.999999999999964,22.13520514265351
26.199999999999964,26.3971110493639
26.399999999999963,31.519434550382556
26.599999999999962,37.676447938040305
26.79999999999996,45.07764385586323
26.99999999999996,53.974851378017966
