mags_ab,pos_errs_mas
16.0,inf
16.2,inf
16.4,0.2587699804319287
16.599999999999998,0.2833756633486795
16.799999999999997,0.30261392306347246
16.999999999999996,0.21041568980700748
17.199999999999996,0.22475943983217525
17.399999999999995,0.23930762396260374
17.599999999999994,0.1859141659426598
17.799999999999994,0.19940735456816866
17.999999999999993,0.21543412878067605
18.199999999999992,0.23431348098496294
18.39999999999999,0.18920643884519087
18.59999999999999,0.20595880254767115
18.79999999999999,0.22407519543236296
18.99999999999999,0.188182951960882
19.19999999999999,0.20532675685313156
19.399999999999988,0.19671841029250878
19.599999999999987,0.19895261990074978
19.799999999999986,0.2010957494527705
19.999999999999986,0.22052350398563023
20.199999999999985,0.24201318794295387
20.399999999999984,0.26593440048497463
20.599999999999984,0.292353734328605
20.799999999999983,0.3216354116592396
20.999999999999982,0.3541994938494141
21.19999999999998,0.3904711828735758
21.39999999999998,0.43096737242641
21.59999999999998,0.47633365546882683
21.79999999999998,0.5273209093884187
21.99999999999998,0.5850586202623624
22.199999999999978,0.6500513146003896
22.399999999999977,0.7245110570092023
22.599999999999977,0.8088252679113427
22.799999999999976,0.905568197900089
22.999999999999975,1.017001823364363
23.199999999999974,1.1461746225978928
23.399999999999974,1.2964482758712639
23.599999999999973,1.4722762429505962
23.799999999999972,1.6779605165053288
23.99999999999997,1.919816685168897
24.19999999999997,2.205476063419504
24.39999999999997,2.5455306531201143
24.59999999999997,2.950187224206562
24.79999999999997,3.4328100778362676
24.999999999999968,3.995783496726332
25.199999999999967,4.681674913995789
25.399999999999967,5.503312757837072
25.599999999999966,6.4884820066427125
25.799999999999965,7.670571348309029
25.999999999999964,9.089703661421701
26.199999999999964,10.794092928089471
26.399999999999963,12.841680714336528
26.599999999999962,15.302100753089505
26.79999999999996,18.259047374191606
26.99999999999996,21.78690337741022
