mags_ab,pos_errs_mas
16.0,0.23435685692471106
16.2,0.2483291554526068
16.4,0.25316691916823963
16.599999999999998,0.18023335579516223
16.799999999999997,0.19423936732205008
16.999999999999996,0.20955788953849325
17.199999999999996,0.22394831474951726
17.399999999999995,0.18860591001899282
17.599999999999994,0.1890762675106314
17.799999999999994,0.20718889253153397
17.999999999999993,0.2271576248962308
18.199999999999992,0.24918461722225324
18.39999999999999,0.2734091721185019
18.59999999999999,0.3001416474917582
18.79999999999999,0.3296882108500405
18.99999999999999,0.36237109319438904
19.19999999999999,0.39856727181682944
19.399999999999988,0.4387231721964682
19.599999999999987,0.483333126980598
19.799999999999986,0.5323882833967778
19.999999999999986,0.5872904650951065
20.199999999999985,0.6482769953113189
20.399999999999984,0.7151265503530108
20.599999999999984,0.7917428858985615
20.799999999999983,0.8779457008588386
20.999999999999982,0.9756569794670406
21.19999999999998,1.0865708405851844
21.39999999999998,1.213235745141918
21.59999999999998,1.3480187631532445
21.79999999999998,1.4960164208379076
21.99999999999998,1.679681989306093
22.199999999999978,1.8925750099430916
22.399999999999977,2.1399436707593305
22.599999999999977,2.42944468294965
22.799999999999976,2.7684570861003808
22.999999999999975,3.13661223855749
23.199999999999974,3.5610895347986387
23.399999999999974,4.056939992862834
23.599999999999973,4.682899252235297
23.799999999999972,5.429387191965856
23.99999999999997,6.319854395073243
24.19999999999997,7.384005761840188
24.39999999999997,8.657571280913603
24.59999999999997,10.039281272251179
24.79999999999997,11.691978063735313
24.999999999999968,13.806147835336354
25.199999999999967,16.343707500214208
25.399999999999967,19.390836125742258
25.599999999999966,23.051097288828128
25.799999999999965,27.448952146428717
25.999999999999964,32.73398205143123
26.199999999999964,39.085976541889636
26.399999999999963,46.425313848266974
26.599999999999962,55.531751606776645
26.79999999999996,66.47876793691296
26.99999999999996,79.63884528525614
