mags_ab,pos_errs_mas
16.0,0.2137886425291225
16.2,0.232423685332788
16.4,0.25115794029798116
16.599999999999998,0.2657644147368215
16.799999999999997,0.2837587824480409
16.999999999999996,0.16726700119832016
17.199999999999996,0.178957787840652
17.399999999999995,0.19416418636486754
17.599999999999994,0.15383882774320978
17.799999999999994,0.16390110112859102
17.999999999999993,0.176809058453236
18.199999999999992,0.19068268913400546
18.39999999999999,0.15685788295883554
18.59999999999999,0.17121683735115836
18.79999999999999,0.15751873893273594
18.99999999999999,0.1721361206898082
19.19999999999999,0.18818896451395073
19.399999999999988,0.17509757146873375
19.599999999999987,0.17752762111924297
19.799999999999986,0.17992061614166013
19.999999999999986,0.18960682761148237
20.199999999999985,0.20858301707046642
20.399999999999984,0.22975387007285752
20.599999999999984,0.25343096528100356
20.799999999999983,0.28010040852311163
20.999999999999982,0.3101211381570755
21.19999999999998,0.3438597135504808
21.39999999999998,0.38224513639517926
21.59999999999998,0.4258424354050283
21.79999999999998,0.4756407773897099
21.99999999999998,0.5328441032091084
22.199999999999978,0.5988844209551427
22.399999999999977,0.6754996317253542
22.599999999999977,0.7653630413960865
22.799999999999976,0.8709960330258415
22.999999999999975,0.9945115576618683
23.199999999999974,1.139847617717262
23.399999999999974,1.3119938605920825
23.599999999999973,1.5165069930209352
23.799999999999972,1.7600899065015057
23.99999999999997,2.0508174323980684
24.19999999999997,2.3984077356806397
24.39999999999997,2.8145483351082294
24.59999999999997,3.315588872496585
24.79999999999997,3.9139353068942606
24.999999999999968,4.632071320721794
25.199999999999967,5.494384113054716
25.399999999999967,6.5301790697051825
25.599999999999966,7.774675169003768
25.799999999999965,9.270200822935724
25.999999999999964,11.067630705506115
26.199999999999964,13.22811708480201
26.399999999999963,15.825172883588897
26.599999999999962,18.947162719632807
26.79999999999996,22.700320797164373
26.99999999999996,27.212354264092816
