mags_ab,pos_errs_mas
16.0,0.16557866643117344
16.2,0.17944765397487983
16.4,0.15782898505363482
16.599999999999998,0.17223801329830757
16.799999999999997,0.188064290743601
16.999999999999996,0.17887900391701128
17.199999999999996,0.19617353032050058
17.399999999999995,0.21531125115670324
17.599999999999994,0.23644690360407025
17.799999999999994,0.2598575037657274
17.999999999999993,0.28582407682191097
18.199999999999992,0.3146767989005851
18.39999999999999,0.34680283996761524
18.59999999999999,0.382907514201579
18.79999999999999,0.4230118738734543
18.99999999999999,0.4679974842156265
19.19999999999999,0.5186370047790356
19.399999999999988,0.5758798871923647
19.599999999999987,0.6411081504375055
19.799999999999986,0.7151729605423943
19.999999999999986,0.8000124435304148
20.199999999999985,0.8975160682784242
20.399999999999984,1.0101428018584728
20.599999999999984,1.1410040250662643
20.799999999999983,1.2937738765592797
20.999999999999982,1.472921792525834
21.19999999999998,1.6837759132278871
21.39999999999998,1.932831611424027
21.59999999999998,2.2281418459023516
21.79999999999998,2.5792931416956493
21.99999999999998,2.997844711311384
22.199999999999978,3.4977154107707857
22.399999999999977,4.0956524321264
22.599999999999977,4.811792876563136
22.799999999999976,5.670341362081072
22.999999999999975,6.700386588522562
23.199999999999974,7.936882463816594
23.399999999999974,9.421833414706422
23.599999999999973,11.205715265763025
23.799999999999972,13.349191593176917
23.99999999999997,15.92517077122823
24.19999999999997,19.021290303059715
24.39999999999997,22.742890278529785
24.59999999999997,27.216598516643597
24.79999999999997,32.5946411329207
24.999999999999968,39.0600172122816
25.199999999999967,46.832728330189155
25.399999999999967,56.177263236199046
25.599999999999966,67.41159391607066
25.799999999999965,80.91801302258574
25.999999999999964,97.1561117268046
26.199999999999964,116.6784359407374
26.399999999999963,140.14931186987442
26.599999999999962,168.36740334504563
26.79999999999996,202.29291869826804
26.99999999999996,243.0802639162128
