mags_ab,pos_errs_mas
16.0,0.23818703464709587
16.2,0.25723629711359813
16.4,0.2791336542723348
16.599999999999998,0.2113359532297329
16.799999999999997,0.22925571850848248
16.999999999999996,0.24921050068471218
17.199999999999996,0.20700825390005612
17.399999999999995,0.22539692933293384
17.599999999999994,0.24524732602482593
17.799999999999994,0.21176206298658798
17.999999999999993,0.23074534528123986
18.199999999999992,0.25147157849139357
18.39999999999999,0.2234850394814422
18.59999999999999,0.2126996866554942
18.79999999999999,0.2163483579022748
18.99999999999999,0.2207140579493293
19.19999999999999,0.2418608174625171
19.399999999999988,0.2652554521958007
19.599999999999987,0.29107141288851496
19.799999999999986,0.3196161901937606
19.999999999999986,0.3512089793947315
20.199999999999985,0.38631775869703516
20.399999999999984,0.4251906963286053
20.599999999999984,0.46848290150415256
20.799999999999983,0.51668571484769
20.999999999999982,0.5706356260139289
21.19999999999998,0.6310176321974112
21.39999999999998,0.6988337181468367
21.59999999999998,0.7763228852673423
21.79999999999998,0.8629699417890327
21.99999999999998,0.961440817655405
22.199999999999978,1.0741820016781787
22.399999999999977,1.2022883426864017
22.599999999999977,1.3510559220614229
22.799999999999976,1.5227076313253753
22.999999999999975,1.724554409303339
23.199999999999974,1.9572395055939829
23.399999999999974,2.2315610862454545
23.599999999999973,2.555030554309309
23.799999999999972,2.937821961844297
23.99999999999997,3.3922316051259913
24.19999999999997,3.9330987862638263
24.39999999999997,4.578304852477514
24.59999999999997,5.34937434534604
24.79999999999997,6.272199606282835
24.999999999999968,7.377907264157655
25.199999999999967,8.692696795183373
25.399999999999967,10.278696322997266
25.599999999999966,12.182811526812493
25.799999999999965,14.469738170715582
25.999999999999964,17.217222903858637
26.199999999999964,20.51870453219802
26.399999999999963,24.486490352090335
26.599999999999962,29.25556538570249
26.79999999999996,34.98819702459386
26.99999999999996,41.879437030345876
