mags_ab,pos_errs_mas
16.0,0.2516483410757829
16.2,0.26688039750886133
16.4,0.2830702731443087
16.599999999999998,0.28983914959032747
16.799999999999997,0.2951026029492206
16.999999999999996,0.20868730555417933
17.199999999999996,0.22466863256303668
17.399999999999995,0.24224941238571499
17.599999999999994,0.21377761420303584
17.799999999999994,0.20999760676708645
17.999999999999993,0.23021218310295585
18.199999999999992,0.25251169593762585
18.39999999999999,0.27718048880458585
18.59999999999999,0.304372028606081
18.79999999999999,0.3345400380604609
18.99999999999999,0.36790837787503783
19.19999999999999,0.4047609760416498
19.399999999999988,0.44555621723559735
19.599999999999987,0.4912537155104203
19.799999999999986,0.5423229637808403
19.999999999999986,0.5990678604087672
20.199999999999985,0.6629685913446394
20.399999999999984,0.7342168326289887
20.599999999999984,0.8143958118082862
20.799999999999983,0.906176026993669
20.999999999999982,1.0068963382213052
21.19999999999998,1.1199400048718076
21.39999999999998,1.2492321902608956
21.59999999999998,1.402515243854989
21.79999999999998,1.5705444998405222
21.99999999999998,1.7735282732026107
22.199999999999978,2.0056994705457516
22.399999999999977,2.2756246445527255
22.599999999999977,2.582143988350594
22.799999999999976,2.9488510108295776
22.999999999999975,3.391336683797589
23.199999999999974,3.917539417061492
23.399999999999974,4.532753152342719
23.599999999999973,5.227454167829358
23.799999999999972,6.068037947379536
23.99999999999997,7.106551671128305
24.19999999999997,8.323804824719035
24.39999999999997,9.727731943375845
24.59999999999997,11.38941832314663
24.79999999999997,13.47876155646977
24.999999999999968,15.87804086680735
25.199999999999967,18.864601188164414
25.399999999999967,22.45275446775711
25.599999999999966,26.764536115565992
25.799999999999965,31.94662489446239
25.999999999999964,38.17531991072459
26.199999999999964,45.66254809334089
26.399999999999963,54.663076403312786
26.599999999999962,65.48315964310174
26.79999999999996,78.07146193475853
26.99999999999996,93.61205011237851
