mags_ab,pos_errs_mas
16.0,0.20906871688704853
16.2,0.22649796611324974
16.4,0.24546163748488115
16.599999999999998,0.18553732976975118
16.799999999999997,0.20081895087116122
16.999999999999996,0.21776581758678223
17.199999999999996,0.23601313921171357
17.399999999999995,0.25626919710928486
17.599999999999994,0.18583548549873224
17.799999999999994,0.20229640572061125
17.999999999999993,0.22018155086283836
18.199999999999992,0.1830014996441801
18.39999999999999,0.19968695943988443
18.59999999999999,0.18471214842484643
18.79999999999999,0.18073555616374715
18.99999999999999,0.18236466771628
19.19999999999999,0.18754859510424488
19.399999999999988,0.19549005079814236
19.599999999999987,0.20350647148919176
19.799999999999986,0.22347611557822475
19.999999999999986,0.24559289426828362
20.199999999999985,0.2701892523341965
20.399999999999984,0.29757927527618444
20.599999999999984,0.3281826298486415
20.799999999999983,0.36240730875079563
20.999999999999982,0.4008547426393545
21.19999999999998,0.44420229700902125
21.39999999999998,0.4931656880965626
21.59999999999998,0.5487387040581007
21.79999999999998,0.612055883255694
21.99999999999998,0.6845986253258044
22.199999999999978,0.7686001641035696
22.399999999999977,0.8651953113398589
22.599999999999977,0.9774777063607375
22.799999999999976,1.1086108262923964
22.999999999999975,1.2624424542383539
23.199999999999974,1.4436440283577576
23.399999999999974,1.6578756465487103
23.599999999999973,1.9119820336009057
23.799999999999972,2.214783446329781
23.99999999999997,2.574814660054018
24.19999999999997,3.004849395391015
24.39999999999997,3.519301340251145
24.59999999999997,4.135500844162422
24.79999999999997,4.874279722405162
24.999999999999968,5.760670864103079
25.199999999999967,6.82475699686769
25.399999999999967,8.10268624442277
25.599999999999966,9.637899951466602
25.799999999999965,11.482607075946149
25.999999999999964,13.699554159024247
26.199999999999964,16.36416265958383
26.399999999999963,19.56709453600121
26.599999999999962,23.417329354800597
26.79999999999996,28.045877724487315
26.99999999999996,33.61023274034676
