mags_ab,pos_errs_mas
16.0,0.3744439790418249
16.2,0.401060660144986
16.4,0.2740516126411377
16.599999999999998,0.2970960933624386
16.799999999999997,0.32058518476148556
16.999999999999996,0.3474901462057505
17.199999999999996,0.2633952341247603
17.399999999999995,0.2855835767872153
17.599999999999994,0.30923918153562097
17.799999999999994,0.33540126086777594
17.999999999999993,0.24137941555795936
18.199999999999992,0.26289567045088463
18.39999999999999,0.28600871769493214
18.59999999999999,0.2360162591212325
18.79999999999999,0.25737886604586774
18.99999999999999,0.2363832719568362
19.19999999999999,0.25807718590868545
19.399999999999988,0.2510042566652163
19.599999999999987,0.2518515650370111
19.799999999999986,0.24432646744809575
19.999999999999986,0.2525557654070222
20.199999999999985,0.2768445244581383
20.399999999999984,0.30370758329497716
20.599999999999984,0.3335136526688527
20.799999999999983,0.3664827921752082
20.999999999999982,0.4030631434516872
21.19999999999998,0.44373633466416085
21.39999999999998,0.4890606629120222
21.59999999999998,0.5396987668239159
21.79999999999998,0.596340236897465
21.99999999999998,0.6599788811892082
22.199999999999978,0.7317088584793239
22.399999999999977,0.8128368257313637
22.599999999999977,0.9054323672497915
22.799999999999976,1.0105216806673578
22.999999999999975,1.1310219155811911
23.199999999999974,1.2694746188341817
23.399999999999974,1.4296435638161693
23.599999999999973,1.6163199617915942
23.799999999999972,1.8336694792040182
23.99999999999997,2.089454256017431
24.19999999999997,2.3901438778637805
24.39999999999997,2.7456247239101232
24.59999999999997,3.165383247038568
24.79999999999997,3.6662561718560474
24.999999999999968,4.26344266823015
25.199999999999967,4.9768258200874484
25.399999999999967,5.83032515827022
25.599999999999966,6.852701208239506
25.799999999999965,8.078523894040055
25.999999999999964,9.549334630016887
26.199999999999964,11.315053016307662
26.399999999999963,13.43566904740334
26.599999999999962,15.966393229026446
26.79999999999996,19.02164110620577
26.99999999999996,22.69338539789635
