mags_ab,pos_errs_mas
16.0,0.16013271318075062
16.2,0.15389701153424898
16.4,0.1488782728941803
16.599999999999998,0.14955510582059217
16.799999999999997,0.16320163299783372
16.999999999999996,0.17044171099687916
17.199999999999996,0.14541456151245913
17.399999999999995,0.15588603241137172
17.599999999999994,0.14984005420634489
17.799999999999994,0.164026554618829
17.999999999999993,0.16701475769370605
18.199999999999992,0.1747183104432852
18.39999999999999,0.18461100677614137
18.59999999999999,0.2032022968431072
18.79999999999999,0.22401961209140633
18.99999999999999,0.2473027905474037
19.19999999999999,0.2734371702752036
19.399999999999988,0.3028931981852554
19.599999999999987,0.3362196774283163
19.799999999999986,0.3740791569295161
19.999999999999986,0.4175708919541386
20.199999999999985,0.4672261638497152
20.399999999999984,0.5242961280732428
20.599999999999984,0.5903545805351588
20.799999999999983,0.6671870663827681
20.999999999999982,0.7573294203292723
21.19999999999998,0.8628329655523725
21.39999999999998,0.9874523220588091
21.59999999999998,1.1344099479239096
21.79999999999998,1.3087748772099117
21.99999999999998,1.5162262884950721
22.199999999999978,1.7636090118753993
22.399999999999977,2.0591644058545704
22.599999999999977,2.4152826659518083
22.799999999999976,2.8391947619345075
22.999999999999975,3.347485605736451
23.199999999999974,3.9573823267518042
23.399999999999974,4.689586861575854
23.599999999999973,5.570689410907223
23.799999999999972,6.627310567213972
23.99999999999997,7.8969661356538134
24.19999999999997,9.422845718082588
24.39999999999997,11.256860889870518
24.59999999999997,13.461411329745493
24.79999999999997,16.111508916748797
24.999999999999968,19.29732718957054
25.199999999999967,23.127271255774602
25.399999999999967,27.731664987312012
25.599999999999966,33.26718442186615
25.799999999999965,39.9221970956173
25.999999999999964,47.923156915873385
26.199999999999964,57.5423182811135
26.399999999999963,69.10701264643045
26.599999999999962,83.01076102708187
26.79999999999996,99.72668215442441
26.99999999999996,119.82357919104524
