mags_ab,pos_errs_mas
16.0,0.24012778559096096
16.2,0.25902876637359923
16.4,0.2797809107059396
16.599999999999998,0.3013133579598094
16.799999999999997,0.2092279099071093
16.999999999999996,0.2259652050969856
17.199999999999996,0.24501030001741358
17.399999999999995,0.26538014135058324
17.599999999999994,0.20576241638423381
17.799999999999994,0.22375529441302505
17.999999999999993,0.24334829431829103
18.199999999999992,0.2646005308665148
18.39999999999999,0.2878968040628226
18.59999999999999,0.2089421372692596
18.79999999999999,0.22785379089793423
18.99999999999999,0.24852545954571634
19.19999999999999,0.21498800137068322
19.399999999999988,0.20381674151797288
19.599999999999987,0.22285179126953134
19.799999999999986,0.22098479405244104
19.999999999999986,0.2249659875527788
20.199999999999985,0.22248946025451682
20.399999999999984,0.24023605493732908
20.599999999999984,0.2644880827383227
20.799999999999983,0.2915759420597681
20.999999999999982,0.3219207449005427
21.19999999999998,0.35607320971665607
21.39999999999998,0.39461002072186263
21.59999999999998,0.4382137575193045
21.79999999999998,0.4880445521325629
21.99999999999998,0.5447135879469537
22.199999999999978,0.609900266734948
22.399999999999977,0.6851313053123635
22.599999999999977,0.7720899303687279
22.799999999999976,0.8740826244675958
22.999999999999975,0.9925631995399921
23.199999999999974,1.1317557619304068
23.399999999999974,1.2959301131238325
23.599999999999973,1.4902564406483685
23.799999999999972,1.720983910783892
23.99999999999997,1.9956523394219041
24.19999999999997,2.32334788057598
24.39999999999997,2.7150073466000215
24.59999999999997,3.1862387666094394
24.79999999999997,3.74797501956282
24.999999999999968,4.421639550077379
25.199999999999967,5.230073478346289
25.399999999999967,6.200723805609754
25.599999999999966,7.366573470714597
25.799999999999965,8.767259934921023
25.999999999999964,10.45042024262173
26.199999999999964,12.473310940160662
26.399999999999963,14.904755714684487
26.599999999999962,17.82748047066294
26.79999999999996,21.340936171004266
26.99999999999996,25.56467142557362
