mags_ab,pos_errs_mas
16.0,inf
16.2,inf
16.4,0.26144583528204773
16.599999999999998,0.28632108378369237
16.799999999999997,0.30611000195810184
16.999999999999996,0.20856943207166612
17.199999999999996,0.2263087070094494
17.399999999999995,0.2406612281117472
17.599999999999994,0.26162819727112835
17.799999999999994,0.2826626208348589
17.999999999999993,0.18363948234795147
18.199999999999992,0.19998044799613418
18.39999999999999,0.2140949119396112
18.59999999999999,0.23173117362699988
18.79999999999999,0.1718817288995669
18.99999999999999,0.18469251962988334
19.19999999999999,0.20099313235494337
19.399999999999988,0.1767413146180771
19.599999999999987,0.19302691215132217
19.799999999999986,0.21094708626697975
19.999999999999986,0.1885140644242506
20.199999999999985,0.20640429648270797
20.399999999999984,0.19770897908240384
20.599999999999984,0.19909216124751086
20.799999999999983,0.20616982166430792
20.999999999999982,0.21520748836135517
21.19999999999998,0.23815573309334662
21.39999999999998,0.2641486564436777
21.59999999999998,0.2937073570641599
21.79999999999998,0.32761303152805366
21.99999999999998,0.3664113415672977
22.199999999999978,0.4110738027108927
22.399999999999977,0.4628041760930431
22.599999999999977,0.5230064528133012
22.799999999999976,0.5933909175576826
22.999999999999975,0.6760373126189758
23.199999999999974,0.7734697493711473
23.399999999999974,0.8887458796523482
23.599999999999973,1.0255729687246904
23.799999999999972,1.1889128429375113
23.99999999999997,1.3831273430264694
24.19999999999997,1.6152077819288775
24.39999999999997,1.8929161188643864
24.59999999999997,2.2259505002610145
24.79999999999997,2.6258105664125577
24.999999999999968,3.105282632695441
25.199999999999967,3.680441113698425
25.399999999999967,4.3712377282732495
25.599999999999966,5.201157767470797
25.799999999999965,6.199720947115168
25.999999999999964,7.403199450085188
26.199999999999964,8.844928842943606
26.399999999999963,10.577950669772374
26.599999999999962,12.661231741776621
26.79999999999996,15.165659929183835
26.99999999999996,18.176452461687397
