mags_ab,pos_errs_mas
16.0,0.28484947897617613
16.2,0.30190430675204816
16.4,0.32000522192673186
16.599999999999998,0.32717744169880797
16.799999999999997,0.22934130763089394
16.999999999999996,0.2474311068311836
17.199999999999996,0.2654610718100345
17.399999999999995,0.285011797284568
17.599999999999994,0.3039624809971567
17.799999999999994,0.23518215833900338
17.999999999999993,0.22704538461596907
18.199999999999992,0.24876694026272703
18.39999999999999,0.2727399213160834
18.59999999999999,0.2991470796535126
18.79999999999999,0.32837298578423263
18.99999999999999,0.36056889052669483
19.19999999999999,0.3961872711100417
19.399999999999988,0.4357273798449098
19.599999999999987,0.4794156736242668
19.799999999999986,0.5279156201558851
19.999999999999986,0.5817606120967559
20.199999999999985,0.6421337938560105
20.399999999999984,0.7086003038901408
20.599999999999984,0.783918147809845
20.799999999999983,0.8675322321807178
20.999999999999982,0.9600074349404396
21.19999999999998,1.066198222856567
21.39999999999998,1.1849735963831491
21.59999999999998,1.3182231917804152
21.79999999999998,1.4727870826119185
21.99999999999998,1.6481663911459343
22.199999999999978,1.8437806134611077
22.399999999999977,2.079123558057489
22.599999999999977,2.347462600385612
22.799999999999976,2.66240942791194
22.999999999999975,3.0265552447901265
23.199999999999974,3.451388452438555
23.399999999999974,3.9653406380266585
23.599999999999973,4.552895640404143
23.799999999999972,5.207205824246729
23.99999999999997,6.02557873566641
24.19999999999997,7.020032590817425
24.39999999999997,8.178946298655614
24.59999999999997,9.593931680248058
24.79999999999997,11.289539507074386
24.999999999999968,13.323156171079312
25.199999999999967,15.656923953740252
25.399999999999967,18.56065331373609
25.599999999999966,22.0482497107248
25.799999999999965,26.238283872245884
25.999999999999964,31.273255537004527
26.199999999999964,37.32443915837183
26.399999999999963,44.59770935216761
26.599999999999962,53.0664101805774
26.79999999999996,63.508508911860424
26.99999999999996,76.06143861945472
