mags_ab,pos_errs_mas
16.0,0.2109639214952643
16.2,0.22807239482783256
16.4,0.24622638624659418
16.599999999999998,0.2651207130725845
16.799999999999997,0.18354989520043027
16.999999999999996,0.1989227699618825
17.199999999999996,0.2151545012406012
17.399999999999995,0.23307277270959267
17.599999999999994,0.18081672853346936
17.799999999999994,0.19625273367114085
17.999999999999993,0.213428151502673
18.199999999999992,0.23231124196229755
18.39999999999999,0.2527726459632154
18.59999999999999,0.18425506102691375
18.79999999999999,0.20094112517316418
18.99999999999999,0.17437155881200767
19.19999999999999,0.1903832744992604
19.399999999999988,0.1811248030916987
19.599999999999987,0.19800198843882263
19.799999999999986,0.19692972409691478
19.999999999999986,0.1901975070310317
20.199999999999985,0.19611131438251317
20.399999999999984,0.21542267194292491
20.599999999999984,0.23687110976198675
20.799999999999983,0.2607216068775973
20.999999999999982,0.28736099304630636
21.19999999999998,0.31714338882682286
21.39999999999998,0.350636287783922
21.59999999999998,0.38826162049165536
21.79999999999998,0.43083966049122735
21.99999999999998,0.4792746092258976
22.199999999999978,0.5345072360604652
22.399999999999977,0.5974374980123492
22.599999999999977,0.6698147275380522
22.799999999999976,0.7540983621085622
22.999999999999975,0.8512677034914558
23.199999999999974,0.9646450694474816
23.399999999999974,1.0975312418193206
23.599999999999973,1.253935016337736
23.799999999999972,1.4387159547739556
23.99999999999997,1.6577528986021608
24.19999999999997,1.9181455933127556
24.39999999999997,2.228455317283566
24.59999999999997,2.6010157722108196
24.79999999999997,3.044154334065239
24.999999999999968,3.5748171942070606
25.199999999999967,4.210933438581442
25.399999999999967,4.97404892755845
25.599999999999966,5.890055489720378
25.799999999999965,6.990066820072095
25.999999999999964,8.311470956337915
26.199999999999964,9.899201670828639
26.399999999999963,11.807265431770498
26.599999999999962,14.100572746332652
26.79999999999996,16.857149252942147
26.99999999999996,20.170785591198843
