mags_ab,pos_errs_mas
16.0,0.3747229847940207
16.2,0.4020842530770618
16.4,0.274950186169502
16.599999999999998,0.2962410004483505
16.799999999999997,0.32118047051566745
16.999999999999996,0.34896419064893885
17.199999999999996,0.3765805855766558
17.399999999999995,0.40510005172936636
17.599999999999994,0.43485919493709935
17.799999999999994,0.24386444338152835
17.999999999999993,0.2645530307966451
18.199999999999992,0.287413136333625
18.39999999999999,0.31008039216753214
18.59999999999999,0.24077736833343072
18.79999999999999,0.2620951717045186
18.99999999999999,0.2852209386089364
19.19999999999999,0.2306700098886221
19.399999999999988,0.2516178458515739
19.599999999999987,0.27459504493366826
19.799999999999986,0.247195199994578
19.999999999999986,0.27005898290925423
20.199999999999985,0.24343139094274338
20.399999999999984,0.2416801733445242
20.599999999999984,0.250056214563331
20.799999999999983,0.251537481738517
20.999999999999982,0.27161109916003723
21.19999999999998,0.2987860648876549
21.39999999999998,0.32907591169045713
21.59999999999998,0.36304773579706895
21.79999999999998,0.4011252870192239
21.99999999999998,0.4439757136898845
22.199999999999978,0.4923159051824654
22.399999999999977,0.5472531844874801
22.599999999999977,0.6096819771554107
22.799999999999976,0.681294222412678
22.999999999999975,0.7633945982413268
23.199999999999974,0.8585873497359554
23.399999999999974,0.9696688164014033
23.599999999999973,1.0980714813086807
23.799999999999972,1.2484699049394503
23.99999999999997,1.4253780208764928
24.19999999999997,1.634269315538055
24.39999999999997,1.8817674846511765
24.59999999999997,2.1758740417017246
24.79999999999997,2.526239524980036
24.999999999999968,2.9444886300746713
25.199999999999967,3.4480098043847986
25.399999999999967,4.046858962450181
25.599999999999966,4.764605962483992
25.799999999999965,5.625554405160884
25.999999999999964,6.6589077154438785
26.199999999999964,7.899759250133801
26.399999999999963,9.39028283164108
26.599999999999962,11.181158611450009
26.79999999999996,13.33330038461329
26.99999999999996,15.919918916575572
