mags_ab,pos_errs_mas
16.0,0.2089900274450424
16.2,0.22603308091666607
16.4,0.2446698013073226
16.599999999999998,0.18568329581971166
16.799999999999997,0.20158935639018122
16.999999999999996,0.2191533013676173
17.199999999999996,0.18253671161338333
17.399999999999995,0.19877199667523004
17.599999999999994,0.2163009640268511
17.799999999999994,0.1873849360709857
17.999999999999993,0.204228411047043
18.199999999999992,0.18233340360769806
18.39999999999999,0.1990110027205559
18.59999999999999,0.19039700779624927
18.79999999999999,0.19434943867863222
18.99999999999999,0.1990608129431523
19.19999999999999,0.21817727820313554
19.399999999999988,0.23920272778834845
19.599999999999987,0.26242389974985686
19.799999999999986,0.28807154731340523
19.999999999999986,0.31646287672718854
20.199999999999985,0.34786141277112265
20.399999999999984,0.38273444714591576
20.599999999999984,0.4214681518018939
20.799999999999983,0.4644865743817363
20.999999999999982,0.5123627622428335
21.19999999999998,0.5658873412391824
21.39999999999998,0.6259145888420141
21.59999999999998,0.6940579355233566
21.79999999999998,0.7702361141843344
21.99999999999998,0.8561864364148984
22.199999999999978,0.9542765682921128
22.399999999999977,1.0661131262077153
22.599999999999977,1.1937288452357007
22.799999999999976,1.3409729244062756
22.999999999999975,1.5122201979844239
23.199999999999974,1.7106607941802616
23.399999999999974,1.9427590437676503
23.599999999999973,2.2153665147984962
23.799999999999972,2.5365257302441737
23.99999999999997,2.9169108037938294
24.19999999999997,3.3682029562098292
24.39999999999997,3.9056971329715973
24.59999999999997,4.546578907386535
24.79999999999997,5.3128297066364345
24.999999999999968,6.225801076325143
25.199999999999967,7.31174892936993
25.399999999999967,8.610711833788564
25.599999999999966,10.181283781375711
25.799999999999965,12.057618462831995
25.999999999999964,14.292476695890759
26.199999999999964,16.97050252536412
26.399999999999963,20.220945089836494
26.599999999999962,24.12732501984907
26.79999999999996,28.82254054079474
26.99999999999996,34.46633676157103
