mags_ab,pos_errs_mas
16.0,inf
16.2,inf
16.4,inf
16.599999999999998,inf
16.799999999999997,0.23380199336746277
16.999999999999996,0.2472349962314635
17.199999999999996,0.26226433596369
17.399999999999995,0.2716201639804691
17.599999999999994,0.289287600800982
17.799999999999994,0.20077623713599252
17.999999999999993,0.21594098402588496
18.199999999999992,0.23387275024162166
18.39999999999999,0.2506901628958536
18.59999999999999,0.2687829271948709
18.79999999999999,0.21189243343986167
18.99999999999999,0.20136826864568586
19.19999999999999,0.22068199226226284
19.399999999999988,0.24200379015064097
19.599999999999987,0.26560183487705824
19.799999999999986,0.2916137990357235
19.999999999999986,0.3203322355700256
20.199999999999985,0.3521502738917546
20.399999999999984,0.3873966778763489
20.599999999999984,0.42657384755073535
20.799999999999983,0.4701714110632447
20.999999999999982,0.5187489712659209
21.19999999999998,0.5727121676350481
21.39999999999998,0.6334423637845564
21.59999999999998,0.701919350166607
21.79999999999998,0.7789331865172293
21.99999999999998,0.8655630115628523
22.199999999999978,0.9631403279910247
22.399999999999977,1.0749465301191627
22.599999999999977,1.204123266971572
22.799999999999976,1.3531261653747988
22.999999999999975,1.5248186663578347
23.199999999999974,1.711960888384502
23.399999999999974,1.9414987273316333
23.599999999999973,2.2108942324276466
23.799999999999972,2.5275978523430607
23.99999999999997,2.902578338860545
24.19999999999997,3.346586627847805
24.39999999999997,3.8700141195074154
24.59999999999997,4.4849001472800145
24.79999999999997,5.2325954372612795
24.999999999999968,6.116667914369407
25.199999999999967,7.1527250372607005
25.399999999999967,8.424398061874344
25.599999999999966,9.926481893064942
25.799999999999965,11.666427834678212
25.999999999999964,13.838810197297054
26.199999999999964,16.448241626207842
26.399999999999963,19.583448515692076
26.599999999999962,23.351065166825272
26.79999999999996,27.879261443420994
26.99999999999996,33.32209424072246
