mags_ab,pos_errs_mas
16.0,0.28564763946625354
16.2,0.3041595917182965
16.4,0.3239556482950221
16.599999999999998,0.3348034401788339
16.799999999999997,0.22806528191375405
16.999999999999996,0.24647375914547145
17.199999999999996,0.2650791743137473
17.399999999999995,0.2853160430386234
17.599999999999994,0.30538533079494595
17.799999999999994,0.2313443453626764
17.999999999999993,0.2229969303007679
18.199999999999992,0.23352288739090774
18.39999999999999,0.2559338880629118
18.59999999999999,0.2806239879714573
18.79999999999999,0.3078766962889619
18.99999999999999,0.33800508123818435
19.19999999999999,0.37122226659614566
19.399999999999988,0.40804426293024953
19.599999999999987,0.44880577318505127
19.799999999999986,0.4940864234315307
19.999999999999986,0.5443098924002036
20.199999999999985,0.6001141861106045
20.399999999999984,0.6626857427952839
20.599999999999984,0.7322546192138885
20.799999999999983,0.8105830161173746
20.999999999999982,0.8980361728757066
21.19999999999998,0.9954382746021352
21.39999999999998,1.1077744264257905
21.59999999999998,1.2329630403153258
21.79999999999998,1.3760809281002038
21.99999999999998,1.5412765931082926
22.199999999999978,1.7289614303832581
22.399999999999977,1.9494228869231238
22.599999999999977,2.196371707114067
22.799999999999976,2.4929323528793086
22.999999999999975,2.8358314337872366
23.199999999999974,3.245420083610862
23.399999999999974,3.7203218990654943
23.599999999999973,4.29240940649287
23.799999999999972,4.973114324449542
23.99999999999997,5.748574748059892
24.19999999999997,6.706743107659334
24.39999999999997,7.838710170107251
24.59999999999997,9.20789957720506
24.79999999999997,10.806665482322598
24.999999999999968,12.765668130337957
25.199999999999967,15.078634349988182
25.399999999999967,17.73055376824533
25.599999999999966,21.072040769124623
25.799999999999965,25.014453360446545
25.999999999999964,29.737104710812677
26.199999999999964,35.49645061984435
26.399999999999963,42.41901867698295
26.599999999999962,50.74033881574348
26.79999999999996,60.74355929916537
26.99999999999996,72.76904962844893
