mags_ab,pos_errs_mas
16.0,0.21362221121915545
16.2,0.23233816668448262
16.4,0.2510931975602519
16.599999999999998,0.1664872646877595
16.799999999999997,0.17821646345850223
16.999999999999996,0.1905262796779268
17.199999999999996,0.15804595719258185
17.399999999999995,0.16974506321265143
17.599999999999994,0.15331411751368648
17.799999999999994,0.16442897970260043
17.999999999999993,0.17905926070914352
18.199999999999992,0.19532417249147113
18.39999999999999,0.16587700500594502
18.59999999999999,0.18108117036555493
18.79999999999999,0.1685242159408062
18.99999999999999,0.16721995524599687
19.19999999999999,0.18285335204671357
19.399999999999988,0.17770565068150837
19.599999999999987,0.19410540712155475
19.799999999999986,0.21283110328625773
19.999999999999986,0.2335100227232029
20.199999999999985,0.2564111053340996
20.399999999999984,0.28190501890709396
20.599999999999984,0.3099278308990205
20.799999999999983,0.34099139989502975
20.999999999999982,0.37550374106126694
21.19999999999998,0.4139324389060239
21.39999999999998,0.4568274546524157
21.59999999999998,0.5048432643909767
21.79999999999998,0.5591374004995826
21.99999999999998,0.6205195549586191
22.199999999999978,0.6892014557468735
22.399999999999977,0.767202407313881
22.599999999999977,0.8561659418562251
22.799999999999976,0.9581310024998452
22.999999999999975,1.0752769120785048
23.199999999999974,1.2108939784313548
23.399999999999974,1.3686730533117268
23.599999999999973,1.5540705214976578
23.799999999999972,1.770264362892915
23.99999999999997,2.024972902837219
24.19999999999997,2.326163780778319
24.39999999999997,2.6816285231799335
24.59999999999997,3.1047435005909727
24.79999999999997,3.609643267058084
24.999999999999968,4.212716467274127
25.199999999999967,4.934177245157817
25.399999999999967,5.7983303348602595
25.599999999999966,6.834389772084543
25.799999999999965,8.077463468502312
25.999999999999964,9.569738158890251
26.199999999999964,11.357119075103371
26.399999999999963,13.507727016419047
26.599999999999962,16.091858110618016
26.79999999999996,19.197413361572814
26.99999999999996,22.930041457044428
