mags_ab,pos_errs_mas
16.0,inf
16.2,inf
16.4,0.2587767058714831
16.599999999999998,0.28346731245233486
16.799999999999997,0.303538264299298
16.999999999999996,0.208049636009
17.199999999999996,0.22469174983833662
17.399999999999995,0.24100454685146525
17.599999999999994,0.18608053447840994
17.799999999999994,0.20032828024614843
17.999999999999993,0.2155373440375813
18.199999999999992,0.2331448595986493
18.39999999999999,0.1842304365810475
18.59999999999999,0.20063463259988285
18.79999999999999,0.17342950412920866
18.99999999999999,0.18915549693184794
19.19999999999999,0.17668713623868432
19.399999999999988,0.19291123750538922
19.599999999999987,0.18604888095704084
19.799999999999986,0.1857800761377182
19.999999999999986,0.19042489250862574
20.199999999999985,0.19996684193853542
20.399999999999984,0.2096748070910211
20.599999999999984,0.23022256314454928
20.799999999999983,0.253024502150137
20.999999999999982,0.27854116550577634
21.19999999999998,0.3067612217731211
21.39999999999998,0.338266768249075
21.59999999999998,0.3735283212850631
21.79999999999998,0.41307512251468265
21.99999999999998,0.4575665043761356
22.199999999999978,0.5078444155050837
22.399999999999977,0.5648955468751926
22.599999999999977,0.6301982264560028
22.799999999999976,0.704683777079422
22.999999999999975,0.7907894883121722
23.199999999999974,0.8896625378930622
23.399999999999974,1.0044962906971475
23.599999999999973,1.1385014452379147
23.799999999999972,1.2955845434161752
23.99999999999997,1.4804896558436056
24.19999999999997,1.6989671716495531
24.39999999999997,1.9579730416870365
24.59999999999997,2.266813820846945
24.79999999999997,2.633537423614907
24.999999999999968,3.0714323354211865
25.199999999999967,3.5951597520030556
25.399999999999967,4.222349526089694
25.599999999999966,4.974194043094979
25.799999999999965,5.8761606914867475
25.999999999999964,6.958853661569805
26.199999999999964,8.259048429833184
26.399999999999963,9.820939525599066
26.599999999999962,11.697638587244661
26.79999999999996,13.952980473408935
26.99999999999996,16.663689695957157
