mags_ab,pos_errs_mas
16.0,0.21355548626413767
16.2,0.22835340183207842
16.4,0.24259748318034735
16.599999999999998,0.16423551107020204
16.799999999999997,0.17789219231767345
16.999999999999996,0.19307244428928183
17.199999999999996,0.20855445444904977
17.399999999999995,0.16586719184723855
17.599999999999994,0.18072670802374347
17.799999999999994,0.19694305139611729
17.999999999999993,0.18368755708356863
18.199999999999992,0.17962287751749265
18.39999999999999,0.19671613669342472
18.59999999999999,0.21554212558415953
18.79999999999999,0.2362803789219933
18.99999999999999,0.2592503366972187
19.19999999999999,0.28448373618774053
19.399999999999988,0.31223808449856616
19.599999999999987,0.3428673740694258
19.799999999999986,0.3767022634504202
19.999999999999986,0.4141219015566712
20.199999999999985,0.4555664455226752
20.399999999999984,0.5015334626408194
20.599999999999984,0.5525859532736888
20.799999999999983,0.6097003001872638
20.999999999999982,0.6722742406196979
21.19999999999998,0.7424368802190605
21.39999999999998,0.8212828006901959
21.59999999999998,0.910016185030665
21.79999999999998,1.0101831770932987
21.99999999999998,1.1238124459052043
22.199999999999978,1.253229821143008
22.399999999999977,1.395941587283246
22.599999999999977,1.5578550347217228
22.799999999999976,1.7474893970473928
22.999999999999975,1.9680121216639466
23.199999999999974,2.2246470390837945
23.399999999999974,2.524494869972927
23.599999999999973,2.876388889374723
23.799999999999972,3.291050716782057
23.99999999999997,3.7589447659808766
24.19999999999997,4.308983107707675
24.39999999999997,4.984090092536512
24.59999999999997,5.788416077791336
24.79999999999997,6.748662448886821
24.999999999999968,7.896957654237463
25.199999999999967,9.271939940784653
25.399999999999967,10.920053512653872
25.599999999999966,12.897115423166953
25.799999999999965,15.217205239665066
25.999999999999964,18.052737345941278
26.199999999999964,21.458782752990384
26.399999999999963,25.55116000774861
26.599999999999962,30.469056246220074
26.79999999999996,36.37977596632916
26.99999999999996,43.48441156754834
