mags_ab,pos_errs_mas
16.0,0.18685969415492776
16.2,0.20067120415621664
16.4,0.21498114883547706
16.599999999999998,0.23056002171975476
16.799999999999997,0.2473876668236207
16.999999999999996,0.2654801421226022
17.199999999999996,0.27868913968668213
17.399999999999995,0.18131991746598333
17.599999999999994,0.19693389593462796
17.799999999999994,0.21338255496208913
17.999999999999993,0.18720316515515287
18.199999999999992,0.18378838698501507
18.39999999999999,0.19997693321322196
18.59999999999999,0.21922239948212444
18.79999999999999,0.2404055735046823
18.99999999999999,0.2637518145196153
19.19999999999999,0.2895152143738687
19.399999999999988,0.31799401015836326
19.599999999999987,0.349481664513107
19.799999999999986,0.3843743198658852
19.999999999999986,0.4230918648274368
20.199999999999985,0.46592827769821804
20.399999999999984,0.5136700075930439
20.599999999999984,0.5669984642893655
20.799999999999983,0.6269485295934598
20.999999999999982,0.6935501182899635
21.19999999999998,0.7678771665130003
21.39999999999998,0.8520895478892082
21.59999999999998,0.9481022855189656
21.79999999999998,1.0574750424089818
21.99999999999998,1.181066480268172
22.199999999999978,1.3181588714107
22.399999999999977,1.4804368013590274
22.599999999999977,1.6675287856031196
22.799999999999976,1.8844134836012676
22.999999999999975,2.1374060526107623
23.199999999999974,2.4334667925784608
23.399999999999974,2.7859571429201395
23.599999999999973,3.2030521176486495
23.799999999999972,3.670537236141915
23.99999999999997,4.24061172449112
24.19999999999997,4.908964164304518
24.39999999999997,5.726827955743295
24.59999999999997,6.705091635206629
24.79999999999997,7.876697120635926
24.999999999999968,9.28123873364957
25.199999999999967,10.966300432553581
25.399999999999967,12.98906228199255
25.599999999999966,15.418233699611413
25.799999999999965,18.336387695813574
25.999999999999964,21.751519191576204
26.199999999999964,25.94370438861113
26.399999999999963,30.982296162628035
26.599999999999962,37.03871793102675
26.79999999999996,44.31904290710195
26.99999999999996,53.07098714033524
