mags_ab,pos_errs_mas
16.0,inf
16.2,inf
16.4,inf
16.599999999999998,inf
16.799999999999997,0.2338002987895085
16.999999999999996,0.24723291250674442
17.199999999999996,0.262261718896624
17.399999999999995,0.2716168058790348
17.599999999999994,0.2892832434221378
17.799999999999994,0.2007708054066588
17.999999999999993,0.21593384082246508
18.199999999999992,0.23386335797296934
18.39999999999999,0.2506777830926479
18.59999999999999,0.2687665912091703
18.79999999999999,0.21186862430463974
18.99999999999999,0.20133365143674586
19.19999999999999,0.22063774740421133
19.399999999999988,0.24194561529909317
19.599999999999987,0.26552522490845504
19.799999999999986,0.29151295332637345
19.999999999999986,0.32019945149105866
20.199999999999985,0.3519554920994824
20.399999999999984,0.38716753580761754
20.599999999999984,0.42627328422372696
20.799999999999983,0.4697756942109771
20.999999999999982,0.5182324205167437
21.19999999999998,0.5720305857455915
21.39999999999998,0.6325557080393284
21.59999999999998,0.7007570396181458
21.79999999999998,0.7774259309152352
21.99999999999998,0.8635979345546551
22.199999999999978,0.9605768820629617
22.399999999999977,1.0716194261581922
22.599999999999977,1.1998208794215064
22.799999999999976,1.3476024294674254
22.999999999999975,1.5177236941319434
23.199999999999974,1.702553817890033
23.399999999999974,1.9296914700548151
23.599999999999973,2.195443353685223
23.799999999999972,2.5086890294999646
23.99999999999997,2.878183303485793
24.19999999999997,3.3124070868124087
24.39999999999997,3.82113353747893
24.59999999999997,4.438004451129029
24.79999999999997,5.166024064617902
24.999999999999968,6.044632502949104
25.199999999999967,7.0634282304865295
25.399999999999967,8.295384711403132
25.599999999999966,9.720419332567932
25.799999999999965,11.499261807902542
25.999999999999964,13.635072756463982
26.199999999999964,16.200429010388504
26.399999999999963,19.28255181021484
26.599999999999962,22.98626510602999
26.79999999999996,27.437561278904077
26.99999999999996,32.78787829771969
