mags_ab,pos_errs_mas
16.0,inf
16.2,inf
16.4,0.25877761065686783
16.599999999999998,0.28339113191521803
16.799999999999997,0.30262640906302923
16.999999999999996,0.21042849724557444
17.199999999999996,0.22477455988569672
17.399999999999995,0.2393258251302517
17.599999999999994,0.18593524689967328
17.799999999999994,0.19943291813734865
17.999999999999993,0.2154669674052784
18.199999999999992,0.23435652381694777
18.39999999999999,0.1892614467502808
18.59999999999999,0.20603096691345973
18.79999999999999,0.22416994558587686
18.99999999999999,0.18831397435635375
19.19999999999999,0.20549912274633975
19.399999999999988,0.19695684469137065
19.599999999999987,0.1992778064775695
19.799999999999986,0.20154180965591612
19.999999999999986,0.2211097370354112
20.199999999999985,0.24278305159038424
20.399999999999984,0.2669001434619165
20.599999999999984,0.293683074832501
20.799999999999983,0.3233796336782578
20.999999999999982,0.3564906935864731
21.19999999999998,0.39347346849682985
21.39999999999998,0.43489317105188796
21.59999999999998,0.4814599466889226
21.79999999999998,0.5340039859467436
21.99999999999998,0.5936404655249082
22.199999999999978,0.6613980543293915
22.399999999999977,0.7392111995468599
22.599999999999977,0.8278463917659447
22.799999999999976,0.9300778138311593
22.999999999999975,1.0485717474226537
23.199999999999974,1.1865723029071267
23.399999999999974,1.348048017126879
23.599999999999973,1.5378035397248897
23.799999999999972,1.761574534302056
23.99999999999997,2.027153496379322
24.19999999999997,2.3411528879189207
24.39999999999997,2.7152779260732536
24.59999999999997,3.1612983656222697
24.79999999999997,3.6926835387038963
24.999999999999968,4.325254383233565
25.199999999999967,5.088311834754961
25.399999999999967,5.999549713887578
25.599999999999966,7.096797957463328
25.799999999999965,8.414217093829079
25.999999999999964,9.988024536971261
26.199999999999964,11.856170475614919
26.399999999999963,14.130833901382715
26.599999999999962,16.8645886503688
26.79999999999996,20.150441708415777
26.99999999999996,24.100188980264218
