mags_ab,pos_errs_mas
16.0,0.26086896144353067
16.2,0.1547221989315008
16.4,0.1678591228543834
16.599999999999998,0.17738187874441466
16.799999999999997,0.1453334182504019
16.999999999999996,0.15845002841943845
17.199999999999996,0.16414149859319505
17.399999999999995,0.1752812451949946
17.599999999999994,0.14519107971290635
17.799999999999994,0.1560497898424601
17.999999999999993,0.14435557806136942
18.199999999999992,0.15765354706131726
18.39999999999999,0.17223119225685046
18.59999999999999,0.16216923927792068
18.79999999999999,0.16543521618519363
18.99999999999999,0.16882851953902966
19.19999999999999,0.17835132481380772
19.399999999999988,0.19557973828858163
19.599999999999987,0.21461931321607314
19.799999999999986,0.2356767139189831
19.999999999999986,0.25899511198396874
20.199999999999985,0.2848524622781028
20.399999999999984,0.313913156641276
20.599999999999984,0.3460110294625862
20.799999999999983,0.3816868892442791
20.999999999999982,0.421586158477074
21.19999999999998,0.46634603519856416
21.39999999999998,0.5167317660389482
21.59999999999998,0.5736672638246155
21.79999999999998,0.6387458945402341
21.99999999999998,0.7136104972641082
22.199999999999978,0.7979667297385998
22.399999999999977,0.8950033027782561
22.599999999999977,1.0071778075452833
22.799999999999976,1.1374877473462979
22.999999999999975,1.28958525570426
23.199999999999974,1.4679133107523905
23.399999999999974,1.679475379825801
23.599999999999973,1.9275669915217397
23.799999999999972,2.2216836251386365
23.99999999999997,2.571363950397489
24.19999999999997,2.9895537070998883
24.39999999999997,3.4879887791409416
24.59999999999997,4.08349704476162
24.79999999999997,4.796685877850879
24.999999999999968,5.65165613720047
25.199999999999967,6.677371699086152
25.399999999999967,7.9086377337392255
25.599999999999966,9.395089333467428
25.799999999999965,11.1750659161135
25.999999999999964,13.31027006100425
26.199999999999964,15.876265467644707
26.399999999999963,18.960348315216788
26.599999999999962,22.66744747913792
26.79999999999996,27.1236989427201
26.99999999999996,32.49017437635628
