mags_ab,pos_errs_mas
16.0,0.2145514173606965
16.2,0.16722330328811505
16.4,0.17868784878099284
16.599999999999998,0.19137314749217593
16.799999999999997,0.20637308118600645
16.999999999999996,0.22208813376477884
17.199999999999996,0.16312879766294627
17.399999999999995,0.17609099315420398
17.599999999999994,0.19123166742549033
17.799999999999994,0.1618430764424478
17.999999999999993,0.1765587396000369
18.199999999999992,0.16593705852635093
18.39999999999999,0.16451419860124783
18.59999999999999,0.1678530026355217
18.79999999999999,0.17425901562193927
18.99999999999999,0.17666687267171852
19.19999999999999,0.19223052299247204
19.399999999999988,0.21069432712982716
19.599999999999987,0.23106162144508036
19.799999999999986,0.2535413229487542
19.999999999999986,0.2785508877113043
20.199999999999985,0.3059976347424875
20.399999999999984,0.3363629797454571
20.599999999999984,0.3700140610676563
20.799999999999983,0.40737220344692265
20.999999999999982,0.4489296243108941
21.19999999999998,0.4952661930717588
21.39999999999998,0.5472456496738569
21.59999999999998,0.605696206198154
21.79999999999998,0.6708833595918052
21.99999999999998,0.7444685312817875
22.199999999999978,0.8275463335469655
22.399999999999977,0.9218257973753947
22.599999999999977,1.029924715304512
22.799999999999976,1.1541044028490228
22.999999999999975,1.2974334661738312
23.199999999999974,1.4640826600339647
23.399999999999974,1.657535735041643
23.599999999999973,1.882909197795202
23.799999999999972,2.1439566362099085
23.99999999999997,2.4554459559711956
24.19999999999997,2.82413849975188
24.39999999999997,3.261892529329062
24.59999999999997,3.7830158265759826
24.79999999999997,4.404749628421826
24.999999999999968,5.147845514480784
25.199999999999967,6.037264630349889
25.399999999999967,7.09421707658284
25.599999999999966,8.368805203431346
25.799999999999965,9.89834233319076
25.999999999999964,11.73475476755378
26.199999999999964,13.940441802404667
26.399999999999963,16.590395597855466
26.599999999999962,19.774737428858757
26.79999999999996,23.601791882574375
26.99999999999996,28.201757643499988
