mags_ab,pos_errs_mas
16.0,0.25092577338457395
16.2,0.26605927412411373
16.4,0.2821368264863043
16.599999999999998,0.1976629879702571
16.799999999999997,0.21287476950941606
16.999999999999996,0.22964633305180956
17.199999999999996,0.24618200119602013
17.399999999999995,0.26402481694672536
17.599999999999994,0.21057745596079522
17.799999999999994,0.19768022954987316
17.999999999999993,0.21663388223290864
18.199999999999992,0.23755669660749446
18.39999999999999,0.26064275410690063
18.59999999999999,0.2862040053909797
18.79999999999999,0.3143714265786182
18.99999999999999,0.34566742765176356
19.19999999999999,0.38016283357290614
19.399999999999988,0.4183551345893954
19.599999999999987,0.4608450418598301
19.799999999999986,0.5083981319031209
19.999999999999986,0.5616266232652446
20.199999999999985,0.620742549803838
20.399999999999984,0.6874892450453025
20.599999999999984,0.7608858668715023
20.799999999999983,0.8457258749322258
20.999999999999982,0.9403818579155601
21.19999999999998,1.0443919616500383
21.39999999999998,1.1611241728864041
21.59999999999998,1.299506690823019
21.79999999999998,1.4565163714404876
21.99999999999998,1.635803259608731
22.199999999999978,1.8494527779643977
22.399999999999977,2.0944572195584312
22.599999999999977,2.371060971406586
22.799999999999976,2.70037144642976
22.999999999999975,3.0865972175376277
23.199999999999974,3.55400456317834
23.399999999999974,4.1094726645637
23.599999999999973,4.772153928182106
23.799999999999972,5.485638301319256
23.99999999999997,6.410254702265742
24.19999999999997,7.47670182252647
24.39999999999997,8.792783336303886
24.59999999999997,10.340631573932695
24.79999999999997,12.135667026630927
24.999999999999968,14.266564070757632
25.199999999999967,16.807808444339138
25.399999999999967,19.981738506269668
25.599999999999966,23.795286497642266
25.799999999999965,28.37816582735008
25.999999999999964,33.88627799465436
26.199999999999964,40.507023911328616
26.399999999999963,48.46568058298673
26.599999999999962,58.03304729347308
26.79999999999996,69.53467457651189
26.99999999999996,83.36192536785984
