mags_ab,pos_errs_mas
16.0,0.2090772344766237
16.2,0.22574294575571985
16.4,0.24445040408689292
16.599999999999998,0.18607042414747602
16.799999999999997,0.20200876469413764
16.999999999999996,0.2194998521406614
17.199999999999996,0.23782556530890603
17.399999999999995,0.19044421699064915
17.599999999999994,0.20719244013279017
17.799999999999994,0.22529093341919387
17.999999999999993,0.18599814604846082
18.199999999999992,0.2027740633752601
18.39999999999999,0.19171286851406869
18.59999999999999,0.19182328593587916
18.79999999999999,0.1923450333127104
18.99999999999999,0.2095841694337319
19.19999999999999,0.22966329491719686
19.399999999999988,0.25176961072359105
19.599999999999987,0.276144231437877
19.799999999999986,0.3030578366303616
19.999999999999986,0.33274902805262896
20.199999999999985,0.3655826214119025
20.399999999999984,0.4019332385223956
20.599999999999984,0.4421806662921754
20.799999999999983,0.48674192997057364
20.999999999999982,0.5362649322716154
21.19999999999998,0.5914480525507324
21.39999999999998,0.6535852417017244
21.59999999999998,0.7225329705125013
21.79999999999998,0.7994113965119908
21.99999999999998,0.8864504473111238
22.199999999999978,0.9839696535633561
22.399999999999977,1.093960570234386
22.599999999999977,1.2193808860782578
22.799999999999976,1.3644373649301944
22.999999999999975,1.5291767583215585
23.199999999999974,1.7200724099456994
23.399999999999974,1.9392983548069742
23.599999999999973,2.1969125204233437
23.799999999999972,2.49676382127776
23.99999999999997,2.8450881326286326
24.19999999999997,3.2538622700247046
24.39999999999997,3.7443998505395006
24.59999999999997,4.327023140987514
24.79999999999997,5.008040006698617
24.999999999999968,5.830268117653738
25.199999999999967,6.812934179611725
25.399999999999967,7.989038703201147
25.599999999999966,9.398256783303506
25.799999999999965,11.08827329391804
25.999999999999964,13.116388518185472
26.199999999999964,15.551459444518754
26.399999999999963,18.476232931039625
26.599999999999962,21.941253099001184
26.79999999999996,26.149999731535374
26.99999999999996,31.208170878538358
