mags_ab,pos_errs_mas
16.0,inf
16.2,inf
16.4,0.2594388369743841
16.599999999999998,0.2828203030863265
16.799999999999997,0.3019752559018183
16.999999999999996,0.20884567652884986
17.199999999999996,0.2242337831368423
17.399999999999995,0.24112793217667347
17.599999999999994,0.18564772936225551
17.799999999999994,0.19983906530296705
17.999999999999993,0.21518674847415786
18.199999999999992,0.17929800669081364
18.39999999999999,0.19512651181200225
18.59999999999999,0.1743557517707077
18.79999999999999,0.19013024571533463
18.99999999999999,0.17506284260507032
19.19999999999999,0.19109782667324948
19.399999999999988,0.18545798430178095
19.599999999999987,0.18685327159438864
19.799999999999986,0.1935782219707437
19.999999999999986,0.1975589188022229
20.199999999999985,0.2109695214222512
20.399999999999984,0.23145251410906256
20.599999999999984,0.2541639636492298
20.799999999999983,0.27942842151355574
20.999999999999982,0.3073126130534244
21.19999999999998,0.33831828815176224
21.39999999999998,0.37282029465244193
21.59999999999998,0.4112931000293867
21.79999999999998,0.45434783709335314
21.99999999999998,0.5026802864937419
22.199999999999978,0.5572125977712266
22.399999999999977,0.619036166189053
22.599999999999977,0.6894456831802324
22.799999999999976,0.7690120135563054
22.999999999999975,0.860143200944116
23.199999999999974,0.9650051670160656
23.399999999999974,1.0862415884956906
23.599999999999973,1.227189920840716
23.799999999999972,1.3917260047105102
23.99999999999997,1.5847709860516013
24.19999999999997,1.8127538566729173
24.39999999999997,2.079727309969057
24.59999999999997,2.3966341266545617
24.79999999999997,2.774081482615485
24.999999999999968,3.223956026168876
25.199999999999967,3.7612158252122923
25.399999999999967,4.3993803348152465
25.599999999999966,5.161881787910912
25.799999999999965,6.080770578157039
25.999999999999964,7.18312238570705
26.199999999999964,8.506339208945
26.399999999999963,10.095366446704102
26.599999999999962,12.004214675930783
26.79999999999996,14.297794442348296
26.99999999999996,17.054117953769865
