mags_ab,pos_errs_mas
16.0,0.20622815075161693
16.2,0.22405373043817758
16.4,0.17209642713715242
16.599999999999998,0.18447156408016857
16.799999999999997,0.19967001566104792
16.999999999999996,0.21593810825352272
17.199999999999996,0.16906044482028795
17.399999999999995,0.18339722510506729
17.599999999999994,0.161116155765019
17.799999999999994,0.17561172904803116
17.999999999999993,0.19145832951171185
18.199999999999992,0.17101370836590393
18.39999999999999,0.1866045997037128
18.59999999999999,0.20368863824914038
18.79999999999999,0.18003910457885777
18.99999999999999,0.1966758884694745
19.19999999999999,0.18747546575397026
19.399999999999988,0.18257930211699963
19.599999999999987,0.19857527169911351
19.799999999999986,0.21780457974962206
19.999999999999986,0.23897433860931416
20.199999999999985,0.2623412461323192
20.399999999999984,0.28819242879974777
20.599999999999984,0.3168177067886011
20.799999999999983,0.34856896035161966
20.999999999999982,0.3838163713471332
21.19999999999998,0.4230604037075484
21.39999999999998,0.4670771247767104
21.59999999999998,0.5161269213166076
21.79999999999998,0.5710679459451142
21.99999999999998,0.6335236423995061
22.199999999999978,0.703456230014695
22.399999999999977,0.7828279176667536
22.599999999999977,0.873222042274849
22.799999999999976,0.9765339674698362
22.999999999999975,1.0956128450916331
23.199999999999974,1.2330521031587391
23.399999999999974,1.3929484087665756
23.599999999999973,1.5806903305732583
23.799999999999972,1.7968169856993301
23.99999999999997,2.052785815169271
24.19999999999997,2.355151111379264
24.39999999999997,2.713526246651479
24.59999999999997,3.139521058423415
24.79999999999997,3.6471361282134174
24.999999999999968,4.253232720624781
25.199999999999967,4.9781001366974325
25.399999999999967,5.846136596575947
25.599999999999966,6.88666887305115
25.799999999999965,8.134942550403915
25.999999999999964,9.6255291741732
26.199999999999964,11.421299161175273
26.399999999999963,13.578441882111203
26.599999999999962,16.17030596126092
26.79999999999996,19.28505034735412
26.99999999999996,23.028633191995812
