mags_ab,pos_errs_mas
16.0,0.1451340793775445
16.2,0.15319490684269926
16.4,0.163325446975048
16.599999999999998,0.14216702183537866
16.799999999999997,0.15252610368937905
16.999999999999996,0.14463163387183778
17.199999999999996,0.15786837578377846
17.399999999999995,0.15461340919553435
17.599999999999994,0.1564026272348182
17.799999999999994,0.16199973831170159
17.999999999999993,0.16794230305807445
18.199999999999992,0.18085545901129127
18.39999999999999,0.19812139350040453
18.59999999999999,0.21713439060891052
18.79999999999999,0.238076117400368
18.99999999999999,0.2611512247195015
19.19999999999999,0.28676714434682704
19.399999999999988,0.31495024432610547
19.599999999999987,0.3459149335239743
19.799999999999986,0.38012951333830874
19.999999999999986,0.41798253426516113
20.199999999999985,0.4599236600436864
20.399999999999984,0.5064767055399436
20.599999999999984,0.558636877193784
20.799999999999983,0.6166203120269512
20.999999999999982,0.681095049518466
21.19999999999998,0.753127292456228
21.39999999999998,0.8334784953345231
21.59999999999998,0.924451795985483
21.79999999999998,1.0274239339509375
21.99999999999998,1.1444794817914299
22.199999999999978,1.2787151054577774
22.399999999999977,1.4318303815281823
22.599999999999977,1.6082754143971785
22.799999999999976,1.8092453032648104
22.999999999999975,2.0434824318099354
23.199999999999974,2.3180600948966656
23.399999999999974,2.6379621039225207
23.599999999999973,3.0136534811679767
23.799999999999972,3.4604175880975614
23.99999999999997,3.9902835591293124
24.19999999999997,4.61421730534122
24.39999999999997,5.362134096485609
24.59999999999997,6.255285972223673
24.79999999999997,7.317089460469688
24.999999999999968,8.569533138527413
25.199999999999967,10.093083714310792
25.399999999999967,11.920733362525826
25.599999999999966,14.114486920819878
25.799999999999965,16.748854737566823
25.999999999999964,19.91337466523547
26.199999999999964,23.688831860485934
26.399999999999963,28.250040229962035
26.599999999999962,33.732089476125694
26.79999999999996,40.32149558289373
26.99999999999996,48.242456089404065
