mags_ab,pos_errs_mas
16.0,0.24176725481935465
16.2,0.25756142842680035
16.4,0.18583815058779826
16.599999999999998,0.2003676872809167
16.799999999999997,0.21627284144991293
16.999999999999996,0.23358572587132903
17.199999999999996,0.24885518409603258
17.399999999999995,0.26503540718528273
17.599999999999994,0.19536450669494054
17.799999999999994,0.21188355468477738
17.999999999999993,0.18744766206922783
18.199999999999992,0.20538615854745235
18.39999999999999,0.22520694220848234
18.59999999999999,0.2470389157430126
18.79999999999999,0.27111287300434306
18.99999999999999,0.2976724261167666
19.19999999999999,0.32705234459087207
19.399999999999988,0.35960606785838434
19.599999999999987,0.39571014754542977
19.799999999999986,0.4357278872261449
19.999999999999986,0.4798914084878088
20.199999999999985,0.5293617115727557
20.399999999999984,0.5846463873364337
20.599999999999984,0.6463784186667298
20.799999999999983,0.7152467433960895
20.999999999999982,0.7926797460992857
21.19999999999998,0.8799817628784911
21.39999999999998,0.9798917202580598
21.59999999999998,1.0938553534693303
21.79999999999998,1.217315539382589
21.99999999999998,1.3602935535267222
22.199999999999978,1.5276289802279923
22.399999999999977,1.7208070067088124
22.599999999999977,1.9452010608911106
22.799999999999976,2.2067766605226464
22.999999999999975,2.5169237401378246
23.199999999999974,2.8827379791300958
23.399999999999974,3.2922287228150506
23.599999999999973,3.7896409482089295
23.799999999999972,4.390531888360658
23.99999999999997,5.072972843688708
24.19999999999997,5.918581605862888
24.39999999999997,6.930059311427043
24.59999999999997,8.141467327823834
24.79999999999997,9.593749346422541
24.999999999999968,11.336107446446713
25.199999999999967,13.427667241339028
25.399999999999967,15.939478221414507
25.599999999999966,18.876414679405762
25.799999999999965,22.48223123168927
25.999999999999964,26.81552887524
26.199999999999964,32.02372085487791
26.399999999999963,38.284013180094995
26.599999999999962,45.80940712409226
26.79999999999996,54.855968173220276
26.99999999999996,65.73151620102479
