mags_ab,pos_errs_mas
16.0,0.28523632453618997
16.2,0.30363982490007657
16.4,0.3233678376295354
16.599999999999998,0.23118754545247278
16.799999999999997,0.24914607562215968
16.999999999999996,0.268799289055145
17.199999999999996,0.28808594458226894
17.399999999999995,0.30883696648792447
17.599999999999994,0.3285533003466382
17.799999999999994,0.23626281189086418
17.999999999999993,0.2559739778811645
18.199999999999992,0.2206167036765524
18.39999999999999,0.24166509984213952
18.59999999999999,0.26490042733676156
18.79999999999999,0.2905104162567479
18.99999999999999,0.31877946118271705
19.19999999999999,0.35004525467928144
19.399999999999988,0.38444780249095956
19.599999999999987,0.4226613846071362
19.799999999999986,0.46492656526297166
19.999999999999986,0.5118043912355434
20.199999999999985,0.5637586849412992
20.399999999999984,0.6219009982822145
20.599999999999984,0.6864864942336956
20.799999999999983,0.7587581957455861
20.999999999999982,0.8400881184535026
21.19999999999998,0.9285455132814577
21.39999999999998,1.0311424568760228
21.59999999999998,1.1448935453656492
21.79999999999998,1.2766488250824428
21.99999999999998,1.4241117052769705
22.199999999999978,1.5901680792770472
22.399999999999977,1.786063581988496
22.599999999999977,2.003940786446404
22.799999999999976,2.265053321689709
22.999999999999975,2.5649527307924185
23.199999999999974,2.92157533910783
23.399999999999974,3.3330255696736026
23.599999999999973,3.8271525431165236
23.799999999999972,4.405816139532521
23.99999999999997,5.1006723589133305
24.19999999999997,5.869191766603239
24.39999999999997,6.82607196296153
24.59999999999997,7.983636119343509
24.79999999999997,9.293599632505517
24.999999999999968,10.934814317107007
25.199999999999967,12.86202536563076
25.399999999999967,15.165278940683256
25.599999999999966,17.880790602305183
25.799999999999965,21.232680156147858
25.999999999999964,25.259483552986996
26.199999999999964,30.098143242632453
26.399999999999963,35.91325373905211
26.599999999999962,42.902644114773764
26.79999999999996,51.30412595557151
26.99999999999996,61.40355680110457
