mags_ab,pos_errs_mas
16.0,0.23746134981383388
16.2,0.25774177500839685
16.4,0.27918286176387297
16.599999999999998,0.2104693309966902
16.799999999999997,0.22862928743650485
16.999999999999996,0.24815261098668714
17.199999999999996,0.2688855596942795
17.399999999999995,0.20199021401499406
17.599999999999994,0.21987579830332635
17.799999999999994,0.23954498553943407
17.999999999999993,0.2605901035747049
18.199999999999992,0.21285191208093576
18.39999999999999,0.23213493153357997
18.59999999999999,0.21161241259111707
18.79999999999999,0.20516983369245761
18.99999999999999,0.20557350666008958
19.19999999999999,0.21022142656817006
19.399999999999988,0.21792380250959875
19.599999999999987,0.22654477039991305
19.799999999999986,0.24820693608147673
19.999999999999986,0.27213903760743696
20.199999999999985,0.29853209127008795
20.399999999999984,0.3276644150665007
20.599999999999984,0.35989662841248915
20.799999999999983,0.39557338745503673
20.999999999999982,0.4350599260683975
21.19999999999998,0.4789239794320443
21.39999999999998,0.5277181377110489
21.59999999999998,0.5820225941018559
21.79999999999998,0.6426269435443688
21.99999999999998,0.7112693517467109
22.199999999999978,0.7875540976446468
22.399999999999977,0.8735127101417757
22.599999999999977,0.9709969608718654
22.799999999999976,1.08075907228505
22.999999999999975,1.206822779994743
23.199999999999974,1.3509012340717041
23.399999999999974,1.5174651364230656
23.599999999999973,1.7100541017878164
23.799999999999972,1.9336785050059604
23.99999999999997,2.1950751156638235
24.19999999999997,2.5019717575264995
24.39999999999997,2.8623807481536305
24.59999999999997,3.2899785976146445
24.79999999999997,3.7974426783062243
24.999999999999968,4.395834008972423
25.199999999999967,5.114538704653288
25.399999999999967,5.958927715810027
25.599999999999966,6.972707631661853
25.799999999999965,8.18637833386297
25.999999999999964,9.648791911737412
26.199999999999964,11.391775164483295
26.399999999999963,13.495113973097304
26.599999999999962,16.021114505518074
26.79999999999996,19.055644657082834
26.99999999999996,22.701895448424576
