mags_ab,pos_errs_mas
16.0,0.20732757105855376
16.2,0.22285494539460637
16.4,0.17085490113656757
16.599999999999998,0.18353331465894288
16.799999999999997,0.1984400791636058
16.999999999999996,0.21573044876136271
17.199999999999996,0.1718170509110033
17.399999999999995,0.1869805178990282
17.599999999999994,0.2036375857396826
17.799999999999994,0.16763429021740214
17.999999999999993,0.18275918212279338
18.199999999999992,0.19933207926149588
18.39999999999999,0.18414778568012563
18.59999999999999,0.18131191431707602
18.79999999999999,0.1869701457591145
18.99999999999999,0.19246541422269078
19.19999999999999,0.2109959302564047
19.399999999999988,0.2315949491088105
19.599999999999987,0.25422349223781354
19.799999999999986,0.2792677265703189
19.999999999999986,0.3070228053313906
20.199999999999985,0.337801555124935
20.399999999999984,0.3719854772628873
20.599999999999984,0.41005752545101737
20.799999999999983,0.4526119194599555
20.999999999999982,0.5003107709693844
21.19999999999998,0.5536545124540809
21.39999999999998,0.6143224055874639
21.59999999999998,0.6822535545170205
21.79999999999998,0.7594287956137848
21.99999999999998,0.8472367560511779
22.199999999999978,0.9480375687825694
22.399999999999977,1.0633849218231781
22.599999999999977,1.1969957708254177
22.799999999999976,1.3526433067381862
22.999999999999975,1.5351719026725845
23.199999999999974,1.7470253923377341
23.399999999999974,1.9930459489733896
23.599999999999973,2.2871939391894007
23.799999999999972,2.6358959937195876
23.99999999999997,3.0504598640296727
24.19999999999997,3.544520256433458
24.39999999999997,4.134497479790001
24.59999999999997,4.840148392887117
24.79999999999997,5.685231453455075
24.999999999999968,6.698303266488559
25.199999999999967,7.913683032568077
25.399999999999967,9.360829603797832
25.599999999999966,11.108486688088437
25.799999999999965,13.207866405909247
25.999999999999964,15.730356303123227
26.199999999999964,18.76175353976718
26.399999999999963,22.405188886109514
26.599999999999962,26.784619596813958
26.79999999999996,32.04905808905713
26.99999999999996,38.377629105768285
