mags_ab,pos_errs_mas
16.0,0.20936906918902753
16.2,0.2254783373705161
16.4,0.24378143758439189
16.599999999999998,0.26146577694898665
16.799999999999997,0.2806440074781124
16.999999999999996,0.18814524911642225
17.199999999999996,0.20380979454678427
17.399999999999995,0.22105279625474222
17.599999999999994,0.23923618376182726
17.799999999999994,0.25832456980920104
17.999999999999993,0.20015886991215845
18.199999999999992,0.2179499270177843
18.39999999999999,0.19788859361732952
18.59999999999999,0.1919774561903921
18.79999999999999,0.20635435269163313
18.99999999999999,0.22609246916395118
19.19999999999999,0.24782208785627532
19.399999999999988,0.27178105961239696
19.599999999999987,0.2982168410829779
19.799999999999986,0.32738502912504014
19.999999999999986,0.3596177690021005
20.199999999999985,0.39526496098678754
20.399999999999984,0.4347002437057088
20.599999999999984,0.47838508200978647
20.799999999999983,0.5268984691203819
20.999999999999982,0.5809240993052898
21.19999999999998,0.6415378697484834
21.39999999999998,0.7088604033224724
21.59999999999998,0.7836725730013747
21.79999999999998,0.8684548328559578
21.99999999999998,0.9628578499209997
22.199999999999978,1.0690096614345739
22.399999999999977,1.1900266084139284
22.599999999999977,1.3284188447407614
22.799999999999976,1.4876622612958543
22.999999999999975,1.6681773335656576
23.199999999999974,1.8794732944181156
23.399999999999974,2.1230862436948117
23.599999999999973,2.4061281453628
23.799999999999972,2.732319666372822
23.99999999999997,3.1187282003451875
24.19999999999997,3.5805379687428203
24.39999999999997,4.128155310598075
24.59999999999997,4.761586291959886
24.79999999999997,5.531220768938153
24.999999999999968,6.450144879330627
25.199999999999967,7.549117675252338
25.399999999999967,8.865125968756166
25.599999999999966,10.442630668910214
25.799999999999965,12.335064525546185
25.999999999999964,14.606632994585746
26.199999999999964,17.27400404348868
26.399999999999963,20.534644680106958
26.599999999999962,24.45234805270367
26.79999999999996,29.160366991615156
26.99999999999996,34.81885962482096
