mags_ab,pos_errs_mas
16.0,0.21049185768708276
16.2,0.22770566056528002
16.4,0.24634129287017856
16.599999999999998,0.26471448245619766
16.799999999999997,0.2854244161284395
16.999999999999996,0.30810758703316976
17.199999999999996,0.3304832907891832
17.399999999999995,0.18684724128508648
17.599999999999994,0.20170157979785894
17.799999999999994,0.21830417286846884
17.999999999999993,0.1694327559038554
18.199999999999992,0.18440789402526556
18.39999999999999,0.2010500781502198
18.59999999999999,0.21914226047514046
18.79999999999999,0.17820379018750646
18.99999999999999,0.1944135524195736
19.19999999999999,0.17594331388898124
19.399999999999988,0.1921385598406763
19.599999999999987,0.20989889952584598
19.799999999999986,0.19078248879878537
19.999999999999986,0.19044669703238865
20.199999999999985,0.19774448979641995
20.399999999999984,0.19701191238958637
20.599999999999984,0.2163603017129859
20.799999999999983,0.23782757787621206
20.999999999999982,0.26166887085221463
21.19999999999998,0.288270008320536
21.39999999999998,0.31796594016612434
21.59999999999998,0.3513243040348362
21.79999999999998,0.3887217848156563
21.99999999999998,0.43108158757474957
22.199999999999978,0.47896972895175793
22.399999999999977,0.5335926331718972
22.599999999999977,0.5956352519801048
22.799999999999976,0.6668255298377426
22.999999999999975,0.7496492850720885
23.199999999999974,0.8447877563566928
23.399999999999974,0.9555455458294473
23.599999999999973,1.0850855993932311
23.799999999999972,1.2372531047288644
23.99999999999997,1.4167132030936107
24.19999999999997,1.6291150037805853
24.39999999999997,1.8812864929564892
24.59999999999997,2.1838973370449
24.79999999999997,2.5420157304187345
24.999999999999968,2.9699930123949883
25.199999999999967,3.4821999335490283
25.399999999999967,4.095912826877493
25.599999999999966,4.831896447304027
25.799999999999965,5.715104262415886
25.999999999999964,6.775520449311277
26.199999999999964,8.049177449266715
26.399999999999963,9.57937862752263
26.599999999999962,11.418165318849404
26.79999999999996,13.628088066216797
26.99999999999996,16.284330271365558
