mags_ab,pos_errs_mas
16.0,0.17796483437248511
16.2,0.15472478880394042
16.4,0.160193347940953
16.599999999999998,0.14893409612594702
16.799999999999997,0.15343854075305857
16.999999999999996,0.14357067675651788
17.199999999999996,0.15387226613051855
17.399999999999995,0.16821800943765686
17.599999999999994,0.16222617098386902
17.799999999999994,0.1637711149737863
17.999999999999993,0.17333641248379278
18.199999999999992,0.18336378806309486
18.39999999999999,0.2016786040436295
18.59999999999999,0.22215071311167958
18.79999999999999,0.24496857306510048
18.99999999999999,0.270533172122418
19.19999999999999,0.29926412530282054
19.399999999999988,0.3316651733703238
19.599999999999987,0.3683461140588056
19.799999999999986,0.4103701153097504
19.999999999999986,0.45799492592171837
20.199999999999985,0.5126320999203223
20.399999999999984,0.5756189771138405
20.599999999999984,0.6485877264657331
20.799999999999983,0.7339595867745621
20.999999999999982,0.8334489148532646
21.19999999999998,0.9501245235175333
21.39999999999998,1.087704611252541
21.59999999999998,1.2505154095833433
21.79999999999998,1.4437858947665148
21.99999999999998,1.6748233064754625
22.199999999999978,1.9496135633583849
22.399999999999977,2.2775480693090233
22.599999999999977,2.67000588675285
22.799999999999976,3.1402227835325855
22.999999999999975,3.704107081758768
23.199999999999974,4.381760189067901
23.399999999999974,5.194159594779289
23.599999999999973,6.16990948147789
23.799999999999972,7.342183281385077
23.99999999999997,8.750848544100924
24.19999999999997,10.443824861361112
24.39999999999997,12.47870962612702
24.59999999999997,14.924737341777652
24.79999999999997,17.86513715401244
24.999999999999968,21.399960731266063
25.199999999999967,25.649489119096913
25.399999999999967,30.758324037405824
25.599999999999966,36.90030644949491
25.799999999999965,44.28444105001699
25.999999999999964,53.16199248845252
26.199999999999964,63.83504321721168
26.399999999999963,76.66678763525279
26.599999999999962,92.09386210670657
26.79999999999996,110.64122096427934
26.99999999999996,132.9399869686462
