mags_ab,pos_errs_mas
16.0,0.21049045279825682
16.2,0.22770395943547564
16.4,0.2463392093477717
16.599999999999998,0.26471196652524204
16.799999999999997,0.2853897839234099
16.999999999999996,0.3081035673862569
17.199999999999996,0.33047820297237646
17.399999999999995,0.1868427162715853
17.599999999999994,0.20169605962623474
17.799999999999994,0.21829727508243219
17.999999999999993,0.16942490922717776
18.199999999999992,0.18439775349729573
18.39999999999999,0.20103680787143532
18.59999999999999,0.21912488014888273
18.79999999999999,0.17818138205029824
18.99999999999999,0.19438415302662293
19.19999999999999,0.17590338569976882
19.399999999999988,0.19208607440968364
19.599999999999987,0.2098299185631839
19.799999999999986,0.19068554177406793
19.999999999999986,0.1903135620644491
20.199999999999985,0.19756438697257914
20.399999999999984,0.19676160134681794
20.599999999999984,0.2160312725512251
20.799999999999983,0.23739548369923452
20.999999999999982,0.26110213469751914
21.19999999999998,0.2875265914816361
21.39999999999998,0.316992714987029
21.59999999999998,0.35004938971078997
21.79999999999998,0.38705715977025823
21.99999999999998,0.4289074906959311
22.199999999999978,0.4762752178057515
22.399999999999977,0.5299091617067083
22.599999999999977,0.5908649214295235
22.799999999999976,0.6606647493480415
22.999999999999975,0.7417203545207173
23.199999999999974,0.8346125677006878
23.399999999999974,0.9425349800797826
23.599999999999973,1.068513608062059
23.799999999999972,1.2162299947161457
23.99999999999997,1.3901543866266117
24.19999999999997,1.5957044162771172
24.39999999999997,1.8394333206025466
24.59999999999997,2.131675218140208
24.79999999999997,2.4771163339609963
24.999999999999968,2.889644304586921
25.199999999999967,3.3830767340994603
25.399999999999967,3.974028081369747
25.599999999999966,4.682469647476604
25.799999999999965,5.532402495990059
25.999999999999964,6.5526666199264065
26.199999999999964,7.777918919402554
26.399999999999963,9.249808630972575
26.599999999999962,11.018387545681733
26.79999999999996,13.14381331595754
26.99999999999996,15.698391229521272
