mags_ab,pos_errs_mas
16.0,0.21533380998893292
16.2,0.2309198322720068
16.4,0.24810744951350577
16.599999999999998,0.16754716892757188
16.799999999999997,0.17773275512915543
16.999999999999996,0.19141514520996084
17.199999999999996,0.20489831206553544
17.399999999999995,0.15352294903401528
17.599999999999994,0.16455941760711568
17.799999999999994,0.17681673571040776
17.999999999999993,0.15553842076041682
18.199999999999992,0.16973609034681889
18.39999999999999,0.1852165887693834
18.59999999999999,0.166109063929163
18.79999999999999,0.1814299016421214
18.99999999999999,0.17394770734056564
19.19999999999999,0.17485950197682415
19.399999999999988,0.18032715286422926
19.599999999999987,0.18708565119519785
19.799999999999986,0.20515504549979285
19.999999999999986,0.225125983480144
20.199999999999985,0.24721948543959874
20.399999999999984,0.2718176084933555
20.599999999999984,0.2990665955967422
20.799999999999983,0.32921186861561774
20.999999999999982,0.3627660590962281
21.19999999999998,0.40019771889249256
21.39999999999998,0.4420713752214819
21.59999999999998,0.4890591098444469
21.79999999999998,0.541968690377205
21.99999999999998,0.6020847881738572
22.199999999999978,0.6704764707082626
22.399999999999977,0.7477839838088325
22.599999999999977,0.8363026682054788
22.799999999999976,0.9381441270480885
22.999999999999975,1.055913808519013
23.199999999999974,1.1927162353359235
23.399999999999974,1.3524232779995777
23.599999999999973,1.5398758177902083
23.799999999999972,1.7596650534801759
23.99999999999997,2.0196039613607355
24.19999999999997,2.327830380941729
24.39999999999997,2.6943071101500573
24.59999999999997,3.131091959267901
24.79999999999997,3.6527066189019255
24.999999999999968,4.272363684522548
25.199999999999967,5.016175369450006
25.399999999999967,5.9092430898955906
25.599999999999966,6.980622391157313
25.799999999999965,8.266665305363002
25.999999999999964,9.811053580281822
26.199999999999964,11.666280588191148
26.399999999999963,13.89543558437953
26.599999999999962,16.57433843688227
26.79999999999996,19.78481242795365
26.99999999999996,23.65184327208088
