mags_ab,pos_errs_mas
16.0,0.28523904943909545
16.2,0.30364334993064684
16.4,0.3233724059164171
16.599999999999998,0.23119304673133143
16.799999999999997,0.2491532966128805
16.999999999999996,0.2688087812580704
17.199999999999996,0.2880984280940525
17.399999999999995,0.30885343678612726
17.599999999999994,0.3285749559708948
17.799999999999994,0.2362949730877404
17.999999999999993,0.2560165178270357
18.199999999999992,0.22068075767477874
18.39999999999999,0.24174950620152258
18.59999999999999,0.26501590287163446
18.79999999999999,0.2906571481277016
18.99999999999999,0.3189723629383014
19.19999999999999,0.3502992752046541
19.399999999999988,0.3847836498229157
19.599999999999987,0.4231010215165285
19.799999999999986,0.4655045505112017
19.999999999999986,0.5125772524140406
20.199999999999985,0.5647705021520268
20.399999999999984,0.6232089527659264
20.599999999999984,0.6886122031336855
20.799999999999983,0.761007426228428
20.999999999999982,0.8430266189626539
21.19999999999998,0.9324149905785799
21.39999999999998,1.0361825236695819
21.59999999999998,1.1522022390148732
21.79999999999998,1.2852166214378433
21.99999999999998,1.435223032292024
22.199999999999978,1.6065974759903368
22.399999999999977,1.8053478285341422
22.599999999999977,2.0378994141346216
22.799999999999976,2.297183764848853
22.999999999999975,2.610753625780123
23.199999999999974,2.972379790641042
23.399999999999974,3.3968948971186963
23.599999999999973,3.9074894157895255
23.799999999999972,4.512926752636342
23.99999999999997,5.234378142288544
24.19999999999997,6.048748631501791
24.39999999999997,7.063649914536665
24.59999999999997,8.278052841772423
24.79999999999997,9.711992874986704
24.999999999999968,11.45148721390801
25.199999999999967,13.476119919061455
25.399999999999967,15.967275805241693
25.599999999999966,18.709005968696463
25.799999999999965,22.24329043245197
25.999999999999964,26.40413280106051
26.199999999999964,31.48789384499653
26.399999999999963,37.473844028144605
26.599999999999962,44.790387701218755
26.79999999999996,53.585390263609504
26.99999999999996,64.15810425636087
