mags_ab,pos_errs_mas
16.0,inf
16.2,0.31144710210290427
16.4,0.326041312470124
16.599999999999998,0.34539005436862497
16.799999999999997,0.36604163515910965
16.999999999999996,0.3877573170368972
17.199999999999996,0.2637173089076039
17.399999999999995,0.2842415511640287
17.599999999999994,0.304768106089817
17.799999999999994,0.3271373245138526
17.999999999999993,0.3488522747748393
18.199999999999992,0.26716237334459597
18.39999999999999,0.2566206205074335
18.59999999999999,0.28126707332710776
18.79999999999999,0.30851835499439906
18.99999999999999,0.3386239022174119
19.19999999999999,0.3719058753909686
19.399999999999988,0.4088559446008433
19.599999999999987,0.4497833664567045
19.799999999999986,0.4953521806022112
19.999999999999986,0.5457758965925398
20.199999999999985,0.6023871887277266
20.399999999999984,0.6651004278092593
20.599999999999984,0.7356921033200025
20.799999999999983,0.8154809965444514
20.999999999999982,0.9046704918372199
21.19999999999998,1.0054967807117452
21.39999999999998,1.1212026795349304
21.59999999999998,1.2516714884270703
21.79999999999998,1.4033093577337847
21.99999999999998,1.5751287687240771
22.199999999999978,1.7757517224321888
22.399999999999977,2.0073736048074933
22.599999999999977,2.268033376712329
22.799999999999976,2.586049305952791
22.999999999999975,2.961060146953169
23.199999999999974,3.3917215384154975
23.399999999999974,3.9150836670422207
23.599999999999973,4.537904932939225
23.799999999999972,5.266483518976981
23.99999999999997,6.132993473933368
24.19999999999997,7.18651933014744
24.39999999999997,8.39419838886196
24.59999999999997,9.859870233993595
24.79999999999997,11.649754036107062
24.999999999999968,13.798339125748916
25.199999999999967,16.37861099679844
25.399999999999967,19.47827505634774
25.599999999999966,23.20273721075629
25.799999999999965,27.678687569002218
25.999999999999964,33.0583937995257
26.199999999999964,39.524889741105255
26.399999999999963,47.298208295394986
26.599999999999962,56.40992095427308
26.79999999999996,67.59281197255288
26.99999999999996,81.03689540877974
