mags_ab,pos_errs_mas
16.0,0.23816806267696944
16.2,0.25871028783439537
16.4,0.2800375904028294
16.599999999999998,0.3011260680416291
16.799999999999997,0.324952921794535
16.999999999999996,0.20905661197710051
17.199999999999996,0.22704178353278812
17.399999999999995,0.24602224166173536
17.599999999999994,0.1995788571545551
17.799999999999994,0.21722820057420564
17.999999999999993,0.19564194320209255
18.199999999999992,0.21332399294469628
18.39999999999999,0.2326914725321277
18.59999999999999,0.2537744746391743
18.79999999999999,0.21013106695894884
18.99999999999999,0.22935478308028942
19.19999999999999,0.20805424852057722
19.399999999999988,0.22734855172126292
19.599999999999987,0.22107904406428117
19.799999999999986,0.22271521167179986
19.999999999999986,0.2268849662850534
20.199999999999985,0.24901468400302884
20.399999999999984,0.273598796531522
20.599999999999984,0.30086372565628106
20.799999999999983,0.33124499990464296
20.999999999999982,0.3650853007523712
21.19999999999998,0.4030461060835925
21.39999999999998,0.4454606840942637
21.59999999999998,0.49324699908696085
21.79999999999998,0.5470995433905673
21.99999999999998,0.6082509742695286
22.199999999999978,0.6777176615451491
22.399999999999977,0.7571465165719835
22.599999999999977,0.8491644457975053
22.799999999999976,0.9545186223361473
22.999999999999975,1.076745919586151
23.199999999999974,1.2192222970876634
23.399999999999974,1.3860380292836194
23.599999999999973,1.5822286662805285
23.799999999999972,1.8138396710822986
23.99999999999997,2.088206706563533
24.19999999999997,2.4154479585076034
24.39999999999997,2.803419286218704
24.59999999999997,3.2660411600053827
24.79999999999997,3.8189460162828612
24.999999999999968,4.481365508587788
25.199999999999967,5.272411926766789
25.399999999999967,6.223720920267504
25.599999999999966,7.363924150024826
25.799999999999965,8.734398150988637
25.999999999999964,10.37835302130575
26.199999999999964,12.355517309811532
26.399999999999963,14.731484063572564
26.599999999999962,17.587077351984142
26.79999999999996,21.01945351025039
26.99999999999996,25.145394910786692
