mags_ab,pos_errs_mas
16.0,0.2142477871604754
16.2,0.16619105955401856
16.4,0.1787532132588586
16.599999999999998,0.1909464746648819
16.799999999999997,0.15991213980202404
16.999999999999996,0.17248802854769232
17.199999999999996,0.15432593458350324
17.399999999999995,0.16828716725868728
17.599999999999994,0.1559304140796432
17.799999999999994,0.17019597586468377
17.999999999999993,0.16608771422055876
18.199999999999992,0.16807520571236012
18.39999999999999,0.17463256201434257
18.59999999999999,0.1790077817499763
18.79999999999999,0.19138342379195353
18.99999999999999,0.20971013058127883
19.19999999999999,0.22991064173923276
19.399999999999988,0.25218497795549044
19.599999999999987,0.2770106846619742
19.799999999999986,0.3041427427068989
19.999999999999986,0.33410479892102857
20.199999999999985,0.36724318168658443
20.399999999999984,0.4039484303583876
20.599999999999984,0.4446712877837894
20.799999999999983,0.48994103157257507
20.999999999999982,0.5406561176645067
21.19999999999998,0.5975245147088984
21.39999999999998,0.6604166416176166
21.59999999999998,0.7309479933196389
21.79999999999998,0.8099755924061426
21.99999999999998,0.899643614533429
22.199999999999978,1.0014215519194234
22.399999999999977,1.1175291246762977
22.599999999999977,1.2505860251335765
22.799999999999976,1.4045511179485193
22.999999999999975,1.5815001458063709
23.199999999999974,1.7826485156886769
23.399999999999974,2.020282199346423
23.599999999999973,2.2986666783777956
23.799999999999972,2.6261517713007287
23.99999999999997,3.013057547594026
24.19999999999997,3.4683515804965745
24.39999999999997,4.008571153224978
24.59999999999997,4.655536751144498
24.79999999999997,5.421471175099305
24.999999999999968,6.341705274021821
25.199999999999967,7.443476312259702
25.399999999999967,8.763988016167646
25.599999999999966,10.331409754074013
25.799999999999965,12.20701308959086
25.999999999999964,14.478373034833172
26.199999999999964,17.20664840693664
26.399999999999963,20.484607195822335
26.599999999999962,24.423734303644693
26.79999999999996,29.158034963760098
26.99999999999996,34.848576168089245
