mags_ab,pos_errs_mas
16.0,0.209374717689734
16.2,0.22548526653944592
16.4,0.24379027075687484
16.599999999999998,0.26147724991030197
16.799999999999997,0.28065891650332336
16.999999999999996,0.1881627984196512
17.199999999999996,0.20383281610441353
17.399999999999995,0.22108302093869983
17.599999999999994,0.23927589401946178
17.799999999999994,0.25837679977870887
17.999999999999993,0.20023272353165386
18.199999999999992,0.21804733847094993
18.39999999999999,0.19802797388654947
18.59999999999999,0.19217401425033825
18.79999999999999,0.20661633287421813
18.99999999999999,0.22643770339033242
19.19999999999999,0.24827700795551177
19.399999999999988,0.27237890546657706
19.599999999999987,0.2990048606170187
19.799999999999986,0.3284257147097231
19.999999999999986,0.36098550435425103
20.199999999999985,0.39705942849378495
20.399999999999984,0.4370720471188837
20.599999999999984,0.48148502524958664
20.799999999999983,0.5309676696726829
20.999999999999982,0.5862532214015268
21.19999999999998,0.6485182894548808
21.39999999999998,0.7179977594270213
21.59999999999998,0.7956734255710337
21.79999999999998,0.8840869425223908
21.99999999999998,0.9839413873594118
22.199999999999978,1.0965094889075506
22.399999999999977,1.224650224063165
22.599999999999977,1.3738180634191497
22.799999999999976,1.5460978089915902
22.999999999999975,1.745933755322367
23.199999999999974,1.9774680910214575
23.399999999999974,2.250327932157398
23.599999999999973,2.566139710185206
23.799999999999972,2.944001710108912
23.99999999999997,3.3876199670480296
24.19999999999997,3.9057458827419786
24.39999999999997,4.5187415833898905
24.59999999999997,5.265362171904186
24.79999999999997,6.137251149076211
24.999999999999968,7.1990020451267736
25.199999999999967,8.47132147648312
25.399999999999967,9.997270260153183
25.599999999999966,11.828595716315201
25.799999999999965,14.027481119854128
25.999999999999964,16.66864818106287
26.199999999999964,19.841896735324383
26.399999999999963,23.655155652579587
26.599999999999962,28.238141838784358
26.79999999999996,33.6534932699947
26.99999999999996,40.25294626113472
