mags_ab,pos_errs_mas
16.0,0.37573954637604523
16.2,0.4031966437494487
16.4,0.27342506423270013
16.599999999999998,0.2969481318741832
16.799999999999997,0.32152282247091163
16.999999999999996,0.3496187783696402
17.199999999999996,0.37508104369963485
17.399999999999995,0.4052705538758967
17.599999999999994,0.26217646443914944
17.799999999999994,0.2830487719387949
17.999999999999993,0.3062455728960729
18.199999999999992,0.3318805711576117
18.39999999999999,0.2421105830407343
18.59999999999999,0.2634376321368035
18.79999999999999,0.2867055151460324
18.99999999999999,0.31209763127741325
19.19999999999999,0.2425564281767074
19.399999999999988,0.26459623626042855
19.599999999999987,0.23555531760952284
19.799999999999986,0.25724331591112776
19.999999999999986,0.24691851906737294
20.199999999999985,0.24622032544013134
20.399999999999984,0.2512510680847736
20.599999999999984,0.25215589366736263
20.799999999999983,0.276739649579734
20.999999999999982,0.30397387916914576
21.19999999999998,0.33429967824081086
21.39999999999998,0.36802682684525717
21.59999999999998,0.4056537075351196
21.79999999999998,0.44771437534808434
21.99999999999998,0.4949517264339917
22.199999999999978,0.5480523828672401
22.399999999999977,0.6081196074410762
22.599999999999977,0.6761444182524008
22.799999999999976,0.7538021576035462
22.999999999999975,0.8424679371398033
23.199999999999974,0.9451673092558739
23.399999999999974,1.0629777171380446
23.599999999999973,1.1997533802163365
23.799999999999972,1.359278097076216
23.99999999999997,1.5462146503194973
24.19999999999997,1.7662039399023184
24.39999999999997,2.025963756835179
24.59999999999997,2.3339150134660396
24.79999999999997,2.7016851762623224
24.999999999999968,3.137658734015726
25.199999999999967,3.657940357115567
25.399999999999967,4.280360543132885
25.599999999999966,5.024873122073567
25.799999999999965,5.918003520343308
25.999999999999964,6.989401777345153
26.199999999999964,8.274586901422051
26.399999999999963,9.817736245450602
26.599999999999962,11.672269582759998
26.79999999999996,13.898892615409517
26.99999999999996,16.57623533810145
