mags_ab,pos_errs_mas
16.0,0.17592198895491248
16.2,0.18887514640753789
16.4,0.15826003791169324
16.599999999999998,0.1726214603149807
16.799999999999997,0.16692926821915907
16.999999999999996,0.1735395487752271
17.199999999999996,0.18472974527662664
17.399999999999995,0.20272591374734167
17.599999999999994,0.22264693836401533
17.799999999999994,0.24469631470778586
17.999999999999993,0.269169015998262
18.199999999999992,0.2963786813160196
18.39999999999999,0.326697063096875
18.59999999999999,0.3607691669784026
18.79999999999999,0.39877150659904975
18.99999999999999,0.44137981527895365
19.19999999999999,0.4894301427982626
19.399999999999988,0.5437602355921655
19.599999999999987,0.605513801234625
19.799999999999986,0.6762940834618807
19.999999999999986,0.7571643091314989
20.199999999999985,0.850388808482061
20.399999999999984,0.9584309670009534
20.599999999999984,1.0838287852340303
20.799999999999983,1.2304285018634282
20.999999999999982,1.4025681590078936
21.19999999999998,1.6055117923410271
21.39999999999998,1.8457058524409318
21.59999999999998,2.1304567406262906
21.79999999999998,2.4693192617613566
21.99999999999998,2.8734874478957786
22.199999999999978,3.3564363336255756
22.399999999999977,3.934375670511454
22.599999999999977,4.626793632281519
22.799999999999976,5.457113074337402
22.999999999999975,6.453482220721999
23.199999999999974,7.649724647620943
23.399999999999974,9.086487056623996
23.599999999999973,10.81261441827989
23.799999999999972,12.886811800926912
23.99999999999997,15.379635108353352
24.19999999999997,18.37589565896172
24.39999999999997,21.977538412636193
24.59999999999997,26.307110812041888
24.79999999999997,31.511935828021784
24.999999999999968,37.76911909944933
25.199999999999967,45.29157844472883
25.399999999999967,54.33528763180347
25.599999999999966,65.2079825750037
25.799999999999965,78.27964968176977
25.999999999999964,93.99508697814612
26.199999999999964,112.88905512913308
26.399999999999963,135.60449878769742
26.599999999999962,162.91437518549836
26.79999999999996,195.74798913662966
26.99999999999996,235.22259038044982
