mags_ab,pos_errs_mas
16.0,0.37859182668154523
16.2,0.3938926543344136
16.4,0.41512445226489453
16.599999999999998,0.26856004215000767
16.799999999999997,0.2884085916802059
16.999999999999996,0.3113734687611709
17.199999999999996,0.3336719255556411
17.399999999999995,0.35782702496198465
17.599999999999994,0.37968865269920193
17.799999999999994,0.4026549091758958
17.999999999999993,0.25290569304832755
18.199999999999992,0.2743716593289548
18.39999999999999,0.29694043122089214
18.59999999999999,0.25387838328543144
18.79999999999999,0.25158967026895834
18.99999999999999,0.26561579152227527
19.19999999999999,0.2910637837191774
19.399999999999988,0.31916380568253705
19.599999999999987,0.3502005293483359
19.799999999999986,0.384488670027754
19.999999999999986,0.4224329816441514
20.199999999999985,0.4644280489221208
20.399999999999984,0.5110191823405402
20.599999999999984,0.5626716008454722
20.799999999999983,0.6201390026605584
20.999999999999982,0.6840645379462095
21.19999999999998,0.7558539878448771
21.39999999999998,0.8364096509168202
21.59999999999998,0.9263147509045601
21.79999999999998,1.028376161487951
21.99999999999998,1.144091661766791
22.199999999999978,1.2745367991989243
22.399999999999977,1.4222130645416642
22.599999999999977,1.5943475916421004
22.799999999999976,1.7898390305058105
22.999999999999975,2.014050424259782
23.199999999999974,2.279370056034845
23.399999999999974,2.5821472387494975
23.599999999999973,2.944742561594554
23.799999999999972,3.372386363450505
23.99999999999997,3.8698978244955433
24.19999999999997,4.457784271380589
24.39999999999997,5.167323892992823
24.59999999999997,6.013637306199277
24.79999999999997,7.004556551790167
24.999999999999968,8.168929957599376
25.199999999999967,9.600811116140548
25.399999999999967,11.317592033068342
25.599999999999966,13.37745103002809
25.799999999999965,15.8503011644426
25.999999999999964,18.820150008989593
26.199999999999964,22.38795391572508
26.399999999999963,26.675049295575988
26.599999999999962,31.82725951446645
26.79999999999996,37.86539532263341
26.99999999999996,45.27344289413102
