mags_ab,pos_errs_mas
16.0,0.20610550541468933
16.2,0.22347941207061503
16.4,0.1701981811690204
16.599999999999998,0.18331820108980248
16.799999999999997,0.19904671565323154
16.999999999999996,0.16677024566693394
17.199999999999996,0.18130426202279573
17.399999999999995,0.19729881146914927
17.599999999999994,0.17206600414730658
17.799999999999994,0.18752663512188897
17.999999999999993,0.20440792911095723
18.199999999999992,0.1841435868529388
18.39999999999999,0.17743960243016396
18.59999999999999,0.181954867493805
18.79999999999999,0.18719699285144412
18.99999999999999,0.2051024231510878
19.19999999999999,0.22500065164735553
19.399999999999988,0.24679976214957303
19.599999999999987,0.27087967142315444
19.799999999999986,0.2975069395922893
19.999999999999986,0.32694827309590546
20.199999999999985,0.35953172271601297
20.399999999999984,0.39568272121800463
20.599999999999984,0.43592645829526533
20.799999999999983,0.48083842341914207
20.999999999999982,0.5307155524777604
21.19999999999998,0.5865204899963383
21.39999999999998,0.6498279087742
21.59999999999998,0.72030501425548
21.79999999999998,0.7999225771764522
21.99999999999998,0.8901587394719352
22.199999999999978,0.992955107299494
22.399999999999977,1.1109314768887038
22.599999999999977,1.2467511719380342
22.799999999999976,1.402627886898534
22.999999999999975,1.5825997929864926
23.199999999999974,1.7932891938825204
23.399999999999974,2.0401612507349176
23.599999999999973,2.3306334887469027
23.799999999999972,2.67374985607448
23.99999999999997,3.080373674816954
24.19999999999997,3.563554970003135
24.39999999999997,4.1393353991776864
24.59999999999997,4.825948439136473
24.79999999999997,5.647329334498014
24.999999999999968,6.6170693542224885
25.199999999999967,7.785794711113603
25.399999999999967,9.185345886621173
25.599999999999966,10.864232371514479
25.799999999999965,12.888042880527388
25.999999999999964,15.31903397532324
26.199999999999964,18.186231333046674
26.399999999999963,21.662256527908553
26.599999999999962,25.860894289748604
26.79999999999996,30.907577982479282
26.99999999999996,36.97401440052653
