mags_ab,pos_errs_mas
16.0,0.2075049464943902
16.2,0.22541358737609848
16.4,0.24107289825631356
16.599999999999998,0.2594313992090178
16.799999999999997,0.17023316657922324
16.999999999999996,0.1830236189669164
17.199999999999996,0.19741388412729535
17.399999999999995,0.16075371883477588
17.599999999999994,0.17388175747631043
17.799999999999994,0.1573090830180254
17.999999999999993,0.171534313420065
18.199999999999992,0.18711819554466969
18.39999999999999,0.20415952387928635
18.59999999999999,0.17106400318859744
18.79999999999999,0.18673390684914576
18.99999999999999,0.17152299931908144
19.19999999999999,0.18747086995448872
19.399999999999988,0.18420927661337025
19.599999999999987,0.18724924983142266
19.799999999999986,0.19244187310541333
19.999999999999986,0.21117300180431162
20.199999999999985,0.2320666088962053
20.399999999999984,0.2550994163521888
20.599999999999984,0.2807066981057626
20.799999999999983,0.3092201962622274
20.999999999999982,0.3410327282260441
21.19999999999998,0.37662748751758823
21.39999999999998,0.41653325379591755
21.59999999999998,0.4614641924741423
21.79999999999998,0.5126156203965966
21.99999999999998,0.5702178773149387
22.199999999999978,0.6358642034164935
22.399999999999977,0.7116150147180051
22.599999999999977,0.7980980786790803
22.799999999999976,0.898078174699427
22.999999999999975,1.0142274237563453
23.199999999999974,1.149801330169404
23.399999999999974,1.3087565942805794
23.599999999999973,1.4959095066901136
23.799999999999972,1.717079165484551
23.99999999999997,1.9804524559550454
24.19999999999997,2.2920650802426072
24.39999999999997,2.663370864822594
24.59999999999997,3.1067616731047014
24.79999999999997,3.636711475703414
24.999999999999968,4.271121100654631
25.199999999999967,5.031498268495825
25.399999999999967,5.943484248195977
25.599999999999966,7.039104086451047
25.799999999999965,8.354838111006362
25.999999999999964,9.929072842582022
26.199999999999964,11.823836409379078
26.399999999999963,14.103211796708935
26.599999999999962,16.84280274906984
26.79999999999996,20.135819980062692
26.99999999999996,24.09430572471058
