mags_ab,pos_errs_mas
16.0,0.2061040165630583
16.2,0.2234774982946059
16.4,0.17019608377839138
16.599999999999998,0.18331563543899684
16.799999999999997,0.19904339230563858
16.999999999999996,0.16676605701737937
17.199999999999996,0.181298773332736
17.399999999999995,0.19729161516312166
17.599999999999994,0.17205634329430078
17.799999999999994,0.18751394037068625
17.999999999999993,0.20439122756269534
18.199999999999992,0.18412028789312318
18.39999999999999,0.1774071756442173
18.59999999999999,0.18191072560468255
18.79999999999999,0.18713684652943377
18.99999999999999,0.20502327366631062
19.19999999999999,0.22489629545978893
19.399999999999988,0.2466624874894152
19.599999999999987,0.2706989724334033
19.799999999999986,0.29726888307995686
19.999999999999986,0.3266351461688934
20.199999999999985,0.35912046995639224
20.399999999999984,0.3951429460350423
20.599999999999984,0.43521767476995243
20.799999999999983,0.47990353958953663
20.999999999999982,0.5294873646324805
21.19999999999998,0.584923494513416
21.39999999999998,0.6477425123604128
21.59999999999998,0.7175791271442212
21.79999999999998,0.7963435877279793
21.99999999999998,0.8855259098718619
22.199999999999978,0.9869361158079076
22.399999999999977,1.1031525690230903
22.599999999999977,1.2367279164150269
22.799999999999976,1.389608264048461
22.999999999999975,1.5658635872823086
23.199999999999974,1.7719269319875524
23.399999999999974,2.0129877134513876
23.599999999999973,2.2961112854801606
23.799999999999972,2.630069815722617
23.99999999999997,3.0252367595658307
24.19999999999997,3.4944156792301326
24.39999999999997,4.050926738290793
24.59999999999997,4.713780408322113
24.79999999999997,5.505393555245153
24.999999999999968,6.44095483701581
25.199999999999967,7.574456520895317
25.399999999999967,8.933698845558359
25.599999999999966,10.523614675883527
25.799999999999965,12.47133635372612
25.999999999999964,14.81058468607716
26.199999999999964,17.62088159720348
26.399999999999963,20.99780429941707
26.599999999999962,25.05621952301048
26.79999999999996,29.934200250258893
26.99999999999996,35.79770959799397
