mags_ab,pos_errs_mas
16.0,0.23762905350965638
16.2,0.2575951949446389
16.4,0.27877740934988904
16.599999999999998,0.21105002452575986
16.799999999999997,0.22891461186473144
16.999999999999996,0.2485435787662271
17.199999999999996,0.2694362464419535
17.399999999999995,0.2136051855474441
17.599999999999994,0.23241374945574206
17.799999999999994,0.25307163561531165
17.999999999999993,0.20553309836800157
18.199999999999992,0.22400167176239746
18.39999999999999,0.244222301050923
18.59999999999999,0.22255262900046718
18.79999999999999,0.21667719328415166
18.99999999999999,0.21337091571438546
19.19999999999999,0.225997225326027
19.399999999999988,0.24759377094383722
19.599999999999987,0.27145505669769693
19.799999999999986,0.2977594299781713
19.999999999999986,0.3267854097805338
20.199999999999985,0.3588930643348482
20.399999999999984,0.3944140305491389
20.599999999999984,0.43371359452659036
20.799999999999983,0.4773455347873969
20.999999999999982,0.5258531011659742
21.19999999999998,0.5797927412904136
21.39999999999998,0.6399203997528434
21.59999999999998,0.7080779602420464
21.79999999999998,0.7835884188233364
21.99999999999998,0.8684941635007032
22.199999999999978,0.964723152520136
22.399999999999977,1.0726643400708489
22.599999999999977,1.1966819254689767
22.799999999999976,1.337949356933732
22.999999999999975,1.5001898495365436
23.199999999999974,1.6892313293102603
23.399999999999974,1.907281085700938
23.599999999999973,2.160663262713707
23.799999999999972,2.4585092860516515
23.99999999999997,2.8073936101304002
24.19999999999997,3.2188546033705943
24.39999999999997,3.708407199190093
24.59999999999997,4.278933399781432
24.79999999999997,4.968940362339332
24.999999999999968,5.7863785913120855
25.199999999999967,6.749356850144631
25.399999999999967,7.918675107772493
25.599999999999966,9.3199811620499
25.799999999999965,11.000709563685245
25.999999999999964,13.017861014567965
26.199999999999964,15.43993159967515
26.399999999999963,18.3492344680821
26.599999999999962,21.844686149562776
26.79999999999996,26.045175931990713
26.99999999999996,31.09359319467763
