mags_ab,pos_errs_mas
16.0,inf
16.2,inf
16.4,0.2587777915343524
16.599999999999998,0.28344307056482415
16.799999999999997,0.30324662307992933
16.999999999999996,0.2103538684231624
17.199999999999996,0.22472897165103603
17.399999999999995,0.241473773690465
17.599999999999994,0.18594697366165477
17.799999999999994,0.19968511191050217
17.999999999999993,0.21473690105213053
18.199999999999992,0.23279571622579326
18.39999999999999,0.186347687507285
18.59999999999999,0.20286210142015176
18.79999999999999,0.22072879422772235
18.99999999999999,0.182981034896564
19.19999999999999,0.19958915292397775
19.399999999999988,0.18519996327166038
19.599999999999987,0.20234177527268918
19.799999999999986,0.2002637664696411
19.999999999999986,0.1976421097767798
20.199999999999985,0.21432268336620122
20.399999999999984,0.23512856000242788
20.599999999999984,0.25818803655463035
20.799999999999983,0.2838210395055813
20.999999999999982,0.3121117048247856
21.19999999999998,0.3435486396817462
21.39999999999998,0.3785198770402556
21.59999999999998,0.4175054641831417
21.79999999999998,0.4611102080781643
21.99999999999998,0.510030331441992
22.199999999999978,0.5652289871075458
22.399999999999977,0.6275267678480702
22.599999999999977,0.6985629520161818
22.799999999999976,0.7788019798790808
22.999999999999975,0.8706306916439317
23.199999999999974,0.9761595843520802
23.399999999999974,1.0981593751362175
23.599999999999973,1.2397496588242265
23.799999999999972,1.4050128079616506
23.99999999999997,1.5969829320165208
24.19999999999997,1.8250499817364658
24.39999999999997,2.0923101666494355
24.59999999999997,2.4097766834316414
24.79999999999997,2.7870576619433396
24.999999999999968,3.2365386849547666
25.199999999999967,3.7626023486116176
25.399999999999967,4.400808357784752
25.599999999999966,5.164893653464851
25.799999999999965,6.08065696164206
25.999999999999964,7.179104265856307
26.199999999999964,8.497494402025772
26.399999999999963,10.080600564469435
26.599999999999962,11.982225768362117
26.79999999999996,14.267030210920334
26.99999999999996,17.012724074710313
