mags_ab,pos_errs_mas
16.0,0.3747871750719042
16.2,0.39935471417560736
16.4,0.27313592317626445
16.599999999999998,0.29525297110733373
16.799999999999997,0.32004444701256973
16.999999999999996,0.34741150248816144
17.199999999999996,0.2646716369384871
17.399999999999995,0.28765412195384255
17.599999999999994,0.2392340741130086
17.799999999999994,0.26045131118334164
17.999999999999993,0.2833702660685748
18.199999999999992,0.24556381511117484
18.39999999999999,0.2675843691843143
18.59999999999999,0.2504743334828402
18.79999999999999,0.2495751269641348
18.99999999999999,0.24771335978615044
19.19999999999999,0.25823791554906544
19.399999999999988,0.282911357525826
19.599999999999987,0.31014636798999123
19.799999999999986,0.340309020473533
19.999999999999986,0.37353867041679856
20.199999999999985,0.41027864124781027
20.399999999999984,0.4509867192944212
20.599999999999984,0.49607701450724956
20.799999999999983,0.5461401577730791
20.999999999999982,0.6018085166837501
21.19999999999998,0.6638129133462222
21.39999999999998,0.7330686707842212
21.59999999999998,0.8106893521548728
21.79999999999998,0.8987336191010469
21.99999999999998,0.9967783828415161
22.199999999999978,1.107974578470537
22.399999999999977,1.23394157087799
22.599999999999977,1.3782360176275734
22.799999999999976,1.5427829479081743
22.999999999999975,1.7327745981348595
23.199999999999974,1.9545696794953178
23.399999999999974,2.2064973379198825
23.599999999999973,2.5041012692518816
23.799999999999972,2.8534084482075097
23.99999999999997,3.2628863177840257
24.19999999999997,3.746768252786269
24.39999999999997,4.322924390158814
24.59999999999997,5.004001846705237
24.79999999999997,5.820008047951476
24.999999999999968,6.787977855125864
25.199999999999967,7.9361735892610294
25.399999999999967,9.323062433191495
25.599999999999966,10.972941276873634
25.799999999999965,12.964058360149043
25.999999999999964,15.354174022461583
26.199999999999964,18.224474818379317
26.399999999999963,21.672528884132443
26.599999999999962,25.81558493018862
26.79999999999996,30.79456946784303
26.99999999999996,36.77886101671913
