mags_ab,pos_errs_mas
16.0,0.37443040686518714
16.2,0.4013657103119108
16.4,0.27280873157339897
16.599999999999998,0.2959003559384341
16.799999999999997,0.3205549805593412
16.999999999999996,0.348266150326787
17.199999999999996,0.2634530023773028
17.399999999999995,0.28571590650103135
17.599999999999994,0.30957290840532553
17.799999999999994,0.2429811845609394
17.999999999999993,0.26427507634699327
18.199999999999992,0.2878786001003426
18.39999999999999,0.24541363866199978
18.59999999999999,0.26768199853019453
18.79999999999999,0.24643213413342818
18.99999999999999,0.2337055788663615
19.19999999999999,0.2552178890632071
19.399999999999988,0.25089994519270903
19.599999999999987,0.25372564546100246
19.799999999999986,0.24932704316812448
19.999999999999986,0.2733780478562561
20.199999999999985,0.29994788566543173
20.399999999999984,0.329449916797866
20.599999999999984,0.36213552505519503
20.799999999999983,0.3983981404297905
20.999999999999982,0.4387586808087818
21.19999999999998,0.48381434291157893
21.39999999999998,0.5341335435905891
21.59999999999998,0.5906300204057675
21.79999999999998,0.6541218215843374
21.99999999999998,0.7259444384122874
22.199999999999978,0.8071268707487848
22.399999999999977,0.9005109632776988
22.599999999999977,1.0060182344446507
22.799999999999976,1.1274798017514454
22.999999999999975,1.2677414946467163
23.199999999999974,1.4301242660707365
23.399999999999974,1.6193077886521139
23.599999999999973,1.8412054632076031
23.799999999999972,2.1013848074460126
23.99999999999997,2.4104011696451546
24.19999999999997,2.7731622047633278
24.39999999999997,3.2051437834624443
24.59999999999997,3.719603502070738
24.79999999999997,4.330979454489395
24.999999999999968,5.0640161703116
25.199999999999967,5.941547055156669
25.399999999999967,6.993192608882091
25.599999999999966,8.254552226357134
25.799999999999965,9.768406967633233
25.999999999999964,11.586161787436547
26.199999999999964,13.769591180883557
26.399999999999963,16.392937243730135
26.599999999999962,19.530165382138833
26.79999999999996,23.31322859362093
26.99999999999996,27.860365446333013
