mags_ab,pos_errs_mas
16.0,0.2503514827376974
16.2,0.2654058013393303
16.4,0.281392791712883
16.599999999999998,0.2878620123099092
16.799999999999997,0.20293740585104544
16.999999999999996,0.21902427035194635
17.199999999999996,0.23510170874804054
17.399999999999995,0.25254531335186314
17.599999999999994,0.26952477679489234
17.799999999999994,0.2106505605490035
17.999999999999993,0.20511167185595622
18.199999999999992,0.22480225775988283
18.39999999999999,0.2465092867273662
18.59999999999999,0.2704998528828636
18.79999999999999,0.29694860432808784
18.99999999999999,0.32624708311841166
19.19999999999999,0.3586406489412696
19.399999999999988,0.3944198473633892
19.599999999999987,0.43413309798462923
19.799999999999986,0.478236229467524
19.999999999999986,0.5275137250277082
20.199999999999985,0.5826325720136127
20.399999999999984,0.6439545440386206
20.599999999999984,0.7130591745739021
20.799999999999983,0.7894468535320394
20.999999999999982,0.8771906065987747
21.19999999999998,0.9739407927949584
21.39999999999998,1.082398540041059
21.59999999999998,1.2074057588485947
21.79999999999998,1.3519448538183565
21.99999999999998,1.5165763247674833
22.199999999999978,1.7050086451759787
22.399999999999977,1.9287420383445328
22.599999999999977,2.1863742890249727
22.799999999999976,2.479546012147718
22.999999999999975,2.8203767664894426
23.199999999999974,3.2380586710994104
23.399999999999974,3.7322987020284795
23.599999999999973,4.320044989525417
23.799999999999972,4.982043832185209
23.99999999999997,5.795277706301857
24.19999999999997,6.77994341867891
24.39999999999997,7.919509402362664
24.59999999999997,9.322937684575296
24.79999999999997,10.976604367520496
24.999999999999968,12.900483617846193
25.199999999999967,15.102503767026375
25.399999999999967,17.934095884742987
25.599999999999966,21.33585156317972
25.799999999999965,25.42345966647803
25.999999999999964,30.335960283060682
26.199999999999964,36.24048035117503
26.399999999999963,43.33791981181971
26.599999999999962,51.869769211192796
26.79999999999996,62.12633992182743
26.99999999999996,74.45662703559174
