mags_ab,pos_errs_mas
16.0,0.20926473325497225
16.2,0.22617213431294148
16.4,0.24522595816963252
16.599999999999998,0.18551529661845792
16.799999999999997,0.2007219291943793
16.999999999999996,0.2177885553087467
17.199999999999996,0.23600052536680688
17.399999999999995,0.17785311280805083
17.599999999999994,0.19362022981225072
17.799999999999994,0.21073601873443548
17.999999999999993,0.2292850187610553
18.199999999999992,0.18817511513797397
18.39999999999999,0.20525612877576738
18.59999999999999,0.18793623012263158
18.79999999999999,0.18291857512540527
18.99999999999999,0.1839103101955678
19.19999999999999,0.18864070141251385
19.399999999999988,0.19073641159493412
19.599999999999987,0.20457396383124868
19.799999999999986,0.22418779506258127
19.999999999999986,0.24580341081933965
20.199999999999985,0.2696536742160845
20.399999999999984,0.29601954953097503
20.599999999999984,0.325138066321538
20.799999999999983,0.3573823184290188
20.999999999999982,0.3931502598551734
21.19999999999998,0.4328042044207903
21.39999999999998,0.4768751402003518
21.59999999999998,0.5259439495470467
21.79999999999998,0.5807620231209925
21.99999999999998,0.6427661885403261
22.199999999999978,0.7117079544904479
22.399999999999977,0.7895785282427804
22.599999999999977,0.8773553545063206
22.799999999999976,0.9774943208964015
22.999999999999975,1.0911522329122907
23.199999999999974,1.2215438576174702
23.399999999999974,1.3708128115989375
23.599999999999973,1.545402127227742
23.799999999999972,1.7473061120936468
23.99999999999997,1.983300902849263
24.19999999999997,2.2604200369053995
24.39999999999997,2.586864211698516
24.59999999999997,2.9730684759560186
24.79999999999997,3.4315690345158054
24.999999999999968,3.9748354002300057
25.199999999999967,4.62492171044198
25.399999999999967,5.394506952648236
25.599999999999966,6.31355061275676
25.799999999999965,7.41528285078878
25.999999999999964,8.73300078781546
26.199999999999964,10.301653936303191
26.399999999999963,12.19180937604944
26.599999999999962,14.473557488701083
26.79999999999996,17.214654097587875
26.99999999999996,20.508311800104305
