mags_ab,pos_errs_mas
16.0,0.17340725984537064
16.2,0.16903644466308934
16.4,0.18360496911342997
16.599999999999998,0.15107804770250682
16.799999999999997,0.16098075780409937
16.999999999999996,0.17566175201969703
17.199999999999996,0.14537820153091532
17.399999999999995,0.1524147740904253
17.599999999999994,0.1622573312672981
17.799999999999994,0.14951477988536913
17.999999999999993,0.16250095240066337
18.199999999999992,0.15634519708542335
18.39999999999999,0.16175532078882573
18.59999999999999,0.17211685895655085
18.79999999999999,0.18470913735241082
18.99999999999999,0.19795223358304934
19.19999999999999,0.21875363214788646
19.399999999999988,0.24225611956128426
19.599999999999987,0.2688688622370786
19.799999999999986,0.29906526947019274
19.999999999999986,0.33353703946373026
20.199999999999985,0.3730719332562298
20.399999999999984,0.4186311909400631
20.599999999999984,0.4717584264310127
20.799999999999983,0.5333230447092391
20.999999999999982,0.6051302331798027
21.19999999999998,0.6894323962653052
21.39999999999998,0.7888023472586255
21.59999999999998,0.9063565465991157
21.79999999999998,1.0463193291119544
21.99999999999998,1.2123571558140191
22.199999999999978,1.4103785087069118
22.399999999999977,1.6469830752072525
22.599999999999977,1.93010986879966
22.799999999999976,2.2693041068144413
22.999999999999975,2.676038664341642
23.199999999999974,3.1641004294561315
23.399999999999974,3.750057212757278
23.599999999999973,4.453817479460748
23.799999999999972,5.299306805967247
23.99999999999997,6.3152786286781595
24.19999999999997,7.536293568546968
24.39999999999997,9.003891924891066
24.59999999999997,10.768006734006306
24.79999999999997,12.888664040754724
24.999999999999968,15.438022382362151
25.199999999999967,18.502829848874185
25.399999999999967,22.187374760559273
25.599999999999966,26.617032988654614
25.799999999999965,31.942540745534004
25.999999999999964,38.34511245793241
26.199999999999964,46.0426127499948
26.399999999999963,55.29698068380335
26.599999999999962,66.42312227275129
26.79999999999996,79.79963918701873
26.99999999999996,95.88170265826454
