mags_ab,pos_errs_mas
16.0,0.23743191073403255
16.2,0.25754204721863777
16.4,0.27932663256307416
16.599999999999998,0.21111819751200506
16.799999999999997,0.22897066432761642
16.999999999999996,0.2488435343132042
17.199999999999996,0.20586010090253234
17.399999999999995,0.2242529983976876
17.599999999999994,0.1980918273530594
17.799999999999994,0.21603815859105338
17.999999999999993,0.23547710961839638
18.199999999999992,0.21379741447581124
18.39999999999999,0.2045723319819111
18.59999999999999,0.22333453113981633
18.79999999999999,0.2086144611261201
18.99999999999999,0.2172060540199382
19.19999999999999,0.2221912464938303
19.399999999999988,0.24336229536733012
19.599999999999987,0.26674259152787405
19.799999999999986,0.29250449568747516
19.999999999999986,0.3209003394608109
20.199999999999985,0.3522891674710445
20.399999999999984,0.3869849662582561
20.599999999999984,0.4252996530555062
20.799999999999983,0.46778806865239864
20.999999999999982,0.5149440542218079
21.19999999999998,0.5672399623581718
21.39999999999998,0.6254092079721044
21.59999999999998,0.6903807288850531
21.79999999999998,0.7637154997875423
21.99999999999998,0.8452502426176978
22.199999999999978,0.9368795252150067
22.399999999999977,1.039879161689579
22.599999999999977,1.1572249845875058
22.799999999999976,1.290342545586087
22.999999999999975,1.442480818916623
23.199999999999974,1.6187136343913815
23.399999999999974,1.820659083555622
23.599999999999973,2.054355724876882
23.799999999999972,2.32649300119615
23.99999999999997,2.6460468813964524
24.19999999999997,3.016774499849158
24.39999999999997,3.458691542163566
24.59999999999997,3.9792519589064144
24.79999999999997,4.600136803986755
24.999999999999968,5.334997962754599
25.199999999999967,6.2055692654243115
25.399999999999967,7.252886267630675
25.599999999999966,8.506454790267004
25.799999999999965,10.008571187087096
25.999999999999964,11.8100688670294
26.199999999999964,13.972034894812051
26.399999999999963,16.56787644980465
26.599999999999962,19.685801882262293
26.79999999999996,23.431822055620326
26.99999999999996,27.899449490566177
