mags_ab,pos_errs_mas
16.0,0.24178668616347387
16.2,0.25758659427955355
16.4,0.18586823185290993
16.599999999999998,0.20040712029821975
16.799999999999997,0.2163245778087953
16.999999999999996,0.23365365408145053
17.199999999999996,0.2489444867863822
17.399999999999995,0.2651529441215339
17.599999999999994,0.19553463708763577
17.799999999999994,0.21210825537124714
17.999999999999993,0.18777686403523172
18.199999999999992,0.2058194291871818
18.39999999999999,0.22577752886232716
18.59999999999999,0.24778971007796102
18.79999999999999,0.2721008377466646
18.99999999999999,0.2989735811859353
19.19999999999999,0.3287640844100023
19.399999999999988,0.36185197491230764
19.599999999999987,0.3986577403376847
19.799999999999986,0.4396036322657591
19.999999999999986,0.4850054607844034
20.199999999999985,0.5360601415205375
20.399999999999984,0.5933967542075074
20.599999999999984,0.6581434003513325
20.799999999999983,0.7306802028831527
20.999999999999982,0.8127575966538246
21.19999999999998,0.9061128596634211
21.39999999999998,1.0126845084404885
21.59999999999998,1.1363050447014902
21.79999999999998,1.2792952786047878
21.99999999999998,1.4351520619188296
22.199999999999978,1.621414971203197
22.399999999999977,1.8427541036545907
22.599999999999977,2.102905305240591
22.799999999999976,2.409761951847873
22.999999999999975,2.7727677819049688
23.199999999999974,3.203696044708417
23.399999999999974,3.7167149264449297
23.599999999999973,4.322775083458799
23.799999999999972,5.044255399397022
23.99999999999997,5.906412384317444
24.19999999999997,6.900641201701434
24.39999999999997,8.138887434051098
24.59999999999997,9.624752177194775
24.79999999999997,11.319194667653779
24.999999999999968,13.405221718782126
25.199999999999967,15.946717818010647
25.399999999999967,19.000598027676343
25.599999999999966,22.67074001137929
25.799999999999965,27.082007049665954
25.999999999999964,32.384486165038844
26.199999999999964,38.75859256026017
26.399999999999963,46.42122481794925
26.599999999999962,55.63311403874829
26.79999999999996,66.7077235146608
26.99999999999996,79.77405408640749
