mags_ab,pos_errs_mas
16.0,0.16636913785692378
16.2,0.17639275285389713
16.4,0.19129773987398413
16.599999999999998,0.1439281574935321
16.799999999999997,0.1531468903096361
16.999999999999996,0.16533775128611694
17.199999999999996,0.17651544967255525
17.399999999999995,0.14039244535407783
17.599999999999994,0.15223533537668305
17.799999999999994,0.166128645336078
17.999999999999993,0.15409941823950146
18.199999999999992,0.15293080656793398
18.39999999999999,0.16716052803082201
18.59999999999999,0.17146094550966118
18.79999999999999,0.1716136224720701
18.99999999999999,0.1880031772861765
19.19999999999999,0.20606778069952914
19.399999999999988,0.22598502769584472
19.599999999999987,0.24795774330833
19.799999999999986,0.2722153228327009
19.999999999999986,0.29918692262546426
20.199999999999985,0.3289426577669066
20.399999999999984,0.3617788523301825
20.599999999999984,0.39820438054026436
20.799999999999983,0.43868907182536243
20.999999999999982,0.48378585732102364
21.19999999999998,0.5341497220658384
21.39999999999998,0.5908999483601174
21.59999999999998,0.6547274511484464
21.79999999999998,0.726120856018322
21.99999999999998,0.8069056282115314
22.199999999999978,0.8987202754506612
22.399999999999977,1.0031006494210657
22.599999999999977,1.1229445009298247
22.799999999999976,1.2612330098061595
22.999999999999975,1.421996055625857
23.199999999999974,1.6082658596680537
23.399999999999974,1.8260444691024507
23.599999999999973,2.081780987527606
23.799999999999972,2.380368513044238
23.99999999999997,2.7343343251421435
24.19999999999997,3.155271759919753
24.39999999999997,3.6561046911181507
24.59999999999997,4.25336286196312
24.79999999999997,4.966948209608562
24.999999999999968,5.820800872486559
25.199999999999967,6.839015106876472
25.399999999999967,8.063367625462345
25.599999999999966,9.532448500657864
25.799999999999965,11.296122070618887
25.999999999999964,13.414307769634124
26.199999999999964,15.95901268246548
26.399999999999963,19.016779148032718
26.599999999999962,22.691618749516255
26.79999999999996,27.108554025251582
26.99999999999996,32.41786165775668
