mags_ab,pos_errs_mas
16.0,0.3747670456830342
16.2,0.39933286864058554
16.4,0.2731804793958894
16.599999999999998,0.2960154018972487
16.799999999999997,0.31988556718071187
16.999999999999996,0.3473637789562424
17.199999999999996,0.26409613790908226
17.399999999999995,0.2861240233595031
17.599999999999994,0.23687013537355636
17.799999999999994,0.2578279122645099
17.999999999999993,0.28046045788294177
18.199999999999992,0.24148681047714077
18.39999999999999,0.2630493496349751
18.59999999999999,0.28678337880880533
18.79999999999999,0.25388508465231663
18.99999999999999,0.2769981550734206
19.19999999999999,0.24430455088576739
19.399999999999988,0.24841059116002878
19.599999999999987,0.27208919252142155
19.799999999999986,0.29817267943856696
19.999999999999986,0.32705536962964515
20.199999999999985,0.3588588339085282
20.399999999999984,0.3939818015747832
20.599999999999984,0.43288151522015045
20.799999999999983,0.47590430314077614
20.999999999999982,0.5236893263458996
21.19999999999998,0.576636498484225
21.39999999999998,0.6356274395166853
21.59999999999998,0.7013562082479352
21.79999999999998,0.7748689526734304
21.99999999999998,0.8581932205563518
22.199999999999978,0.9507081775826824
22.399999999999977,1.055321796896054
22.599999999999977,1.1739563620266054
22.799999999999976,1.3085130653311223
22.999999999999975,1.4621731289342241
23.199999999999974,1.639297984128407
23.399999999999974,1.8449734999450849
23.599999999999973,2.0800687518455954
23.799999999999972,2.3532244824267456
23.99999999999997,2.67460882802577
24.19999999999997,3.0524150910239713
24.39999999999997,3.4940606311309876
24.59999999999997,4.020754513541205
24.79999999999997,4.646322240324272
24.999999999999968,5.386553987369873
25.199999999999967,6.268497361777585
25.399999999999967,7.327740410467231
25.599999999999966,8.578478034453342
25.799999999999965,10.079769506800211
25.999999999999964,11.889682593684775
26.199999999999964,14.061580207985358
26.399999999999963,16.66919765584473
26.599999999999962,19.801134893354245
26.79999999999996,23.563872764283193
26.99999999999996,28.085375585007124
