mags_ab,pos_errs_mas
16.0,0.2851467828366038
16.2,0.3004025168755445
16.4,0.31639060495382304
16.599999999999998,0.3187129397461928
16.799999999999997,0.317637678611056
16.999999999999996,0.31107856314923027
17.199999999999996,0.27081819927255507
17.399999999999995,0.2459060840190336
17.599999999999994,0.2275557363144121
17.799999999999994,0.24940731213439538
17.999999999999993,0.2735411058719025
18.199999999999992,0.30015104493903694
18.39999999999999,0.3296660514753491
18.59999999999999,0.3622746428016677
18.79999999999999,0.39825723717564165
18.99999999999999,0.4384143336293997
19.19999999999999,0.4828792731557369
19.399999999999988,0.5323279051962734
19.599999999999987,0.5874595126761551
19.799999999999986,0.6495532604910679
19.999999999999986,0.7187753922601784
20.199999999999985,0.7961034687701793
20.399999999999984,0.8845532474889303
20.599999999999984,0.9804533345899392
20.799999999999983,1.0936503876928418
20.999999999999982,1.219579576987206
21.19999999999998,1.3672586269924818
21.39999999999998,1.5318522856632562
21.59999999999998,1.7211214137191844
21.79999999999998,1.947333105647277
21.99999999999998,2.2004120919132704
22.199999999999978,2.5079113004282383
22.399999999999977,2.8639358109766726
22.599999999999977,3.283022198408681
22.799999999999976,3.7814676571713903
22.999999999999975,4.379965644765306
23.199999999999974,5.084269083193517
23.399999999999974,5.875248620437082
23.599999999999973,6.875930769251791
23.799999999999972,8.012756696687692
23.99999999999997,9.434170324466901
24.19999999999997,11.105969782021468
24.39999999999997,13.104823167405762
24.59999999999997,15.543233667412903
24.79999999999997,18.38897751729379
24.999999999999968,21.888074485098997
25.199999999999967,26.092868083215087
25.399999999999967,31.14639508580607
25.599999999999966,37.220586755954756
25.799999999999965,44.52211496964181
25.999999999999964,53.29941830685101
26.199999999999964,63.85116074649017
26.399999999999963,76.53639898285448
26.599999999999962,91.45116160566151
26.79999999999996,109.71117657955523
26.99999999999996,131.6640621141968
