mags_ab,pos_errs_mas
16.0,0.2503594927703699
16.2,0.265416189659052
16.4,0.2814062792238432
16.599999999999998,0.28787937728462804
16.799999999999997,0.20296003815473818
16.999999999999996,0.2190540945947195
17.199999999999996,0.23514107733707496
17.399999999999995,0.2525973992093367
17.599999999999994,0.2695936498938849
17.799999999999994,0.21075443148159148
17.999999999999993,0.20525809476490128
18.199999999999992,0.22499558641139988
18.39999999999999,0.24676426334655024
18.59999999999999,0.27083376877249377
18.79999999999999,0.2973891545781843
18.99999999999999,0.32683623311668847
19.19999999999999,0.3594007087150912
19.399999999999988,0.39542008636818043
19.599999999999987,0.43544719596597087
19.799999999999986,0.4799671139706963
19.999999999999986,0.5297798033659715
20.199999999999985,0.5855866895458482
20.399999999999984,0.6478274691352546
20.599999999999984,0.7181879725028046
20.799999999999983,0.7961097113175852
20.999999999999982,0.8858615425247296
21.19999999999998,0.9868900260823743
21.39999999999998,1.099251675902935
21.59999999999998,1.2264276870144202
21.79999999999998,1.3779229811373006
21.99999999999998,1.5482793216272104
22.199999999999978,1.7505697285650417
22.399999999999977,1.9809728573076673
22.599999999999977,2.2567566104639543
22.799999999999976,2.5768612570395395
22.999999999999975,2.9447621775007784
23.199999999999974,3.3759225067044647
23.399999999999974,3.9058985917616753
23.599999999999973,4.537413030619447
23.799999999999972,5.2914431141617975
23.99999999999997,6.145551364833657
24.19999999999997,7.212275065265822
24.39999999999997,8.490734725132373
24.59999999999997,10.024213690750132
24.79999999999997,11.864727936782396
24.999999999999968,14.074778552524272
25.199999999999967,16.7294773374617
25.399999999999967,19.919087895107523
25.599999999999966,23.63732493737259
25.799999999999965,28.2175345373199
25.999999999999964,33.72284051332473
26.199999999999964,40.34055811792832
26.399999999999963,48.29586850218398
26.599999999999962,57.85946200852309
26.79999999999996,69.35676458582358
26.99999999999996,83.17899430252729
