mags_ab,pos_errs_mas
16.0,0.1760043316139763
16.2,0.17860338929232575
16.4,0.19253893464846775
16.599999999999998,0.21115044433590446
16.799999999999997,0.23170461883227278
16.999999999999996,0.2544268933318523
17.199999999999996,0.2795689090959643
17.399999999999995,0.30742750491184245
17.599999999999994,0.3383454058938647
17.799999999999994,0.3726254438257733
17.999999999999993,0.41075172537316884
18.199999999999992,0.45302727026341144
18.39999999999999,0.5006025924696902
18.59999999999999,0.5540124381658432
18.79999999999999,0.6140992801891079
18.99999999999999,0.6820072651228279
19.19999999999999,0.7589597217180407
19.399999999999988,0.8439225188653467
19.599999999999987,0.9434103949760342
19.799999999999986,1.057799717385535
19.999999999999986,1.190007001739472
20.199999999999985,1.3435122444879828
20.399999999999984,1.517291296355688
20.599999999999984,1.7144924431758415
20.799999999999983,1.955972856905149
20.999999999999982,2.2408681102154557
21.19999999999998,2.578168179153515
21.39999999999998,2.9787370919647276
21.59999999999998,3.455681555467489
21.79999999999998,3.9550805365819635
21.99999999999998,4.616999988910285
22.199999999999978,5.408929421527756
22.399999999999977,6.357555362101125
22.599999999999977,7.494952913223371
22.799999999999976,8.809534128023236
22.999999999999975,10.43552272989482
23.199999999999974,12.388233779037922
23.399999999999974,14.734045908887621
23.599999999999973,17.552729958070817
23.799999999999972,20.94016432091102
23.99999999999997,25.011587611492146
24.19999999999997,29.905527064014752
24.39999999999997,35.788500331034705
24.59999999999997,42.86068262159391
24.79999999999997,51.36272334190445
24.999999999999968,61.583925015518844
25.199999999999967,73.87209436896413
25.399999999999967,88.64537265907698
25.599999999999966,106.40646012868363
25.799999999999965,127.759749574771
25.999999999999964,153.4318428180627
26.199999999999964,184.29630250222735
26.399999999999963,221.4034201475109
26.599999999999962,266.01586995116196
26.79999999999996,319.6517301610741
26.99999999999996,384.1361029216676
