mags_ab,pos_errs_mas
16.0,0.14952490555611986
16.2,0.1599508743795171
16.4,0.14245204998344116
16.599999999999998,0.15341908677369823
16.799999999999997,0.14374780993280906
16.999999999999996,0.1569067763939654
17.199999999999996,0.15464687147855583
17.399999999999995,0.15775318723132187
17.599999999999994,0.16491977601856772
17.799999999999994,0.1704986859275814
17.999999999999993,0.18288886971303192
18.199999999999992,0.20038037169407993
18.39999999999999,0.21964854004776532
18.59999999999999,0.2408804175224896
18.79999999999999,0.2642877711719332
18.99999999999999,0.2903166349031552
19.19999999999999,0.3189383709417969
19.399999999999988,0.3504129354856493
19.599999999999987,0.385224670712891
19.799999999999986,0.4237823123704248
19.999999999999986,0.466561165169467
20.199999999999985,0.5141174569302441
20.399999999999984,0.5675239038344879
20.599999999999984,0.6271697786492153
20.799999999999983,0.6932535182294942
20.999999999999982,0.7674497722038084
21.19999999999998,0.8504447070765759
21.39999999999998,0.9446708813227592
21.59999999999998,1.0516723734081999
21.79999999999998,1.1737296178601093
21.99999999999998,1.3142329587706192
22.199999999999978,1.4750410713677429
22.399999999999977,1.6610986257058904
22.599999999999977,1.8740205210847394
22.799999999999976,2.12297343699135
22.999999999999975,2.4158159595404194
23.199999999999974,2.7602729100903485
23.399999999999974,3.1671127801265673
23.599999999999973,3.6460153683764327
23.799999999999972,4.213864520921109
23.99999999999997,4.888531596703128
24.19999999999997,5.697908490305953
24.39999999999997,6.665683783398824
24.59999999999997,7.82440898949909
24.79999999999997,9.21321600966203
24.999999999999968,10.852155334988485
25.199999999999967,12.832744085272308
25.399999999999967,15.22098432610731
25.599999999999966,18.089664424273415
25.799999999999965,21.536324500544968
25.999999999999964,25.678190670802593
26.199999999999964,30.6561609323831
26.399999999999963,36.60339206473279
26.599999999999962,43.78579281046414
26.79999999999996,52.41991284715049
26.99999999999996,62.7995360146862
