mags_ab,pos_errs_mas
16.0,0.2400778354594491
16.2,0.2545514455731108
16.4,0.2604619181042491
16.599999999999998,0.26496597710442543
16.799999999999997,0.2670746369296789
16.999999999999996,0.19041420078767973
17.199999999999996,0.20440786525954516
17.399999999999995,0.219821205184138
17.599999999999994,0.2365122210227907
17.799999999999994,0.19879862076400182
17.999999999999993,0.19844291495896424
18.199999999999992,0.2175564803249427
18.39999999999999,0.2386463260077445
18.59999999999999,0.2619107869887194
18.79999999999999,0.28761580709815904
18.99999999999999,0.3160459623563963
19.19999999999999,0.3475294540801119
19.399999999999988,0.3825138811633848
19.599999999999987,0.4214176884984169
19.799999999999986,0.4641783802053416
19.999999999999986,0.5123048451880451
20.199999999999985,0.5661507809869126
20.399999999999984,0.6266058759682415
20.599999999999984,0.6940867783650851
20.799999999999983,0.7693210021205091
20.999999999999982,0.8559360049653251
21.19999999999998,0.9533965788209778
21.39999999999998,1.0659335186482952
21.59999999999998,1.1953568296041583
21.79999999999998,1.3317572612742252
21.99999999999998,1.4983708638320758
22.199999999999978,1.6916041862837647
22.399999999999977,1.91993407359153
22.599999999999977,2.1795385405773784
22.799999999999976,2.488055036348361
22.999999999999975,2.8573869853441245
23.199999999999974,3.295446518358332
23.399999999999974,3.804296015451082
23.599999999999973,4.3765759973355225
23.799999999999972,5.102932316964071
23.99999999999997,5.928965704978093
24.19999999999997,6.957620250648585
24.39999999999997,8.190429571886678
24.59999999999997,9.66912966002314
24.79999999999997,11.44387651556715
24.999999999999968,13.574937601937323
25.199999999999967,16.134738028493345
25.399999999999967,19.210316319742336
25.599999999999966,22.78850004188219
25.799999999999965,27.2035832973265
25.999999999999964,32.51040484565524
26.199999999999964,38.88952250680248
26.399999999999963,46.55800128923884
26.599999999999962,55.77676887243903
26.79999999999996,66.8595204215552
26.99999999999996,80.18336655395181
