mags_ab,pos_errs_mas
16.0,0.25003317408564657
16.2,0.2650444422127206
16.4,0.28098241671008783
16.599999999999998,0.2873791910987928
16.799999999999997,0.2921858495816327
16.999999999999996,0.2035964624201874
17.199999999999996,0.21894119557772254
17.399999999999995,0.23580452642227354
17.599999999999994,0.2527207464182064
17.799999999999994,0.20272248484337024
17.999999999999993,0.19848924685484592
18.199999999999992,0.2175015975461713
18.39999999999999,0.23847594065766298
18.59999999999999,0.2616128745032901
18.79999999999999,0.2872044446206943
18.99999999999999,0.31542480794862915
19.19999999999999,0.3467283037352103
19.399999999999988,0.3812777034677198
19.599999999999987,0.419537375752547
19.799999999999986,0.46206018654605074
19.999999999999986,0.5095532417659221
20.199999999999985,0.5626421587322084
20.399999999999984,0.6217086821494435
20.599999999999984,0.688317115274639
20.799999999999983,0.7618951148414962
20.999999999999982,0.8463442551249437
21.19999999999998,0.9409560384540686
21.39999999999998,1.0460571494739757
21.59999999999998,1.1644404813045193
21.79999999999998,1.3047762383695407
21.99999999999998,1.4620482097071545
22.199999999999978,1.6479342333833868
22.399999999999977,1.8581612085078034
22.599999999999977,2.1094170697780026
22.799999999999976,2.39340757662855
22.999999999999975,2.72245870585145
23.199999999999974,3.1155007846285554
23.399999999999974,3.5906404934308824
23.599999999999973,4.155396184152959
23.799999999999972,4.826725297604474
23.99999999999997,5.583156319239891
24.19999999999997,6.530754571585827
24.39999999999997,7.662007035604435
24.59999999999997,9.018059272328554
24.79999999999997,10.647783323620274
24.999999999999968,12.562968427700874
25.199999999999967,14.902565658993996
25.399999999999967,17.49086200819031
25.599999999999966,20.816338235898815
25.799999999999965,24.721905876946014
25.999999999999964,29.368378380014704
26.199999999999964,34.7578591202836
26.399999999999963,41.36235243719494
26.599999999999962,49.49822923509468
26.79999999999996,59.27872070840077
26.99999999999996,71.03662186584326
