mags_ab,pos_errs_mas
16.0,0.251744157971521
16.2,0.26538841184390627
16.4,0.27971524260306707
16.599999999999998,0.2822428193615382
16.799999999999997,0.2819327454533957
16.999999999999996,0.27702722308653527
17.199999999999996,0.21916310905802522
17.399999999999995,0.20508845273287576
17.599999999999994,0.2164016050647268
17.799999999999994,0.23729946908895705
17.999999999999993,0.26035961805538815
18.199999999999992,0.2858954755230728
18.39999999999999,0.31402832923255425
18.59999999999999,0.3452847589078621
18.79999999999999,0.37988784316054536
18.99999999999999,0.4180378570141946
19.19999999999999,0.460343134880027
19.399999999999988,0.5078976894533448
19.599999999999987,0.5611300750364184
19.799999999999986,0.6202191831641005
19.999999999999986,0.6869616137648122
20.199999999999985,0.7604421392892519
20.399999999999984,0.8453346387183704
20.599999999999984,0.9401802005445431
20.799999999999983,1.04446256580683
20.999999999999982,1.1599801950962279
21.19999999999998,1.3000881745796566
21.39999999999998,1.453085811339691
21.59999999999998,1.637502165435691
21.79999999999998,1.8484988804467806
21.99999999999998,2.087232542271272
22.199999999999978,2.3584654868882837
22.399999999999977,2.6949330045149975
22.599999999999977,3.0779745712726703
22.799999999999976,3.544967042177896
22.999999999999975,4.088573544896186
23.199999999999974,4.677154360781152
23.399999999999974,5.398175597832711
23.599999999999973,6.273283958061954
23.799999999999972,7.3461435456613104
23.99999999999997,8.631109540214867
24.19999999999997,10.171614245592222
24.39999999999997,12.019853535438603
24.59999999999997,14.134419084358269
24.79999999999997,16.773613440589113
24.999999999999968,19.94395903754962
25.199999999999967,23.75326388530101
25.399999999999967,28.331094198997345
25.599999999999966,33.83318664464028
25.799999999999965,40.19369657200006
25.999999999999964,48.08314584380521
26.199999999999964,57.56724320971338
26.399999999999963,68.96871266868425
26.599999999999962,82.67551110314506
26.79999999999996,99.1540519909701
26.99999999999996,118.96505293485289
