mags_ab,pos_errs_mas
16.0,0.191719294719227
16.2,0.19101024387819143
16.4,0.15762461095102384
16.599999999999998,0.1585867171017585
16.799999999999997,0.1712345796063862
16.999999999999996,0.1807749425358741
17.199999999999996,0.14937583179718364
17.399999999999995,0.1584806465038553
17.599999999999994,0.14441673108896472
17.799999999999994,0.1579992833208722
17.999999999999993,0.15891821373013043
18.199999999999992,0.16482867347596897
18.39999999999999,0.1739930892166412
18.59999999999999,0.18280229372008763
18.79999999999999,0.2013833109564921
18.99999999999999,0.22220486265710127
19.19999999999999,0.24562315414398053
19.399999999999988,0.27196269552530405
19.599999999999987,0.3017512640063866
19.799999999999986,0.3355771520746569
19.999999999999986,0.37415578350984047
20.199999999999985,0.41843852034553985
20.399999999999984,0.46960387182471797
20.599999999999984,0.5285091153747358
20.799999999999983,0.59698802983845
20.999999999999982,0.6769649502284988
21.19999999999998,0.7707804625133184
21.39999999999998,0.8815966030873551
21.59999999999998,1.0122615984215002
21.79999999999998,1.1672420502517373
21.99999999999998,1.3515767366852143
22.199999999999978,1.572279363933571
22.399999999999977,1.8349492541152248
22.599999999999977,2.14919358054124
22.799999999999976,2.525599430636402
22.999999999999975,2.9768924412821396
23.199999999999974,3.5183652008470143
23.399999999999974,4.171355199391057
23.599999999999973,4.953661819238072
23.799999999999972,5.892248836531044
23.99999999999997,7.020052767681349
24.19999999999997,8.375437230735114
24.39999999999997,10.007136489098468
24.59999999999997,11.965709970833554
24.79999999999997,14.320105851521136
24.999999999999968,17.150435659814853
25.199999999999967,20.553007928285485
25.399999999999967,24.64360408351871
25.599999999999966,29.561416908195774
25.799999999999965,35.47379385714527
25.999999999999964,42.58191876296259
26.199999999999964,51.12766485246724
26.399999999999963,61.401836257972704
26.599999999999962,73.75404016297287
26.79999999999996,88.6045999268938
26.99999999999996,106.45884344287175
