mags_ab,pos_errs_mas
16.0,inf
16.2,inf
16.4,0.2587635065584357
16.599999999999998,0.28336733668208436
16.799999999999997,0.30260327065737935
16.999999999999996,0.21040467796079176
17.199999999999996,0.224746438871141
17.399999999999995,0.23929197426436274
17.599999999999994,0.18589458159573868
17.799999999999994,0.1993853747918246
17.999999999999993,0.21540584348053513
18.199999999999992,0.2342764707002981
18.39999999999999,0.18915913608283694
18.59999999999999,0.2058967437719566
18.79999999999999,0.22399370929370413
18.99999999999999,0.1880702357008271
19.19999999999999,0.20517846293837042
19.399999999999988,0.19651320546635087
19.599999999999987,0.19867246728164792
19.799999999999986,0.20071142022229457
19.999999999999986,0.2200183383306395
20.199999999999985,0.2413494019498025
20.399999999999984,0.26506086119499217
20.599999999999984,0.2912061004903306
20.799999999999983,0.32013836243032645
20.999999999999982,0.35221792501225957
21.19999999999998,0.38787165807717305
21.39999999999998,0.4275637019034063
21.59999999999998,0.47188141193833366
21.79999999999998,0.5215061189057225
21.99999999999998,0.5774437336250741
22.199999999999978,0.6401227653730291
22.399999999999977,0.7115758520453103
22.599999999999977,0.7920697255014169
22.799999999999976,0.8838625846846457
22.999999999999975,0.9891040321329186
23.199999999999974,1.1099587282771386
23.399999999999974,1.2491087890248906
23.599999999999973,1.4111303759789626
23.799999999999972,1.600865895139881
23.99999999999997,1.8238791138196624
24.19999999999997,2.0856423358466207
24.39999999999997,2.3931662869786
24.59999999999997,2.752051390942414
24.79999999999997,3.1850740960697324
24.999999999999968,3.701149883854256
25.199999999999967,4.317433004113592
25.399999999999967,5.054563345112396
25.599999999999966,5.937360625082266
25.799999999999965,6.995657240930757
25.999999999999964,8.265305518872093
26.199999999999964,9.78938745076088
26.399999999999963,11.6038345229907
26.599999999999962,13.797299973770402
26.79999999999996,16.43284818052191
26.99999999999996,19.600122294337265
