mags_ab,pos_errs_mas
16.0,0.21010096402812073
16.2,0.22773468275005937
16.4,0.24629574681933752
16.599999999999998,0.2647394635689199
16.799999999999997,0.2853002436292651
16.999999999999996,0.18434611894357256
17.199999999999996,0.19937090858255455
17.399999999999995,0.21612336479374872
17.599999999999994,0.17531691971379434
17.799999999999994,0.19096294057767194
17.999999999999993,0.17238921229026896
18.199999999999992,0.1879936742233676
18.39999999999999,0.20507843127396122
18.59999999999999,0.22367292902726174
18.79999999999999,0.1861191381975114
18.99999999999999,0.2031267489277135
19.19999999999999,0.18521876973599172
19.399999999999988,0.20240113512290325
19.599999999999987,0.19763985297505354
19.799999999999986,0.19186829192810034
19.999999999999986,0.2043225139419598
20.199999999999985,0.2242200821886005
20.399999999999984,0.24619162944866335
20.599999999999984,0.27056616229325114
20.799999999999983,0.29761966144003615
20.999999999999982,0.32775866476232474
21.19999999999998,0.36130965850973273
21.39999999999998,0.39884541721486644
21.59999999999998,0.44098708725733865
21.79999999999998,0.4883879158520265
21.99999999999998,0.5416932941385014
22.199999999999978,0.6020821183252639
22.399999999999977,0.6714408935450636
22.599999999999977,0.749984532055213
22.799999999999976,0.8401842522255759
22.999999999999975,0.9442568773277901
23.199999999999974,1.0649528399077537
23.399999999999974,1.2056040867060305
23.599999999999973,1.3701224422464167
23.799999999999972,1.5636250634174826
23.99999999999997,1.7932075444768907
24.19999999999997,2.063107187170125
24.39999999999997,2.3839039818671615
24.59999999999997,2.7648905104553667
24.79999999999997,3.2189558979424415
24.999999999999968,3.7619018944254026
25.199999999999967,4.412445422164839
25.399999999999967,5.191996845861044
25.599999999999966,6.126939477658567
25.799999999999965,7.248978401192071
25.999999999999964,8.596210526946857
26.199999999999964,10.214417699616567
26.399999999999963,12.158620394907981
26.599999999999962,14.494941906654315
26.79999999999996,17.30285902953151
26.99999999999996,20.67790049641728
