mags_ab,pos_errs_mas
16.0,inf
16.2,inf
16.4,0.2612304683697314
16.599999999999998,0.2851627437424836
16.799999999999997,0.30218157917753014
16.999999999999996,0.20899672438650482
17.199999999999996,0.22417285521051494
17.399999999999995,0.24132829667636385
17.599999999999994,0.2605301603282271
17.799999999999994,0.28153870652550506
17.999999999999993,0.18603096142834868
18.199999999999992,0.1993257931153073
18.39999999999999,0.21447927388145252
18.59999999999999,0.1694974191210556
18.79999999999999,0.1836148380336996
18.99999999999999,0.20013845210593847
19.19999999999999,0.17999164788072852
19.399999999999988,0.1964582659306084
19.599999999999987,0.18459331549055
19.799999999999986,0.2017496471704809
19.999999999999986,0.18724895150954007
20.199999999999985,0.2049356911938609
20.399999999999984,0.20051208153969285
20.599999999999984,0.2003790102865845
20.799999999999983,0.21719314076225568
20.999999999999982,0.23925055537632595
21.19999999999998,0.26394293796629
21.39999999999998,0.2918297448473517
21.59999999999998,0.3230544487307296
21.79999999999998,0.3583479104666279
21.99999999999998,0.3983991064751067
22.199999999999978,0.4441037012430376
22.399999999999977,0.4963991249030256
22.599999999999977,0.5565682387881142
22.799999999999976,0.6260780930746028
22.999999999999975,0.7068251157769039
23.199999999999974,0.8010691833588385
23.399999999999974,0.9126262519839938
23.599999999999973,1.0426522473350506
23.799999999999972,1.1962765252656031
23.99999999999997,1.378387415762533
24.19999999999997,1.5948886419337536
24.39999999999997,1.852898694871749
24.59999999999997,2.1609909073739724
24.79999999999997,2.5294815156149872
24.999999999999968,2.970775412517161
25.199999999999967,3.4997838382867688
25.399999999999967,4.135563328875443
25.599999999999966,4.8972423845049
25.799999999999965,5.811929384081536
25.999999999999964,6.910714648900879
26.199999999999964,8.230961957070008
26.399999999999963,9.8175786831931
26.599999999999962,11.72454058361729
26.79999999999996,14.01672890523301
26.99999999999996,16.772134088847917
