mags_ab,pos_errs_mas
16.0,0.2093813876947005
16.2,0.22549345121933628
16.4,0.24380070523750602
16.599999999999998,0.2614907933988533
16.799999999999997,0.28067652236188334
16.999999999999996,0.18818351747543022
17.199999999999996,0.20385999802441418
17.399999999999995,0.22111870782761006
17.599999999999994,0.2393227820701257
17.799999999999994,0.25843846572736506
17.999999999999993,0.20031990224602975
18.199999999999992,0.21816231813521048
18.39999999999999,0.19819250049612888
18.59999999999999,0.19240587332249373
18.79999999999999,0.2069252835996354
18.99999999999999,0.22684443053500764
19.19999999999999,0.24881317382993026
19.399999999999988,0.2730843383352251
19.599999999999987,0.2999323588633314
19.799999999999986,0.32964501618323816
19.999999999999986,0.36259440367385315
20.199999999999985,0.3991683552596382
20.399999999999984,0.4398292214177371
20.599999999999984,0.4851180946125524
20.799999999999983,0.5357381598248061
20.999999999999982,0.5924740015634298
21.19999999999998,0.656845981921302
21.39999999999998,0.7286252200852515
21.59999999999998,0.8101807783827812
21.79999999999998,0.902132680544472
21.99999999999998,1.007948189577917
22.199999999999978,1.128754873512094
22.399999999999977,1.266441404981492
22.599999999999977,1.4249662596509076
22.799999999999976,1.6117872371100317
22.999999999999975,1.8297390220447802
23.199999999999974,2.085640831745377
23.399999999999974,2.387375416891195
23.599999999999973,2.743937843823178
23.799999999999972,3.1671739837363013
23.99999999999997,3.6711465722800183
24.19999999999997,4.271540292667756
24.39999999999997,4.989717240527353
24.59999999999997,5.848288067857035
24.79999999999997,6.8777791432611615
24.999999999999968,8.078150916634778
25.199999999999967,9.55000061763501
25.399999999999967,11.283716524885692
25.599999999999966,13.398453935179965
25.799999999999965,15.91433438440602
25.999999999999964,18.88817500227374
26.199999999999964,22.445078546808546
26.399999999999963,26.808226578023476
26.599999999999962,32.05281268086313
26.79999999999996,38.35728628187913
26.99999999999996,45.93616135998678
