mags_ab,pos_errs_mas
16.0,0.18168311420718516
16.2,0.18659358268352452
16.4,0.20457344672312697
16.599999999999998,0.22440621002846822
16.799999999999997,0.24631973635305313
16.999999999999996,0.2705464919704323
17.199999999999996,0.2973629183311572
17.399999999999995,0.32708856946655684
17.599999999999994,0.36003200346558784
17.799999999999994,0.39664098199692466
17.999999999999993,0.4370850707371364
18.199999999999992,0.4825184317368418
18.39999999999999,0.5334008877915253
18.59999999999999,0.5905399712475053
18.79999999999999,0.6547837294076155
18.99999999999999,0.7275394155446315
19.19999999999999,0.8079809545448684
19.399999999999988,0.9014139659806436
19.599999999999987,1.0084729372628967
19.799999999999986,1.1317302895838235
19.999999999999986,1.2743248427984153
20.199999999999985,1.4359316146038033
20.399999999999984,1.619470896491537
20.599999999999984,1.84214084911911
20.799999999999983,2.1041140141650723
20.999999999999982,2.4135108773236205
21.19999999999998,2.7801568360092133
21.39999999999998,3.2159196792746956
21.59999999999998,3.679081778950996
21.79999999999998,4.283899160011817
21.99999999999998,5.006788749193323
22.199999999999978,5.8720333254702775
22.399999999999977,6.90882654183116
22.599999999999977,8.111599335641287
22.799999999999976,9.593646740496482
22.999999999999975,11.373026294842594
23.199999999999974,13.51019837264542
23.399999999999974,16.07782374636106
23.599999999999973,19.163224945649763
23.799999999999972,22.871359306489552
23.99999999999997,27.32838023390168
24.19999999999997,32.68593807022474
24.39999999999997,39.126327692482164
24.59999999999997,46.86869284435107
24.79999999999997,56.17648890108767
24.999999999999968,67.36643707047845
25.199999999999967,80.81930914994263
25.399999999999967,96.99287932996073
25.599999999999966,116.43749682785408
25.799999999999965,139.8148435372674
25.999999999999964,167.92039531639466
26.199999999999964,201.71051999789879
26.399999999999963,242.33506700654613
26.599999999999962,291.17640107840316
26.79999999999996,349.89650150517934
26.99999999999996,420.4934752027262
