mags_ab,pos_errs_mas
16.0,0.28486127253914584
16.2,0.3019196077678097
16.4,0.3200250975978618
16.599999999999998,0.327203055224764
16.799999999999997,0.22937487580341565
16.999999999999996,0.24747536951338334
17.199999999999996,0.26551955485121165
17.399999999999995,0.2850890824213805
17.599999999999994,0.3040649878911021
17.799999999999994,0.2353383967694893
17.999999999999993,0.22726807221852482
18.199999999999992,0.2490597481616181
18.39999999999999,0.2731250697685226
18.59999999999999,0.2996554593706546
18.79999999999999,0.3290406023650008
18.99999999999999,0.36150834874959026
19.19999999999999,0.3973437868005287
19.399999999999988,0.43724852003558506
19.599999999999987,0.4814400670936997
19.799999999999986,0.530588116090514
19.999999999999986,0.5852236562892666
20.199999999999985,0.6466404551894016
20.399999999999984,0.7150784584106634
20.599999999999984,0.7916557065412863
20.799999999999983,0.878738128580412
20.999999999999982,0.9733438586416183
21.19999999999998,1.0843961391813164
21.39999999999998,1.2087802999316097
21.59999999999998,1.3522846294478599
21.79999999999998,1.5146449110353821
21.99999999999998,1.6980207592165355
22.199999999999978,1.9175779899108771
22.399999999999977,2.1695598154026094
22.599999999999977,2.4585828691264657
22.799999999999976,2.8076957134820204
22.999999999999975,3.210789278546231
23.199999999999974,3.684666069504894
23.399999999999974,4.256433325396183
23.599999999999973,4.939299909147485
23.799999999999972,5.710917705090749
23.99999999999997,6.670835534725088
24.19999999999997,7.82102334822149
24.39999999999997,9.199374736202286
24.59999999999997,10.852318253233726
24.79999999999997,12.803558109839182
24.999999999999968,15.177817026081067
25.199999999999967,18.02947285659228
25.399999999999967,21.22581727715468
25.599999999999966,25.29021945647147
25.799999999999965,29.874055377730677
25.999999999999964,35.679976206956106
26.199999999999964,42.50011328067685
26.399999999999963,50.85531341279561
26.599999999999962,60.67090981287133
26.79999999999996,72.69726847511761
26.99999999999996,87.15536589775813
