mags_ab,pos_errs_mas
16.0,0.2344879707989571
16.2,0.24700068162286104
16.4,0.24818092594232263
16.599999999999998,0.18607710986407353
16.799999999999997,0.20087299150597387
16.999999999999996,0.18821644749680314
17.199999999999996,0.20628947178098364
17.399999999999995,0.22622885941823295
17.599999999999994,0.24824492449472627
17.799999999999994,0.2724387327972986
17.999999999999993,0.2991306220416366
18.199999999999992,0.3287581955662593
18.39999999999999,0.36159021655059725
18.59999999999999,0.3980235689425437
18.79999999999999,0.4385364874309517
18.99999999999999,0.4836533776689944
19.19999999999999,0.5337642704208972
19.399999999999988,0.588704732676064
19.599999999999987,0.6512157354012538
19.799999999999986,0.7182778932046917
19.999999999999986,0.79681872995118
20.199999999999985,0.8855444731976364
20.399999999999984,0.9866625905807335
20.599999999999984,1.1020295942862888
20.799999999999983,1.2345117489635884
20.999999999999982,1.37637698384275
21.19999999999998,1.5245121502420704
21.39999999999998,1.717567447578276
21.59999999999998,1.9428006977257755
21.79999999999998,2.20555640497722
21.99999999999998,2.514253791463992
22.199999999999978,2.859887258026844
22.399999999999977,3.2409687164640766
22.599999999999977,3.71685994562212
22.799999999999976,4.253973610926461
22.999999999999975,4.933184426837681
23.199999999999974,5.743488777551116
23.399999999999974,6.711928966990233
23.599999999999973,7.765165152611384
23.799999999999972,9.082604403071258
23.99999999999997,10.631669819443996
24.19999999999997,12.557826002370385
24.39999999999997,14.8698539316603
24.59999999999997,17.646280640186625
24.79999999999997,20.981478440560373
24.999999999999968,24.988854858409898
25.199999999999967,29.804717759798326
25.399999999999967,35.373356076827044
25.599999999999966,42.27835289002206
25.799999999999965,50.578630236747244
25.999999999999964,60.55661003168464
26.199999999999964,72.55180946573518
26.399999999999963,86.97241131684004
26.599999999999962,104.3090987649901
26.79999999999996,125.15181682859296
26.99999999999996,150.20978306516392
