mags_ab,pos_errs_mas
16.0,inf
16.2,inf
16.4,0.2616637058787051
16.599999999999998,0.2829265511456925
16.799999999999997,0.3036056618647851
16.999999999999996,0.210968424936475
17.199999999999996,0.22447083233186937
17.399999999999995,0.2416362605919192
17.599999999999994,0.18523814703557656
17.799999999999994,0.19981903943299317
17.999999999999993,0.2154940246786307
18.199999999999992,0.23330758112364827
18.39999999999999,0.17617025916673312
18.59999999999999,0.19097863510090782
18.79999999999999,0.20792946054141861
18.99999999999999,0.17223649238891725
19.19999999999999,0.187879072504312
19.399999999999988,0.17377322698748407
19.599999999999987,0.1897807153140669
19.799999999999986,0.18654459755854733
19.999999999999986,0.1892332530668156
20.199999999999985,0.19569547107219437
20.399999999999984,0.1980527258235597
20.599999999999984,0.2156138732493349
20.799999999999983,0.23672080035454537
20.999999999999982,0.2601607149884761
21.19999999999998,0.28627357883506754
21.39999999999998,0.31520211576824336
21.59999999999998,0.3474645301393837
21.79999999999998,0.38350082842902533
21.99999999999998,0.4238599994168379
22.199999999999978,0.46923616902230353
22.399999999999977,0.5204386386302935
22.599999999999977,0.578510650910634
22.799999999999976,0.6446989430787303
22.999999999999975,0.7205384720975626
23.199999999999974,0.8070355759762933
23.399999999999974,0.9068238516277083
23.599999999999973,1.0225120742170646
23.799999999999972,1.1572806211444395
23.99999999999997,1.3150011312310133
24.19999999999997,1.5003789927065547
24.39999999999997,1.7191212232420972
24.59999999999997,1.9789156506045256
24.79999999999997,2.286316410367268
24.999999999999968,2.652331976769369
25.199999999999967,3.089080993799142
25.399999999999967,3.611149463686462
25.599999999999966,4.236081205432984
25.799999999999965,4.984966104501113
25.999999999999964,5.883151550178863
26.199999999999964,6.961096935978001
26.399999999999963,8.255330254208664
26.599999999999962,9.80996819844601
26.79999999999996,11.677808538097453
26.99999999999996,13.921456771118818
