mags_ab,pos_errs_mas
16.0,0.2099882368528557
16.2,0.2246312867284723
16.4,0.24246294497476728
16.599999999999998,0.16915135271475573
16.799999999999997,0.18244148643641667
16.999999999999996,0.1969876146680732
17.199999999999996,0.2128641847717908
17.399999999999995,0.23042949830290804
17.599999999999994,0.24832631923050322
17.799999999999994,0.26751648549392326
17.999999999999993,0.2875921011700696
18.199999999999992,0.17081710755257218
18.39999999999999,0.18601117563203368
18.59999999999999,0.20261254083142308
18.79999999999999,0.16772910444880643
18.99999999999999,0.18306633634245262
19.19999999999999,0.17080765443312443
19.399999999999988,0.18659246854078534
19.599999999999987,0.17397431805490104
19.799999999999986,0.1756133749262557
19.999999999999986,0.18346623378729143
20.199999999999985,0.18889340706129357
20.399999999999984,0.20712660419542542
20.599999999999984,0.2274080340167469
20.799999999999983,0.2497343368337102
20.999999999999982,0.27448941283456557
21.19999999999998,0.30199024832747245
21.39999999999998,0.3325186013032367
21.59999999999998,0.3665618003213631
21.79999999999998,0.4045508693736669
21.99999999999998,0.44710134060860546
22.199999999999978,0.49528266063008813
22.399999999999977,0.5491994445777668
22.599999999999977,0.6102350150343488
22.799999999999976,0.6801424839070962
22.999999999999975,0.7594095911359534
23.199999999999974,0.8503569122404703
23.399999999999974,0.9552143609704867
23.599999999999973,1.0767340814828612
23.799999999999972,1.2182045194545803
23.99999999999997,1.3836483900502354
24.19999999999997,1.5778922213411632
24.39999999999997,1.8082728407790758
24.59999999999997,2.0793629008017946
24.79999999999997,2.401195444377978
24.999999999999968,2.7841174290039854
25.199999999999967,3.2401578415332204
25.399999999999967,3.785441913052129
25.599999999999966,4.438020088993326
25.799999999999965,5.219902403119206
25.999999999999964,6.157541664597488
26.199999999999964,7.282725771534808
26.399999999999963,8.633655512171273
26.599999999999962,10.256232899229673
26.79999999999996,12.205623054849761
26.99999999999996,14.548122380040569
