mags_ab,pos_errs_mas
16.0,0.28594855233522803
16.2,0.3013248924093246
16.4,0.31745376613556353
16.599999999999998,0.3199924993218322
16.799999999999997,0.31919816534747886
16.999999999999996,0.31301820166652705
17.199999999999996,0.24537938676173268
17.399999999999995,0.2279606279533472
17.599999999999994,0.24003281794117115
17.799999999999994,0.26326914235382903
17.999999999999993,0.28892062588858186
18.199999999999992,0.31730296880530734
18.39999999999999,0.3488220760290355
18.59999999999999,0.3834512488639262
18.79999999999999,0.42222687128462283
18.99999999999999,0.46521222859778694
19.19999999999999,0.5133638575840263
19.399999999999988,0.5668725530159243
19.599999999999987,0.626665080335083
19.799999999999986,0.6945035549106338
19.999999999999986,0.7700013523226339
20.199999999999985,0.8553110380684626
20.399999999999984,0.9535254463800115
20.599999999999984,1.0589896117432014
20.799999999999983,1.1859422680818423
20.999999999999982,1.3267427768666251
21.19999999999998,1.4895002095930572
21.39999999999998,1.683177980322666
21.59999999999998,1.8963590385020546
21.79999999999998,2.1574771553677685
21.99999999999998,2.447320837032101
22.199999999999978,2.8053458812012564
22.399999999999977,3.219553526769775
22.599999999999977,3.720590206256259
22.799999999999976,4.301786887771452
22.999999999999975,5.0058670702237595
23.199999999999974,5.849461221027784
23.399999999999974,6.794645781677657
23.599999999999973,7.989180287307842
23.799999999999972,9.417975845036445
23.99999999999997,11.135940979920562
24.19999999999997,13.198478832554752
24.39999999999997,15.67566671749814
24.59999999999997,18.59106655754686
24.79999999999997,22.15410694081148
24.999999999999968,26.197778111664313
25.199999999999967,31.182310847074223
25.399999999999967,37.28207835650853
25.599999999999966,44.0598952963807
25.799999999999965,52.758197257530234
25.999999999999964,62.923538789720965
26.199999999999964,75.43400644013634
26.399999999999963,90.05514924638926
26.599999999999962,108.05021711885286
26.79999999999996,129.68464576445697
26.99999999999996,155.69459445782277
