mags_ab,pos_errs_mas
16.0,0.21530610603693523
16.2,0.16803088812859912
16.4,0.17923261522395292
16.599999999999998,0.1910753277024323
16.799999999999997,0.2058261452845484
16.999999999999996,0.15782566202087972
17.199999999999996,0.16962339185259295
17.399999999999995,0.18301671851587037
17.599999999999994,0.152577616568484
17.799999999999994,0.16641997353721397
17.999999999999993,0.15488364857967668
18.199999999999992,0.169107905916044
18.39999999999999,0.16700910209112582
18.59999999999999,0.17004735119748432
18.79999999999999,0.17633622838135565
18.99999999999999,0.1780378877858734
19.19999999999999,0.19500814261530586
19.399999999999988,0.2137099632391237
19.599999999999987,0.2343269264344193
19.799999999999986,0.2571463161284234
19.999999999999986,0.28236568014374136
20.199999999999985,0.31006616009181776
20.399999999999984,0.34068593815386533
20.599999999999984,0.37457174704661556
20.799999999999983,0.41212988393426814
20.999999999999982,0.4538314985836644
21.19999999999998,0.5002312050272183
21.39999999999998,0.5521566457776402
21.59999999999998,0.6104275650885481
21.79999999999998,0.6751494824411537
21.99999999999998,0.7478352599992205
22.199999999999978,0.8294196279114812
22.399999999999977,0.9222461040688995
22.599999999999977,1.0278492986724226
22.799999999999976,1.1486143446549912
22.999999999999975,1.287354976233886
23.199999999999974,1.4479627690522414
23.399999999999974,1.6334675741375997
23.599999999999973,1.8446541509862109
23.799999999999972,2.0953432937895995
23.99999999999997,2.389857206515896
24.19999999999997,2.737213724704909
24.39999999999997,3.1483974984970486
24.59999999999997,3.6363770210237383
24.79999999999997,4.217488243637117
24.999999999999968,4.9101980901808835
25.199999999999967,5.730919127287641
25.399999999999967,6.699760258679527
25.599999999999966,7.8788263311761675
25.799999999999965,9.291945310017187
25.999999999999964,10.98849259098793
26.199999999999964,13.025365636410202
26.399999999999963,15.47177566077707
26.599999999999962,18.410890459352718
26.79999999999996,21.87378735042245
26.99999999999996,26.074911778842814
