mags_ab,pos_errs_mas
16.0,0.37427426894161336
16.2,0.3995374708504461
16.4,0.27460728777840676
16.599999999999998,0.2951917061160127
16.799999999999997,0.32009891212671315
16.999999999999996,0.346562172520034
17.199999999999996,0.26431043271193244
17.399999999999995,0.28638591292207294
17.599999999999994,0.3101660036715728
17.799999999999994,0.246535057097697
17.999999999999993,0.2680918257316885
18.199999999999992,0.2917899993701642
18.39999999999999,0.31692990542632127
18.59999999999999,0.25969197915330244
18.79999999999999,0.24334738559148536
18.99999999999999,0.2655940514624152
19.19999999999999,0.24988470068479396
19.399999999999988,0.26174014381283833
19.599999999999987,0.2867001703815642
19.799999999999986,0.31423061977891775
19.999999999999986,0.34468199685028444
20.199999999999985,0.378194208887588
20.399999999999984,0.4152137785729087
20.599999999999984,0.45615806621343113
20.799999999999983,0.5014469797035936
20.999999999999982,0.551607024393053
21.19999999999998,0.6072028914519139
21.39999999999998,0.6690478894288279
21.59999999999998,0.7379413657542725
21.79999999999998,0.8155946622277571
21.99999999999998,0.9014386501537093
22.199999999999978,0.9980414713748108
22.399999999999977,1.1069956095356914
22.599999999999977,1.229246604404554
22.799999999999976,1.3681290464444333
22.999999999999975,1.526136915393677
23.199999999999974,1.7081969301346602
23.399999999999974,1.9165613570081421
23.599999999999973,2.1560996486407626
23.799999999999972,2.434077751565565
23.99999999999997,2.7599040544276012
24.19999999999997,3.138901573005403
24.39999999999997,3.5876968158499087
24.59999999999997,4.11306249920309
24.79999999999997,4.7402160770241535
24.999999999999968,5.478509728643143
25.199999999999967,6.364675697052139
25.399999999999967,7.400354888011865
25.599999999999966,8.656933622918318
25.799999999999965,10.161429694909904
25.999999999999964,11.964647364874796
26.199999999999964,14.127644666847512
26.399999999999963,16.723797045250738
26.599999999999962,19.841270686175655
26.79999999999996,23.586020862118666
26.99999999999996,28.02533734627117
