mags_ab,pos_errs_mas
16.0,0.17271324712793124
16.2,0.17569776243096802
16.4,0.15143369171718674
16.599999999999998,0.15907896125366142
16.799999999999997,0.14315528281273213
16.999999999999996,0.15455901877728917
17.199999999999996,0.16310492321121922
17.399999999999995,0.1767673505624864
17.599999999999994,0.15227285710190203
17.799999999999994,0.1662241937616858
17.999999999999993,0.15675521160656933
18.199999999999992,0.15709938228979065
18.39999999999999,0.1717925916324988
18.59999999999999,0.1694430110574607
18.79999999999999,0.1850821080653981
18.99999999999999,0.20282501687586135
19.19999999999999,0.22238014886083884
19.399999999999988,0.24394158154148515
19.599999999999987,0.2677299635702047
19.799999999999986,0.29419976058614705
19.999999999999986,0.3233649540094161
20.199999999999985,0.3554822086359764
20.399999999999984,0.3910646025977368
20.599999999999984,0.4305534269387338
20.799999999999983,0.47446546835471914
20.999999999999982,0.5234099572391087
21.19999999999998,0.5785221456756189
21.39999999999998,0.6404503065514138
21.59999999999998,0.7093181875548807
21.79999999999998,0.7870293485546075
21.99999999999998,0.87503550516048
22.199999999999978,0.9748054823031259
22.399999999999977,1.0890143665926186
22.599999999999977,1.220156697791444
22.799999999999976,1.3723255967368613
22.999999999999975,1.5476510664986416
23.199999999999974,1.7518970986273272
23.399999999999974,1.9909351656526215
23.599999999999973,2.2699253756116664
23.799999999999972,2.599178243626923
23.99999999999997,2.98942706954044
24.19999999999997,3.4527701417387098
24.39999999999997,4.004351313245124
24.59999999999997,4.66241768404993
24.79999999999997,5.448934445319452
24.999999999999968,6.387027874568848
25.199999999999967,7.512974016667006
25.399999999999967,8.863242889024908
25.599999999999966,10.483614259141632
25.799999999999965,12.429100813748855
25.999999999999964,14.76580900672029
26.199999999999964,17.573182230441365
26.399999999999963,20.9467014182438
26.599999999999962,25.001122999312095
26.79999999999996,29.874386365166718
26.99999999999996,35.73229597044495
