mags_ab,pos_errs_mas
16.0,0.17273056650973037
16.2,0.17571619001834496
16.4,0.15145701688537852
16.599999999999998,0.15910644838287985
16.799999999999997,0.1431874625775981
16.999999999999996,0.15460072091682897
17.199999999999996,0.1631546446746982
17.399999999999995,0.17683065832150263
17.599999999999994,0.1523560388866695
17.799999999999994,0.16633328443693413
17.999999999999993,0.1569026169137854
18.199999999999992,0.15729816913338002
18.39999999999999,0.17205419621290552
18.59999999999999,0.1698010003857447
18.79999999999999,0.18555310607086278
18.99999999999999,0.203444027175184
19.19999999999999,0.22319375210019407
19.399999999999988,0.24501088723993472
19.599999999999987,0.2691340134359367
19.799999999999986,0.29603041978143796
19.999999999999986,0.3257997258580748
20.199999999999985,0.35867768658224763
20.399999999999984,0.3952557058633554
20.599999999999984,0.4360459714825559
20.799999999999983,0.4816566313548896
20.999999999999982,0.5328142017892786
21.19999999999998,0.5908022624550677
21.39999999999998,0.6563247733327453
21.59999999999998,0.7302517794745572
21.79999999999998,0.8142243117459755
21.99999999999998,0.9103180312724339
22.199999999999978,1.0207931815153994
22.399999999999977,1.1484401172073426
22.599999999999977,1.2965353200912164
22.799999999999976,1.4697342519068042
22.999999999999975,1.671922294920141
23.199999999999974,1.9098230292325185
23.399999999999974,2.1908089925369207
23.599999999999973,2.523806985558946
23.799999999999972,2.9195986557749585
23.99999999999997,3.3911857165849835
24.19999999999997,3.949938142556243
24.39999999999997,4.621091814336842
24.59999999999997,5.424687954011047
24.79999999999997,6.387866866447622
24.999999999999968,7.543244205984108
25.199999999999967,8.930013952746398
25.399999999999967,10.595274181641273
25.599999999999966,12.590682663161045
25.799999999999965,14.991935185431693
25.999999999999964,17.877575224675706
26.199999999999964,21.34576769375544
26.399999999999963,25.514512162204554
26.599999999999962,30.525647777498435
26.79999999999996,36.54968632215377
26.99999999999996,43.7916021254102
