mags_ab,pos_errs_mas
16.0,0.2503530751387921
16.2,0.26540786798319965
16.4,0.2813954761186214
16.599999999999998,0.2878654674169545
16.799999999999997,0.20294190837482673
16.999999999999996,0.2190302029908529
17.199999999999996,0.2351095402057566
17.399999999999995,0.25255571921190884
17.599999999999994,0.2695384790607528
17.799999999999994,0.21067122809697617
17.999999999999993,0.20514080836028348
18.199999999999992,0.22484063444374816
18.39999999999999,0.24656024159512227
18.59999999999999,0.27056631166882156
18.79999999999999,0.2970368793931979
18.99999999999999,0.32636215418462605
19.19999999999999,0.3587919755807356
19.399999999999988,0.39461902487399764
19.599999999999987,0.43439482827747083
19.799999999999986,0.47858187100723826
19.999999999999986,0.5279638846499187
20.199999999999985,0.5832214262377611
20.399999999999984,0.6447262279643685
20.599999999999984,0.7141016491480858
20.799999999999983,0.7907666269666513
20.999999999999982,0.8789844831727818
21.19999999999998,0.9761906435746878
21.39999999999998,1.0874790157602887
21.59999999999998,1.2112222197855735
21.79999999999998,1.3568654760005885
21.99999999999998,1.5229753580648127
22.199999999999978,1.7133557179318464
22.399999999999977,1.9393165104717884
22.599999999999977,2.199766049710101
22.799999999999976,2.497208021020311
22.999999999999975,2.8434131164017082
23.199999999999974,3.2662316824109974
23.399999999999974,3.767891684418111
23.599999999999973,4.365340241583808
23.799999999999972,5.037307143844393
23.99999999999997,5.875212485888661
24.19999999999997,6.878886468264683
24.39999999999997,8.061594262516852
24.59999999999997,9.498011613613755
24.79999999999997,11.16307976380449
24.999999999999968,13.218111050010211
25.199999999999967,15.642523521493544
25.399999999999967,18.364514992313733
25.599999999999966,21.779918439038344
25.799999999999965,25.866165337691978
25.999999999999964,30.872170129835137
26.199999999999964,36.88918898759572
26.399999999999963,44.121952136161326
26.599999999999962,52.8165566345546
26.79999999999996,63.26885310962949
26.99999999999996,75.8344975921648
