mags_ab,pos_errs_mas
16.0,0.16369402734838318
16.2,0.1780878140312399
16.4,0.144855148242261
16.599999999999998,0.15518262948625774
16.799999999999997,0.1400103176165019
16.999999999999996,0.14584853521202268
17.199999999999996,0.13769454505193315
17.399999999999995,0.15029272955319478
17.599999999999994,0.16408443117769622
17.799999999999994,0.15516329554535546
17.999999999999993,0.16952668439621732
18.199999999999992,0.168337831747274
18.39999999999999,0.1692876512665571
18.59999999999999,0.1844721343934035
18.79999999999999,0.2021382981754225
18.99999999999999,0.22160278133536246
19.19999999999999,0.24305794967856065
19.399999999999988,0.2667202007465812
19.599999999999987,0.29300313346732537
19.799999999999986,0.3219457474986463
19.999999999999986,0.3538204317582703
20.199999999999985,0.38910443032830355
20.399999999999984,0.4282237086471388
20.599999999999984,0.4716754950198667
20.799999999999983,0.5200439256866712
20.999999999999982,0.5743556124897191
21.19999999999998,0.6351622229896497
21.39999999999998,0.7027695454102127
21.59999999999998,0.7788617012321163
21.79999999999998,0.8645700907527931
21.99999999999998,0.9615437104015239
22.199999999999978,1.0722934029627023
22.399999999999977,1.199052808811439
22.599999999999977,1.3453811115376204
22.799999999999976,1.5136099945600716
22.999999999999975,1.7089423935490313
23.199999999999974,1.9349864893760103
23.399999999999974,2.198102261202818
23.599999999999973,2.5093610304639906
23.799999999999972,2.876789605717071
23.99999999999997,3.3120233433167954
24.19999999999997,3.829118759492734
24.39999999999997,4.4450304157241
24.59999999999997,5.175408329222429
24.79999999999997,6.051596497759543
24.999999999999968,7.100007736113463
25.199999999999967,8.356814488790882
25.399999999999967,9.863183787611195
25.599999999999966,11.670661368990844
25.799999999999965,13.832515697301291
25.999999999999964,16.405800491934503
26.199999999999964,19.529603377151854
26.399999999999963,23.283715232875636
26.599999999999962,27.79562879568671
26.79999999999996,33.2188504662986
26.99999999999996,39.73789770915049
