mags_ab,pos_errs_mas
16.0,0.20948071037339902
16.2,0.22605305360138145
16.4,0.24478497099940796
16.599999999999998,0.1855951246484424
16.799999999999997,0.20099964071754334
16.999999999999996,0.21848691989319086
17.199999999999996,0.23687752131360154
17.399999999999995,0.18836979704343654
17.599999999999994,0.2049847201591175
17.799999999999994,0.22295239345553106
17.999999999999993,0.18219263692459775
18.199999999999992,0.1986239465890671
18.39999999999999,0.18187167817801908
18.59999999999999,0.1985575746164848
18.79999999999999,0.1942545785593751
18.99999999999999,0.19238284226623437
19.19999999999999,0.20426528009139924
19.399999999999988,0.2239160919080305
19.599999999999987,0.24555118106075724
19.799999999999986,0.26943584060732395
19.999999999999986,0.2958600284424828
20.199999999999985,0.3250629004341521
20.399999999999984,0.3574364985150203
20.599999999999984,0.39334630715189794
20.799999999999983,0.4332766185732376
20.999999999999982,0.47768258551122916
21.19999999999998,0.527177605785058
21.39999999999998,0.5825796247015028
21.59999999999998,0.6454426539105903
21.79999999999998,0.7153927071182206
21.99999999999998,0.7946027909511297
22.199999999999978,0.8840737394809021
22.399999999999977,0.9864580100659684
22.599999999999977,1.1033763958813259
22.799999999999976,1.2369728600940937
22.999999999999975,1.390757214524706
23.199999999999974,1.5712895042353898
23.399999999999974,1.780672816772132
23.599999999999973,2.026048530163114
23.799999999999972,2.3147555006035336
23.99999999999997,2.6557657727791537
24.19999999999997,3.0600511394371384
24.39999999999997,3.5405981086104026
24.59999999999997,4.112798305827436
24.79999999999997,4.796015576651968
24.999999999999968,5.613561299103991
25.199999999999967,6.591706795490528
25.399999999999967,7.750745391516162
25.599999999999966,9.15294646208388
25.799999999999965,10.826939258341685
25.999999999999964,12.845918292096046
26.199999999999964,15.244351746952002
26.399999999999963,18.15234568679891
26.599999999999962,21.62722585351894
26.79999999999996,25.76444758385014
26.99999999999996,30.724020468747916
