mags_ab,pos_errs_mas
16.0,0.3756901684756905
16.2,0.40078396028916463
16.4,0.2735080604351182
16.599999999999998,0.2954558098579128
16.799999999999997,0.3208157953419362
16.999999999999996,0.3475111670172588
17.199999999999996,0.37538150889845456
17.399999999999995,0.40530019957939295
17.599999999999994,0.2611087772295944
17.799999999999994,0.28361188458507225
17.999999999999993,0.30687901039522886
18.199999999999992,0.24139105334965633
18.39999999999999,0.2623153120866804
18.59999999999999,0.23262983693007164
18.79999999999999,0.253709219220819
18.99999999999999,0.2344675235503364
19.19999999999999,0.2559093502286909
19.399999999999988,0.2793462523101344
19.599999999999987,0.2527059854775909
19.799999999999986,0.24064203813245538
19.999999999999986,0.2630689390202746
20.199999999999985,0.24690410905263913
20.399999999999984,0.26678176802279163
20.599999999999984,0.2927019804855054
20.799999999999983,0.32142813805146025
20.999999999999982,0.3534020857564309
21.19999999999998,0.3888538308637028
21.39999999999998,0.42830109412610123
21.59999999999998,0.47237868864808774
21.79999999999998,0.5216317223905946
21.99999999999998,0.5769977815351751
22.199999999999978,0.6392244988560828
22.399999999999977,0.7097570766538218
22.599999999999977,0.7895787901435901
22.799999999999976,0.8815243589718158
22.999999999999975,0.9856937947363952
23.199999999999974,1.1055947365417396
23.399999999999974,1.2440300246548461
23.599999999999973,1.4050097167445466
23.799999999999972,1.5929301962441382
23.99999999999997,1.812849665662388
24.19999999999997,2.072068683035811
24.39999999999997,2.3803925599282083
24.59999999999997,2.742842370708088
24.79999999999997,3.1741243752145425
24.999999999999968,3.6872442787705464
25.199999999999967,4.300613001631691
25.399999999999967,5.033151681963193
25.599999999999966,5.911124941453599
25.799999999999965,6.963592140428756
25.999999999999964,8.226203035083026
26.199999999999964,9.741797640646794
26.399999999999963,11.561857832926144
26.599999999999962,13.748245796750371
26.79999999999996,16.375311100985165
26.99999999999996,19.532407829807802
