mags_ab,pos_errs_mas
16.0,0.1660927448761452
16.2,0.18070613410132955
16.4,0.1874305948655379
16.599999999999998,0.14638160397802344
16.799999999999997,0.15406294497928272
16.999999999999996,0.16487538615179564
17.199999999999996,0.14543028769334498
17.399999999999995,0.15482330897507238
17.599999999999994,0.16853062954618062
17.799999999999994,0.1531223280805794
17.999999999999993,0.1484351644160846
18.199999999999992,0.16222310888962513
18.39999999999999,0.16459188635623426
18.59999999999999,0.17099583049957798
18.79999999999999,0.17870366902921547
18.99999999999999,0.19592611516683905
19.19999999999999,0.21494557710044596
19.399999999999988,0.23596457426464434
19.599999999999987,0.25921769512333076
19.799999999999986,0.2849741434612477
19.999999999999986,0.3138087916155508
20.199999999999985,0.34559671121137847
20.399999999999984,0.380947413850992
20.599999999999984,0.4204044919360685
20.799999999999983,0.46456896566397227
20.999999999999982,0.5141601468068093
21.19999999999998,0.5700435565258756
21.39999999999998,0.633753721138994
21.59999999999998,0.7059755068033625
21.79999999999998,0.7878515399201795
21.99999999999998,0.881700001369291
22.199999999999978,0.9897989053160695
22.399999999999977,1.114905838269183
22.599999999999977,1.2604051984867837
22.799999999999976,1.4312474225231175
22.999999999999975,1.6306556723245385
23.199999999999974,1.8643216690691624
23.399999999999974,2.1417810599153784
23.599999999999973,2.4709653891561363
23.799999999999972,2.8625833058640873
23.99999999999997,3.329553195120334
24.19999999999997,3.887428944272857
24.39999999999997,4.554921948125506
24.59999999999997,5.347097645578685
24.79999999999997,6.303026370509926
24.999999999999968,7.449978244150138
25.199999999999967,8.826879708306237
25.399999999999967,10.480507852813522
25.599999999999966,12.467075529670831
25.799999999999965,14.854141426537844
25.999999999999964,17.714921725904876
26.199999999999964,21.160212289281144
26.399999999999963,25.301538934620144
26.599999999999962,30.27981026195408
26.79999999999996,36.264421584012204
26.99999999999996,43.45900672755151
