mags_ab,pos_errs_mas
16.0,0.3171907962600876
16.2,0.20426239382196223
16.4,0.22103286425171337
16.599999999999998,0.23675805149546697
16.799999999999997,0.2538745778876837
16.999999999999996,0.27235798202764583
17.199999999999996,0.2890847302530436
17.399999999999995,0.30661149421127926
17.599999999999994,0.19692037735990764
17.799999999999994,0.21343078073722216
17.999999999999993,0.23120310050470935
18.199999999999992,0.200742272594518
18.39999999999999,0.19423232676427504
18.59999999999999,0.21281861659592774
18.79999999999999,0.23331404775597625
18.99999999999999,0.25591525182194863
19.19999999999999,0.2808880170644578
19.399999999999988,0.3084797356081831
19.599999999999987,0.33903307169712027
19.799999999999986,0.37286483208387006
19.999999999999986,0.4103765230025961
20.199999999999985,0.4520196577565949
20.399999999999984,0.4984731473982476
20.599999999999984,0.5503501008681901
20.799999999999983,0.6084946465772326
20.999999999999982,0.673859944647439
21.19999999999998,0.7474015449519245
21.39999999999998,0.829607785020202
21.59999999999998,0.9239148751325462
21.79999999999998,1.0306075613084351
21.99999999999998,1.1508258211361653
22.199999999999978,1.2880668212710547
22.399999999999977,1.449035621645275
22.599999999999977,1.636132043811608
22.799999999999976,1.8546325412322113
22.999999999999975,2.108156963200767
23.199999999999974,2.4089173593858346
23.399999999999974,2.75593303185959
23.599999999999973,3.1748549378117783
23.799999999999972,3.6662534954354524
23.99999999999997,4.23781243939356
24.19999999999997,4.926260042435005
24.39999999999997,5.745784184269624
24.59999999999997,6.710907028035996
24.79999999999997,7.895553607453958
24.999999999999968,9.316290351543243
25.199999999999967,11.021292912812054
25.399999999999967,13.068449458539854
25.599999999999966,15.527325391828672
25.799999999999965,18.481522527027145
25.999999999999964,22.031512302835072
26.199999999999964,26.298056598835245
26.399999999999963,31.42631515258959
26.599999999999962,37.45178536143402
26.79999999999996,44.83094974031896
26.99999999999996,53.70186400990338
