mags_ab,pos_errs_mas
16.0,inf
16.2,inf
16.4,0.26324702191316357
16.599999999999998,0.2826620674190261
16.799999999999997,0.3031746281324322
16.999999999999996,0.21121084671217763
17.199999999999996,0.2293430772301632
17.399999999999995,0.2475533093229026
17.599999999999994,0.26112007257612047
17.799999999999994,0.1853736853228865
17.999999999999993,0.20014690769635363
18.199999999999992,0.2140101886026331
18.39999999999999,0.2309791901426987
18.59999999999999,0.18131276797486193
18.79999999999999,0.195608018815141
18.99999999999999,0.21172201693800421
19.19999999999999,0.22926693982071025
19.399999999999988,0.24890437444928878
19.599999999999987,0.18380417937491952
19.799999999999986,0.20072184367040954
19.999999999999986,0.17677784962978127
20.199999999999985,0.19349249868097848
20.399999999999984,0.18683507915999903
20.599999999999984,0.1884107086400483
20.799999999999983,0.2071243724033803
20.999999999999982,0.20506759478942596
21.19999999999998,0.2155264826656454
21.39999999999998,0.23894492590744862
21.59999999999998,0.2655798742440654
21.79999999999998,0.2960017600779168
21.99999999999998,0.3309606988270643
22.199999999999978,0.37139954153671867
22.399999999999977,0.41802815312656555
22.599999999999977,0.47229041406800676
22.799999999999976,0.5357260580193477
22.999999999999975,0.6102075648014803
23.199999999999974,0.6980077789429957
23.399999999999974,0.8018800944675362
23.599999999999973,0.9251534306107779
23.799999999999972,1.0718460392329974
23.99999999999997,1.2473876763890441
24.19999999999997,1.4564690892901961
24.39999999999997,1.706660699217779
24.59999999999997,2.006397027451534
24.79999999999997,2.365816112670127
24.999999999999968,2.7971008150979046
25.199999999999967,3.314891070240374
25.399999999999967,3.936779275226716
25.599999999999966,4.683907700801587
25.799999999999965,5.581684823202229
25.999999999999964,6.660649988416161
26.199999999999964,7.957510582121458
26.399999999999963,9.516391522667334
26.599999999999962,11.390334352205931
26.79999999999996,13.643103745605956
26.99999999999996,16.351353808365843
