mags_ab,pos_errs_mas
16.0,inf
16.2,inf
16.4,0.26151401120684
16.599999999999998,0.2820137079813279
16.799999999999997,0.30270422204246106
16.999999999999996,0.20804756828365764
17.199999999999996,0.22493690480862502
17.399999999999995,0.2426581026179474
17.599999999999994,0.2639627070879179
17.799999999999994,0.2806917271613541
17.999999999999993,0.1853049434631917
18.199999999999992,0.19902344450802376
18.39999999999999,0.21444292924893574
18.59999999999999,0.1755556535542694
18.79999999999999,0.18920577703131758
18.99999999999999,0.1707743349716757
19.19999999999999,0.1862989382532857
19.399999999999988,0.20323399838737385
19.599999999999987,0.22176006282625063
19.799999999999986,0.18702608699504192
19.999999999999986,0.20428139281133775
20.199999999999985,0.1889403676621521
20.399999999999984,0.20673589553534524
20.599999999999984,0.20446570191387337
20.799999999999983,0.20188635056646748
20.999999999999982,0.21640670815656488
21.19999999999998,0.2380922156288307
21.39999999999998,0.26233001864384903
21.59999999999998,0.2895428825232699
21.79999999999998,0.3199026386494922
21.99999999999998,0.3540575208669178
22.199999999999978,0.3926497995886158
22.399999999999977,0.436429615631964
22.599999999999977,0.4862414189519176
22.799999999999976,0.543156229070599
22.999999999999975,0.6085550900694479
23.199999999999974,0.684069994913256
23.399999999999974,0.7723411629704083
23.599999999999973,0.8750869671653976
23.799999999999972,0.9947209465733274
23.99999999999997,1.1354036454637197
24.19999999999997,1.301480180782917
24.39999999999997,1.4982092158801366
24.59999999999997,1.7319439490787254
24.79999999999997,2.010347804998022
24.999999999999968,2.3426522177692823
25.199999999999967,2.739967098470633
25.399999999999967,3.217069600539021
25.599999999999966,3.7871233511248295
25.799999999999965,4.470886725053319
25.999999999999964,5.2915522100477554
26.199999999999964,6.276988921777566
26.399999999999963,7.460687850571051
26.599999999999962,8.882896799475118
26.79999999999996,10.59198878711886
26.99999999999996,12.64610352186551
