mags_ab,pos_errs_mas
16.0,0.3785956568484292
16.2,0.39389702612168886
16.4,0.4151299918802944
16.599999999999998,0.26856585646793707
16.799999999999997,0.28841583476575217
16.999999999999996,0.3113827608660355
17.199999999999996,0.33368405327919504
17.399999999999995,0.357842874151751
17.599999999999994,0.3797093268496606
17.799999999999994,0.4026818993164931
17.999999999999993,0.25294312518386175
18.199999999999992,0.2744210706160138
18.39999999999999,0.2970057173639377
18.59999999999999,0.253975005416985
18.79999999999999,0.2517246400358336
18.99999999999999,0.2657980118296478
19.19999999999999,0.2913041087651933
19.399999999999988,0.31947944615991913
19.599999999999987,0.3506269988460644
19.799999999999986,0.3850358564724384
19.999999999999986,0.42315203741031066
20.199999999999985,0.4653734590630093
20.399999999999984,0.512261087826168
20.599999999999984,0.5643031165668414
20.799999999999983,0.6224550905918249
20.999999999999982,0.6869046456947162
21.19999999999998,0.7595402154140114
21.39999999999998,0.841733192565739
21.59999999999998,0.9327097601277446
21.79999999999998,1.0365518045874262
21.99999999999998,1.1547818579523441
22.199999999999978,1.2884123137092602
22.399999999999977,1.4428761953029416
22.599999999999977,1.6174174967640775
22.799999999999976,1.8227822613860154
22.999999999999975,2.052365855278783
23.199999999999974,2.3282450587864565
23.399999999999974,2.651916508830071
23.599999999999973,3.0280861823915086
23.799999999999972,3.4721614987209284
23.99999999999997,4.003773834492062
24.19999999999997,4.625727994529117
24.39999999999997,5.376723398960567
24.59999999999997,6.257685012024483
24.79999999999997,7.326568073071703
24.999999999999968,8.568634280120602
25.199999999999967,10.062669039636157
25.399999999999967,11.88338760118983
25.599999999999966,14.068773620519968
25.799999999999965,16.693051825811885
25.999999999999964,19.84541321957613
26.199999999999964,23.633048074445817
26.399999999999963,28.184790821807532
26.599999999999962,33.65548303338534
26.79999999999996,40.231256943238535
26.99999999999996,47.962377953669325
