mags_ab,pos_errs_mas
16.0,inf
16.2,inf
16.4,inf
16.599999999999998,inf
16.799999999999997,0.23381662527873995
16.999999999999996,0.24725299992470673
17.199999999999996,0.26228693791731383
17.399999999999995,0.27164916390377125
17.599999999999994,0.28932524243239105
17.799999999999994,0.20082315269873965
17.999999999999993,0.21600267730495945
18.199999999999992,0.23395386458696302
18.39999999999999,0.25079707489314423
18.59999999999999,0.2689239934492456
18.79999999999999,0.21209798256435025
18.99999999999999,0.2016588113763981
19.19999999999999,0.22106380496275288
19.399999999999988,0.24250571802966353
19.599999999999987,0.266262662002346
19.799999999999986,0.29249516103222556
19.999999999999986,0.3214769229321003
20.199999999999985,0.3536530404467826
20.399999999999984,0.3893713631418505
20.599999999999984,0.42916131292925247
20.799999999999983,0.47357416003291775
20.999999999999982,0.5232664716777894
21.19999999999998,0.5785898493893217
21.39999999999998,0.6410539130843503
21.59999999999998,0.7118905265318447
21.79999999999998,0.7918396431253063
21.99999999999998,0.8829736859336478
22.199999999999978,0.986450492975424
22.399999999999977,1.1041865942189841
22.599999999999977,1.240593066135726
22.799999999999976,1.3999427732252694
22.999999999999975,1.5857374745603805
23.199999999999974,1.8015799504326604
23.399999999999974,2.0405663555842346
23.599999999999973,2.336332967948859
23.799999999999972,2.6863366403397317
23.99999999999997,3.10182013535407
24.19999999999997,3.596350888749568
24.39999999999997,4.186277554854754
24.59999999999997,4.891280485611175
24.79999999999997,5.735032735162448
24.999999999999968,6.745994016750598
25.199999999999967,7.958369807909963
25.399999999999967,9.377587310883227
25.599999999999966,11.11469866895884
25.799999999999965,13.201043056787091
25.999999999999964,15.707549297081622
26.199999999999964,18.71946022239468
26.399999999999963,22.339231754424716
26.599999999999962,26.690011732776732
26.79999999999996,31.9198324343096
26.99999999999996,38.20663844981511
