mags_ab,pos_errs_mas
16.0,0.21388929208833715
16.2,0.23126070132726295
16.4,0.2478518081810527
16.599999999999998,0.16567355383387475
16.799999999999997,0.17897920186654928
16.999999999999996,0.19067452124065187
17.199999999999996,0.1526551069020574
17.399999999999995,0.16337044267275921
17.599999999999994,0.14605231765524931
17.799999999999994,0.15892748171801482
17.999999999999993,0.14985653789388353
18.199999999999992,0.16357704242450855
18.39999999999999,0.17859360544540095
18.59999999999999,0.16665877652358405
18.79999999999999,0.18209946772876562
18.99999999999999,0.17872878223347224
19.19999999999999,0.17754659526162841
19.399999999999988,0.19338312000904007
19.599999999999987,0.2120011405996561
19.799999999999986,0.2325503173499319
19.999999999999986,0.25528648132341675
20.199999999999985,0.28054425406939015
20.399999999999984,0.3083104216347544
20.599999999999984,0.33905915303862644
20.799999999999983,0.3731786246446917
20.999999999999982,0.41111378967795115
21.19999999999998,0.45338626379957675
21.39999999999998,0.5006144598159693
21.59999999999998,0.5538071910652793
21.79999999999998,0.6137462809974125
21.99999999999998,0.6807272010463363
22.199999999999978,0.7565365924206173
22.399999999999977,0.8427314232559906
22.599999999999977,0.940695948764957
22.799999999999976,1.0532160126708112
22.999999999999975,1.1830728320196198
23.199999999999974,1.3335513957177063
23.399999999999974,1.5094432865873115
23.599999999999973,1.714068612509057
23.799999999999972,1.9543970419381191
23.99999999999997,2.2345732276380614
24.19999999999997,2.5668901646503914
24.39999999999997,2.9622024371227424
24.59999999999997,3.4325627951934075
24.79999999999997,3.993498637482117
24.999999999999968,4.6637023266175195
25.199999999999967,5.465661043651393
25.399999999999967,6.4264104552837304
25.599999999999966,7.578445737223811
25.799999999999965,8.952438008835223
25.999999999999964,10.608484123745468
26.199999999999964,12.597399212320754
26.399999999999963,14.98679892084018
26.599999999999962,17.857938670216424
26.79999999999996,21.308485058074005
26.99999999999996,25.45582516514971
