mags_ab,pos_errs_mas
16.0,0.21355633511664382
16.2,0.22835442688995616
16.4,0.24259873999826784
16.599999999999998,0.16423692488904051
16.799999999999997,0.1778940367172057
16.999999999999996,0.1930748608508991
17.199999999999996,0.20855762652760643
17.399999999999995,0.165871538526436
17.599999999999994,0.18073243143835846
17.799999999999994,0.19695058677068042
17.999999999999993,0.18369805640934547
18.199999999999992,0.17963744386260355
18.39999999999999,0.19673529876715984
18.59999999999999,0.21556733422104793
18.79999999999999,0.23631354421390993
18.99999999999999,0.2592940253144303
19.19999999999999,0.2845414277707898
19.399999999999988,0.3123139581327006
19.599999999999987,0.34296714495533803
19.799999999999986,0.37683339679288036
19.999999999999986,0.41429418463412926
20.199999999999985,0.4557926619435619
20.399999999999984,0.5018303606562161
20.599999999999984,0.5529765649074493
20.799999999999983,0.6102126709873206
20.999999999999982,0.6729494721304877
21.19999999999998,0.7433219703148632
21.39999999999998,0.8224391787759843
21.59999999999998,0.9115242489958504
21.79999999999998,1.0121926289935863
21.99999999999998,1.1263629541819273
22.199999999999978,1.2565390146599258
22.399999999999977,1.4018550659501863
22.599999999999977,1.56350065704036
22.799999999999976,1.75477740130446
22.999999999999975,1.9773650376211116
23.199999999999974,2.2366023908624295
23.399999999999974,2.539717608650091
23.599999999999973,2.8956934715785465
23.799999999999972,3.315429549986756
23.99999999999997,3.790023638445028
24.19999999999997,4.348340301450947
24.39999999999997,5.033254345743774
24.59999999999997,5.84958334524744
24.79999999999997,6.824470180857955
24.999999999999968,7.9905702053516405
25.199999999999967,9.38715181868176
25.399999999999967,11.061414260156777
25.599999999999966,13.070080573966843
25.799999999999965,15.429584524855832
25.999999999999964,18.311452517140587
26.199999999999964,21.773331672767675
26.399999999999963,25.932946663715718
26.599999999999962,30.931776904206053
26.79999999999996,36.93988447038603
26.99999999999996,44.16167791238533
