mags_ab,pos_errs_mas
16.0,0.20622543011564545
16.2,0.2237616853570063
16.4,0.17013795417746122
16.599999999999998,0.18354110334526227
16.799999999999997,0.19896406393677454
16.999999999999996,0.21527804699521505
17.199999999999996,0.16999546508543853
17.399999999999995,0.18508292845802196
17.599999999999994,0.20165357997529912
17.799999999999994,0.17373084826874394
17.999999999999993,0.1615361516774607
18.199999999999992,0.1762918254918625
18.39999999999999,0.16914196511158833
18.59999999999999,0.18475694375825244
18.79999999999999,0.18362533608657466
18.99999999999999,0.17928772752220515
19.19999999999999,0.1869827857622446
19.399999999999988,0.2048706792973923
19.599999999999987,0.2247311737054606
19.799999999999986,0.24651392069464592
19.999999999999986,0.2705790268382173
20.199999999999985,0.29719450882292564
20.399999999999984,0.32663110743750295
20.599999999999984,0.35922090176667737
20.799999999999983,0.39539030289550275
20.999999999999982,0.4356655905290965
21.19999999999998,0.4806383718935516
21.39999999999998,0.5306272205812582
21.59999999999998,0.5866035221971958
21.79999999999998,0.6500814450736638
21.99999999999998,0.7210081984667822
22.199999999999978,0.8011702951506243
22.399999999999977,0.8920046072511703
22.599999999999977,0.9957688554433631
22.799999999999976,1.1149384757499452
22.999999999999975,1.2523096717212
23.199999999999974,1.4118035682780405
23.399999999999974,1.5938699918260237
23.599999999999973,1.808305697879626
23.799999999999972,2.05991317398347
23.99999999999997,2.3563470018901658
24.19999999999997,2.7068807410342197
24.39999999999997,3.1227277693638418
24.59999999999997,3.6174236057546407
24.79999999999997,4.2072845136898795
24.999999999999968,4.91195455884568
25.199999999999967,5.755066438389853
25.399999999999967,6.757691975912889
25.599999999999966,7.964930887841501
25.799999999999965,9.413376576534707
25.999999999999964,11.152185514562522
26.199999999999964,13.240426183889763
26.399999999999963,15.749087705014905
26.599999999999962,18.763479371630105
26.79999999999996,22.386137865396645
26.99999999999996,26.740304080817474
