mags_ab,pos_errs_mas
16.0,0.3756863580154414
16.2,0.40077940287474567
16.4,0.2735035691951665
16.599999999999998,0.29545028954160785
16.799999999999997,0.3208087909417431
16.999999999999996,0.34750246703830623
17.199999999999996,0.37537021093570067
17.399999999999995,0.40528577299264523
17.599999999999994,0.2610948694656716
17.799999999999994,0.28359386372501355
17.999999999999993,0.3068559833979267
18.199999999999992,0.24136360584031008
18.39999999999999,0.26227977690140497
18.59999999999999,0.23258330882344594
18.79999999999999,0.2536481017792458
18.99999999999999,0.23438482689249251
19.19999999999999,0.25580060987207626
19.399999999999988,0.2792031567083888
19.599999999999987,0.25250486598122096
19.799999999999986,0.24035903826649468
19.999999999999986,0.26269573977851307
20.199999999999985,0.2463661868331628
20.399999999999984,0.2660658838845206
20.599999999999984,0.2917605772226196
20.799999999999983,0.3202604896858631
20.999999999999982,0.3517977397004946
21.19999999999998,0.38671257160584993
21.39999999999998,0.42549188221697615
21.59999999999998,0.46869216901464017
21.79999999999998,0.5168054738952337
21.99999999999998,0.5706820370886685
22.199999999999978,0.6309875928278009
22.399999999999977,0.6990137664284006
22.599999999999977,0.7755668472572562
22.799999999999976,0.8632950083918929
22.999999999999975,0.9620464232793494
23.199999999999974,1.0750222446479483
23.399999999999974,1.2047348131104252
23.599999999999973,1.3544217921581876
23.799999999999972,1.5281719174602753
23.99999999999997,1.730735149549687
24.19999999999997,1.967555729960657
24.39999999999997,2.247871511356801
24.59999999999997,2.576404599536941
24.79999999999997,2.965513653883878
24.999999999999968,3.4268592993958786
25.199999999999967,3.976819567625605
25.399999999999967,4.6331650699354965
25.599999999999966,5.417828904406913
25.799999999999965,6.357190672143189
25.999999999999964,7.48296023419835
26.199999999999964,8.833248077831865
26.399999999999963,10.453853285313503
26.599999999999962,12.399806702053972
26.79999999999996,14.737242546094874
26.99999999999996,17.53734618407115
