mags_ab,pos_errs_mas
16.0,0.25005414143225757
16.2,0.2662189442828081
16.4,0.28353608576232914
16.599999999999998,0.2929992576375867
16.799999999999997,0.19910067239721532
16.999999999999996,0.2151476636956332
17.199999999999996,0.2313506958953508
17.399999999999995,0.2489717519234928
17.599999999999994,0.2664244607167443
17.799999999999994,0.20047455847421317
17.999999999999993,0.21759124776425462
18.199999999999992,0.2006050549919227
18.39999999999999,0.20518247501050324
18.59999999999999,0.22491005329180075
18.79999999999999,0.24665601487828911
18.99999999999999,0.270689642332827
19.19999999999999,0.29721926001779664
19.399999999999988,0.32661191233365555
19.599999999999987,0.3591367631519759
19.799999999999986,0.395122063147916
19.999999999999986,0.435122943963336
20.199999999999985,0.479572924488909
20.399999999999984,0.5292817296697747
20.599999999999984,0.5849503635971539
20.799999999999983,0.6472227189353336
20.999999999999982,0.7173981028494542
21.19999999999998,0.7953774973466191
21.39999999999998,0.884905845287763
21.59999999999998,0.9857837451028025
21.79999999999998,1.0985810007392796
21.99999999999998,1.226367191749988
22.199999999999978,1.377823672288026
22.399999999999977,1.550745350329842
22.599999999999977,1.753782543309929
22.799999999999976,1.9884485525656879
22.999999999999975,2.266395957729655
23.199999999999974,2.5853695543948203
23.399999999999974,2.9705629204518544
23.599999999999973,3.4124043964688897
23.799999999999972,3.9311838391213105
23.99999999999997,4.556002880098942
24.19999999999997,5.314294151629408
24.39999999999997,6.18078388001724
24.59999999999997,7.255395721047679
24.79999999999997,8.543398793583682
24.999999999999968,10.088406353276595
25.199999999999967,11.942830385837787
25.399999999999967,14.169649637332805
25.599999999999966,16.844548023538724
25.799999999999965,20.058482147818516
25.999999999999964,23.920764486454324
26.199999999999964,28.44122852288646
26.399999999999963,33.99268329827956
26.599999999999962,40.665904396631305
26.79999999999996,48.68795642121663
26.99999999999996,58.331799227074086
