mags_ab,pos_errs_mas
16.0,0.2091278458135682
16.2,0.22643647388194232
16.4,0.24593626830954415
16.599999999999998,0.2649098739576314
16.799999999999997,0.2851657897561995
16.999999999999996,0.18451347580622032
17.199999999999996,0.19947880110875368
17.399999999999995,0.21609342448313396
17.599999999999994,0.23436226678013797
17.799999999999994,0.1851966510455885
17.999999999999993,0.20175869873489635
18.199999999999992,0.17967115892631674
18.39999999999999,0.196020831205373
18.59999999999999,0.1820678998171061
18.79999999999999,0.19875138639481646
18.99999999999999,0.1811230849805481
19.19999999999999,0.19785440124814888
19.399999999999988,0.18991098464731113
19.599999999999987,0.19035637909921133
19.799999999999986,0.1946691644263454
19.999999999999986,0.21349813038006044
20.199999999999985,0.23430663175372388
20.399999999999984,0.2573280083560038
20.599999999999984,0.2828403325803406
20.799999999999983,0.3112167693221428
20.999999999999982,0.3427358776538716
21.19999999999998,0.3779178063180965
21.39999999999998,0.4173184479331262
21.59999999999998,0.4614178429355566
21.79999999999998,0.5110068205597242
21.99999999999998,0.566869438310359
22.199999999999978,0.6301744962664267
22.399999999999977,0.7029087841245276
22.599999999999977,0.7852859494505879
22.799999999999976,0.8799258342301498
22.999999999999975,0.9891634154035037
23.199999999999974,1.1158933308945038
23.399999999999974,1.2634740860958076
23.599999999999973,1.436376007608161
23.799999999999972,1.6392605688474078
23.99999999999997,1.880434359382487
24.19999999999997,2.1635541798570195
24.39999999999997,2.4998271920924395
24.59999999999997,2.8993013075954575
24.79999999999997,3.3769136234909247
24.999999999999968,3.947839742476613
25.199999999999967,4.631266718673593
25.399999999999967,5.450259514839111
25.599999999999966,6.4325393909821535
25.799999999999965,7.611419139379273
25.999999999999964,9.026927502435225
26.199999999999964,10.727167950328068
26.399999999999963,12.769951257621273
26.599999999999962,15.224754307435038
26.79999999999996,18.16953125840995
26.99999999999996,21.712938256671197
