mags_ab,pos_errs_mas
16.0,0.1733947087212019
16.2,0.16902360306371966
16.4,0.1835860306831434
16.599999999999998,0.1510595485152033
16.799999999999997,0.16095637182829298
16.999999999999996,0.17558202936535852
17.199999999999996,0.14534341599284703
17.399999999999995,0.15237377450529843
17.599999999999994,0.16220572986808637
17.799999999999994,0.14945134209865432
17.999999999999993,0.16240834340669097
18.199999999999992,0.15623639745018092
18.39999999999999,0.16160774627718374
18.59999999999999,0.17192764553952972
18.79999999999999,0.18446052741800092
18.99999999999999,0.197625457055582
19.19999999999999,0.21832787188546712
19.399999999999988,0.24170165761470033
19.599999999999987,0.2681479411815231
19.799999999999986,0.2981304209931008
19.999999999999986,0.3323274886519314
20.199999999999985,0.37151097789917537
20.399999999999984,0.41662257822745885
20.599999999999984,0.469179502187865
20.799999999999983,0.5300256206868434
20.999999999999982,0.6009312702485782
21.19999999999998,0.6841065551372585
21.39999999999998,0.7820748697555847
21.59999999999998,0.8978939798219456
21.79999999999998,1.0357168598333173
21.99999999999998,1.199129737475635
22.199999999999978,1.3939416081585958
22.399999999999977,1.626634874283133
22.599999999999977,1.9050085022868009
22.799999999999976,2.2384401225826123
22.999999999999975,2.6382017091333
23.199999999999974,3.117839025209451
23.399999999999974,3.6936301954051167
23.599999999999973,4.385135403301252
23.799999999999972,5.215861427865027
23.99999999999997,6.214058021317919
24.19999999999997,7.413679975643735
24.39999999999997,8.855538819384837
24.59999999999997,10.588691261072713
24.79999999999997,12.672109315667106
24.999999999999968,15.176684122273816
25.199999999999967,18.187639644678804
25.399999999999967,21.80743152487053
25.599999999999966,26.159232250750353
25.799999999999965,31.391128543206246
25.999999999999964,37.681149130335825
26.199999999999964,45.24332902091762
26.399999999999963,54.335002465150545
26.599999999999962,65.26553887282417
26.79999999999996,78.40688480711842
26.99999999999996,94.20620783257137
