mags_ab,pos_errs_mas
16.0,0.37547321931391453
16.2,0.40289405820857743
16.4,0.27294388981552103
16.599999999999998,0.29613167817012026
16.799999999999997,0.321845100588708
16.999999999999996,0.3479179903810487
17.199999999999996,0.37580979567502504
17.399999999999995,0.40473708781627427
17.599999999999994,0.26124361335883256
17.799999999999994,0.2827255454913946
17.999999999999993,0.3066703478763922
18.199999999999992,0.33241389781007297
18.39999999999999,0.24258891085397546
18.59999999999999,0.2641319678905611
18.79999999999999,0.2288352454279796
18.99999999999999,0.24958723670938007
19.19999999999999,0.2723641769178907
19.399999999999988,0.23796709579186917
19.599999999999987,0.2598380206919687
19.799999999999986,0.2428469844556348
19.999999999999986,0.26546037300400965
20.199999999999985,0.26147315184064723
20.399999999999984,0.24973222657390495
20.599999999999984,0.27046448208009505
20.799999999999983,0.29706560865356973
20.999999999999982,0.3266966854765832
21.19999999999998,0.3596525292945219
21.39999999999998,0.3964256930178693
21.59999999999998,0.437541690598814
21.79999999999998,0.4837265789843221
21.99999999999998,0.5356568981395204
22.199999999999978,0.5944104691064688
22.399999999999977,0.6609662711493579
22.599999999999977,0.7367985412023249
22.799999999999976,0.8237528188311111
22.999999999999975,0.9243528191796858
23.199999999999974,1.0397234815931033
23.399999999999974,1.1736981729749776
23.599999999999973,1.3300165658920629
23.799999999999972,1.513229009897223
23.99999999999997,1.7288620052354917
24.19999999999997,1.9836147179521704
24.39999999999997,2.2855916447837905
24.59999999999997,2.6462020270578837
24.79999999999997,3.073790571294325
24.999999999999968,3.5843293362843363
25.199999999999967,4.194907678034378
25.399999999999967,4.926075427493053
25.599999999999966,5.802534758813723
25.799999999999965,6.8539734072535845
25.999999999999964,8.116064107899843
26.199999999999964,9.631674380279282
26.399999999999963,11.452321135207683
26.599999999999962,13.639912717821755
26.79999999999996,16.26885916824554
26.99999999999996,19.428592918395022
