mags_ab,pos_errs_mas
16.0,0.21358893780327184
16.2,0.16626530160949804
16.4,0.177657851639233
16.599999999999998,0.1912043874237021
16.799999999999997,0.16266202880409836
16.999999999999996,0.17725273580350628
17.199999999999996,0.19303531692432443
17.399999999999995,0.17201972186326467
17.599999999999994,0.1652898815582233
17.799999999999994,0.16797382878513095
17.999999999999993,0.1760652687492254
18.199999999999992,0.18028408730598147
18.39999999999999,0.197569288474404
18.59999999999999,0.21664557539569085
18.79999999999999,0.23771149148778387
18.99999999999999,0.26109882793981026
19.19999999999999,0.2870015737883829
19.399999999999988,0.3155100560754159
19.599999999999987,0.3471079745536016
19.799999999999986,0.3822043765961544
19.999999999999986,0.42127040527695975
20.199999999999985,0.4648604012617539
20.399999999999984,0.5136336528235925
20.599999999999984,0.5686143388906517
20.799999999999983,0.630751594468811
20.999999999999982,0.7001840075204091
21.19999999999998,0.7788996295736643
21.39999999999998,0.8685768085103018
21.59999999999998,0.9700226575869351
21.79999999999998,1.0875461427886757
21.99999999999998,1.2232537684463467
22.199999999999978,1.3808425002234508
22.399999999999977,1.5651611521239912
22.599999999999977,1.780054714040063
22.799999999999976,2.03283748723139
22.999999999999975,2.3253216475348455
23.199999999999974,2.6738948249354273
23.399999999999974,3.089933489296105
23.599999999999973,3.5853516044823994
23.799999999999972,4.176559850696674
23.99999999999997,4.883309423007076
24.19999999999997,5.729355498894271
24.39999999999997,6.743254980698125
24.59999999999997,7.948811352668558
24.79999999999997,9.403908953890852
24.999999999999968,11.151022224332078
25.199999999999967,13.249521711212592
25.399999999999967,15.770754734478066
25.599999999999966,18.80047086933935
25.799999999999965,22.441735254237326
25.999999999999964,26.818428566990992
26.199999999999964,32.07946394060276
26.399999999999963,38.40386037712448
26.599999999999962,46.00680962358605
26.79999999999996,55.14702605238441
26.99999999999996,66.1355223078235
