mags_ab,pos_errs_mas
16.0,0.3748832626716698
16.2,0.39639707921626316
16.4,0.27529845620522353
16.599999999999998,0.29474285986079507
16.799999999999997,0.3188890927130604
16.999999999999996,0.3437994583649208
17.199999999999996,0.3679381261491788
17.399999999999995,0.3940968005046836
17.599999999999994,0.4172373065794126
17.799999999999994,0.2643349398953766
17.999999999999993,0.2860426975890012
18.199999999999992,0.3098688054541773
18.39999999999999,0.24752498193557895
18.59999999999999,0.26962657377819665
18.79999999999999,0.29360823119708807
18.99999999999999,0.25013383578404397
19.19999999999999,0.27392364022219867
19.399999999999988,0.3001309190576962
19.599999999999987,0.3290813360036172
19.799999999999986,0.3609561791630962
19.999999999999986,0.39615144439255706
20.199999999999985,0.43502991529716034
20.399999999999984,0.47802816421532185
20.599999999999984,0.5255261139922629
20.799999999999983,0.5782699459305547
20.999999999999982,0.6365439712704432
21.19999999999998,0.7015515045628509
21.39999999999998,0.7740974367136706
21.59999999999998,0.8550847556179523
21.79999999999998,0.9456993176964914
21.99999999999998,1.0472105166864627
22.199999999999978,1.1611317636104002
22.399999999999977,1.2883922104716712
22.599999999999977,1.4351767718518758
22.799999999999976,1.6028259175410955
22.999999999999975,1.7904451645614972
23.199999999999974,2.007864308362977
23.399999999999974,2.261113612790782
23.599999999999973,2.551673506824254
23.799999999999972,2.893628541331731
23.99999999999997,3.288875278340735
24.19999999999997,3.759232912394693
24.39999999999997,4.31458327865406
24.59999999999997,4.961713928897117
24.79999999999997,5.741206183587572
24.999999999999968,6.641206920068326
25.199999999999967,7.725064201133205
25.399999999999967,9.037466344596655
25.599999999999966,10.556121056983468
25.799999999999965,12.42674006719213
25.999999999999964,14.670472981896173
26.199999999999964,17.256332891519598
26.399999999999963,20.3796283280458
26.599999999999962,24.21122630661916
26.79999999999996,28.705225007319385
26.99999999999996,34.080199395798935
