mags_ab,pos_errs_mas
16.0,0.20962482212487607
16.2,0.22678656293378932
16.4,0.24622158305499295
16.599999999999998,0.2648699773481295
16.799999999999997,0.28518948331564514
16.999999999999996,0.18413415100872543
17.199999999999996,0.19930187762963728
17.399999999999995,0.21602002472231036
17.599999999999994,0.23391323269665676
17.799999999999994,0.2533605135837304
17.999999999999993,0.1863489199489153
18.199999999999992,0.20301857532884948
18.39999999999999,0.176800305761806
18.59999999999999,0.1928857117661568
18.79999999999999,0.2104699851263866
18.99999999999999,0.18515226794279152
19.19999999999999,0.2021727011992257
19.399999999999988,0.19026085540368504
19.599999999999987,0.18834359057746772
19.799999999999986,0.19173818339888207
19.999999999999986,0.19620759238804653
20.199999999999985,0.21513533436230112
20.399999999999984,0.23607036575685186
20.599999999999984,0.2592238231230628
20.799999999999983,0.2848717927139495
20.999999999999982,0.3133710440794274
21.19999999999998,0.34501396085264374
21.39999999999998,0.3802962588934629
21.59999999999998,0.4197546247919085
21.79999999999998,0.46395230554605515
21.99999999999998,0.5134392567007737
22.199999999999978,0.5692216082698106
22.399999999999977,0.6323485711225985
22.599999999999977,0.7046478578327038
22.799999999999976,0.7865440918361226
22.999999999999975,0.8804568162621434
23.199999999999974,0.9887016275565296
23.399999999999974,1.1139073808376547
23.599999999999973,1.2597364035532659
23.799999999999972,1.4297192747022929
23.99999999999997,1.6297020924577934
24.19999999999997,1.8656532043142915
24.39999999999997,2.1427877280347922
24.59999999999997,2.471723029474695
24.79999999999997,2.8636187073918613
24.999999999999968,3.3309371117276143
25.199999999999967,3.889246111064446
25.399999999999967,4.5572728926405315
25.599999999999966,5.357534393824694
25.799999999999965,6.317094668598776
25.999999999999964,7.4684757996166535
26.199999999999964,8.850759296681588
26.399999999999963,10.510909756431374
26.599999999999962,12.505364056826386
26.79999999999996,14.89476468317027
26.99999999999996,17.771902415276593
