mags_ab,pos_errs_mas
16.0,0.18933826306482973
16.2,0.14880123020221603
16.4,0.15787698058447525
16.599999999999998,0.1690368288459063
16.799999999999997,0.1408012783494681
16.999999999999996,0.15200046498155206
17.199999999999996,0.1430953373924666
17.399999999999995,0.1562491381776665
17.599999999999994,0.15574075018892097
17.799999999999994,0.1597910820847657
17.999999999999993,0.16679766483659114
18.199999999999992,0.17025654487651884
18.39999999999999,0.18649520994941007
18.59999999999999,0.2043890561005512
18.79999999999999,0.22411217594331556
18.99999999999999,0.245862579032405
19.19999999999999,0.26986404100947015
19.399999999999988,0.2965376277843014
19.599999999999987,0.32592718007843025
19.799999999999986,0.3583371182492129
19.999999999999986,0.39425412936510296
20.199999999999985,0.4341275313002113
20.399999999999984,0.4784843444058308
20.599999999999984,0.5279465690193087
20.799999999999983,0.5835955016849129
20.999999999999982,0.6459109770420719
21.19999999999998,0.7155128332066563
21.39999999999998,0.7940710865493107
21.59999999999998,0.8829491585279158
21.79999999999998,0.9835196623548303
21.99999999999998,1.0990151716439776
22.199999999999978,1.2316940231590334
22.399999999999977,1.385234817789491
22.599999999999977,1.5626536775677808
22.799999999999976,1.769415236306185
22.999999999999975,2.0114821660365254
23.199999999999974,2.289663704271835
23.399999999999974,2.622645268171987
23.599999999999973,3.0168120769466746
23.799999999999972,3.4848481911122553
23.99999999999997,4.042057225189635
24.19999999999997,4.706878900393862
24.39999999999997,5.501508409259635
24.59999999999997,6.444569140998718
24.79999999999997,7.581044526211004
24.999999999999968,8.943957579515159
25.199999999999967,10.57951824141058
25.399999999999967,12.54325536861063
25.599999999999966,14.901896347342152
25.799999999999965,17.735632818195167
25.999999999999964,21.14083978243873
26.199999999999964,25.233352133790717
26.399999999999963,30.152406984389582
26.599999999999962,36.06536986805048
26.79999999999996,43.173436725046066
26.99999999999996,51.718465475580935
