mags_ab,pos_errs_mas
16.0,0.18687877263604014
16.2,0.20069464828052627
16.4,0.21501167395038423
16.599999999999998,0.23059981310712196
16.799999999999997,0.2474395920616221
16.999999999999996,0.2655479547858563
17.199999999999996,0.27877736931872704
17.399999999999995,0.1814394869147492
17.599999999999994,0.19709146177398618
17.799999999999994,0.21359046793077674
17.999999999999993,0.1875028479877227
18.199999999999992,0.18420645382328205
18.39999999999999,0.20052904283680384
18.59999999999999,0.2199136796744018
18.79999999999999,0.24136238049809017
18.99999999999999,0.2650106629615552
19.19999999999999,0.29117945762503783
19.399999999999988,0.32017142565691215
19.599999999999987,0.35234202399396497
19.799999999999986,0.38812844844259314
19.999999999999986,0.4280157328053223
20.199999999999985,0.4724104837031989
20.399999999999984,0.522183456748091
20.599999999999984,0.5781046620639856
20.799999999999983,0.6414424697881171
20.999999999999982,0.7127446894887467
21.19999999999998,0.793407426618873
21.39999999999998,0.8852412125659281
21.59999999999998,0.9903574146316196
21.79999999999998,1.1111727139483873
21.99999999999998,1.251885299399408
22.199999999999978,1.4156031093558898
22.399999999999977,1.598676477495896
22.599999999999977,1.8171374403180354
22.799999999999976,2.077148144006555
22.999999999999975,2.384432130142267
23.199999999999974,2.7487857393982
23.399999999999974,3.182038148008997
23.599999999999973,3.698450490353672
23.799999999999972,4.315196942906551
23.99999999999997,5.0529402157895635
24.19999999999997,5.936526358014932
24.39999999999997,6.995819986715269
24.59999999999997,8.23856916178519
24.79999999999997,9.75661831558816
24.999999999999968,11.57962610292822
25.199999999999967,13.769557392925648
25.399999999999967,16.400881323536947
25.599999999999966,19.563098335998625
25.799999999999965,23.363788491727288
25.999999999999964,27.932262697767612
26.199999999999964,33.423960339143484
26.399999999999963,40.02575223932185
26.599999999999962,47.96227223475749
26.79999999999996,57.50358464598577
26.99999999999996,68.97435074294025
