mags_ab,pos_errs_mas
16.0,0.3757234185933261
16.2,0.4031804981589948
16.4,0.2734219027210101
16.599999999999998,0.29695378663619026
16.799999999999997,0.3215290624164718
16.999999999999996,0.3496143538995328
17.199999999999996,0.37507259595444686
17.399999999999995,0.4052923050940343
17.599999999999994,0.262233375760021
17.799999999999994,0.28313983259122805
17.999999999999993,0.3062648026920029
18.199999999999992,0.3320440768841743
18.39999999999999,0.2423759576916252
18.59999999999999,0.26365419962173553
18.79999999999999,0.2871938822104721
18.99999999999999,0.31265442763656937
19.19999999999999,0.24340582753865952
19.399999999999988,0.26556617920438313
19.599999999999987,0.23688766560910432
19.799999999999986,0.25876958791564364
19.999999999999986,0.24890768036276448
20.199999999999985,0.248701653749138
20.399999999999984,0.2543274515070752
20.599999999999984,0.2609884469073202
20.799999999999983,0.28671096156282067
20.999999999999982,0.3153161216317259
21.19999999999998,0.34726540954188645
21.39999999999998,0.38292102616487694
21.59999999999998,0.4228608177521583
21.79999999999998,0.46771764838133917
21.99999999999998,0.5183448710065777
22.199999999999978,0.5755913809793328
22.399999999999977,0.6407307350252189
22.599999999999977,0.7150093055971121
22.799999999999976,0.8003611518459121
22.999999999999975,0.8985534757231656
23.199999999999974,1.0130268272608198
23.399999999999974,1.1453803132712483
23.599999999999973,1.3001153686176063
23.799999999999972,1.4818095299125926
23.99999999999997,1.696017644461939
24.19999999999997,1.9494676041412005
24.39999999999997,2.2502922467189728
24.59999999999997,2.6083067582668984
24.79999999999997,3.0367407569391798
24.999999999999968,3.5468204102293552
25.199999999999967,4.1572185130233095
25.399999999999967,4.8885163851149125
25.599999999999966,5.765451254479879
25.799999999999965,6.81775149573046
25.999999999999964,8.081138227831817
26.199999999999964,9.598537804602184
26.399999999999963,11.421539198577236
26.599999999999962,13.612139135627121
26.79999999999996,16.24485623185451
26.99999999999996,19.409255774510267
