mags_ab,pos_errs_mas
16.0,0.2497523965858855
16.2,0.2647255212891682
16.4,0.2806200932520222
16.599999999999998,0.28695279974891763
16.799999999999997,0.29168072755269736
16.999999999999996,0.29368972923816217
17.199999999999996,0.2060695023319108
17.399999999999995,0.22226283985480283
17.599999999999994,0.2388605325124879
17.799999999999994,0.2556010913578044
17.999999999999993,0.19568319665487052
18.199999999999992,0.21085545979718587
18.39999999999999,0.2311420900864107
18.59999999999999,0.25351471723064795
18.79999999999999,0.2782502123121464
18.99999999999999,0.3055297079003342
19.19999999999999,0.33576681277220904
19.399999999999988,0.36921822772834406
19.599999999999987,0.4061963740352884
19.799999999999986,0.4471595241021606
19.999999999999986,0.49295896629016606
20.199999999999985,0.5441072913764408
20.399999999999984,0.6010045181930941
20.599999999999984,0.665179445302237
20.799999999999983,0.7366466198886199
20.999999999999982,0.8170730222697887
21.19999999999998,0.9090969712023905
21.39999999999998,1.0106292962922057
21.59999999999998,1.1248868939842294
21.79999999999998,1.2570544666182426
21.99999999999998,1.4101654330368503
22.199999999999978,1.5855552652809575
22.399999999999977,1.7863658290940927
22.599999999999977,2.0260424965605237
22.799999999999976,2.3024506377869116
22.999999999999975,2.617484671708284
23.199999999999974,2.9844245651444443
23.399999999999974,3.4361748187382712
23.599999999999973,3.9727734067490803
23.799999999999972,4.612079942927616
23.99999999999997,5.334722441433345
24.19999999999997,6.23531006211813
24.39999999999997,7.312304258144496
24.59999999999997,8.603583082287155
24.79999999999997,10.152364356952214
24.999999999999968,12.004571126036808
25.199999999999967,14.229035740367667
25.399999999999967,16.90619514338844
25.599999999999966,19.992727292246542
25.799999999999965,23.828648984887934
25.999999999999964,28.424884979771246
26.199999999999964,33.963102813622186
26.399999999999963,40.4484519890831
26.599999999999962,48.415091781344934
26.79999999999996,57.48823039895685
26.99999999999996,68.89674435794741
