mags_ab,pos_errs_mas
16.0,0.16607845577968947
16.2,0.1806874835366956
16.4,0.18740961205883347
16.599999999999998,0.14635620639848612
16.799999999999997,0.15403261585090333
16.999999999999996,0.16483732894619207
17.199999999999996,0.14538389425993883
17.399999999999995,0.15476657196395327
17.599999999999994,0.16845671206994578
17.799999999999994,0.15302395344287853
17.999999999999993,0.14830253378117603
18.199999999999992,0.16204898156423622
18.39999999999999,0.1643574935418156
18.59999999999999,0.1706815729449117
18.79999999999999,0.17828259940308988
18.99999999999999,0.19537285670569254
19.19999999999999,0.21421856811257997
19.399999999999988,0.23500941455465513
19.599999999999987,0.25796294796119423
19.799999999999986,0.28343199425463106
19.999999999999986,0.31165776853975335
20.199999999999985,0.34274697904305174
20.399999999999984,0.3772113271398959
20.599999999999984,0.41551063149186074
20.799999999999983,0.4581652060985269
20.999999999999982,0.5057910091407578
21.19999999999998,0.5594710034452918
21.39999999999998,0.6197719304593513
21.59999999999998,0.6874101591443573
21.79999999999998,0.76375627386878
21.99999999999998,0.8504872449316961
22.199999999999978,0.9494749197968346
22.399999999999977,1.0626028352422305
22.599999999999977,1.193005764819594
22.799999999999976,1.3448874635269845
22.999999999999975,1.5206120582884566
23.199999999999974,1.7259909191629474
23.399999999999974,1.9670894000755654
23.599999999999973,2.2512682282919396
23.799999999999972,2.584878477008007
23.99999999999997,2.981198864962273
24.19999999999997,3.4534335318813096
24.39999999999997,4.0165076842432725
24.59999999999997,4.689172608178417
24.79999999999997,5.49398778311106
24.999999999999968,6.4580762166917385
25.199999999999967,7.609991234159727
25.399999999999967,8.994882098122146
25.599999999999966,10.657428799957058
25.799999999999965,12.654113305973476
25.999999999999964,15.052810190442658
26.199999999999964,17.935091788129846
26.399999999999963,21.39900270201965
26.599999999999962,25.562385805782455
26.79999999999996,30.56689609585798
26.99999999999996,36.58280960862153
