mags_ab,pos_errs_mas
16.0,inf
16.2,0.3089311927633975
16.4,0.32720935604946
16.599999999999998,0.34684504104435354
16.799999999999997,0.367692859641012
16.999999999999996,0.38963295536785386
17.199999999999996,0.39756899108662264
17.399999999999995,0.2689170758104285
17.599999999999994,0.28898054653627253
17.799999999999994,0.3112267075648743
17.999999999999993,0.2700731370195879
18.199999999999992,0.2622275292981363
18.39999999999999,0.2873950636966635
18.59999999999999,0.3152019408902093
18.79999999999999,0.34579550254192365
18.99999999999999,0.3797392379027374
19.19999999999999,0.4173308988941396
19.399999999999988,0.45886678897012967
19.599999999999987,0.5048970177942166
19.799999999999986,0.5560354214688422
19.999999999999986,0.612541963533784
20.199999999999985,0.6757681162209215
20.399999999999984,0.746906650507638
20.599999999999984,0.8258775569613425
20.799999999999983,0.9141246266518306
20.999999999999982,1.0142792113032606
21.19999999999998,1.1263643584364837
21.39999999999998,1.253500119411379
21.59999999999998,1.3970118801253462
21.79999999999998,1.564941818631505
21.99999999999998,1.7557270546122223
22.199999999999978,1.9621261593099721
22.399999999999977,2.216481638048321
22.599999999999977,2.5066074958702056
22.799999999999976,2.8527846390164617
22.999999999999975,3.24417213970073
23.199999999999974,3.721019266755819
23.399999999999974,4.267731229976735
23.599999999999973,4.9137417899488
23.799999999999972,5.7020462661885345
23.99999999999997,6.5579340329257985
24.19999999999997,7.636134441252101
24.39999999999997,8.947563690066552
24.59999999999997,10.47652503400483
24.79999999999997,12.349705978203774
24.999999999999968,14.53348634845608
25.199999999999967,17.21611956537074
25.399999999999967,20.208073739108855
25.599999999999966,24.022045595983684
25.799999999999965,28.60457695808537
25.999999999999964,34.111528315908544
26.199999999999964,40.73023852557522
26.399999999999963,48.685902457381516
26.599999999999962,58.24920204909592
26.79999999999996,69.7455474129455
26.99999999999996,83.5661113658441
