mags_ab,pos_errs_mas
16.0,inf
16.2,inf
16.4,0.25955416155948824
16.599999999999998,0.28420048148616567
16.799999999999997,0.30095247646344514
16.999999999999996,0.20956396311983916
17.199999999999996,0.22460758875531997
17.399999999999995,0.23873960950544845
17.599999999999994,0.2558179566629149
17.799999999999994,0.27408966957665337
17.999999999999993,0.2904423514902213
18.199999999999992,0.18784961504172623
18.39999999999999,0.20327979615850703
18.59999999999999,0.22031764376810387
18.79999999999999,0.23839528152507364
18.99999999999999,0.19779602518197636
19.19999999999999,0.21567781379338472
19.399999999999988,0.20434927334974054
19.599999999999987,0.20994355301917644
19.799999999999986,0.2301677179580117
19.999999999999986,0.25253267234367593
20.199999999999985,0.2773176066331459
20.399999999999984,0.3046168814625062
20.599999999999984,0.33483803059386863
20.799999999999983,0.3683462549353567
20.999999999999982,0.40556504996610965
21.19999999999998,0.44699733658330554
21.39999999999998,0.49323087076664196
21.59999999999998,0.5449223434629691
21.79999999999998,0.6028267812972375
21.99999999999998,0.6684103066490316
22.199999999999978,0.7420151064905711
22.399999999999977,0.8254577160416459
22.599999999999977,0.9201828076817552
22.799999999999976,1.0278257938402875
22.999999999999975,1.152523023852873
23.199999999999974,1.2957007105642344
23.399999999999974,1.4627025003697014
23.599999999999973,1.6572794057691895
23.799999999999972,1.8828101032156683
23.99999999999997,2.1414276214390924
24.19999999999997,2.454123424791921
24.39999999999997,2.8244321965678134
24.59999999999997,3.264297171431177
24.79999999999997,3.788125984305751
24.999999999999968,4.413275436178358
25.199999999999967,5.160635280639189
25.399999999999967,6.055328961957279
25.599999999999966,7.127559351956523
25.799999999999965,8.393732583425171
25.999999999999964,9.931428778293165
26.199999999999964,11.777754755198156
26.399999999999963,13.995454276902077
26.599999999999962,16.659929011602493
26.79999999999996,19.861801641642593
26.99999999999996,23.7099909006298
