mags_ab,pos_errs_mas
16.0,inf
16.2,inf
16.4,inf
16.599999999999998,inf
16.799999999999997,0.2334578847671108
16.999999999999996,0.24754641699923188
17.199999999999996,0.2627103630689403
17.399999999999995,0.2698054219876875
17.599999999999994,0.2860018033415994
17.799999999999994,0.2918092572228362
17.999999999999993,0.20941475666223605
18.199999999999992,0.22699709774897936
18.39999999999999,0.20232773780439556
18.59999999999999,0.20469533239112786
18.79999999999999,0.2195979413821932
18.99999999999999,0.24083483979097892
19.19999999999999,0.2642735118265884
19.399999999999988,0.2901260738065621
19.599999999999987,0.31867514947680425
19.799999999999986,0.35036417640118467
19.999999999999986,0.3854352584067344
20.199999999999985,0.42447059292561873
20.399999999999984,0.46791636747641957
20.599999999999984,0.5161733870519839
20.799999999999983,0.5694887873600836
20.999999999999982,0.6299212570408733
21.19999999999998,0.6976504524481083
21.39999999999998,0.7735154596180128
21.59999999999998,0.8580750993560968
21.79999999999998,0.9546982562889074
21.99999999999998,1.06605240855492
22.199999999999978,1.1936816614071297
22.399999999999977,1.3406767819468077
22.599999999999977,1.5070073157305284
22.799999999999976,1.68341819448851
22.999999999999975,1.9069157166527144
23.199999999999974,2.1651159990866655
23.399999999999974,2.46230751289685
23.599999999999973,2.8161569574142424
23.799999999999972,3.2404741196484026
23.99999999999997,3.7444242898923137
24.19999999999997,4.344503781707134
24.39999999999997,5.043090723390168
24.59999999999997,5.786159140221207
24.79999999999997,6.776883544363407
24.999999999999968,7.963542351088428
25.199999999999967,9.386251040533672
25.399999999999967,11.093217474560184
25.599999999999966,13.142373108126128
25.799999999999965,15.603329889562097
25.999999999999964,18.559744271006444
26.199999999999964,22.11215403191853
26.399999999999963,26.247124129642557
26.599999999999962,31.34755958668591
26.79999999999996,37.47835766334347
26.99999999999996,44.84811576092913
