mags_ab,pos_errs_mas
16.0,0.23746075952413948
16.2,0.2577410246682833
16.4,0.2791819282122883
16.599999999999998,0.21046835346582202
16.799999999999997,0.22862802408380165
16.999999999999996,0.24815100054876427
17.199999999999996,0.26888349086404006
17.399999999999995,0.20198778569252263
17.599999999999994,0.2198726203893111
17.799999999999994,0.23954081666742477
17.999999999999993,0.26058463741328103
18.199999999999992,0.21284464474168707
18.39999999999999,0.23212537944756426
18.59999999999999,0.21159921692282707
18.79999999999999,0.20515160519652614
18.99999999999999,0.20554847185227806
19.19999999999999,0.21018718741236342
19.399999999999988,0.21787726207494884
19.599999999999987,0.22648145877356798
19.799999999999986,0.24812334992274337
19.999999999999986,0.27202921964226473
20.199999999999985,0.298387312920944
20.399999999999984,0.3274739513025474
20.599999999999984,0.3596647945650633
20.799999999999983,0.3952434584653771
20.999999999999982,0.43462650903279826
21.19999999999998,0.478354615000061
21.39999999999998,0.5269702670066155
21.59999999999998,0.5810434420291979
21.79999999999998,0.6413419437951856
21.99999999999998,0.7095916836240023
22.199999999999978,0.7853572888507235
22.399999999999977,0.8706407627974926
22.599999999999977,0.9672068435684278
22.799999999999976,1.0758157294685011
22.999999999999975,1.2005048084232
23.199999999999974,1.3427270206084614
23.399999999999974,1.5061377242351914
23.599999999999973,1.6965033688090037
23.799999999999972,1.9163488451791644
23.99999999999997,2.172997926907616
24.19999999999997,2.472846442221886
24.39999999999997,2.826886435460309
24.59999999999997,3.2435529159432614
24.79999999999997,3.736915031382576
24.999999999999968,4.325588987432249
25.199999999999967,5.0152003368171805
25.399999999999967,5.849668643518492
25.599999999999966,6.8307430569776315
25.799999999999965,8.011459091905525
25.999999999999964,9.433747365322349
26.199999999999964,11.139838735974537
26.399999999999963,13.187609835606613
26.599999999999962,15.646605268063807
26.79999999999996,18.600401816028985
26.99999999999996,22.14943498192594
