mags_ab,pos_errs_mas
16.0,0.21086985655403145
16.2,0.22782306822763695
16.4,0.24563746673543077
16.599999999999998,0.26492138028135453
16.799999999999997,0.28544931116850436
16.999999999999996,0.18437178532834214
17.199999999999996,0.19918830859905462
17.399999999999995,0.21603756194657567
17.599999999999994,0.2338915079484406
17.799999999999994,0.2529827016336688
17.999999999999993,0.1855868494837662
18.199999999999992,0.20217955968098986
18.39999999999999,0.22027257321867652
18.59999999999999,0.2398309891241612
18.79999999999999,0.1877608267352684
18.99999999999999,0.2048454424350234
19.19999999999999,0.18368846276768794
19.399999999999988,0.20064306157117773
19.599999999999987,0.19382707796827714
19.799999999999986,0.19435259844037914
19.999999999999986,0.19929500863964134
20.199999999999985,0.20151377518584174
20.399999999999984,0.22115614132090375
20.599999999999984,0.24287149614056766
20.799999999999983,0.266979269068493
20.999999999999982,0.2937602297880163
21.19999999999998,0.32362327700321203
21.39999999999998,0.3569072240718496
21.59999999999998,0.39418965568263103
21.79999999999998,0.4361065965935765
21.99999999999998,0.4833355517589359
22.199999999999978,0.53655482988776
22.399999999999977,0.5969615155109934
22.599999999999977,0.6658329112853494
22.799999999999976,0.7452741171573941
22.999999999999975,0.83609777096586
23.199999999999974,0.9411345671906974
23.399999999999974,1.0632210867133869
23.599999999999973,1.2057934791076856
23.799999999999972,1.3730017293851593
23.99999999999997,1.5699545790698297
24.19999999999997,1.8028033024063193
24.39999999999997,2.0800558174858157
24.59999999999997,2.408328064935559
24.79999999999997,2.7994418565076518
24.999999999999968,3.266432708532363
25.199999999999967,3.8253193851992333
25.399999999999967,4.493723087110942
25.599999999999966,5.2945613717058855
25.799999999999965,6.255603368540313
25.999999999999964,7.409876234454405
26.199999999999964,8.79607939072584
26.399999999999963,10.461334054775435
26.599999999999962,12.462268074180525
26.79999999999996,14.866943074548725
26.99999999999996,17.75716453663355
