mags_ab,pos_errs_mas
16.0,0.2086567155550024
16.2,0.22590064965358284
16.4,0.2450228910561832
16.599999999999998,0.1868880158048127
16.799999999999997,0.2030354025936885
16.999999999999996,0.22075455119181042
17.199999999999996,0.18485298180077128
17.399999999999995,0.20133513965873182
17.599999999999994,0.21914019976778548
17.799999999999994,0.19133098535473625
17.999999999999993,0.20859536799774678
18.199999999999992,0.19679137867015603
18.39999999999999,0.18752805557311653
18.59999999999999,0.19237985760027654
18.79999999999999,0.20675613540905152
18.99999999999999,0.22660499058070044
19.19999999999999,0.24847263544905418
19.399999999999988,0.27260060846841694
19.599999999999987,0.2992798439551395
19.799999999999986,0.32873787269778165
19.999999999999986,0.36136307020862174
20.199999999999985,0.3975555957998693
20.399999999999984,0.4377176622427415
20.599999999999984,0.482213790001885
20.799999999999983,0.5317949586862449
20.999999999999982,0.5871912378311994
21.19999999999998,0.6498606817023694
21.39999999999998,0.7195196446042313
21.59999999999998,0.7976444077218537
21.79999999999998,0.8863390717767431
21.99999999999998,0.9867941038041659
22.199999999999978,1.101026304487324
22.399999999999977,1.2307682163731875
22.599999999999977,1.3802445791488613
22.799999999999976,1.5544809947435245
22.999999999999975,1.7555205033866332
23.199999999999974,1.9902321298341537
23.399999999999974,2.2642741595296605
23.599999999999973,2.5878535641905325
23.799999999999972,2.966623506607688
23.99999999999997,3.4187661018579307
24.19999999999997,3.9534938558253945
24.39999999999997,4.584609903614251
24.59999999999997,5.335186017103602
24.79999999999997,6.228508819784155
24.999999999999968,7.308343729800373
25.199999999999967,8.602451515187504
25.399999999999967,10.154640108911282
25.599999999999966,12.01755439925564
25.799999999999965,14.254456277533478
25.999999999999964,16.94136387567002
26.199999999999964,20.169635694297632
26.399999999999963,24.049074503113808
26.599999999999962,28.711650520875807
26.79999999999996,34.315995874747806
26.99999999999996,40.99227520421842
