mags_ab,pos_errs_mas
16.0,0.2414196927882583
16.2,0.2569385196371482
16.4,0.26562123003576527
16.599999999999998,0.18172971810463584
16.799999999999997,0.1964207780980335
16.999999999999996,0.21252578935939956
17.199999999999996,0.22747058707731574
17.399999999999995,0.24355240538554615
17.599999999999994,0.18605835774408147
17.799999999999994,0.202000176067106
17.999999999999993,0.18806481672467554
18.199999999999992,0.1932897561419793
18.39999999999999,0.21191872079082139
18.59999999999999,0.23252836373712205
18.79999999999999,0.25524980763905253
18.99999999999999,0.2803827721132951
19.19999999999999,0.3082056656223471
19.399999999999988,0.3390592777171713
19.599999999999987,0.3733708508242952
19.799999999999986,0.41158643146984536
19.999999999999986,0.4541499489807912
20.199999999999985,0.5013930636252643
20.399999999999984,0.5546871725237021
20.599999999999984,0.6146619615311947
20.799999999999983,0.6824745501918228
20.999999999999982,0.758714104957387
21.19999999999998,0.8452201838212219
21.39999999999998,0.943914957681276
21.59999999999998,1.056935096934606
21.79999999999998,1.1885057433507036
21.99999999999998,1.3411796135524636
22.199999999999978,1.5077819409749433
22.399999999999977,1.7080230392627938
22.599999999999977,1.9467570003835881
22.799999999999976,2.2281721996646264
22.999999999999975,2.5611020922682526
23.199999999999974,2.956224671508021
23.399999999999974,3.426427479565363
23.599999999999973,3.9871507799458006
23.799999999999972,4.657252192179279
23.99999999999997,5.459010746953297
24.19999999999997,6.419457074189496
24.39999999999997,7.5324808390335685
24.59999999999997,8.899054295217665
24.79999999999997,10.544875871052485
24.999999999999968,12.517213839009006
25.199999999999967,14.856980632118272
25.399999999999967,17.614524806281157
25.599999999999966,20.964719626984028
25.799999999999965,25.041012896846503
25.999999999999964,29.940806391524944
26.199999999999964,35.72110143330863
26.399999999999963,42.38297819432838
26.599999999999962,50.7849454876643
26.79999999999996,60.88580805302094
26.99999999999996,73.0292667916173
