mags_ab,pos_errs_mas
16.0,0.20908343805664842
16.2,0.22575059560231298
16.4,0.24446011421577094
16.599999999999998,0.1860813944352101
16.799999999999997,0.202023103122633
16.999999999999996,0.21951861314078347
17.199999999999996,0.23785012054556495
17.399999999999995,0.19047588808098273
17.599999999999994,0.2072340292171998
17.799999999999994,0.2253456176445914
17.999999999999993,0.18607500929024934
18.199999999999992,0.20287533051103407
18.39999999999999,0.19185479419665055
18.59999999999999,0.19201905236540917
18.79999999999999,0.1926164449338227
18.99999999999999,0.20994299519812712
19.19999999999999,0.23013601611868245
19.399999999999988,0.2523924216936781
19.599999999999987,0.27696295138732774
19.799999999999986,0.3041368732224607
19.999999999999986,0.33417120856936805
20.199999999999985,0.36745209030609743
20.399999999999984,0.40439041054464403
20.599999999999984,0.44542154942733236
20.799999999999983,0.4909809974335797
20.999999999999982,0.541823397678775
21.19999999999998,0.5987278908444056
21.39999999999998,0.6631195589306282
21.59999999999998,0.7349818761555417
21.79999999999998,0.815977943493322
21.99999999999998,0.9077155566746143
22.199999999999978,1.0125537773675748
22.399999999999977,1.1313509531648815
22.599999999999977,1.2671764153825698
22.799999999999976,1.4241800113106202
22.999999999999975,1.6076423080145594
23.199999999999974,1.8205984926619612
23.399999999999974,2.0697869238883144
23.599999999999973,2.362996394459385
23.799999999999972,2.708925424290981
23.99999999999997,3.1167308064965784
24.19999999999997,3.6032307218224124
24.39999999999997,4.179304192835138
24.59999999999997,4.865715193792723
24.79999999999997,5.690395538612931
24.999999999999968,6.648819112359444
25.199999999999967,7.803102687800122
25.399999999999967,9.193996106419783
25.599999999999966,10.87449445993178
25.799999999999965,12.89216237922976
25.999999999999964,15.3155571857869
26.199999999999964,18.22706972000435
26.399999999999963,21.725723000911984
26.599999999999962,25.930529429024133
26.79999999999996,30.984543551105357
26.99999999999996,37.05972047117599
