mags_ab,pos_errs_mas
16.0,0.18875779440276036
16.2,0.20256710086165622
16.4,0.152151509671394
16.599999999999998,0.16285429847410476
16.799999999999997,0.17413869910494045
16.999999999999996,0.14793536363368542
17.199999999999996,0.1613942451807446
17.399999999999995,0.15335900482166037
17.599999999999994,0.15340651538328606
17.799999999999994,0.15767237795440123
17.999999999999993,0.16473232684020828
18.199999999999992,0.1687281047964737
18.39999999999999,0.1837668374818611
18.59999999999999,0.20141049793120616
18.79999999999999,0.2208662028510791
18.99999999999999,0.24233105174734265
19.19999999999999,0.2660296666067138
19.399999999999988,0.29236079860085734
19.599999999999987,0.3214204412916219
19.799999999999986,0.3534912307024692
19.999999999999986,0.3890669937098823
20.199999999999985,0.4286059060440552
20.399999999999984,0.4726472708621813
20.599999999999984,0.5218297926601051
20.799999999999983,0.5772244175394909
20.999999999999982,0.6392891751127769
21.19999999999998,0.7090140008485689
21.39999999999998,0.787769592252042
21.59999999999998,0.8772466425310109
21.79999999999998,0.9789454558799323
21.99999999999998,1.095253571075761
22.199999999999978,1.2297380943966432
22.399999999999977,1.385790095950139
22.599999999999977,1.566688555014489
22.799999999999976,1.778085379307333
22.999999999999975,2.0262167911323568
23.199999999999974,2.317177051017231
23.399999999999974,2.656326275588768
23.599999999999973,3.063421437025144
23.799999999999972,3.547609382038854
23.99999999999997,4.124844989812275
24.19999999999997,4.81433985960205
24.39999999999997,5.6392071531432135
24.59999999999997,6.620328264645242
24.79999999999997,7.802036363429597
24.999999999999968,9.219808697867082
25.199999999999967,10.921758137591963
25.399999999999967,12.965700651636297
25.599999999999966,15.42111437539745
25.799999999999965,18.371500177905784
25.999999999999964,21.91721452801731
26.199999999999964,26.178882151021597
26.399999999999963,31.301503026585515
26.599999999999962,37.45937408254685
26.79999999999996,44.86202850802092
26.99999999999996,53.76135087351014
