mags_ab,pos_errs_mas
16.0,0.21290628351239724
16.2,0.22375335493747744
16.4,0.24153194457480903
16.599999999999998,0.260882820903395
16.799999999999997,0.2794549740320575
16.999999999999996,0.30180896866299134
17.199999999999996,0.17084382850481558
17.399999999999995,0.18560064939725024
17.599999999999994,0.1995553751300366
17.799999999999994,0.2153426494359124
17.999999999999993,0.23260568121408987
18.199999999999992,0.25111156168072213
18.39999999999999,0.1713356724321344
18.59999999999999,0.18680403301517773
18.79999999999999,0.1597215409098599
18.99999999999999,0.17431118291192982
19.19999999999999,0.16461714476202657
19.399999999999988,0.1798178638446425
19.599999999999987,0.19649272814391283
19.799999999999986,0.1846227338718347
19.999999999999986,0.17853141001216152
20.199999999999985,0.18822622625624325
20.399999999999984,0.19719586629283217
20.599999999999984,0.21650372680997887
20.799999999999983,0.23799408200607358
20.999999999999982,0.26173693257018227
21.19999999999998,0.28817133117093013
21.39999999999998,0.3176852587086355
21.59999999999998,0.350637964530154
21.79999999999998,0.387511919668838
21.99999999999998,0.4289674625013268
22.199999999999978,0.47574272897509307
22.399999999999977,0.5293539859358216
22.599999999999977,0.5896568651195842
22.799999999999976,0.6591893370918409
22.999999999999975,0.7383407860387732
23.199999999999974,0.8296609334086961
23.399999999999974,0.9355389279220856
23.599999999999973,1.0588870516882605
23.799999999999972,1.2032508332936807
23.99999999999997,1.372938852436998
24.19999999999997,1.5731771046693352
24.39999999999997,1.812348753403217
24.59999999999997,2.093973427153559
24.79999999999997,2.4293079337253984
24.999999999999968,2.8294474209895766
25.199999999999967,3.307772382096222
25.399999999999967,3.8803370489459996
25.599999999999966,4.566453024894397
25.799999999999965,5.38924608044266
25.999999999999964,6.376741399014571
26.199999999999964,7.562562112656535
26.399999999999963,8.986721634370804
26.599999999999962,10.699182199556384
26.79999999999996,12.758796176585475
26.99999999999996,15.23284507355499
