mags_ab,pos_errs_mas
16.0,0.2509584084853229
16.2,0.2672738945226311
16.4,0.2847278742896805
16.599999999999998,0.2943848925369514
16.799999999999997,0.201592465189325
16.999999999999996,0.2179308681947507
17.199999999999996,0.23447458010805194
17.399999999999995,0.25247925698873397
17.599999999999994,0.2703877781243985
17.799999999999994,0.20680771092200326
17.999999999999993,0.1946911329017131
18.199999999999992,0.21103767970548956
18.39999999999999,0.23134989134738057
18.59999999999999,0.2537468085680013
18.79999999999999,0.2784965645902026
18.99999999999999,0.3058241817619492
19.19999999999999,0.336082103243055
19.399999999999988,0.3695830345413938
19.599999999999987,0.4066737819100435
19.799999999999986,0.4477987145096589
19.999999999999986,0.49368503591195767
20.199999999999985,0.5448818086624241
20.399999999999984,0.6022173135736213
20.599999999999984,0.6664804094580535
20.799999999999983,0.7387943210974642
20.999999999999982,0.819219385995575
21.19999999999998,0.9115302493943652
21.39999999999998,1.0156925333070794
21.59999999999998,1.1322410410520378
21.79999999999998,1.2645532412770506
21.99999999999998,1.4209978220166268
22.199999999999978,1.598780371489544
22.399999999999977,1.8082451158100126
22.599999999999977,2.0507867371563706
22.799999999999976,2.3345992745470965
22.999999999999975,2.6719069366770642
23.199999999999974,3.060103909536565
23.399999999999974,3.5156704515370274
23.599999999999973,4.0619113861285685
23.799999999999972,4.7216710465988845
23.99999999999997,5.480430036279476
24.19999999999997,6.4138178961823895
24.39999999999997,7.531521589572198
24.59999999999997,8.871299297840118
24.79999999999997,10.478530839713862
24.999999999999968,12.407743996107438
25.199999999999967,14.724466446106593
25.399999999999967,17.50744023782061
25.599999999999966,20.85129932907797
25.799999999999965,24.780598789201868
25.999999999999964,29.58893275267769
26.199999999999964,35.36852663127205
26.399999999999963,42.31603613293022
26.599999999999962,50.66785507022888
26.79999999999996,60.70817227701311
26.99999999999996,72.77862666216231
