mags_ab,pos_errs_mas
16.0,0.18825511034887338
16.2,0.17986457110263596
16.4,0.19711820078057465
16.599999999999998,0.2161424316691391
16.799999999999997,0.2371337883527599
16.999999999999996,0.26030483715035563
17.199999999999996,0.2859073559640097
17.399999999999995,0.3138904136275889
17.599999999999994,0.34510265265072043
17.799999999999994,0.37969898001804897
17.999999999999993,0.4181132339103218
18.199999999999992,0.46085533788478095
18.39999999999999,0.5084917341959214
18.59999999999999,0.561791558831893
18.79999999999999,0.6198883810808936
18.99999999999999,0.6857243380403094
19.19999999999999,0.7577793372988288
19.399999999999988,0.8401810024839249
19.599999999999987,0.9347399009971591
19.799999999999986,1.0423748253067242
19.999999999999986,1.1655102322247044
20.199999999999985,1.3042268790975018
20.399999999999984,1.466498181594356
20.599999999999984,1.624980842909993
20.799999999999983,1.8268233982271727
20.999999999999982,2.0698139695692386
21.19999999999998,2.3540297428995696
21.39999999999998,2.688008011880332
21.59999999999998,3.083096794440433
21.79999999999998,3.5495736755560143
21.99999999999998,3.9629930524024064
22.199999999999978,4.5857652829566735
22.399999999999977,5.328078700565768
22.599999999999977,6.2144643409958995
22.799999999999976,7.274601409858077
22.999999999999975,8.544178630583914
23.199999999999974,10.066094743105516
23.399999999999974,11.649904254312554
23.599999999999973,13.713132383141469
23.799999999999972,16.256280156805197
23.99999999999997,19.31078711297036
24.19999999999997,22.98050004094453
24.39999999999997,27.39022525682125
24.59999999999997,32.689964683329634
24.79999999999997,38.83484951086045
24.999999999999968,46.4394213974746
25.199999999999967,55.580886067277596
25.399999999999967,66.57029780479586
25.599999999999966,79.78159386301556
25.799999999999965,95.66433034568895
25.999999999999964,114.75895802630522
26.199999999999964,137.71522253882497
26.399999999999963,165.31429946510826
26.599999999999962,198.49532184524477
26.79999999999996,238.3873908042784
26.99999999999996,286.3479217949094
