mags_ab,pos_errs_mas
16.0,0.2074935036012546
16.2,0.22539891496231218
16.4,0.2410556226818911
16.599999999999998,0.2594099131136746
16.799999999999997,0.17021060689686976
16.999999999999996,0.1829969154790809
17.199999999999996,0.1973801632863585
17.399999999999995,0.16071540907889262
17.599999999999994,0.1738344015011967
17.799999999999994,0.15724874704424846
17.999999999999993,0.1714553262016793
18.199999999999992,0.18701468567762342
18.39999999999999,0.20395168412591494
18.59999999999999,0.17088082872047466
18.79999999999999,0.18649324868207828
18.99999999999999,0.17118885314697863
19.19999999999999,0.1870159448408198
19.399999999999988,0.18361215397468764
19.599999999999987,0.1864207204288393
19.799999999999986,0.19131244792228166
19.999999999999986,0.2096887348148804
20.199999999999985,0.23011203149786144
20.399999999999984,0.25253169077280674
20.599999999999984,0.27733281229309026
20.799999999999983,0.3048084671541421
20.999999999999982,0.3352458879455521
21.19999999999998,0.3690065576894275
21.39999999999998,0.40656136990342584
21.59999999999998,0.448508698250348
21.79999999999998,0.4955534794808225
21.99999999999998,0.5479879209809451
22.199999999999978,0.6075456301454711
22.399999999999977,0.6741166913969985
22.599999999999977,0.7495621285373415
22.799999999999976,0.8353924901988251
22.999999999999975,0.9334930977729182
23.199999999999974,1.0461040255808869
23.399999999999974,1.1760543329941198
23.599999999999973,1.3268861558640856
23.799999999999972,1.503961500528449
23.99999999999997,1.7087282726296746
24.19999999999997,1.9494012255443813
24.39999999999997,2.2336652341633947
24.59999999999997,2.5702589739463697
24.79999999999997,2.9700308523130934
24.999999999999968,3.446067504657303
25.199999999999967,4.014136009186485
25.399999999999967,4.693213305823521
25.599999999999966,5.506122493698879
25.799999999999965,6.4803017702059575
25.999999999999964,7.648726403999285
26.199999999999964,9.046936352651494
26.399999999999963,10.728227425046912
26.599999999999962,12.747679472102456
26.79999999999996,15.173954564705465
26.99999999999996,18.08957023489052
