mags_ab,pos_errs_mas
16.0,0.18168430360804527
16.2,0.18659517378324858
16.4,0.2045755378997627
16.599999999999998,0.22440895828285656
16.799999999999997,0.24632334552345753
16.999999999999996,0.2705512301885293
17.199999999999996,0.29736913626876926
17.399999999999995,0.3270967272141165
17.599999999999994,0.36004271392194515
17.799999999999994,0.39665502388576035
17.999999999999993,0.4371035375062856
18.199999999999992,0.4825425929598067
18.39999999999999,0.5334324550609186
18.59999999999999,0.5905811722649028
18.79999999999999,0.6548374523578648
18.99999999999999,0.7276092946265285
19.19999999999999,0.8080722861926882
19.399999999999988,0.9015322652424541
19.599999999999987,1.008625749446352
19.799999999999986,1.131927075082479
19.999999999999986,1.2745774167040382
20.199999999999985,1.4362565739159832
20.399999999999984,1.6198898716167456
20.599999999999984,1.8426731955088027
20.799999999999983,2.104787626246772
20.999999999999982,2.414359662501672
21.19999999999998,2.781221835424137
21.39999999999998,3.2172503904931338
21.59999999999998,3.680779818808339
21.79999999999998,4.286006953416534
21.99999999999998,5.009395462740318
22.199999999999978,5.875245864017618
22.399999999999977,6.912773114798577
22.599999999999977,8.116469898739362
22.799999999999976,9.599599168716745
22.999999999999975,11.38028391422941
23.199999999999974,13.51902918553251
23.399999999999974,16.088549538141255
23.599999999999973,19.176232155414297
23.799999999999972,22.887112033499474
23.99999999999997,27.34743618282993
24.19999999999997,32.7089673853614
24.39999999999997,39.15413570451366
24.59999999999997,46.90224755228977
24.79999999999997,56.21695399560153
24.999999999999968,67.41521139893084
25.199999999999967,80.87807391692833
25.399999999999967,97.06365612656316
25.599999999999966,116.52271646530346
25.799999999999965,139.91742711191958
25.999999999999964,168.0438550810236
26.199999999999964,201.85907956167176
26.399999999999963,242.51380323837412
26.599999999999962,291.39141715123804
26.79999999999996,350.1551377969429
26.99999999999996,420.8045521684945
