mags_ab,pos_errs_mas
16.0,0.28593204879767914
16.2,0.3013033569240955
16.4,0.3174255807073522
16.599999999999998,0.31995555415765314
16.799999999999997,0.31914936362209867
16.999999999999996,0.31295286685875506
17.199999999999996,0.24528182131681436
17.399999999999995,0.22781989523073326
17.599999999999994,0.23984279448028423
17.799999999999994,0.26301224955171426
17.999999999999993,0.2885911328180636
18.199999999999992,0.3168699212098907
18.39999999999999,0.3482526702832355
18.59999999999999,0.38270196085544633
18.79999999999999,0.42124388051101386
18.99999999999999,0.46391806245237455
19.19999999999999,0.5116275118690109
19.399999999999988,0.5646067464840916
19.599999999999987,0.6237607437883497
19.799999999999986,0.6907160625572509
19.999999999999986,0.7640857814129618
20.199999999999985,0.8488403039288406
20.399999999999984,0.9417482744995384
20.599999999999984,1.0479667600174494
20.799999999999983,1.1672220190471103
20.999999999999982,1.3078545593299533
21.19999999999998,1.4629618447968735
21.39999999999998,1.6466136280937704
21.59999999999998,1.8554048933365663
21.79999999999998,2.0911692831799065
21.99999999999998,2.380370865223554
22.199999999999978,2.7126786787895374
22.399999999999977,3.1127208522832315
22.599999999999977,3.565956752462229
22.799999999999976,4.123997471481962
22.999999999999975,4.763782387257797
23.199999999999974,5.550903559874265
23.399999999999974,6.378024150898009
23.599999999999973,7.444558004160265
23.799999999999972,8.750850050324678
23.99999999999997,10.271542269677706
24.19999999999997,12.085311198065364
24.39999999999997,14.315132144051745
24.59999999999997,16.99298424383465
24.79999999999997,20.07466418130454
24.999999999999968,23.908244288342868
25.199999999999967,28.5152371964936
25.399999999999967,34.05236963055893
25.599999999999966,40.708031999157306
25.799999999999965,48.70868475325132
25.999999999999964,58.32655763627052
26.199999999999964,69.88891875080094
26.399999999999963,83.32185423785657
26.599999999999962,99.92855238698783
26.79999999999996,119.89364583026916
26.99999999999996,143.89649001768223
