mags_ab,pos_errs_mas
16.0,inf
16.2,inf
16.4,inf
16.599999999999998,inf
16.799999999999997,0.2346096131633876
16.999999999999996,0.24727105639152408
17.199999999999996,0.2608581370899656
17.399999999999995,0.2644124589842942
17.599999999999994,0.27815091112257384
17.799999999999994,0.2785254015406535
17.999999999999993,0.25806564618232253
18.199999999999992,0.24371461732025038
18.39999999999999,0.22525955831424097
18.59999999999999,0.21517541692747574
18.79999999999999,0.23604705659159658
18.99999999999999,0.25911740649366066
19.19999999999999,0.28460950102601823
19.399999999999988,0.3128401444230015
19.599999999999987,0.3440851092039957
19.799999999999986,0.37883332227845906
19.999999999999986,0.41760258232913094
20.199999999999985,0.46089568351606514
20.399999999999984,0.5093503392887024
20.599999999999984,0.5632062713040874
20.799999999999983,0.6234461882603578
20.999999999999982,0.6920384291293902
21.19999999999998,0.7698322704466912
21.39999999999998,0.8585751761405962
21.59999999999998,0.9579653312078182
21.79999999999998,1.0727802103505695
21.99999999999998,1.2048437470352582
22.199999999999978,1.359632206337776
22.399999999999977,1.5401157082214156
22.599999999999977,1.7476073953055338
22.799999999999976,1.9720789834265624
22.999999999999975,2.257057958485128
23.199999999999974,2.5941936149032143
23.399999999999974,2.994297520194045
23.599999999999973,3.4703557642648053
23.799999999999972,4.038201852897211
23.99999999999997,4.71671665552228
24.19999999999997,5.527514361593242
24.39999999999997,6.497744220199045
24.59999999999997,7.662968334886796
24.79999999999997,9.008498912280741
24.999999999999968,10.674245497485233
25.199999999999967,12.650383307057094
25.399999999999967,14.985040801280533
25.599999999999966,17.816579672819927
25.799999999999965,21.255641283039115
25.999999999999964,25.389129526294617
26.199999999999964,30.357679426404378
26.399999999999963,36.13629480068049
26.599999999999962,43.04354491543194
26.79999999999996,51.5780468330787
26.99999999999996,61.83824573707578
