mags_ab,pos_errs_mas
16.0,0.20735463873626828
16.2,0.2222608333637974
16.4,0.23704161549884925
16.599999999999998,0.25439893243089884
16.799999999999997,0.17168871959891766
16.999999999999996,0.18660985258341312
17.199999999999996,0.20179602541238292
17.399999999999995,0.21845759669435613
17.599999999999994,0.23663409398815174
17.799999999999994,0.18506982799649138
17.999999999999993,0.20159994843787105
18.199999999999992,0.18490977912388865
18.39999999999999,0.18666395163122634
18.59999999999999,0.19495088182708048
18.79999999999999,0.21378763338229825
18.99999999999999,0.23465970748772425
19.19999999999999,0.2576507753867957
19.399999999999988,0.28310268868582106
19.599999999999987,0.31130962868702633
19.799999999999986,0.3426237639024371
19.999999999999986,0.3774479780223723
20.199999999999985,0.41627398952835937
20.399999999999984,0.45968206750201757
20.599999999999984,0.5082850072738802
20.799999999999983,0.5628616109916521
20.999999999999982,0.624923272957181
21.19999999999998,0.6946141217600369
21.39999999999998,0.7739093937843983
21.59999999999998,0.8642245230205193
21.79999999999998,0.9677109131530288
21.99999999999998,1.0869182733746545
22.199999999999978,1.2248490469219904
22.399999999999977,1.3861378473418446
22.599999999999977,1.5748926946852104
22.799999999999976,1.7904485329323607
22.999999999999975,2.0469915302592545
23.199999999999974,2.352623623875311
23.399999999999974,2.7153273595426133
23.599999999999973,3.1469286596184913
23.799999999999972,3.6616807423180537
23.99999999999997,4.276742331458724
24.19999999999997,5.012754445429955
24.39999999999997,5.894533422056669
24.59999999999997,6.951905444601112
24.79999999999997,8.220714961304406
24.999999999999968,9.723068934819398
25.199999999999967,11.54655780127261
25.399999999999967,13.737234602428163
25.599999999999966,16.36959869484573
25.799999999999965,19.533194630743605
25.999999999999964,23.335650411199175
26.199999999999964,27.906337022997977
26.399999999999963,33.400781595722805
26.599999999999962,40.00593652131171
26.79999999999996,47.9465605037092
26.99999999999996,57.49284706630821
