mags_ab,pos_errs_mas
16.0,0.19022653251198926
16.2,0.20492186088498707
16.4,0.2183093495757529
16.599999999999998,0.17274721476953134
16.799999999999997,0.18676459902722323
16.999999999999996,0.20468008541967983
17.199999999999996,0.2244268403509663
17.399999999999995,0.24619837267410788
17.599999999999994,0.2702187501837673
17.799999999999994,0.2966753397128019
17.999999999999993,0.3258071546101947
18.199999999999992,0.35806680676604885
18.39999999999999,0.39377691272039134
18.59999999999999,0.43336772342101254
18.79999999999999,0.4773422114059368
18.99999999999999,0.5262594457595512
19.19999999999999,0.5805482853491897
19.399999999999988,0.6402808401156562
19.599999999999987,0.7078161743665407
19.799999999999986,0.780859226267715
19.999999999999986,0.8654830843809072
20.199999999999985,0.9610607734327588
20.399999999999984,1.0695759373029385
20.599999999999984,1.1915365037920636
20.799999999999983,1.3320967002702442
20.999999999999982,1.490464949283176
21.19999999999998,1.6555210913988385
21.39999999999998,1.857272569817451
21.59999999999998,2.0977242678046553
21.79999999999998,2.3783742040799316
21.99999999999998,2.706912928261906
22.199999999999978,3.0934076025080803
22.399999999999977,3.5507416819657074
22.599999999999977,4.003734186432555
22.799999999999976,4.5820698077916076
22.999999999999975,5.307334926825044
23.199999999999974,6.172237476373714
23.399999999999974,7.205437907352133
23.599999999999973,8.44158147456223
23.799999999999972,9.922324564940164
23.99999999999997,11.630412729854129
24.19999999999997,13.582668318547093
24.39999999999997,16.013032381776828
24.59999999999997,18.99417902570363
24.79999999999997,22.57506939120151
24.999999999999968,26.877457617985943
25.199999999999967,32.04767650928846
25.399999999999967,38.26160953990229
25.599999999999966,45.515532410611065
25.799999999999965,54.44244726707069
25.999999999999964,65.17364151779128
26.199999999999964,78.07426029852988
26.399999999999963,93.58328808868161
26.599999999999962,112.22845556077938
26.79999999999996,134.64422548640636
26.99999999999996,161.59334083395441
