mags_ab,pos_errs_mas
16.0,0.23451124878319246
16.2,0.24703113515204594
16.4,0.24822085158899673
16.599999999999998,0.1861342356847241
16.799999999999997,0.20094851809336042
16.999999999999996,0.18832305721727918
17.199999999999996,0.20642964205069506
17.399999999999995,0.22641314175242727
17.599999999999994,0.24848713805852943
17.799999999999994,0.2727971938677349
17.999999999999993,0.2995508355549299
18.199999999999992,0.3293182608888363
18.39999999999999,0.3623147287327961
18.59999999999999,0.3989761202811185
18.79999999999999,0.43978216490887795
18.99999999999999,0.48528493050517224
19.19999999999999,0.536226309997336
19.399999999999988,0.5915205594538878
19.599999999999987,0.6548813319331742
19.799999999999986,0.7231176957849658
19.999999999999986,0.8031261017916292
20.199999999999985,0.8938078080521651
20.399999999999984,0.9972801330988849
20.599999999999984,1.1159283953515304
20.799999999999983,1.2523304257339765
20.999999999999982,1.4066290885435186
21.19999999999998,1.5609966922606848
21.39999999999998,1.7571665466892958
21.59999999999998,1.9929096657395964
21.79999999999998,2.2698622504406503
21.99999999999998,2.5960448814552297
22.199999999999978,2.9817587656590456
22.399999999999977,3.43844882069309
22.599999999999977,3.937174324656849
22.799999999999976,4.555073908492337
22.999999999999975,5.227001601159873
23.199999999999974,6.072550994624755
23.399999999999974,7.115800987341957
23.599999999999973,8.368112799417371
23.799999999999972,9.86982726600085
23.99999999999997,11.671851908516444
24.19999999999997,13.755530577320233
24.39999999999997,16.188330508195143
24.59999999999997,19.072284382725215
24.79999999999997,22.71357861421816
24.999999999999968,27.089474144287998
25.199999999999967,32.348838083580915
25.399999999999967,38.670607375549096
25.599999999999966,46.269881784937574
25.799999999999965,55.405239722417
25.999999999999964,66.38752595405735
26.199999999999964,79.16899010421007
26.399999999999963,94.94929754076543
26.599999999999962,113.92086756686662
26.79999999999996,136.72927979547876
26.99999999999996,164.15064041002478
