mags_ab,pos_errs_mas
16.0,0.1882367380927922
16.2,0.2031363237597575
16.4,0.21710885181433645
16.599999999999998,0.17935312130730865
16.799999999999997,0.17529513222084891
16.999999999999996,0.19202037062722985
17.199999999999996,0.21044253938160568
17.399999999999995,0.23074054170907687
17.599999999999994,0.2531125486717928
17.799999999999994,0.27778528548300024
17.999999999999993,0.30505908226110945
18.199999999999992,0.3350241509552592
18.39999999999999,0.36815180702135536
18.59999999999999,0.4048040167317462
18.79999999999999,0.44541646619815517
18.99999999999999,0.49047975206369987
19.19999999999999,0.5406132773426046
19.399999999999988,0.5961895189957812
19.599999999999987,0.6579760207602504
19.799999999999986,0.726800340881413
19.999999999999986,0.8026105454622452
20.199999999999985,0.8893261804496512
20.399999999999984,0.9872101395390201
20.599999999999984,1.098247404487857
20.799999999999983,1.2236862774687325
20.999999999999982,1.3675035087248872
21.19999999999998,1.5314621808603657
21.39999999999998,1.6990856926929494
21.59999999999998,1.911944869014907
21.79999999999998,2.159195319837465
21.99999999999998,2.4477335722586004
22.199999999999978,2.7859776428208765
22.399999999999977,3.1837028042468476
22.599999999999977,3.653990911637311
22.799999999999976,4.140326936920804
22.999999999999975,4.780254189749103
23.199999999999974,5.514109521387503
23.399999999999974,6.402987746927883
23.599999999999973,7.477199373515636
23.799999999999972,8.76278610209577
23.99999999999997,10.30290864757793
24.19999999999997,12.096211229837705
24.39999999999997,14.29809551859813
24.59999999999997,16.792761909298047
24.79999999999997,19.86927532765486
24.999999999999968,23.622606551428184
25.199999999999967,28.132344592215244
25.399999999999967,33.55188144977199
25.599999999999966,40.06558448735797
25.799999999999965,47.89507177624594
25.999999999999964,57.11079286662234
26.199999999999964,68.3776105325785
26.399999999999963,81.92222102683546
26.599999999999962,98.20550779589693
26.79999999999996,117.7815607549515
26.99999999999996,141.316493510253
