mags_ab,pos_errs_mas
16.0,0.17958366337754533
16.2,0.19036071768558407
16.4,0.20036197167947992
16.599999999999998,0.2149170493389691
16.799999999999997,0.22977323608466338
16.999999999999996,0.14845087316297717
17.199999999999996,0.1560454557857512
17.399999999999995,0.1650660401023333
17.599999999999994,0.13781439124584505
17.799999999999994,0.14796682278381365
17.999999999999993,0.1408993613863154
18.199999999999992,0.15387832308254082
18.39999999999999,0.1681295052540493
18.59999999999999,0.16110961062756798
18.79999999999999,0.1654333544391423
18.99999999999999,0.16980435042168904
19.19999999999999,0.18276276920648346
19.399999999999988,0.20037847544419465
19.599999999999987,0.21982667243404247
19.799999999999986,0.24131254350998163
19.999999999999986,0.2650741160146925
20.199999999999985,0.2915470268491224
20.399999999999984,0.32088052997276034
20.599999999999984,0.3532959093646231
20.799999999999983,0.38937136440257625
20.999999999999982,0.42961642349863105
21.19999999999998,0.47463661799736684
21.39999999999998,0.5251558840099583
21.59999999999998,0.5823987917489255
21.79999999999998,0.6472266195586714
21.99999999999998,0.7204370615530579
22.199999999999978,0.8036662780400292
22.399999999999977,0.8989893413435286
22.599999999999977,1.0087009803605278
22.799999999999976,1.135580791967775
22.999999999999975,1.2830411851457855
23.199999999999974,1.4561471542550266
23.399999999999974,1.6578098421447156
23.599999999999973,1.8953943259961517
23.799999999999972,2.1762262879317076
23.99999999999997,2.5092628580479244
24.19999999999997,2.905324245142111
24.39999999999997,3.3774549926982904
24.59999999999997,3.9413622923379936
24.79999999999997,4.614169194895646
24.999999999999968,5.4206687265079605
25.199999999999967,6.387528723507202
25.399999999999967,7.547506052913879
25.599999999999966,8.939963083774144
25.799999999999965,10.612201235113432
25.999999999999964,12.621062367601349
26.199999999999964,15.032605619754575
26.399999999999963,17.931944101700697
26.599999999999962,21.41669135912722
26.79999999999996,25.605411013651164
26.99999999999996,30.640621167352155
