mags_ab,pos_errs_mas
16.0,0.16558118934674665
16.2,0.17945095951408893
16.4,0.1578333906176676
16.599999999999998,0.17224379381965466
16.799999999999997,0.18807187764447023
16.999999999999996,0.17888931132288563
17.199999999999996,0.1961870609113539
17.399999999999995,0.21532902861692327
17.599999999999994,0.23647023251742566
17.799999999999994,0.25988810760869996
17.999999999999993,0.28586420430303006
18.199999999999992,0.3147293868089434
18.39999999999999,0.3468717036857846
18.59999999999999,0.38299776483314785
18.79999999999999,0.4231298290232459
18.99999999999999,0.4681519179021023
19.19999999999999,0.518838278156744
19.399999999999988,0.5761417277157643
19.599999999999987,0.6414481342312556
19.799999999999986,0.7156132885774182
19.999999999999986,0.8005811881715558
20.199999999999985,0.8982513049938323
20.399999999999984,1.0110867619092103
20.599999999999984,1.1422116611968427
20.799999999999983,1.2953129581626517
20.999999999999982,1.4748754602505612
21.19999999999998,1.6862480084835616
21.39999999999998,1.9359439181035456
21.59999999999998,2.232043676145889
21.79999999999998,2.5841645186174618
21.99999999999998,3.0039021714804903
22.199999999999978,3.505218975996084
22.399999999999977,4.104914068107283
22.599999999999977,4.823186613659278
22.799999999999976,5.684315705384184
22.999999999999975,6.717479357713129
23.199999999999974,7.9577387655926195
23.399999999999974,9.447227396761583
23.599999999999973,11.236576147349018
23.799999999999972,13.38663518353008
23.99999999999997,15.970537271382362
24.19999999999997,19.076189676075085
24.39999999999997,22.80925737544029
24.59999999999997,27.296758151947635
24.79999999999997,32.691388103985204
24.999999999999968,39.1767102999392
25.199999999999967,46.97340540078202
25.399999999999967,56.34677828036008
25.599999999999966,67.61578234918449
25.799999999999965,81.1638896868056
25.999999999999964,97.4521106911405
26.199999999999964,117.03469604052533
26.399999999999963,140.57802382756444
26.599999999999962,168.88322244500844
26.79999999999996,202.9134646654322
26.99999999999996,243.8267192743075
