mags_ab,pos_errs_mas
16.0,0.23439323010070526
16.2,0.2483763159157969
16.4,0.253227502110222
16.599999999999998,0.1803121416700472
16.799999999999997,0.19434310357307263
16.999999999999996,0.2096947303493416
17.199999999999996,0.2252455630599702
17.399999999999995,0.18886557458959388
17.599999999999994,0.18943252363251079
17.799999999999994,0.20765735859632564
17.999999999999993,0.22777360457552817
18.199999999999992,0.24999490122993032
18.39999999999999,0.2745015153195782
18.59999999999999,0.30154839907560327
18.79999999999999,0.3315364349152793
18.99999999999999,0.36479788119725715
19.19999999999999,0.4017533160541763
19.399999999999988,0.4428988271197705
19.599999999999987,0.4888269829223006
19.799999999999986,0.5398138692867795
19.999999999999986,0.5967771922488637
20.199999999999985,0.6610603840734177
20.399999999999984,0.7331042893774853
20.599999999999984,0.8128895134030155
20.799999999999983,0.9056064280242684
20.999999999999982,1.0113940720999806
21.19999999999998,1.1329574986085043
21.39999999999998,1.2731908701155639
21.59999999999998,1.4334938113529085
21.79999999999998,1.6218039784076828
21.99999999999998,1.8201884768742544
22.199999999999978,2.0716501781154064
22.399999999999977,2.3678287166342744
22.599999999999977,2.7031935005460426
22.799999999999976,3.108508722667911
22.999999999999975,3.5950880698723604
23.199999999999974,4.17565890764945
23.399999999999974,4.868808552245997
23.599999999999973,5.66449173155773
23.799999999999972,6.647952757259401
23.99999999999997,7.746283851278597
24.19999999999997,9.10822857728269
24.39999999999997,10.774350877041186
24.59999999999997,12.774797916685818
24.79999999999997,15.177548600029413
24.999999999999968,18.06429115366331
25.199999999999967,21.53320616657848
25.399999999999967,25.7022960064428
25.599999999999966,30.713401227661286
25.799999999999965,36.57771966490562
25.999999999999964,43.78391184369166
26.199999999999964,52.4468817995257
26.399999999999963,62.86141929444738
26.599999999999962,75.38189437903057
26.79999999999996,90.4343618641444
26.99999999999996,108.53101373466595
