mags_ab,pos_errs_mas
16.0,0.17604301129265743
16.2,0.19079936036575534
16.4,0.18701198223187682
16.599999999999998,0.20498050656312883
16.799999999999997,0.22479495196074784
16.999999999999996,0.24665194683697758
17.199999999999996,0.27078135536599107
17.399999999999995,0.2973402387557091
17.599999999999994,0.3265480665599679
17.799999999999994,0.35902230217711767
17.999999999999993,0.3950122357373751
18.199999999999992,0.4349676191200903
18.39999999999999,0.479416918280492
18.59999999999999,0.5289488734283656
18.79999999999999,0.5841582570646707
18.99999999999999,0.6441889412941185
19.19999999999999,0.7129366808977875
19.399999999999988,0.7872604062573412
19.599999999999987,0.8738659194751782
19.799999999999986,0.9720135589998712
19.999999999999986,1.0838385872113
20.199999999999985,1.211665918504488
20.399999999999984,1.3553405378691177
20.599999999999984,1.5192483580279528
20.799999999999983,1.6934584146042397
20.999999999999982,1.9055919172481333
21.19999999999998,2.15947112758555
21.39999999999998,2.4572125746885924
21.59999999999998,2.8070792377652665
21.79999999999998,3.2201318176944436
21.99999999999998,3.6615920613101465
22.199999999999978,4.1773952590468495
22.399999999999977,4.840026875668644
22.599999999999977,5.630194073083255
22.799999999999976,6.574221044196373
22.999999999999975,7.703775090913764
23.199999999999974,9.056930626228809
23.399999999999974,10.531482798979116
23.599999999999973,12.399642402597593
23.799999999999972,14.68166467721608
23.99999999999997,17.42203268098075
24.19999999999997,20.713888698048077
24.39999999999997,24.669169806489933
24.59999999999997,29.42240601948966
24.79999999999997,34.99909213280572
24.999999999999968,41.833794939093394
25.199999999999967,50.049601220945135
25.399999999999967,59.92606467653556
25.599999999999966,71.79924962483726
25.799999999999965,86.07317693660848
25.999999999999964,103.2335521506404
26.199999999999964,123.86430218803409
26.399999999999963,148.66746709317493
26.599999999999962,178.48704126375594
26.79999999999996,214.33774038199422
26.99999999999996,257.43946284062645
