mags_ab,pos_errs_mas
16.0,0.21197189230307775
16.2,0.22705515121511552
16.4,0.24617566585697095
16.599999999999998,0.26543650666685065
16.799999999999997,0.2853422853070267
16.999999999999996,0.3079772758047998
17.199999999999996,0.33028110930183924
17.399999999999995,0.18695107542332084
17.599999999999994,0.20168382752897
17.799999999999994,0.21815517012425506
17.999999999999993,0.23627392770445585
18.199999999999992,0.2557230881279967
18.39999999999999,0.2768159379258031
18.59999999999999,0.18808570756758056
18.79999999999999,0.20502655475702292
18.99999999999999,0.1743784440476179
19.19999999999999,0.19034751903209035
19.399999999999988,0.17894339267634207
19.599999999999987,0.1954980636118927
19.799999999999986,0.21365302439983452
19.999999999999986,0.18373568727029727
20.199999999999985,0.19158879660602618
20.399999999999984,0.19490019805702485
20.599999999999984,0.2108038111127218
20.799999999999983,0.23169463067426393
20.999999999999982,0.254898814059093
21.19999999999998,0.2807901569084065
21.39999999999998,0.30969578929995367
21.59999999999998,0.34216563951307577
21.79999999999998,0.3785704413812063
21.99999999999998,0.4197017306933153
22.199999999999978,0.466418567733583
22.399999999999977,0.5195879925445466
22.599999999999977,0.5799891604523404
22.799999999999976,0.6492966639110388
22.999999999999975,0.729909431228779
23.199999999999974,0.8225347236441419
23.399999999999974,0.9303678041942328
23.599999999999973,1.0564881997080513
23.799999999999972,1.204639690597681
23.99999999999997,1.3793643903311337
24.19999999999997,1.5861624339974596
24.39999999999997,1.8316817467450381
24.59999999999997,2.1239436866860535
24.79999999999997,2.474935443148929
24.999999999999968,2.891638339969254
25.199999999999967,3.390353849544662
25.399999999999967,3.9879034122571815
25.599999999999966,4.704505033361915
25.799999999999965,5.564455138818462
25.999999999999964,6.596948406161368
26.199999999999964,7.83706853061636
26.399999999999963,9.326978695702055
26.599999999999962,11.117349994623053
26.79999999999996,13.269086035300594
26.99999999999996,15.85539067807059
