mags_ab,pos_errs_mas
16.0,0.21400566883425856
16.2,0.2312698221296637
16.4,0.24783904587043262
16.599999999999998,0.16561406501705672
16.799999999999997,0.17891457803045097
16.999999999999996,0.19060238966059087
17.199999999999996,0.1525364767928413
17.399999999999995,0.16492694659268428
17.599999999999994,0.14544510050956178
17.799999999999994,0.15779552455265347
17.999999999999993,0.14840913610291281
18.199999999999992,0.16198670561812153
18.39999999999999,0.17684814043628772
18.59999999999999,0.16439375887251248
18.79999999999999,0.17963854607489735
18.99999999999999,0.17570513238942703
19.19999999999999,0.17879729061458893
19.399999999999988,0.18535749654520176
19.599999999999987,0.20322009665931987
19.799999999999986,0.2229528654145161
19.999999999999986,0.24477054443745128
20.199999999999985,0.26907142670086803
20.399999999999984,0.295967012859577
20.599999999999984,0.32566707302495856
20.799999999999983,0.3586897019468783
20.999999999999982,0.395480916449268
21.19999999999998,0.4365784882433414
21.39999999999998,0.48262015690519655
21.59999999999998,0.5343703605660814
21.79999999999998,0.5931370418561441
21.99999999999998,0.6598902278200371
22.199999999999978,0.7350243541851993
22.399999999999977,0.8208386959903406
22.599999999999977,0.9193331851156508
22.799999999999976,1.032903855580032
22.999999999999975,1.1645285099783673
23.199999999999974,1.3174088344017914
23.399999999999974,1.4963545101805233
23.599999999999973,1.7077347862272731
23.799999999999972,1.955701228867713
23.99999999999997,2.2491935292509564
24.19999999999997,2.597649111494395
24.39999999999997,3.0124550463479554
24.59999999999997,3.504931765936314
24.79999999999997,4.094076703578717
24.999999999999968,4.799825551747038
25.199999999999967,5.645410078883685
25.399999999999967,6.659437810299423
25.599999999999966,7.876287301557916
25.799999999999965,9.337269934352928
25.999999999999964,11.09202762314233
26.199999999999964,13.200217854158918
26.399999999999963,15.727752497202664
26.599999999999962,18.769775618673535
26.79999999999996,22.42614381424906
26.99999999999996,26.821258300243933
