mags_ab,pos_errs_mas
16.0,0.3756537314844833
16.2,0.400760354867636
16.4,0.273507808103989
16.599999999999998,0.29541537074998236
16.799999999999997,0.3208112049699022
16.999999999999996,0.3475267018990772
17.199999999999996,0.37532972490115346
17.399999999999995,0.4053231241939611
17.599999999999994,0.2612096130606815
17.799999999999994,0.28380618492135207
17.999999999999993,0.306725745412948
18.199999999999992,0.2414079091791494
18.39999999999999,0.2629066286585442
18.59999999999999,0.23343838813662576
18.79999999999999,0.2545939649296808
18.99999999999999,0.23562183981375534
19.19999999999999,0.257170738967935
19.399999999999988,0.2807258177953578
19.599999999999987,0.2545370757322215
19.799999999999986,0.24295008238195892
19.999999999999986,0.24911599382603516
20.199999999999985,0.2536726259781799
20.399999999999984,0.2780340385890593
20.599999999999984,0.3049709738831403
20.799999999999983,0.3348545377105785
20.999999999999982,0.3678844743298839
21.19999999999998,0.4045029837865505
21.39999999999998,0.4452204502467138
21.59999999999998,0.490496377368534
21.79999999999998,0.5410719891020872
21.99999999999998,0.5975579286474841
22.199999999999978,0.6609394943636377
22.399999999999977,0.732329859178105
22.599999999999977,0.8128076691804313
22.799999999999976,0.9048022654324442
22.999999999999975,1.0087994010809673
23.199999999999974,1.127605238447339
23.399999999999974,1.264106812507207
23.599999999999973,1.422001649384527
23.799999999999972,1.6053364836761008
23.99999999999997,1.8184961555045267
24.19999999999997,2.069518705684669
24.39999999999997,2.3632351178563344
24.59999999999997,2.7100608258653747
24.79999999999997,3.119304502352172
24.999999999999968,3.6068317728263866
25.199999999999967,4.187584129602482
25.399999999999967,4.880826668580053
25.599999999999966,5.709743736761245
25.799999999999965,6.702218080335749
25.999999999999964,7.891765150625731
26.199999999999964,9.31866469492491
26.399999999999963,11.03132237123841
26.599999999999962,13.087901099168363
26.79999999999996,15.54321001194509
26.99999999999996,18.505346213178054
