mags_ab,pos_errs_mas
16.0,inf
16.2,inf
16.4,inf
16.599999999999998,inf
16.799999999999997,0.23464765061874138
16.999999999999996,0.24732054744580367
17.199999999999996,0.2609224467665132
17.399999999999995,0.26449584437417667
17.599999999999994,0.2782598842453143
17.799999999999994,0.2786679620299815
17.999999999999993,0.25825555470432865
18.199999999999992,0.2439750743002644
18.39999999999999,0.22562569189734477
18.59999999999999,0.2156915859372297
18.79999999999999,0.2367247338084641
18.99999999999999,0.260007956391888
19.19999999999999,0.2857802844573848
19.399999999999988,0.31438359144715333
19.599999999999987,0.346106321896172
19.799999999999986,0.3814861262285499
19.999999999999986,0.4210757789518443
20.199999999999985,0.4654354745731166
20.399999999999984,0.5153068980577132
20.599999999999984,0.5712832138276889
20.799999999999983,0.6336671631016079
20.999999999999982,0.7053130084862504
21.19999999999998,0.7870262600514741
21.39999999999998,0.8808170087530665
21.59999999999998,0.9887028927989239
21.79999999999998,1.1124630554039667
21.99999999999998,1.254038005413937
22.199999999999978,1.4225256530942032
22.399999999999977,1.6174704068725427
22.599999999999977,1.8459475606720417
22.799999999999976,2.1188928112901086
22.999999999999975,2.435890206210316
23.199999999999974,2.7939342477891747
23.399999999999974,3.2436680288419275
23.599999999999973,3.780502744647017
23.799999999999972,4.422390943637245
23.99999999999997,5.190921862581672
24.19999999999997,6.112048989934531
24.39999999999997,7.216961962706288
24.59999999999997,8.543141200412903
24.79999999999997,10.135626679822069
24.999999999999968,12.048541383941474
25.199999999999967,14.280294157435904
25.399999999999967,17.026805573911858
25.599999999999966,20.32775140298932
25.799999999999965,24.29543578625765
25.999999999999964,29.06485878374128
26.199999999999964,34.79830442543433
26.399999999999963,41.69086700528353
26.599999999999962,49.977080960652174
26.79999999999996,59.93891016058609
26.99999999999996,71.91532801188853
