mags_ab,pos_errs_mas
16.0,0.37544784450007396
16.2,0.4012812084310065
16.4,0.2738250909160901
16.599999999999998,0.296230823237078
16.799999999999997,0.3209627537710196
16.999999999999996,0.3490016637897375
17.199999999999996,0.3749932986021174
17.399999999999995,0.40520916147780917
17.599999999999994,0.2621289066120513
17.799999999999994,0.2831641443401092
17.999999999999993,0.22922316818793695
18.199999999999992,0.24984032227630354
18.39999999999999,0.2237645963704746
18.59999999999999,0.24406174691485782
18.79999999999999,0.26620131168277966
18.99999999999999,0.29032076230201986
19.19999999999999,0.2399155306450811
19.399999999999988,0.26186934729867717
19.599999999999987,0.2370937801472937
19.799999999999986,0.25914753979462546
19.999999999999986,0.2516709267691887
20.199999999999985,0.253394185342438
20.399999999999984,0.2579930369430171
20.599999999999984,0.28360822819367854
20.799999999999983,0.31215034061572516
20.999999999999982,0.3440860397356811
21.19999999999998,0.3798106625941302
21.39999999999998,0.41993831707951307
21.59999999999998,0.4651334142491583
21.79999999999998,0.5162649004562873
21.99999999999998,0.5744211860501369
22.199999999999978,0.6408070077462666
22.399999999999977,0.7167777849383083
22.599999999999977,0.8042832476864215
22.799999999999976,0.9057821895500897
22.999999999999975,1.0244731260765734
23.199999999999974,1.1621133636355603
23.399999999999974,1.3236324695317983
23.599999999999973,1.513945677166626
23.799999999999972,1.7390079296494971
23.99999999999997,2.0060198086281824
24.19999999999997,2.3236736116555092
24.39999999999997,2.702446674573379
24.59999999999997,3.1549541806868526
24.79999999999997,3.6982620551592262
24.999999999999968,4.346661211772839
25.199999999999967,5.124091727400359
25.399999999999967,6.056899928776231
25.599999999999966,7.176745773843574
25.799999999999965,8.521675642114072
25.999999999999964,10.137408442372944
26.199999999999964,12.078890940935443
26.399999999999963,14.412166662975299
26.599999999999962,17.216612749624105
26.79999999999996,20.587649057963308
26.99999999999996,24.639972843327133
