mags_ab,pos_errs_mas
16.0,0.17339996880396766
16.2,0.1690290174693584
16.4,0.18359300346605012
16.599999999999998,0.1510673343381329
16.799999999999997,0.16096744343701963
16.999999999999996,0.17559470354386214
17.199999999999996,0.14535876549322527
17.399999999999995,0.15239106333328956
17.599999999999994,0.16222773851346828
17.799999999999994,0.14947809500554587
17.999999999999993,0.16244298386673767
18.199999999999992,0.15628228296658406
18.39999999999999,0.1616683880646016
18.59999999999999,0.17200745506297568
18.79999999999999,0.18456539675990224
18.99999999999999,0.1977633115179041
19.19999999999999,0.21850749897297675
19.399999999999988,0.2419356069026197
19.599999999999987,0.2684521600741749
19.799999999999986,0.2985249656055904
19.999999999999986,0.33283804298427594
20.199999999999985,0.3721699678007296
20.399999999999984,0.4174707072684724
20.599999999999984,0.47026865486390385
20.799999999999983,0.531418506508405
20.999999999999982,0.6027053693404398
21.19999999999998,0.6863572862433706
21.39999999999998,0.7849186052843378
21.59999999999998,0.9014719907001063
21.79999999999998,1.0402006715776213
21.99999999999998,1.2047249124164867
22.199999999999978,1.400895899936275
22.399999999999977,1.6352457614213907
22.599999999999977,1.9156328418469586
22.799999999999976,2.25150580555263
22.999999999999975,2.654221792134746
23.199999999999974,3.137428768749729
23.399999999999974,3.717527621515152
23.599999999999973,4.414226168609244
23.799999999999972,5.251208647932905
23.99999999999997,6.256938317220023
24.19999999999997,7.465626710760702
24.39999999999997,8.918394205175247
24.59999999999997,10.66466900248112
24.79999999999997,12.76386966623918
24.999999999999968,15.287424599430572
25.199999999999967,18.321203781114235
25.399999999999967,21.968439466398465
25.599999999999966,26.35323797674876
25.799999999999965,31.62480909090218
25.999999999999964,37.96253155442986
26.199999999999964,45.582063590413696
26.399999999999963,54.742691053678584
26.599999999999962,65.7561298666626
26.79999999999996,78.99714689461089
26.99999999999996,94.91630255001891
