mags_ab,pos_errs_mas
16.0,0.2133296553895413
16.2,0.16923497783878383
16.4,0.17849802449912452
16.599999999999998,0.19142566944078138
16.799999999999997,0.1533532577057142
16.999999999999996,0.16479692407594396
17.199999999999996,0.1791207798531359
17.399999999999995,0.19468953513924736
17.599999999999994,0.1629515896397985
17.799999999999994,0.17777211552990207
17.999999999999993,0.16633404701452706
18.199999999999992,0.18175834987236772
18.39999999999999,0.1810296771777812
18.59999999999999,0.17893343237783688
18.79999999999999,0.1954995784144823
18.99999999999999,0.2144521072516541
19.19999999999999,0.23540759776712322
19.399999999999988,0.2586008510762219
19.599999999999987,0.28452672368349546
19.799999999999986,0.31305943872991043
19.999999999999986,0.3447512932315368
20.199999999999985,0.380052712583257
20.399999999999984,0.41947545877263614
20.599999999999984,0.46362679169575216
20.799999999999983,0.5132342498950898
20.999999999999982,0.5693349992416367
21.19999999999998,0.6332353489254311
21.39999999999998,0.7050576017301704
21.59999999999998,0.7870368156007519
21.79999999999998,0.8810311174629187
21.99999999999998,0.9893703420379365
22.199999999999978,1.1147778830459696
22.399999999999977,1.2607380595620687
22.599999999999977,1.4293582013733688
22.799999999999976,1.6296330483509638
22.999999999999975,1.8646184475395908
23.199999999999974,2.1426498989993954
23.399999999999974,2.4725601794953462
23.599999999999973,2.8650996869881493
23.799999999999972,3.333225761187719
23.99999999999997,3.880936102363024
24.19999999999997,4.546374132431348
24.39999999999997,5.343469291498871
24.59999999999997,6.299171872254947
24.79999999999997,7.445870880472803
24.999999999999968,8.822484146142202
25.199999999999967,10.475780352301094
25.399999999999967,12.461961566244026
25.599999999999966,14.834087897753582
25.799999999999965,17.69779838690264
25.999999999999964,21.139763142063668
26.199999999999964,25.277088839449117
26.399999999999963,30.250555377522
26.599999999999962,36.22938660537519
26.79999999999996,43.417029993379785
26.99999999999996,52.05805750554076
