mags_ab,pos_errs_mas
16.0,inf
16.2,0.3106061823197059
16.4,0.32627335940245755
16.599999999999998,0.34502405342842574
16.799999999999997,0.36562512833637945
16.999999999999996,0.3872830933343005
17.199999999999996,0.39479289459805744
17.399999999999995,0.2638103599936555
17.599999999999994,0.28323115540378313
17.799999999999994,0.30476811406554843
17.999999999999993,0.32634971427531717
18.199999999999992,0.3495023709993294
18.39999999999999,0.2532084609272827
18.59999999999999,0.27212291726200505
18.79999999999999,0.2984093077887881
18.99999999999999,0.3274576937760455
19.19999999999999,0.35957417940647773
19.399999999999988,0.3951849511053214
19.599999999999987,0.43472108759795236
19.799999999999986,0.478536032984425
19.999999999999986,0.5273023569298918
20.199999999999985,0.5815994645286275
20.399999999999984,0.6425770637120763
20.599999999999984,0.7098594550172697
20.799999999999983,0.7865457845195538
20.999999999999982,0.8730945780791962
21.19999999999998,0.969096482771102
21.39999999999998,1.0801033077040731
21.59999999999998,1.2068101671862412
21.79999999999998,1.3501510451347944
21.99999999999998,1.5175566071692106
22.199999999999978,1.7077409338542149
22.399999999999977,1.930660777270262
22.599999999999977,2.1822093604390216
22.799999999999976,2.4796691646560833
22.999999999999975,2.8369191217863743
23.199999999999974,3.259425584751271
23.399999999999974,3.7445139650489714
23.599999999999973,4.336707463587755
23.799999999999972,5.0427415714819235
23.99999999999997,5.868688637782004
24.19999999999997,6.873411733833041
24.39999999999997,8.050212446215388
24.59999999999997,9.424604098625126
24.79999999999997,11.092202907526657
24.999999999999968,13.132100366779186
25.199999999999967,15.581671558846429
25.399999999999967,18.52417050654889
25.599999999999966,22.059652049187697
25.799999999999965,26.308373121609865
25.999999999999964,31.414867683267314
26.199999999999964,37.55287149029104
26.399999999999963,44.93123809798516
26.599999999999962,53.8010178985169
26.79999999999996,64.18553266482922
26.99999999999996,76.9443090882072
