mags_ab,pos_errs_mas
16.0,0.14886858158811106
16.2,0.15750220797008466
16.4,0.16563348614561058
16.599999999999998,0.1466153832797455
16.799999999999997,0.15570684797610543
16.999999999999996,0.13926995806292466
17.199999999999996,0.15137546831104542
17.399999999999995,0.16522820799112076
17.599999999999994,0.150541307292035
17.799999999999994,0.16443812634170635
17.999999999999993,0.16091522247406997
18.199999999999992,0.16787219638318127
18.39999999999999,0.17530233970358172
18.59999999999999,0.19204326823911266
18.79999999999999,0.2104886683618859
18.99999999999999,0.23081761216843388
19.19999999999999,0.25323444734842315
19.399999999999988,0.27796957294145197
19.599999999999987,0.3055920175186975
19.799999999999986,0.33579526949088345
19.999999999999986,0.36919137331170193
20.199999999999985,0.40619802282612383
20.399999999999984,0.44727746933034473
20.599999999999984,0.4929716266544356
20.799999999999983,0.5439199007057255
20.999999999999982,0.6016964143744479
21.19999999999998,0.6656401002607345
21.39999999999998,0.7373191276843162
21.59999999999998,0.818207888504361
21.79999999999998,0.9095017873227464
21.99999999999998,1.0134148974908612
22.199999999999978,1.1323027878088816
22.399999999999977,1.269677770856439
22.599999999999977,1.4270834070119238
22.799999999999976,1.6095995808655128
22.999999999999975,1.8222549952675795
23.199999999999974,2.068747375705614
23.399999999999974,2.358600981149393
23.599999999999973,2.7011232239081164
23.799999999999972,3.1065259159368366
23.99999999999997,3.587844383150906
24.19999999999997,4.16080734302117
24.39999999999997,4.84436748262354
24.59999999999997,5.657205525828383
24.79999999999997,6.632507462881954
24.999999999999968,7.801054119660582
25.199999999999967,9.2023799080592
25.399999999999967,10.883993903352277
25.599999999999966,12.902985111880213
25.799999999999965,15.327957819632088
25.999999999999964,18.24135533696769
26.199999999999964,21.742260610585816
26.399999999999963,25.94976687062044
26.599999999999962,31.007018130026022
26.79999999999996,37.086085192977635
26.99999999999996,44.3938074050514
