mags_ab,pos_errs_mas
16.0,0.17589472416085639
16.2,0.1888399295180203
16.4,0.15821398103198617
16.599999999999998,0.172561075108415
16.799999999999997,0.16684829376611085
16.999999999999996,0.17343188174136148
17.199999999999996,0.1845872835707983
17.399999999999995,0.20253889325340493
17.599999999999994,0.22240137731276735
17.799999999999994,0.2443742247920442
17.999999999999993,0.26874657144103636
18.199999999999992,0.29582518416782666
18.39999999999999,0.3259726908682027
18.59999999999999,0.35982042911154277
18.79999999999999,0.3975312783537829
18.99999999999999,0.43976655418456756
19.19999999999999,0.4873142961722984
19.399999999999988,0.541008366376926
19.599999999999987,0.601942362090755
19.799999999999986,0.671669232274866
19.999999999999986,0.751192602556869
20.199999999999985,0.8427014248990254
20.399999999999984,0.9485268417322141
20.599999999999984,1.0711635774934778
20.799999999999983,1.2142943650030174
20.999999999999982,1.3820974126331547
21.19999999999998,1.5796464319399581
21.39999999999998,1.8131287049956728
21.59999999999998,2.0896347208232275
21.79999999999998,2.4183768805995016
21.99999999999998,2.8101692873880135
22.199999999999978,3.2780343412652035
22.399999999999977,3.837641311731351
22.599999999999977,4.507831684274255
22.799999999999976,5.311253203331764
22.999999999999975,6.275123670912104
23.199999999999974,7.432148968630585
23.399999999999974,8.821632030409598
23.599999999999973,10.490802129135284
23.799999999999972,12.496420790327202
23.99999999999997,14.906706599921739
24.19999999999997,17.80365929434727
24.39999999999997,21.285842354108492
24.59999999999997,25.47173693068181
24.79999999999997,30.503775846073765
24.999999999999968,36.55318421947733
25.199999999999967,43.82580928294124
25.399999999999967,52.56912286292172
25.599999999999966,63.08063869597768
25.799999999999965,75.71805273981548
25.999999999999964,90.91138591259136
26.199999999999964,109.17763297243872
26.399999999999963,131.13837764547048
26.599999999999962,157.54089726653498
26.79999999999996,189.28361866973486
26.99999999999996,227.44667337478637
