mags_ab,pos_errs_mas
16.0,inf
16.2,inf
16.4,0.2594824444963658
16.599999999999998,0.2835100773629585
16.799999999999997,0.3006877812109704
16.999999999999996,0.20904922632772238
17.199999999999996,0.22609619921076443
17.399999999999995,0.24053586307371846
17.599999999999994,0.18652218123372055
17.799999999999994,0.19978842215904608
17.999999999999993,0.2149951209975574
18.199999999999992,0.18097787626332384
18.39999999999999,0.1968651585267721
18.59999999999999,0.21434216772401665
18.79999999999999,0.187850435498789
18.99999999999999,0.20489543381042663
19.19999999999999,0.18572921793604183
19.399999999999988,0.2029103612147453
19.599999999999987,0.19700526927419085
19.799999999999986,0.19734250394835626
19.999999999999986,0.21043782390629312
20.199999999999985,0.2311692253686963
20.399999999999984,0.25420601637822426
20.599999999999984,0.28005361477491864
20.799999999999983,0.30865964240366556
20.999999999999982,0.34066176014644217
21.19999999999998,0.37656760969902486
21.39999999999998,0.41693466978792276
21.59999999999998,0.4624717915002422
21.79999999999998,0.5140896528423125
21.99999999999998,0.5728545977752606
22.199999999999978,0.6401581922672606
22.399999999999977,0.7176723044618671
22.599999999999977,0.8073736323302052
22.799999999999976,0.9106730195082292
22.999999999999975,1.0310700717289507
23.199999999999974,1.1720380218315403
23.399999999999974,1.3377971932520518
23.599999999999973,1.5334653058880359
23.799999999999972,1.7652367251700214
23.99999999999997,2.040594747655322
24.19999999999997,2.3696114526727095
24.39999999999997,2.76077485911231
24.59999999999997,3.228422277618857
24.79999999999997,3.788276275319173
24.999999999999968,4.459236843897308
25.199999999999967,5.264018757670696
25.399999999999967,6.229917644298646
25.599999999999966,7.389734704321067
25.799999999999965,8.78288562233306
25.999999999999964,10.456740171691761
26.199999999999964,12.468229325901213
26.399999999999963,14.885781709535868
26.599999999999962,17.791647539802778
26.79999999999996,21.28469894754185
26.99999999999996,25.483788507040284
