mags_ab,pos_errs_mas
16.0,0.19173829228808642
16.2,0.1910305508460886
16.4,0.15765275084833347
16.599999999999998,0.15861442393736291
16.799999999999997,0.17127144503291344
16.999999999999996,0.18089685200241717
17.199999999999996,0.1494285793568955
17.399999999999995,0.15854595929159215
17.599999999999994,0.144496954688758
17.799999999999994,0.15810395082880732
17.999999999999993,0.15906332619947908
18.199999999999992,0.16501210497129018
18.39999999999999,0.17423855951960004
18.59999999999999,0.18312262995352283
18.79999999999999,0.20180162200015733
18.99999999999999,0.2227508478018176
19.19999999999999,0.24633544959994633
19.399999999999988,0.27288984966168905
19.599999999999987,0.30295607719773315
19.799999999999986,0.3371396782962755
19.999999999999986,0.37617757000039515
20.199999999999985,0.42096807772104805
20.399999999999984,0.4729647072488055
20.599999999999984,0.5328160105140198
20.799999999999983,0.6024901182245586
20.999999999999982,0.6839647043962428
21.19999999999998,0.77966992469757
21.39999999999998,0.8928339451587494
21.59999999999998,1.026394018623757
21.79999999999998,1.1849419403068744
21.99999999999998,1.3736533215329814
22.199999999999978,1.598766218479251
22.399999999999977,1.868079124446394
22.599999999999977,2.1911527003347375
22.799999999999976,2.577180799390368
22.999999999999975,3.040115675159833
23.199999999999974,3.5956523158295077
23.399999999999974,4.262651454339767
23.599999999999973,5.063776911601559
23.799999999999972,6.031962008167131
23.99999999999997,7.189513593352149
24.19999999999997,8.580699540126961
24.39999999999997,10.252849977052099
24.59999999999997,12.26285802449868
24.79999999999997,14.682802999279216
24.999999999999968,17.58812621763558
25.199999999999967,21.080877345097562
25.399999999999967,25.279906752001917
25.599999999999966,30.32809689273569
25.799999999999965,36.39723220427085
25.999999999999964,43.69383065540209
26.199999999999964,52.4661788835271
26.399999999999963,63.01279180066384
26.599999999999962,75.69254815990175
26.79999999999996,90.93691551061617
26.99999999999996,109.26462452527775
