mags_ab,pos_errs_mas
16.0,0.3747407320773294
16.2,0.40130703833330195
16.4,0.27435521737200025
16.599999999999998,0.2954549345401218
16.799999999999997,0.3208002321307235
16.999999999999996,0.34761509443224675
17.199999999999996,0.26358630325814864
17.399999999999995,0.2856616032055837
17.599999999999994,0.30938509327207586
17.799999999999994,0.3355490944412648
17.999999999999993,0.2517447964913357
18.199999999999992,0.2742296504554559
18.39999999999999,0.29829428900443483
18.59999999999999,0.24319447105528402
18.79999999999999,0.2652059548947414
18.99999999999999,0.24126748203904017
19.19999999999999,0.23359776347196437
19.399999999999988,0.25515457248644324
19.599999999999987,0.2554958168407009
19.799999999999986,0.24744742711798579
19.999999999999986,0.25711539605123773
20.199999999999985,0.28201568419498824
20.399999999999984,0.30959744025893327
20.599999999999984,0.3402650642542648
20.799999999999983,0.3742606308290149
20.999999999999982,0.41207266832563977
21.19999999999998,0.45423425536372053
21.39999999999998,0.5013987781439385
21.59999999999998,0.5542905789839243
21.79999999999998,0.6136924267222954
21.99999999999998,0.6807663371154683
22.199999999999978,0.7568687325526184
22.399999999999977,0.8433666694527278
22.599999999999977,0.942901316465839
22.799999999999976,1.0564562338321148
22.999999999999975,1.1870761948223754
23.199999999999974,1.3389525713489474
23.399999999999974,1.5159569324451283
23.599999999999973,1.7226120549115906
23.799999999999972,1.9654326799908133
23.99999999999997,2.252558107201261
24.19999999999997,2.592246340176408
24.39999999999997,2.995273464008577
24.59999999999997,3.47327465379415
24.79999999999997,4.0453111870063685
24.999999999999968,4.729104475726921
25.199999999999967,5.5440218067392095
25.399999999999967,6.523756505867407
25.599999999999966,7.698798410013356
25.799999999999965,9.108996182923219
25.999999999999964,10.802231243689032
26.199999999999964,12.83604356854667
26.399999999999963,15.279585752073535
26.599999999999962,18.215962733435436
26.79999999999996,21.745066115581853
26.99999999999996,25.966011620720508
