mags_ab,pos_errs_mas
16.0,0.21048780710557735
16.2,0.22770067091675006
16.4,0.24633542855757734
16.599999999999998,0.2647073949217778
16.799999999999997,0.2853840542355638
16.999999999999996,0.3080962525829429
17.199999999999996,0.3304689513753461
17.399999999999995,0.1868344588946313
17.599999999999994,0.20168592937858984
17.799999999999994,0.21828474750606028
17.999999999999993,0.16941065438458694
18.199999999999992,0.18437933075942656
18.39999999999999,0.2010126986055292
18.59999999999999,0.21909330433407076
18.79999999999999,0.17814067234336523
18.99999999999999,0.19433073530885037
19.19999999999999,0.17583082561637817
19.399999999999988,0.1919906970282159
19.599999999999987,0.20970454033607755
19.799999999999986,0.19050931389516298
19.999999999999986,0.19007149284790106
20.199999999999985,0.19723196522253
20.399999999999984,0.19633252276447613
20.599999999999984,0.21543365521507937
20.799999999999983,0.2366085893683494
20.999999999999982,0.2600914307812045
21.19999999999998,0.2861712771489863
21.39999999999998,0.31529460908661705
21.59999999999998,0.3477216210807381
21.79999999999998,0.38401500378536857
21.99999999999998,0.4249299167531199
22.199999999999978,0.4710829998370631
22.399999999999977,0.5231520062378839
22.599999999999977,0.5820995029353786
22.799999999999976,0.6493240073874419
22.999999999999975,0.727096068594064
23.199999999999974,0.8158003970307711
23.399999999999974,0.9184179965291493
23.599999999999973,1.037718339458506
23.799999999999972,1.1770596663684672
23.99999999999997,1.340530392470245
24.19999999999997,1.5331200188246177
24.39999999999997,1.7608158444770685
24.59999999999997,2.033307673923169
24.79999999999997,2.3545778132094712
24.999999999999968,2.7375583623812982
25.199999999999967,3.1955719857584586
25.399999999999967,3.7429262390859988
25.599999999999966,4.400239432224442
25.799999999999965,5.186518953293788
25.999999999999964,6.1311862228305305
26.199999999999964,7.265689284821986
26.399999999999963,8.63071547100995
26.599999999999962,10.268501650149954
26.79999999999996,12.233505944016985
26.99999999999996,14.595016726401687
