mags_ab,pos_errs_mas
16.0,0.2380456625285562
16.2,0.2576632426600704
16.4,0.2795545238163049
16.599999999999998,0.301122306785349
16.799999999999997,0.32511339410018614
16.999999999999996,0.20960867359448962
17.199999999999996,0.22684607974622373
17.399999999999995,0.24633480186453996
17.599999999999994,0.26714787430090003
17.799999999999994,0.21103301604196464
17.999999999999993,0.22987679507172287
18.199999999999992,0.20438684505296256
18.39999999999999,0.22296500772494726
18.59999999999999,0.20676159545397513
18.79999999999999,0.22568653461288773
18.99999999999999,0.20520140171285878
19.19999999999999,0.22411028729459107
19.399999999999988,0.21463004111787382
19.599999999999987,0.213590039846422
19.799999999999986,0.2251713346389793
19.999999999999986,0.2468971304378158
20.199999999999985,0.2709597658488351
20.399999999999984,0.2975771006630329
20.599999999999984,0.3270823043070526
20.799999999999983,0.35982637802041645
20.999999999999982,0.3963181681417364
21.19999999999998,0.43688772209533383
21.39999999999998,0.482269315003057
21.59999999999998,0.5330465763822654
21.79999999999998,0.5901943786065773
21.99999999999998,0.6545659266501672
22.199999999999978,0.7274721722862773
22.399999999999977,0.8110488295141485
22.599999999999977,0.9056442252468945
22.799999999999976,1.014325622768356
22.999999999999975,1.1394680464434441
23.199999999999974,1.2843690678436153
23.399999999999974,1.4533549299254445
23.599999999999973,1.6493785924978885
23.799999999999972,1.8821690086458054
23.99999999999997,2.1539387349676384
24.19999999999997,2.4752056917244616
24.39999999999997,2.8572732512816117
24.59999999999997,3.3119652510146254
24.79999999999997,3.8543046624387216
24.999999999999968,4.502375465778988
25.199999999999967,5.277931604131625
25.399999999999967,6.207126789940421
25.599999999999966,7.321395304399956
25.799999999999965,8.658512052466076
25.999999999999964,10.263868866818786
26.199999999999964,12.192012951371952
26.399999999999963,14.497093684758978
26.599999999999962,17.275945330230932
26.79999999999996,20.615607230883395
26.99999999999996,24.629695212889846
