mags_ab,pos_errs_mas
16.0,0.19024200893078003
16.2,0.20494221703362167
16.4,0.21833621745236986
16.599999999999998,0.1727859555792222
16.799999999999997,0.18681580232680742
16.999999999999996,0.20474740078967255
17.199999999999996,0.22451533491928824
17.399999999999995,0.24631471468642108
17.599999999999994,0.2703716830597815
17.799999999999994,0.2968770576762133
17.999999999999993,0.3260729454125666
18.199999999999992,0.358415969388706
18.39999999999999,0.39423537489867105
18.59999999999999,0.43396933988027
18.79999999999999,0.47813109746254345
18.99999999999999,0.5272964755260666
19.19999999999999,0.5821489187291737
19.399999999999988,0.6420633658371043
19.599999999999987,0.7101461745753156
19.799999999999986,0.7839342768219546
19.999999999999986,0.8694911258879523
20.199999999999985,0.9663429364898292
20.399999999999984,1.0763555778203449
20.599999999999984,1.202055574063575
20.799999999999983,1.343644789896712
20.999999999999982,1.5084845537926388
21.19999999999998,1.6748672700177445
21.39999999999998,1.8822329306028591
21.59999999999998,2.129637845658432
21.79999999999998,2.419020648392506
21.99999999999998,2.75898196635159
22.199999999999978,3.159954992774494
22.399999999999977,3.6345720838659097
22.599999999999977,4.126787658544289
22.799999999999976,4.759569623076194
22.999999999999975,5.527982617216131
23.199999999999974,6.444623210149906
23.399999999999974,7.468342177778905
23.599999999999973,8.765325762934154
23.799999999999972,10.320101676203558
23.99999999999997,12.121503827413976
24.19999999999997,14.343982976691715
24.39999999999997,17.012591111685488
24.59999999999997,20.21801546039733
24.79999999999997,23.795156005474805
24.999999999999968,28.248990667146593
25.199999999999967,33.70964017393665
25.399999999999967,40.27303414398867
25.599999999999966,48.162483394618064
25.799999999999965,57.64643559055397
25.999999999999964,69.04759511493829
26.199999999999964,82.39977758881358
26.399999999999963,98.79857858102929
26.599999999999962,118.51360594364816
26.79999999999996,142.2157299303637
26.99999999999996,170.711465045906
