mags_ab,pos_errs_mas
16.0,0.20644943930572796
16.2,0.17855664475211916
16.4,0.18242258837456177
16.599999999999998,0.19999600922091926
16.799999999999997,0.21938600139390854
16.999999999999996,0.24080491473801996
17.199999999999996,0.2644887592481604
17.399999999999995,0.2907086531061456
17.599999999999994,0.3197783118351416
17.799999999999994,0.3520667510796499
17.999999999999993,0.38791925277933975
18.199999999999992,0.42773764920476526
18.39999999999999,0.4721330265371713
18.59999999999999,0.5220149354559229
18.79999999999999,0.5780903401029178
18.99999999999999,0.6413071035971679
19.19999999999999,0.7128301854674219
19.399999999999988,0.7928567230079497
19.599999999999987,0.8845565380153508
19.799999999999986,0.9901329566415379
19.999999999999986,1.1118066748819406
20.199999999999985,1.25273522964967
20.399999999999984,1.4167233734189224
20.599999999999984,1.606377122091645
20.799999999999983,1.819483063781262
20.999999999999982,2.0805119460794903
21.19999999999998,2.3890807090533057
21.39999999999998,2.75504249137686
21.59999999999998,3.1902928083084237
21.79999999999998,3.7091709219973374
21.99999999999998,4.276299222199915
22.199999999999978,5.003956614842844
22.399999999999977,5.875267469657184
22.599999999999977,6.919663378525068
22.799999999999976,8.172514954021063
22.999999999999975,9.638968588276677
23.199999999999974,11.435628443392073
23.399999999999974,13.593796912269836
23.599999999999973,16.186856364251888
23.799999999999972,19.303004843716973
23.99999999999997,23.04824795616703
24.19999999999997,27.55001189725198
24.39999999999997,32.96146822674245
24.59999999999997,39.46674670812816
24.79999999999997,47.28720538924779
24.999999999999968,56.68895351846741
25.199999999999967,67.9919125799191
25.399999999999967,81.58069911975309
25.599999999999966,97.91770806579491
25.799999999999965,117.5588708952122
25.999999999999964,141.17252995629892
26.199999999999964,169.56220487944668
26.399999999999963,203.69397152846082
26.599999999999962,244.72925880690843
26.79999999999996,294.0644233153594
26.99999999999996,353.37822062273335
