mags_ab,pos_errs_mas
16.0,0.21571470189891787
16.2,0.16730969072382515
16.4,0.18002701332346863
16.599999999999998,0.195391056851009
16.799999999999997,0.15578398030536278
16.999999999999996,0.16726909054978883
17.199999999999996,0.1783662827591881
17.399999999999995,0.1550079165715263
17.599999999999994,0.1681508226116545
17.799999999999994,0.1516221978575797
17.999999999999993,0.16542059139391382
18.199999999999992,0.18056078034668463
18.39999999999999,0.16197742541208304
18.59999999999999,0.17693877728902763
18.79999999999999,0.1709079211525189
18.99999999999999,0.17709987861980322
19.19999999999999,0.18360774133209673
19.399999999999988,0.2011975215588374
19.599999999999987,0.22059970869408357
19.799999999999986,0.242013185528803
19.999999999999986,0.2658082928959983
20.199999999999985,0.29206573285614224
20.399999999999984,0.32098333404914403
20.599999999999984,0.3530230504328495
20.799999999999983,0.3885753610516866
20.999999999999982,0.42810491686783203
21.19999999999998,0.47215632398693863
21.39999999999998,0.5213745870493648
21.59999999999998,0.576840449698927
21.79999999999998,0.6393857583288307
21.99999999999998,0.7091935542841735
22.199999999999978,0.7882331783813822
22.399999999999977,0.8778002242255933
22.599999999999977,0.9801283551896349
22.799999999999976,1.0976150024110936
22.999999999999975,1.2331004884001375
23.199999999999974,1.391112789585428
23.399999999999974,1.573705827449475
23.599999999999973,1.787248547659202
23.799999999999972,2.0367177010832287
23.99999999999997,2.329648122387672
24.19999999999997,2.6774842946174573
24.39999999999997,3.090268024360508
24.59999999999997,3.5814575667267112
24.79999999999997,4.167273904253724
24.999999999999968,4.867243732234701
25.199999999999967,5.70485741959076
25.399999999999967,6.708356335418259
25.599999999999966,7.905965450408567
25.799999999999965,9.34694453473554
25.999999999999964,11.076900154887836
26.199999999999964,13.154607154433158
26.399999999999963,15.650701024799815
26.599999999999962,18.65006643243836
26.79999999999996,22.25473247575077
26.99999999999996,26.587329870157024
