mags_ab,pos_errs_mas
16.0,0.213083489196578
16.2,0.166379034907066
16.4,0.1782445109595193
16.599999999999998,0.19048153625205086
16.799999999999997,0.1537994287527153
16.999999999999996,0.16745165028142514
17.199999999999996,0.18229010605690524
17.399999999999995,0.19810275892870421
17.599999999999994,0.16816515454129377
17.799999999999994,0.1835104808056362
17.999999999999993,0.17712803389240234
18.199999999999992,0.1800673682115647
18.39999999999999,0.1831200875053256
18.59999999999999,0.20072362216232265
18.79999999999999,0.22016086510040433
18.99999999999999,0.24163810996158855
19.19999999999999,0.26553736064507344
19.399999999999988,0.2919133914318418
19.599999999999987,0.32105324373571237
19.799999999999986,0.35339527663522313
19.999999999999986,0.3893713035935583
20.199999999999985,0.42948377022500556
20.399999999999984,0.474327383632424
20.599999999999984,0.52461225989835
20.799999999999983,0.5813505077442236
20.999999999999982,0.6456602631064411
21.19999999999998,0.7178404800673994
21.39999999999998,0.7999596587852176
21.59999999999998,0.8938514578587112
21.79999999999998,1.0010474119298571
21.99999999999998,1.1244578598694421
22.199999999999978,1.2681983194893174
22.399999999999977,1.435734197012639
22.599999999999977,1.632130195148425
22.799999999999976,1.862234711723188
22.999999999999975,2.1337412289922324
23.199999999999974,2.4511541072187417
23.399999999999974,2.826053460532259
23.599999999999973,3.276846061813947
23.799999999999972,3.8146157306872834
23.99999999999997,4.457305179909712
24.19999999999997,5.226496761157228
24.39999999999997,6.148137040825048
24.59999999999997,7.253410073733669
24.79999999999997,8.57979200007336
24.999999999999968,10.157816552326132
25.199999999999967,12.065861855470079
25.399999999999967,14.358192511499555
25.599999999999966,17.112769718189593
25.799999999999965,20.42329656739985
25.999999999999964,24.402399888054997
26.199999999999964,29.18546392465385
26.399999999999963,34.93524269845492
26.599999999999962,41.84737557459199
26.79999999999996,50.15706926107343
26.99999999999996,60.14707602758314
