mags_ab,pos_errs_mas
16.0,0.23817577014596492
16.2,0.2572224196649977
16.4,0.27911572587030725
16.599999999999998,0.21131617840614256
16.799999999999997,0.22923013830544758
16.999999999999996,0.24917703762092444
17.199999999999996,0.206965804409983
17.399999999999995,0.22534125220145504
17.599999999999994,0.2451759382803873
17.799999999999994,0.21166290448808567
17.999999999999993,0.23061490321105685
18.199999999999992,0.251299850199677
18.39999999999999,0.22324199001045206
18.59999999999999,0.2123565062379769
18.79999999999999,0.21587730647931272
18.99999999999999,0.2200658741569383
19.19999999999999,0.24100629452892133
19.399999999999988,0.2641287832318249
19.599999999999987,0.28958517523627575
19.799999999999986,0.31766274037709635
19.999999999999986,0.34864226274275373
20.199999999999985,0.382930617630813
20.399999999999984,0.4207404387077008
20.599999999999984,0.46263990080653816
20.799999999999983,0.5091031902407741
20.999999999999982,0.5605816410085261
21.19999999999998,0.6177426250655836
21.39999999999998,0.6815542645141364
21.59999999999998,0.7534759770428775
21.79999999999998,0.8332795392733777
21.99999999999998,0.9227122424083577
22.199999999999978,1.022982055944499
22.399999999999977,1.137076563687774
22.599999999999977,1.2660470175774368
22.799999999999976,1.4125939782410881
22.999999999999975,1.5828135519891635
23.199999999999974,1.776245289191293
23.399999999999974,1.999736263310802
23.599999999999973,2.260360655939536
23.799999999999972,2.5598354142092363
23.99999999999997,2.9152530083815007
24.19999999999997,3.331006887056166
24.39999999999997,3.8248564963414577
24.59999999999997,4.40591950881369
24.79999999999997,5.1008496797042895
24.999999999999968,5.916166761304541
25.199999999999967,6.898956398271774
25.399999999999967,8.0743028904222
25.599999999999966,9.481763908572994
25.799999999999965,11.168889372714856
25.999999999999964,13.19282285542811
26.199999999999964,15.622232883750712
26.399999999999963,18.5396375644506
26.599999999999962,22.008879282163342
26.79999999999996,26.20803761114775
26.99999999999996,31.254290358307934
