mags_ab,pos_errs_mas
16.0,0.21101350489741905
16.2,0.22492507944255835
16.4,0.2410876427234464
16.599999999999998,0.17042293472655198
16.799999999999997,0.18171439331792075
16.999999999999996,0.1973357061230459
17.199999999999996,0.21247700685621246
17.399999999999995,0.16564807237871956
17.599999999999994,0.1794778510726352
17.799999999999994,0.19445951096480849
17.999999999999993,0.21092755299684796
18.199999999999992,0.22948795423242407
18.39999999999999,0.1682138577921144
18.59999999999999,0.1834675013239003
18.79999999999999,0.20008141346212263
18.99999999999999,0.17482580376803725
19.19999999999999,0.16715252035502046
19.399999999999988,0.18266933734059854
19.599999999999987,0.18240724992657864
19.799999999999986,0.18668470783272206
19.999999999999986,0.18631472144541758
20.199999999999985,0.20111041225453602
20.399999999999984,0.22087152125976878
20.599999999999984,0.24271447676323268
20.799999999999983,0.266927049790549
20.999999999999982,0.29387527425043214
21.19999999999998,0.3239485531540286
21.39999999999998,0.3575212253331857
21.59999999999998,0.3950863389149897
21.79999999999998,0.43730661005082316
21.99999999999998,0.48505035932712476
22.199999999999978,0.5393962174571517
22.399999999999977,0.6007348859990728
22.599999999999977,0.6713699971738606
22.799999999999976,0.7518095954127879
22.999999999999975,0.8445789742870082
23.199999999999974,0.952094705689365
23.399999999999974,1.077303152494791
23.599999999999973,1.2237895758409287
23.799999999999972,1.395917100936733
23.99999999999997,1.598973313898024
24.19999999999997,1.8411487620276172
24.39999999999997,2.1265164512807035
24.59999999999997,2.4663078143773194
24.79999999999997,2.8716546448067146
24.999999999999968,3.356132212531011
25.199999999999967,3.936588573116494
25.399999999999967,4.6329655004995915
25.599999999999966,5.466616599483228
25.799999999999965,6.468044593808368
25.999999999999964,7.669394431810316
26.199999999999964,9.112356955561774
26.399999999999963,10.855011730167186
26.599999999999962,12.939365001831334
26.79999999999996,15.4444296849938
26.99999999999996,18.455429993846796
