mags_ab,pos_errs_mas
16.0,0.20910997788307495
16.2,0.2264303646162077
16.4,0.24588603266610345
16.599999999999998,0.2649046496672064
16.799999999999997,0.28513686849396547
16.999999999999996,0.18426814972309943
17.199999999999996,0.19936873242527015
17.399999999999995,0.2162350600252297
17.599999999999994,0.2347261123855509
17.799999999999994,0.18575939919929998
17.999999999999993,0.20238114863519197
18.199999999999992,0.18051570131897743
18.39999999999999,0.19695481611036614
18.59999999999999,0.18328229415624192
18.79999999999999,0.20009546443854972
18.99999999999999,0.18290580573731022
19.19999999999999,0.19982955792241808
19.399999999999988,0.19240342739204394
19.599999999999987,0.19245197228923042
19.799999999999986,0.20342958118752583
19.999999999999986,0.22316070944513822
20.199999999999985,0.24493812623321273
20.399999999999984,0.26906724678657357
20.599999999999984,0.2958183303298778
20.799999999999983,0.32556298899833414
20.999999999999982,0.3586285605065339
21.19999999999998,0.39557727653545227
21.39999999999998,0.4368545754514828
21.59999999999998,0.48319216154124595
21.79999999999998,0.5351797459882677
21.99999999999998,0.5938916233617316
22.199999999999978,0.6610265593698842
22.399999999999977,0.736829423938279
22.599999999999977,0.8235538548116105
22.799999999999976,0.9232617176014302
22.999999999999975,1.038266555131189
23.199999999999974,1.1719025219385804
23.399999999999974,1.3271885491691464
23.599999999999973,1.5095433263614313
23.799999999999972,1.7246582458785689
23.99999999999997,1.9767287631752808
24.19999999999997,2.2739748889397524
24.39999999999997,2.627423638524697
24.59999999999997,3.0493752216216317
24.79999999999997,3.552972576733519
24.999999999999968,4.155046637828845
25.199999999999967,4.875840638309103
25.399999999999967,5.73968838974382
25.599999999999966,6.7758356531047985
25.799999999999965,8.019427008363389
25.999999999999964,9.512692311327033
26.199999999999964,11.30638039099668
26.399999999999963,13.461481592158657
26.599999999999962,16.039325286370367
26.79999999999996,19.147492002062563
26.99999999999996,22.883439582858067
