mags_ab,pos_errs_mas
16.0,0.1646403727192805
16.2,0.17809604670489007
16.4,0.19213777513884245
16.599999999999998,0.2061119098058807
16.799999999999997,0.2212721569800138
16.999999999999996,0.2375919745593189
17.199999999999996,0.1771685485029025
17.399999999999995,0.19211469176738646
17.599999999999994,0.18347765071149338
17.799999999999994,0.19004492363177342
17.999999999999993,0.20828848311297546
18.199999999999992,0.22841200966570685
18.39999999999999,0.25062305347582386
18.59999999999999,0.2751327156712636
18.79999999999999,0.3021652038158405
18.99999999999999,0.33204841213631614
19.19999999999999,0.36514219881656546
19.399999999999988,0.4018467232300218
19.599999999999987,0.44263020818791127
19.799999999999986,0.48802883979867734
19.999999999999986,0.5382890481194751
20.199999999999985,0.5946467914393013
20.399999999999984,0.657682275941231
20.599999999999984,0.7270499531259232
20.799999999999983,0.8058826759614623
20.999999999999982,0.8955790655925346
21.19999999999998,0.9976390220855751
21.39999999999998,1.114199921122706
21.59999999999998,1.2478826486246302
21.79999999999998,1.4003265250940347
21.99999999999998,1.566675326438267
22.199999999999978,1.7645770732685473
22.399999999999977,1.9923475369070975
22.599999999999977,2.2625994946651815
22.799999999999976,2.582692545923155
22.999999999999975,2.96096094227105
23.199999999999974,3.4090473301497224
23.399999999999974,3.941425599694786
23.599999999999973,4.575552962808237
23.799999999999972,5.258489123743337
23.99999999999997,6.125293088315741
24.19999999999997,7.178989826851523
24.39999999999997,8.441341513491654
24.59999999999997,9.955044957064128
24.79999999999997,11.771412693993017
24.999999999999968,13.952100330981052
25.199999999999967,16.571201541847792
25.399999999999967,19.717755716891087
25.599999999999966,23.40885740396555
25.799999999999965,27.931662285329374
25.999999999999964,33.36778675739123
26.199999999999964,39.90218644856741
26.399999999999963,47.75720699581779
26.599999999999962,57.200118647156124
26.79999999999996,68.55224502667008
26.99999999999996,82.19986216221562
