mags_ab,pos_errs_mas
16.0,0.3747499604798943
16.2,0.40131851153702314
16.4,0.27436666268195525
16.599999999999998,0.29546864281772317
16.799999999999997,0.3208177534162734
16.999999999999996,0.3476371480876045
17.199999999999996,0.26361012778877874
17.399999999999995,0.28569179908262854
17.599999999999994,0.309423926715751
17.799999999999994,0.3355993976208386
17.999999999999993,0.2518035569561505
18.199999999999992,0.2743066910518297
18.39999999999999,0.29839534677217827
18.59999999999999,0.2433290162738228
18.79999999999999,0.26538275618242313
18.99999999999999,0.24150710556678806
19.19999999999999,0.23393621219577537
19.399999999999988,0.2556001256209249
19.599999999999987,0.25610584280733817
19.799999999999986,0.24831277184984393
19.999999999999986,0.2582872403335379
20.199999999999985,0.2835650370585083
20.399999999999984,0.3116324781658418
20.599999999999984,0.34292272221661946
20.799999999999983,0.3777710622578209
20.999999999999982,0.41667208547962165
21.19999999999998,0.46025934804013224
21.39999999999998,0.5092826858701736
21.59999999999998,0.5645293969446935
21.79999999999998,0.6271290159677478
21.99999999999998,0.6982360893979764
22.199999999999978,0.7795610557725526
22.399999999999977,0.8727273208424154
22.599999999999977,0.9809095846274042
22.799999999999976,1.1053550793386746
22.999999999999975,1.2502267473513051
23.199999999999974,1.4196604395401453
23.399999999999974,1.618683987352973
23.599999999999973,1.853397704190294
23.799999999999972,2.131188724186267
23.99999999999997,2.4609854395590816
24.19999999999997,2.8545472081400254
24.39999999999997,3.3224796138876713
24.59999999999997,3.8816824283202
24.79999999999997,4.550931150827458
24.999999999999968,5.352798410932311
25.199999999999967,6.3144144197963135
25.399999999999967,7.468380746879274
25.599999999999966,8.852902247725417
25.799999999999965,10.516532450847393
25.999999999999964,12.515503419817472
26.199999999999964,14.91476848060183
26.399999999999963,17.8010825223508
26.599999999999962,21.270109296373644
26.79999999999996,25.438776972485094
26.99999999999996,30.43763151847339
