mags_ab,pos_errs_mas
16.0,0.15143522163045922
16.2,0.1644438742614716
16.4,0.17794230468233616
16.599999999999998,0.1927102253020814
16.799999999999997,0.16553030063342328
16.999999999999996,0.1805636302386428
17.199999999999996,0.1690868849209081
17.399999999999995,0.1824679382186099
17.599999999999994,0.19988264429471844
17.799999999999994,0.21905491313391343
17.999999999999993,0.24016648158955703
18.199999999999992,0.26342205794363804
18.39999999999999,0.2891872756561929
18.59999999999999,0.31747348541220183
18.79999999999999,0.3486107125262752
18.99999999999999,0.3829918799616758
19.19999999999999,0.4209978475845567
19.399999999999988,0.4630680531537793
19.599999999999987,0.5096996569200635
19.799999999999986,0.5618054076200724
19.999999999999986,0.6192638342016483
20.199999999999985,0.6832319797183563
20.399999999999984,0.7534777185456933
20.599999999999984,0.833140713310468
20.799999999999983,0.9226625678207572
20.999999999999982,1.0235759051226707
21.19999999999998,1.1378879610076682
21.39999999999998,1.2674404677925797
21.59999999999998,1.4153258232361057
21.79999999999998,1.5739826622288873
21.99999999999998,1.7605941827805391
22.199999999999978,1.9803204329722328
22.399999999999977,2.235391778372066
22.599999999999977,2.5328829230448684
22.799999999999976,2.881431284104535
22.999999999999975,3.291528152437105
23.199999999999974,3.735906210915644
23.399999999999974,4.2847984456244985
23.599999999999973,4.945428159050958
23.799999999999972,5.733277371789331
23.99999999999997,6.668991304421853
24.19999999999997,7.711084917220848
24.39999999999997,9.032252797417634
24.59999999999997,10.573201991985432
24.79999999999997,12.4594818167591
24.999999999999968,14.722530568012703
25.199999999999967,17.439143243338922
25.399999999999967,20.701602085531498
25.599999999999966,24.32375018641486
25.799999999999965,28.83906767698871
25.999999999999964,34.38042118625094
26.199999999999964,41.04030791056783
26.399999999999963,49.04531529658992
26.599999999999962,58.6678063551323
26.79999999999996,70.23519932816681
26.99999999999996,83.7529111508795
