mags_ab,pos_errs_mas
16.0,0.24176555724144516
16.2,0.2575592272786275
16.4,0.18583552060998554
16.599999999999998,0.20036424136153505
16.799999999999997,0.2162683185866539
16.999999999999996,0.2335797879374854
17.199999999999996,0.24884737617594058
17.399999999999995,0.2650251323142576
17.599999999999994,0.19534963430678093
17.799999999999994,0.21186376482875802
17.999999999999993,0.1874188595768669
18.199999999999992,0.20534826004308288
18.39999999999999,0.22515700030039024
18.59999999999999,0.24697318327891016
18.79999999999999,0.2710263473420905
18.99999999999999,0.29755842560271617
19.19999999999999,0.3269023755904663
19.399999999999988,0.35940909300274726
19.599999999999987,0.395451591915636
19.799999999999986,0.4353833472710311
19.999999999999986,0.4794441054825959
20.199999999999985,0.5287756451393612
20.399999999999984,0.5838793922081686
20.599999999999984,0.6453704195566546
20.799999999999983,0.7139303873182921
20.999999999999982,0.7909592615987656
21.19999999999998,0.8777367140051585
21.39999999999998,0.9769585011981473
21.59999999999998,1.0900800385679459
21.79999999999998,1.212370823876387
21.99999999999998,1.3538699349309329
22.199999999999978,1.5193408723541335
22.399999999999977,1.7081989904745047
22.599999999999977,1.9315306549386473
22.799999999999976,2.1893146254298914
22.999999999999975,2.4947845580832193
23.199999999999974,2.8547860947198282
23.399999999999974,3.24870666446152
23.599999999999973,3.744702204049762
23.799999999999972,4.334440594325603
23.99999999999997,5.002584980230354
24.19999999999997,5.831339274383548
24.39999999999997,6.82231841116722
24.59999999999997,8.008858044563507
24.79999999999997,9.431032379174988
24.999999999999968,11.137000122672369
25.199999999999967,13.184633773082993
25.399999999999967,15.643476502278633
25.599999999999966,18.51407871472995
25.799999999999965,22.042415130023514
25.999999999999964,26.282448394674496
26.199999999999964,31.37841434433889
26.399999999999963,37.503696981385
26.599999999999962,44.86670169215295
26.79999999999996,53.717966479977825
26.99999999999996,64.35866466225733
