mags_ab,pos_errs_mas
16.0,0.16369817799419512
16.2,0.17809323214425246
16.4,0.14486140248163604
16.599999999999998,0.1551904906908299
16.799999999999997,0.14001989149389868
16.999999999999996,0.14585982259344876
17.199999999999996,0.13770919628302003
17.399999999999995,0.15031192703031246
17.599999999999994,0.164109608800226
17.799999999999994,0.15519733927197454
17.999999999999993,0.16957140107179583
18.199999999999992,0.168398515525829
18.39999999999999,0.1693701313875859
18.59999999999999,0.18458078328829913
18.79999999999999,0.20228072075268566
18.99999999999999,0.22179057630623486
19.19999999999999,0.24330485819206382
19.399999999999988,0.2670447976784742
19.599999999999987,0.29343059193654075
19.799999999999986,0.32250911840198365
19.999999999999986,0.354560438404623
20.199999999999985,0.39007596503360825
20.399999999999984,0.42949842040065683
20.599999999999984,0.47334672201741224
20.799999999999983,0.5222329984357922
20.999999999999982,0.5772260187499195
21.19999999999998,0.6389218363530658
21.39999999999998,0.7076761794568079
21.59999999999998,0.7852797487637335
21.79999999999998,0.8731638820883376
21.99999999999998,0.9724459703213341
22.199999999999978,1.0864096982881688
22.399999999999977,1.2172793425733694
22.599999999999977,1.3688583164445587
22.799999999999976,1.5437340570957356
22.999999999999975,1.7474550782734044
23.199999999999974,1.9858774169659323
23.399999999999974,2.262195544925435
23.599999999999973,2.5890554399384844
23.799999999999972,2.977113235496364
23.99999999999997,3.437784152611339
24.19999999999997,3.986113403951439
24.39999999999997,4.64023098186256
24.59999999999997,5.421960206677669
24.79999999999997,6.351137001142997
24.999999999999968,7.469069222579493
25.199999999999967,8.809650936592694
25.399999999999967,10.418328341875357
25.599999999999966,12.34971161654075
25.799999999999965,14.669426096304889
25.999999999999964,17.45633499288279
26.199999999999964,20.805218277956538
26.399999999999963,24.829996859011562
26.599999999999962,29.66759752163521
26.79999999999996,35.48261709555329
26.99999999999996,42.47291042110122
