mags_ab,pos_errs_mas
16.0,0.1783402116437001
16.2,0.19259470006362264
16.4,0.2061873006507004
16.599999999999998,0.1781690097140401
16.799999999999997,0.18071655795110678
16.999999999999996,0.1980160987839823
17.199999999999996,0.21707922313438588
17.399999999999995,0.23809394396785602
17.599999999999994,0.2612772301936716
17.799999999999994,0.28686825485617395
17.999999999999993,0.3149467812306895
18.199999999999992,0.34606303681580475
18.39999999999999,0.38049203769631834
18.59999999999999,0.4186423119477586
18.79999999999999,0.46099034598710015
18.99999999999999,0.5080695397354166
19.19999999999999,0.5605885279876852
19.399999999999988,0.6181986923089352
19.599999999999987,0.6828913022159472
19.799999999999986,0.7538615491325241
19.999999999999986,0.8345199936733453
20.199999999999985,0.9262962649833697
20.399999999999984,1.0302572463878186
20.599999999999984,1.1487033382367409
20.799999999999983,1.2819836411765166
20.999999999999982,1.436452527542197
21.19999999999998,1.5918816671470701
21.39999999999998,1.7851390459796903
21.59999999999998,2.0148081015571417
21.79999999999998,2.282629794600325
21.99999999999998,2.5963701945775393
22.199999999999978,2.9648143316281477
22.399999999999977,3.4004086555562707
22.599999999999977,3.84660736510376
22.799999999999976,4.420127542872302
22.999999999999975,5.077605221773059
23.199999999999974,5.88123061315383
23.399999999999974,6.859479932035443
23.599999999999973,8.02947665214825
23.799999999999972,9.430606817341202
23.99999999999997,11.044397226062365
24.19999999999997,13.04271624948775
24.39999999999997,15.217886326836709
24.59999999999997,17.951391037200516
24.79999999999997,21.321953451490554
24.999999999999968,25.371319748279017
25.199999999999967,30.237204746905018
25.399999999999967,36.08513001286264
25.599999999999966,43.1140478282528
25.799999999999965,51.26596523789667
25.999999999999964,61.35250511287658
26.199999999999964,73.47799155258583
26.399999999999963,88.05503034063531
26.599999999999962,105.5796374999753
26.79999999999996,126.64814425335962
26.99999999999996,151.97744894015713
