mags_ab,pos_errs_mas
16.0,0.20750796765414015
16.2,0.22543877543648083
16.4,0.24267755843027328
16.599999999999998,0.2594470730052631
16.799999999999997,0.2799621715484742
16.999999999999996,0.3013836850415358
17.199999999999996,0.17186540145994275
17.399999999999995,0.1860566997381266
17.599999999999994,0.19983658379388733
17.799999999999994,0.21540725218638285
17.999999999999993,0.16836860685828975
18.199999999999992,0.1828339368951482
18.39999999999999,0.19927304975222146
18.59999999999999,0.16291715285135921
18.79999999999999,0.17774620864268606
18.99999999999999,0.1616955894781546
19.19999999999999,0.17655364032019677
19.399999999999988,0.19287910774023778
19.599999999999987,0.1766160109655603
19.799999999999986,0.1771314213903232
19.999999999999986,0.18446862641961295
20.199999999999985,0.1848983803700064
20.399999999999984,0.202899717846063
20.599999999999984,0.22297615652486505
20.799999999999983,0.24519278678331036
20.999999999999982,0.2698588625736065
21.19999999999998,0.29737459845438824
21.39999999999998,0.3281657692097492
21.59999999999998,0.36262865249924675
21.79999999999998,0.40129835090732263
21.99999999999998,0.44490887117143074
22.199999999999978,0.49443651638755803
22.399999999999977,0.5511108305463607
22.599999999999977,0.6152612946570374
22.799999999999976,0.6895256059153834
22.999999999999975,0.774430795208332
23.199999999999974,0.8728052852783443
23.399999999999974,0.9873372619490761
23.599999999999973,1.121299801170943
23.799999999999972,1.2786717642076217
23.99999999999997,1.4642803201470889
24.19999999999997,1.6839706025155057
24.39999999999997,1.9469848132358196
24.59999999999997,2.2574907210725965
24.79999999999997,2.6279098143025967
24.999999999999968,3.070601028077864
25.199999999999967,3.6004305181063363
25.399999999999967,4.235270884929697
25.599999999999966,4.996602154129137
25.799999999999965,5.910238117429495
25.999999999999964,7.007197339152046
26.199999999999964,8.324753658190732
26.399999999999963,9.907704006554184
26.599999999999962,11.809883354439139
26.79999999999996,14.095999593642084
26.99999999999996,16.843828029024234
