mags_ab,pos_errs_mas
16.0,0.238159326571105
16.2,0.258699018461651
16.4,0.28002397199997386
16.599999999999998,0.3011093526806408
16.799999999999997,0.32493142378850887
16.999999999999996,0.20903660644410751
17.199999999999996,0.2270156193595425
17.399999999999995,0.24598941853544806
17.599999999999994,0.19954007606901147
17.799999999999994,0.21717805331561718
17.999999999999993,0.1955774378977905
18.199999999999992,0.21323943300859807
18.39999999999999,0.23258053747498106
18.59999999999999,0.25362881264422443
18.79999999999999,0.20993212971587083
18.99999999999999,0.22909308423577254
19.19999999999999,0.20768615780719848
19.399999999999988,0.22686403259215923
19.599999999999987,0.22040285641925228
19.799999999999986,0.2217827312255935
19.999999999999986,0.22560125331605846
20.199999999999985,0.24732548265333662
20.399999999999984,0.271378026324161
20.599999999999984,0.297962456700303
20.799999999999983,0.32741006488052404
20.999999999999982,0.36005213949570997
21.19999999999998,0.39643201510705256
21.39999999999998,0.43680302949444394
21.59999999999998,0.4819193294121385
21.79999999999998,0.5324197242747248
21.99999999999998,0.5889649448579278
22.199999999999978,0.6526375748498167
22.399999999999977,0.7253946270051818
22.599999999999977,0.8070591458437503
22.799999999999976,0.9001714070222333
22.999999999999975,1.0067367147111486
23.199999999999974,1.1292899361260966
23.399999999999974,1.271074421795582
23.599999999999973,1.435226978898492
23.799999999999972,1.627172301945742
23.99999999999997,1.8535337057261543
24.19999999999997,2.1180547589083427
24.39999999999997,2.429982497459625
24.59999999999997,2.8001128220518487
24.79999999999997,3.2401234951251046
24.999999999999968,3.764481046050567
25.199999999999967,4.390608764982933
25.399999999999967,5.139470961169587
25.599999999999966,6.036277364146543
25.799999999999965,7.111330619427902
25.999999999999964,8.401047035534312
26.199999999999964,9.949187435762644
26.399999999999963,11.808338756847167
26.599999999999962,14.034781558933867
26.79999999999996,16.71483587690136
26.99999999999996,19.935580436572284
