mags_ab,pos_errs_mas
16.0,0.23832608386370902
16.2,0.25782063456527093
16.4,0.2794228824669817
16.599999999999998,0.2115987994762471
16.799999999999997,0.22840530009707075
16.999999999999996,0.248326163191093
17.199999999999996,0.2687753339572653
17.399999999999995,0.2108151166876005
17.599999999999994,0.22940455499363085
17.799999999999994,0.20034781175176877
17.999999999999993,0.21836853457936992
18.199999999999992,0.2380673992092489
18.39999999999999,0.21084909442526756
18.59999999999999,0.23006451204749445
18.79999999999999,0.2510582676756336
18.99999999999999,0.21886604899029077
19.19999999999999,0.23909573562465805
19.399999999999988,0.22503074761551786
19.599999999999987,0.2148379377822544
19.799999999999986,0.23488627017394326
19.999999999999986,0.257782247682141
20.199999999999985,0.28309499180330816
20.399999999999984,0.3112095078188589
20.599999999999984,0.3424079940174824
20.799999999999983,0.37717706492556513
20.999999999999982,0.41598755333732923
21.19999999999998,0.45930186673864504
21.39999999999998,0.507960177531333
21.59999999999998,0.5627509225215791
21.79999999999998,0.6245159651371357
21.99999999999998,0.6945655157900421
22.199999999999978,0.7751479919804579
22.399999999999977,0.8664902769657753
22.599999999999977,0.9715255223261439
22.799999999999976,1.0927705856518106
22.999999999999975,1.2336510923231976
23.199999999999974,1.3978091851341743
23.399999999999974,1.590051249502281
23.599999999999973,1.8165029284269647
23.799999999999972,2.083921929168908
23.99999999999997,2.39994732439929
24.19999999999997,2.7746373999881118
24.39999999999997,3.221666192755812
24.59999999999997,3.7539363812830437
24.79999999999997,4.391471787318062
24.999999999999968,5.154803447640899
25.199999999999967,6.0697098926556725
25.399999999999967,7.167171445909507
25.599999999999966,8.484416803216764
25.799999999999965,10.066182115063413
25.999999999999964,11.966226372799973
26.199999999999964,14.249156735020982
26.399999999999963,16.99262391844504
26.599999999999962,20.289955274658965
26.79999999999996,24.23985428127527
26.99999999999996,28.99926644002512
