mags_ab,pos_errs_mas
16.0,0.21048505397200876
16.2,0.22769733963487382
16.4,0.24633134935677062
16.599999999999998,0.26470246783150925
16.799999999999997,0.2853778719089944
16.999999999999996,0.3080883760828349
17.199999999999996,0.3304588462086999
17.399999999999995,0.1868255909300267
17.599999999999994,0.2016751186853952
17.799999999999994,0.21827117902061952
17.999999999999993,0.16939521891621004
18.199999999999992,0.18435946207716233
18.39999999999999,0.20098670193394674
18.59999999999999,0.21905925077792704
18.79999999999999,0.17809676235466107
18.99999999999999,0.19427311712957576
19.19999999999999,0.17575254504769583
19.399999999999988,0.19188779731193406
19.599999999999987,0.20956926048068575
19.799999999999986,0.19031910205253855
19.999999999999986,0.18981014041490826
20.199999999999985,0.19687812876543673
20.399999999999984,0.19583994845687286
20.599999999999984,0.21478586373072683
20.799999999999983,0.23575713238370222
20.999999999999982,0.25897225607271923
21.19999999999998,0.28470260121794333
21.39999999999998,0.3133650877534774
21.59999999999998,0.3451938654824458
21.79999999999998,0.3807719370065246
21.99999999999998,0.4207044414232149
22.199999999999978,0.46555861179961094
22.399999999999977,0.5157626392329987
22.599999999999977,0.5724925189935413
22.799999999999976,0.6368607089918016
22.999999999999975,0.710980199526425
23.199999999999974,0.7950094046270874
23.399999999999974,0.891679147735292
23.599999999999973,1.0034515849561865
23.799999999999972,1.1332998818658737
23.99999999999997,1.285017375884013
24.19999999999997,1.462741396803215
24.39999999999997,1.6724728593930087
24.59999999999997,1.922156761679498
24.79999999999997,2.215685830119966
24.999999999999968,2.5647227821938388
25.199999999999967,2.9813106085484273
25.399999999999967,3.4779463158584436
25.599999999999966,4.070975728059665
25.799999999999965,4.781155589900598
25.999999999999964,5.632481032486767
26.199999999999964,6.653789487095518
26.399999999999963,7.879734996068967
26.599999999999962,9.351958368637584
26.79999999999996,11.120500956978937
26.99999999999996,13.245500555059527
