mags_ab,pos_errs_mas
16.0,inf
16.2,inf
16.4,inf
16.599999999999998,inf
16.799999999999997,0.2355643284675753
16.999999999999996,0.24836458380068302
17.199999999999996,0.2621104594842054
17.399999999999995,0.26590487387910655
17.599999999999994,0.2798683355337834
17.799999999999994,0.2806010734072994
17.999999999999993,0.20701806104317796
18.199999999999992,0.22443028786685007
18.39999999999999,0.20689400924481283
18.59999999999999,0.22690573863860483
18.79999999999999,0.2490432090037323
18.99999999999999,0.2734858211376567
19.19999999999999,0.3005627052674906
19.399999999999988,0.33051489811965973
19.599999999999987,0.36390506514104964
19.799999999999986,0.40097849004595715
19.999999999999986,0.44245350740090333
20.199999999999985,0.4888808835342861
20.399999999999984,0.5406814785636838
20.599999999999984,0.5980368525211707
20.799999999999983,0.6638115385361038
20.999999999999982,0.738077341848554
21.19999999999998,0.822901630033321
21.39999999999998,0.9187701774610167
21.59999999999998,1.026692271535776
21.79999999999998,1.1521448814807778
21.99999999999998,1.29936589227876
22.199999999999978,1.470890862673962
22.399999999999977,1.667894191895394
22.599999999999977,1.8893099844867227
22.799999999999976,2.145437522044304
22.999999999999975,2.4634176663887404
23.199999999999974,2.8405206604643998
23.399999999999974,3.28892230598648
23.599999999999973,3.823532500725935
23.799999999999972,4.462076631256783
23.99999999999997,5.224471663611235
24.19999999999997,6.136161420535984
24.39999999999997,7.231468537025666
24.59999999999997,8.484129421230588
24.79999999999997,10.046609939637571
24.999999999999968,11.891491896316309
25.199999999999967,14.056782660877474
25.399999999999967,16.69215026323061
25.599999999999966,19.90588365738859
25.799999999999965,23.768418837397803
25.999999999999964,28.41117035454745
26.199999999999964,33.740520932621045
26.399999999999963,40.0950648943854
26.599999999999962,48.0341039797026
26.79999999999996,57.57837299022701
26.99999999999996,69.05263503401187
