mags_ab,pos_errs_mas
16.0,0.1462943685500558
16.2,0.15403496169229597
16.4,0.1628629985628267
16.599999999999998,0.17619063883537328
16.799999999999997,0.14974731529785112
16.999999999999996,0.16335016411544084
17.199999999999996,0.15483745549856276
17.399999999999995,0.16913884201768842
17.599999999999994,0.17009785039895176
17.799999999999994,0.17019138133151065
17.999999999999993,0.18585838081162026
18.199999999999992,0.2036432728449473
18.39999999999999,0.22323222267919451
18.59999999999999,0.2448161166534559
18.79999999999999,0.2686095421597403
18.99999999999999,0.2950537698955707
19.19999999999999,0.32410412939872857
19.399999999999988,0.35608309825906764
19.599999999999987,0.39144863504323213
19.799999999999986,0.4306145344988823
19.999999999999986,0.4740618103002435
20.199999999999985,0.5223531014856418
20.399999999999984,0.5765303718099318
20.599999999999984,0.6368651989757055
20.799999999999983,0.703887754395474
20.999999999999982,0.7789792868832925
21.19999999999998,0.8629724679495524
21.39999999999998,0.9584000012374136
21.59999999999998,1.066720435060995
21.79999999999998,1.1902266880851868
21.99999999999998,1.3320532544561585
22.199999999999978,1.4945848068408691
22.399999999999977,1.68254702642504
22.599999999999977,1.894330478976771
22.799999999999976,2.1459590402853386
22.999999999999975,2.4406388205086653
23.199999999999974,2.785727063500096
23.399999999999974,3.188357805317064
23.599999999999973,3.671032714101195
23.799999999999972,4.2445667424209566
23.99999999999997,4.918835569591615
24.19999999999997,5.730479418005579
24.39999999999997,6.700778008437753
24.59999999999997,7.862347512548101
24.79999999999997,9.208532104004266
24.999999999999968,10.865482089440993
25.199999999999967,12.85395533774781
25.399999999999967,15.24146580394671
25.599999999999966,18.10914318470186
25.799999999999965,21.55448793063925
25.999999999999964,25.694677228385213
26.199999999999964,30.62348397625393
26.399999999999963,36.59221350200295
26.599999999999962,43.76692770173354
26.79999999999996,52.391754687212035
26.99999999999996,62.76016158847225
