mags_ab,pos_errs_mas
16.0,inf
16.2,inf
16.4,0.26161776134900927
16.599999999999998,0.28632421379581396
16.799999999999997,0.30619037784853914
16.999999999999996,0.20851843068127995
17.199999999999996,0.22637653439282454
17.399999999999995,0.24420924283680737
17.599999999999994,0.2642807579908482
17.799999999999994,0.2810482194672558
17.999999999999993,0.18582409152846827
18.199999999999992,0.19817560289366648
18.39999999999999,0.2145132093579832
18.59999999999999,0.2311975089486782
18.79999999999999,0.17081755074554247
18.99999999999999,0.18434934052268076
19.19999999999999,0.1993706689697347
19.399999999999988,0.21718064867258088
19.599999999999987,0.17193187780137714
19.799999999999986,0.18767538344573917
19.999999999999986,0.20493239928524676
20.199999999999985,0.1862146785249988
20.399999999999984,0.18196705427583532
20.599999999999984,0.19924358950620985
20.799999999999983,0.2021509530722999
20.999999999999982,0.20963311098973222
21.19999999999998,0.2152991566276428
21.39999999999998,0.23729270658951893
21.59999999999998,0.2619541487203066
21.79999999999998,0.2898087150701857
21.99999999999998,0.32116145614594865
22.199999999999978,0.35662664797706684
22.399999999999977,0.3969696204549173
22.599999999999977,0.44309643130779974
22.799999999999976,0.49610229672499195
22.999999999999975,0.557151199014075
23.199999999999974,0.6279773965254428
23.399999999999974,0.7104007080397547
23.599999999999973,0.806839326492127
23.799999999999972,0.9208206944289885
23.99999999999997,1.0551813848834457
24.19999999999997,1.2135257725292456
24.39999999999997,1.4015467672875959
24.59999999999997,1.6253912385132425
24.79999999999997,1.892466083560631
24.999999999999968,2.211686696423957
25.199999999999967,2.5937766130264395
25.399999999999967,3.0516276036507044
25.599999999999966,3.600734384045996
25.799999999999965,4.259716265917499
25.999999999999964,5.052585222639212
26.199999999999964,6.003020830443288
26.399999999999963,7.144913756231457
26.599999999999962,8.517100100320423
26.79999999999996,10.166258689886877
26.99999999999996,12.148495709936618
