mags_ab,pos_errs_mas
16.0,0.28426806067904753
16.2,0.3012435143773376
16.4,0.3192539743845404
16.599999999999998,0.32629257434632086
16.799999999999997,0.331455205913226
16.999999999999996,0.33345194534636463
17.199999999999996,0.23231010004714492
17.399999999999995,0.25044276291716716
17.599999999999994,0.2689808604181318
17.799999999999994,0.2890161786955783
17.999999999999993,0.2368658848183901
18.199999999999992,0.23329326051932112
18.39999999999999,0.2556612695232755
18.59999999999999,0.2803131386396902
18.79999999999999,0.3075161203727757
18.99999999999999,0.33760297284153884
19.19999999999999,0.3706821005338642
19.399999999999988,0.40743293585193624
19.599999999999987,0.44805535812575276
19.799999999999986,0.49319408396051223
19.999999999999986,0.5432027107931396
20.199999999999985,0.5987528057946689
20.399999999999984,0.6610877891880683
20.599999999999984,0.7297091000429828
20.799999999999983,0.8075755813448283
20.999999999999982,0.8930984549751672
21.19999999999998,0.9897773859726525
21.39999999999998,1.097680440560105
21.59999999999998,1.2229130937557764
21.79999999999998,1.361059306666577
21.99999999999998,1.5214721335738846
22.199999999999978,1.7041405573508406
22.399999999999977,1.9064758744825938
22.599999999999977,2.151945470673453
22.799999999999976,2.431146763129154
22.999999999999975,2.7580848382995815
23.199999999999974,3.1366692396322233
23.399999999999974,3.5735471403571344
23.599999999999973,4.108618263648979
23.799999999999972,4.708913255649403
23.99999999999997,5.377666166958371
24.19999999999997,6.214067324409361
24.39999999999997,7.240319055075087
24.59999999999997,8.42004064675543
24.79999999999997,9.875904052310709
24.999999999999968,11.620451782332568
25.199999999999967,13.608019422227219
25.399999999999967,16.09234776254813
25.599999999999966,19.075022158619312
25.799999999999965,22.657387160748403
25.999999999999964,26.961231117002708
26.199999999999964,32.13292429308447
26.399999999999963,38.34839458709291
26.599999999999962,45.81909451086271
26.79999999999996,54.36508953648423
26.99999999999996,65.05296836378523
