mags_ab,pos_errs_mas
16.0,0.1917292728590197
16.2,0.19096688331495495
16.4,0.15776082228007324
16.599999999999998,0.1587453937531078
16.799999999999997,0.17141667242696249
16.999999999999996,0.18106252635960768
17.199999999999996,0.14967915377080762
17.399999999999995,0.1568899484597834
17.599999999999994,0.14626932296695022
17.799999999999994,0.16006202650895257
17.999999999999993,0.1614193433254336
18.199999999999992,0.16776501455117157
18.39999999999999,0.17740407093188787
18.59999999999999,0.18855347779526013
18.79999999999999,0.20779361604611293
18.99999999999999,0.2293798524801025
19.19999999999999,0.25364332965017444
19.399999999999988,0.2809697674439327
19.599999999999987,0.3119001152599077
19.799999999999986,0.34705442396712677
19.999999999999986,0.38718713012520933
20.199999999999985,0.43346659142787886
20.399999999999984,0.48662999022844533
20.599999999999984,0.5480927754898208
20.799999999999983,0.6196132160979245
20.999999999999982,0.7032192633326102
21.19999999999998,0.8013872736426308
21.39999999999998,0.917429289250435
21.59999999999998,1.0543627531792246
21.79999999999998,1.2168804530616304
21.99999999999998,1.4106152181354559
22.199999999999978,1.6417409094931636
22.399999999999977,1.9175044670322592
22.599999999999977,2.24750652663722
22.799999999999976,2.6428744405147055
22.999999999999975,3.1169825633316828
23.199999999999974,3.6880646078044044
23.399999999999974,4.372253439932083
23.599999999999973,5.193095868063457
23.799999999999972,6.179252054578488
23.99999999999997,7.364259490571478
24.19999999999997,8.788429116867167
24.39999999999997,10.502382794632705
24.59999999999997,12.560302292728375
24.79999999999997,15.034146015547378
24.999999999999968,18.008090223293344
25.199999999999967,21.583330586577326
25.399999999999967,25.88152429169256
25.599999999999966,31.048928156456643
25.799999999999965,37.26138304241453
25.999999999999964,44.73028409176007
26.199999999999964,53.70978063996622
26.399999999999963,64.5054369389984
26.599999999999962,77.48460569467407
26.79999999999996,93.0889436071905
26.99999999999996,111.84942938879132
