mags_ab,pos_errs_mas
16.0,0.21009960004971562
16.2,0.22773297282247446
16.4,0.2462936688909361
16.599999999999998,0.2647369311111366
16.799999999999997,0.285297083702187
16.999999999999996,0.1843430427728755
17.199999999999996,0.19936708819185658
17.399999999999995,0.21611855679984554
17.599999999999994,0.17531134557120384
17.799999999999994,0.19095565545893328
17.999999999999993,0.1723798592022243
18.199999999999992,0.18798141958506834
18.39999999999999,0.20506235951705618
18.59999999999999,0.22365183480744547
18.79999999999999,0.18609047770206838
18.99999999999999,0.20308905912954828
19.19999999999999,0.18516618374884591
19.399999999999988,0.2023317275753878
19.599999999999987,0.19754357588225924
19.799999999999986,0.19173286864514147
19.999999999999986,0.20414111677862568
20.199999999999985,0.223981406765541
20.399999999999984,0.24587802176143433
20.599999999999984,0.27015397954470916
20.799999999999983,0.2970785693657421
20.999999999999982,0.327048118839098
21.19999999999998,0.360378679466198
21.39999999999998,0.39767971552240095
21.59999999999998,0.43938843149292167
21.79999999999998,0.4862997707549628
21.99999999999998,0.5389715865671252
22.199999999999978,0.5985358953572295
22.399999999999977,0.6668448164275584
22.599999999999977,0.7440390745435109
22.799999999999976,0.8324955633027051
22.999999999999975,0.9343726581236984
23.199999999999974,1.0522879780452912
23.399999999999974,1.189313331880341
23.599999999999973,1.3494897881777006
23.799999999999972,1.5371275743072066
23.99999999999997,1.7598598455792382
24.19999999999997,2.0211662074818872
24.39999999999997,2.330471681661323
24.59999999999997,2.6983823789764347
24.79999999999997,3.1366715964741636
24.999999999999968,3.660743567530536
25.199999999999967,4.287700277756114
25.399999999999967,5.038663025558695
25.599999999999966,5.939019645200827
25.799999999999965,7.019280164970351
25.999999999999964,8.316105674462051
26.199999999999964,9.873551781262401
26.399999999999963,11.744563055896945
26.599999999999962,13.992765921034383
26.79999999999996,16.694634102998315
26.99999999999996,19.935199000621022
