mags_ab,pos_errs_mas
16.0,0.1601459974130349
16.2,0.15391071556469346
16.4,0.14889923114738016
16.599999999999998,0.14957524461949626
16.799999999999997,0.1632279282417235
16.999999999999996,0.17052021370349388
17.199999999999996,0.1454525902425813
17.399999999999995,0.1559343996922443
17.599999999999994,0.14990411345957605
17.799999999999994,0.16411037863738895
17.999999999999993,0.1671318875572494
18.199999999999992,0.17486557884087864
18.39999999999999,0.1848057517754173
18.59999999999999,0.20345687116575187
18.79999999999999,0.22435257624203922
18.99999999999999,0.24773754988404784
19.19999999999999,0.27400396868107924
19.399999999999988,0.30363107008027634
19.599999999999987,0.33717706507529793
19.799999999999986,0.3753214216115264
19.999999999999986,0.4191819912325412
20.199999999999985,0.4693063386112598
20.399999999999984,0.5269723324392621
20.599999999999984,0.5937861839601243
20.799999999999983,0.6715717549434678
20.999999999999982,0.7625501098518468
21.19999999999998,0.869796410624479
21.39999999999998,0.9964124844867747
21.59999999999998,1.145675510831491
21.79999999999998,1.322879837274212
21.99999999999998,1.5338140046906754
22.199999999999978,1.7854529073017413
22.399999999999977,2.086192928511583
22.599999999999977,2.4480421069714673
22.799999999999976,2.8802862263665183
22.999999999999975,3.397843898935358
23.199999999999974,4.018934501799261
23.399999999999974,4.76464470046978
23.599999999999973,5.662093973962866
23.799999999999972,6.738342735143584
23.99999999999997,8.031629035172408
24.19999999999997,9.585947848885118
24.39999999999997,11.45417938438758
24.59999999999997,13.699888259041183
24.79999999999997,16.39948752365871
24.999999999999968,19.644835429200338
25.199999999999967,23.54636289524713
25.399999999999967,28.2368300446758
25.599999999999966,33.87584174463784
25.799999999999965,40.65528746120081
25.999999999999964,48.805855313793806
26.199999999999964,58.60489058025053
26.399999999999963,70.38584538984408
26.599999999999962,84.54960051911917
26.79999999999996,101.5781211270444
26.99999999999996,122.05084850526177
