mags_ab,pos_errs_mas
16.0,0.19660122084218984
16.2,0.21252640401432504
16.4,0.21487183594007994
16.599999999999998,0.23190940275705738
16.799999999999997,0.15123758684306265
16.999999999999996,0.1649505753530078
17.199999999999996,0.17202067209780905
17.399999999999995,0.14668960304037532
17.599999999999994,0.15506553400964088
17.799999999999994,0.146105148875
17.999999999999993,0.15983375314477757
18.199999999999992,0.17515782355709364
18.39999999999999,0.17173445924216243
18.59999999999999,0.17410833903156583
18.79999999999999,0.18485688148747628
18.99999999999999,0.2040803909140506
19.19999999999999,0.22572568183589145
19.399999999999988,0.25023431002330176
19.599999999999987,0.27800161251700733
19.799999999999986,0.30960942588337353
19.999999999999986,0.34577520532933564
20.199999999999985,0.3873516638183394
20.399999999999984,0.435379467775067
20.599999999999984,0.4914230774764791
20.799999999999983,0.5565846679968085
20.999999999999982,0.6327973593048595
21.19999999999998,0.7224556194819933
21.39999999999998,0.8283351359801859
21.59999999999998,0.9541306053076936
21.79999999999998,1.103252131594096
21.99999999999998,1.280907151316696
22.199999999999978,1.4929907082489857
22.399999999999977,1.7465971938713047
22.599999999999977,2.050258174079947
22.799999999999976,2.4142293774836423
22.999999999999975,2.850836489149313
23.199999999999974,3.3748906478102696
23.399999999999974,4.004190581091099
23.599999999999973,4.760124292848599
23.799999999999972,5.6683963555854815
23.99999999999997,6.759899211639158
24.19999999999997,8.071765744053987
24.39999999999997,9.648629211900047
24.59999999999997,11.54414178795438
24.79999999999997,13.82280142971596
24.999999999999968,16.562143903895347
25.199999999999967,19.85538238104874
25.399999999999967,23.814578652359135
25.599999999999966,28.574454525744894
25.799999999999965,34.296983409189544
25.999999999999964,41.17688937473646
26.199999999999964,49.44827992681153
26.399999999999963,59.392622938782
26.599999999999962,71.3483027723105
26.79999999999996,85.72214922136068
26.99999999999996,103.00327000568467
