mags_ab,pos_errs_mas
16.0,0.1618971701139864
16.2,0.17504963163329038
16.4,0.1891931791115962
16.599999999999998,0.15368528876829377
16.799999999999997,0.16751097205351917
16.999999999999996,0.18262277067483615
17.199999999999996,0.17321966930013488
17.399999999999995,0.17196424417433137
17.599999999999994,0.18838073407405612
17.799999999999994,0.20647192950401133
17.999999999999993,0.22641530422608855
18.199999999999992,0.24841141841588268
18.39999999999999,0.2726883162808119
18.59999999999999,0.29965702361361984
18.79999999999999,0.3293432602854478
18.99999999999999,0.3621195138307977
19.19999999999999,0.39844900064705197
19.399999999999988,0.43878872414543146
19.599999999999987,0.4836751007333603
19.799999999999986,0.5337417740057385
19.999999999999986,0.5900444994608137
20.199999999999985,0.6527765742152521
20.399999999999984,0.7231286974592068
20.599999999999984,0.8025228003326484
20.799999999999983,0.8909868137554836
20.999999999999982,0.9928702655240338
21.19999999999998,1.1093222771486564
21.39999999999998,1.243199528851955
21.59999999999998,1.3972188009295405
21.79999999999998,1.575789403160656
21.99999999999998,1.7838266983325233
22.199999999999978,2.019247174863703
22.399999999999977,2.2989780994222255
22.599999999999977,2.6316785850018793
22.799999999999976,3.025318400345275
22.999999999999975,3.4925300330069633
23.199999999999974,4.048036858372625
23.399999999999974,4.711043327664306
23.599999999999973,5.4888629291150375
23.799999999999972,6.4307017719452535
23.99999999999997,7.517557039971461
24.19999999999997,8.862054016395225
24.39999999999997,10.475429088271309
24.59999999999997,12.412288562203127
24.79999999999997,14.738436007395551
24.999999999999968,17.53294612760535
25.199999999999967,20.89085319706012
25.399999999999967,24.774905111587966
25.599999999999966,29.531279408518987
25.799999999999965,35.308294926693364
25.999999999999964,42.252793167231935
26.199999999999964,50.60106829771783
26.399999999999963,60.63719565331322
26.599999999999962,72.7026759599508
26.79999999999996,87.0154025496651
26.99999999999996,104.41302818600495
