mags_ab,pos_errs_mas
16.0,0.21363497684514432
16.2,0.23235465947401893
16.4,0.2511144346344871
16.599999999999998,0.1665086507090947
16.799999999999997,0.1782427376886413
16.999999999999996,0.19055774476884407
17.199999999999996,0.15820008188294057
17.399999999999995,0.16979159696720983
17.599999999999994,0.15337128385417587
17.799999999999994,0.16449820609867438
17.999999999999993,0.1791494328805173
18.199999999999992,0.195442355412979
18.39999999999999,0.16603423600130052
18.59999999999999,0.1812878455552911
18.79999999999999,0.16881612045715827
18.99999999999999,0.16761606324291084
19.19999999999999,0.1833603224446683
19.399999999999988,0.1795279530364909
19.599999999999987,0.19503393182362516
19.799999999999986,0.21405116145650008
19.999999999999986,0.2351120486201491
20.199999999999985,0.25846768360083994
20.399999999999984,0.28462547641976593
20.599999999999984,0.3135685644309488
20.799999999999983,0.3457611959501101
20.999999999999982,0.3817541618650305
21.19999999999998,0.4221091581432318
21.39999999999998,0.467510331403929
21.59999999999998,0.5187793067523757
21.79999999999998,0.5769111828234391
21.99999999999998,0.6440078310096243
22.199999999999978,0.7198906393858155
22.399999999999977,0.8069026707289254
22.599999999999977,0.9073947117897474
22.799999999999976,1.0240253667090182
22.999999999999975,1.1600348399923643
23.199999999999974,1.3193660981636424
23.399999999999974,1.5068090752696892
23.599999999999973,1.7292768417611089
23.799999999999972,1.991476983627329
23.99999999999997,2.3030621502458613
24.19999999999997,2.674258816841466
24.39999999999997,3.1173701086346974
24.59999999999997,3.647171058036676
24.79999999999997,4.281604797817651
24.999999999999968,5.041779547438921
25.199999999999967,5.953629594421825
25.399999999999967,7.044722177312152
25.599999999999966,8.35696174896881
25.799999999999965,9.934349206133206
25.999999999999964,11.829845844995525
26.199999999999964,14.107723459363404
26.399999999999963,16.845476377259104
26.599999999999962,20.136246953245
26.79999999999996,24.07639746379674
26.99999999999996,28.82180156478113
