mags_ab,pos_errs_mas
16.0,0.2137552266734916
16.2,0.1710981706958374
16.4,0.18634630649363879
16.599999999999998,0.1774412513349605
16.799999999999997,0.19454035690853871
16.999999999999996,0.2134309576756241
17.199999999999996,0.23429039061749088
17.399999999999995,0.25736890026531944
17.599999999999994,0.28293433850823785
17.799999999999994,0.31129951284439034
17.999999999999993,0.34282773861114196
18.199999999999992,0.3780195673149411
18.39999999999999,0.41710442724946944
18.59999999999999,0.460689114108414
18.79999999999999,0.5097093460348991
18.99999999999999,0.5649111070203187
19.19999999999999,0.6273987249103735
19.399999999999988,0.6981530907624052
19.599999999999987,0.7788141291248801
19.799999999999986,0.8697629064145275
19.999999999999986,0.9752163192905422
20.199999999999985,1.0969943559219
20.399999999999984,1.2382229948186072
20.599999999999984,1.4031944518162058
20.799999999999983,1.5952760855790133
20.999999999999982,1.822136731480686
21.19999999999998,2.090098735854531
21.39999999999998,2.4076496978225927
21.59999999999998,2.7809754722438504
21.79999999999998,3.2141359369482525
21.99999999999998,3.7456821517647945
22.199999999999978,4.3812169669500545
22.399999999999977,5.142113534524412
22.599999999999977,6.054064008090667
22.799999999999976,7.130064782452521
22.999999999999975,8.372702194303638
23.199999999999974,9.928338888562882
23.399999999999974,11.79685511596458
23.599999999999973,14.041778643805896
23.799999999999972,16.739461940301933
23.99999999999997,19.922255921020426
24.19999999999997,23.80573014554432
24.39999999999997,28.47386949851617
24.59999999999997,34.0855101341846
24.79999999999997,40.83160036542548
24.999999999999968,48.94169114046562
25.199999999999967,58.69175081911655
25.399999999999967,70.41355358729345
25.599999999999966,84.50596475113821
25.799999999999965,101.44853452764355
25.999999999999964,121.81777846247826
26.199999999999964,146.30681556796048
26.399999999999963,175.74898653611174
26.599999999999962,211.14614386784982
26.79999999999996,253.70278705211476
26.99999999999996,304.8670185584413
