mags_ab,pos_errs_mas
16.0,0.1636185798351274
16.2,0.1780066771656567
16.4,0.14472606736199964
16.599999999999998,0.15503942907679724
16.799999999999997,0.13981534562766826
16.999999999999996,0.1474143061580857
17.199999999999996,0.1364665323777251
17.399999999999995,0.14848675051739663
17.599999999999994,0.16210087166791545
17.799999999999994,0.15263335753119645
17.999999999999993,0.16675103793137755
18.199999999999992,0.16495555432473588
18.39999999999999,0.1693264044306191
18.59999999999999,0.1767779437794112
18.79999999999999,0.1937170986175275
18.99999999999999,0.21239658508155557
19.19999999999999,0.23300402685606586
19.399999999999988,0.25575530069729563
19.599999999999987,0.2808950937354723
19.799999999999986,0.3090347452557479
19.999999999999986,0.339860239108214
20.199999999999985,0.37402344270450383
20.399999999999984,0.41198606349097283
20.599999999999984,0.4542630676594008
20.799999999999983,0.5014638996060186
20.999999999999982,0.554314366998655
21.19999999999998,0.6145932575023739
21.39999999999998,0.6816672803435496
21.59999999999998,0.7573198115123291
21.79999999999998,0.8432529934165696
21.99999999999998,0.9413162731642915
22.199999999999978,1.0535903142429024
22.399999999999977,1.1827555895594997
22.599999999999977,1.3334046908864545
22.799999999999976,1.507446940394681
22.999999999999975,1.710829986898483
23.199999999999974,1.94955321656837
23.399999999999974,2.230897957819521
23.599999999999973,2.563683794263623
23.799999999999972,2.955022380587547
23.99999999999997,3.4227021936549016
24.19999999999997,3.98031092447561
24.39999999999997,4.646413956952752
24.59999999999997,5.443345610978361
24.79999999999997,6.3979612629982485
24.999999999999968,7.540024464917647
25.199999999999967,8.911476091996882
25.399999999999967,10.557865358050378
25.599999999999966,12.535122729502067
25.799999999999965,14.910462935529603
25.999999999999964,17.76466335794091
26.199999999999964,21.19480967586469
26.399999999999963,25.317599591218762
26.599999999999962,30.273303610781163
26.79999999999996,36.2305435973175
26.99999999999996,43.39201807931535
