mags_ab,pos_errs_mas
16.0,inf
16.2,inf
16.4,0.259600594265128
16.599999999999998,0.2842829895187568
16.799999999999997,0.3010291252703859
16.999999999999996,0.2096405661751817
17.199999999999996,0.2247018406072875
17.399999999999995,0.23885612338479542
17.599999999999994,0.25598744654263905
17.799999999999994,0.2742726688920355
17.999999999999993,0.2906792228633895
18.199999999999992,0.18813882648028352
18.39999999999999,0.20365971478676806
18.59999999999999,0.2208169745249314
18.79999999999999,0.23904939928152397
18.99999999999999,0.19872653647664426
19.19999999999999,0.21689594709486335
19.399999999999988,0.20612475988635293
19.599999999999987,0.21227964136823813
19.799999999999986,0.23323536506061043
19.999999999999986,0.25653209511941616
20.199999999999985,0.28261247030956277
20.399999999999984,0.31156354987673646
20.599999999999984,0.3439541327089608
20.799999999999983,0.38028976080477456
20.999999999999982,0.4211902663477898
21.19999999999998,0.46740236859867124
21.39999999999998,0.5198357316253154
21.59999999999998,0.5795903404816685
21.79999999999998,0.6479830193369193
21.99999999999998,0.7265492502418419
22.199999999999978,0.817745773427632
22.399999999999977,0.9231333696260601
22.599999999999977,1.0460940537701962
22.799999999999976,1.1902068534531836
22.999999999999975,1.3598185215544485
23.199999999999974,1.560198034907624
23.399999999999974,1.7977200521350458
23.599999999999973,2.0800826523420044
23.799999999999972,2.4164008717381043
23.99999999999997,2.8177754416441165
24.19999999999997,3.2977988870335935
24.39999999999997,3.8726270727068774
24.59999999999997,4.561680341793572
24.79999999999997,5.3882983076711515
24.999999999999968,6.380526630795957
25.199999999999967,7.572067167687066
25.399999999999967,9.003419442161734
25.599999999999966,10.723256938925921
25.799999999999965,12.790077097082118
25.999999999999964,15.274192698255808
26.199999999999964,18.260120414898605
26.399999999999963,21.84945813420753
26.599999999999962,26.164336971442417
26.79999999999996,31.351581134533028
26.99999999999996,37.58769620482516
