mags_ab,pos_errs_mas
16.0,0.2093121020153573
16.2,0.22706489669505642
16.4,0.24602832552112688
16.599999999999998,0.1857985074101104
16.799999999999997,0.2012855918751342
16.999999999999996,0.217737822664205
17.199999999999996,0.23580887476975335
17.399999999999995,0.18537823269886866
17.599999999999994,0.20181831654322277
17.799999999999994,0.17656342527106553
17.999999999999993,0.1924785292575025
18.199999999999992,0.20987003292839793
18.39999999999999,0.1865731640628606
18.59999999999999,0.2036107162037958
18.79999999999999,0.22221837495661179
18.99999999999999,0.19491817035262976
19.19999999999999,0.21295284699025324
19.399999999999988,0.18890278253889603
19.599999999999987,0.19335967888549838
19.799999999999986,0.212063204249087
19.999999999999986,0.23273634114843028
20.199999999999985,0.25561171946098526
20.399999999999984,0.280967603103934
20.599999999999984,0.30917251860602984
20.799999999999983,0.34051018884646894
20.999999999999982,0.3754960122599441
21.19999999999998,0.41461856999610125
21.39999999999998,0.4585447440694144
21.59999999999998,0.5078813130225149
21.79999999999998,0.5634894909773791
21.99999999999998,0.6265156515942709
22.199999999999978,0.6989240075681163
22.399999999999977,0.7810002400530383
22.599999999999977,0.8752921484631901
22.799999999999976,0.9841826581608321
22.999999999999975,1.1105572759167133
23.199999999999974,1.257714983388879
23.399999999999974,1.4302257904108042
23.599999999999973,1.6325215515695117
23.799999999999972,1.8730612179597546
23.99999999999997,2.1558194278510534
24.19999999999997,2.490612054849023
24.39999999999997,2.8886551876714504
24.59999999999997,3.3651193795323335
24.79999999999997,3.9347157983803775
24.999999999999968,4.616590247034132
25.199999999999967,5.433760105210358
25.399999999999967,6.4138871916075395
25.599999999999966,7.59021328867855
25.799999999999965,9.002684171796218
25.999999999999964,10.699300346349819
26.199999999999964,12.737748745834526
26.399999999999963,15.187362596109592
26.599999999999962,18.131472306544808
26.79999999999996,21.658663717544318
26.99999999999996,25.908312824729133
