mags_ab,pos_errs_mas
16.0,0.24974507091948545
16.2,0.26471603930432486
16.4,0.28060780513392886
16.599999999999998,0.286937025820413
16.799999999999997,0.29166046028555165
16.999999999999996,0.29366357626548567
17.199999999999996,0.20603376030281992
17.399999999999995,0.22221562705267242
17.599999999999994,0.23879799212408054
17.799999999999994,0.2555182950338759
17.999999999999993,0.19555392499604285
18.199999999999992,0.21068344457472288
18.39999999999999,0.23091564062116238
18.59999999999999,0.25321657787846036
18.79999999999999,0.27785814047300395
18.99999999999999,0.30501299013081307
19.19999999999999,0.33508823590164705
19.399999999999988,0.3683247419855886
19.599999999999987,0.4050226516540752
19.799999999999986,0.44561208219094545
19.999999999999986,0.4909283225542649
20.199999999999985,0.5414567324041424
20.399999999999984,0.5975271587002483
20.599999999999984,0.6605618391822495
20.799999999999983,0.7300001654207129
20.999999999999982,0.8092350045346888
21.19999999999998,0.8977983603861945
21.39999999999998,0.995570328834785
21.59999999999998,1.1053178298622093
21.79999999999998,1.2331872672693265
21.99999999999998,1.3787347617163463
22.199999999999978,1.543106925329485
22.399999999999977,1.737356330146409
22.599999999999977,1.9595499415595803
22.799999999999976,2.2096573311445713
22.999999999999975,2.4980923850522307
23.199999999999974,2.851732161704771
23.399999999999974,3.260618569097779
23.599999999999973,3.752588143464275
23.799999999999972,4.3100386829646515
23.99999999999997,4.954160968327703
24.19999999999997,5.741548963230168
24.39999999999997,6.636998939179401
24.59999999999997,7.72727526476662
24.79999999999997,9.020565549612598
24.999999999999968,10.617947289830896
25.199999999999967,12.533894295776214
25.399999999999967,14.721404129892644
25.599999999999966,17.455153693839364
25.799999999999965,20.738690112603617
25.999999999999964,24.683647519060912
26.199999999999964,29.424195468100944
26.399999999999963,35.12159995932198
26.599999999999962,41.969693769211034
26.79999999999996,50.20147978682391
26.99999999999996,59.65182016428022
