mags_ab,pos_errs_mas
16.0,inf
16.2,0.3080850302681708
16.4,0.32774952607350055
16.599999999999998,0.347845630001169
16.799999999999997,0.3699801054087164
16.999999999999996,0.2663550866048049
17.199999999999996,0.2867801600058298
17.399999999999995,0.30924704637223505
17.599999999999994,0.3313122460870305
17.799999999999994,0.3551144385640678
17.999999999999993,0.3777562089570665
18.199999999999992,0.2686641507696944
18.39999999999999,0.2909115011602407
18.59999999999999,0.2526895443936173
18.79999999999999,0.2723503529115081
18.99999999999999,0.2984581366733069
19.19999999999999,0.3272620254247682
19.399999999999988,0.35900759775672675
19.599999999999987,0.39410841929372087
19.799999999999986,0.4328524718032259
19.999999999999986,0.4757837727690108
20.199999999999985,0.5230785951049512
20.399999999999984,0.5757847416175664
20.599999999999984,0.6337843295985655
20.799999999999983,0.6986044081319014
20.999999999999982,0.7711498863526289
21.19999999999998,0.8511302105049073
21.39999999999998,0.941181475402616
21.59999999999998,1.042814808390471
21.79999999999998,1.1551046507631844
21.99999999999998,1.2812886672914325
22.199999999999978,1.427261063076613
22.399999999999977,1.5919685018316023
22.599999999999977,1.7732734272236612
22.799999999999976,1.9888478141547528
22.999999999999975,2.237787894985207
23.199999999999974,2.519626592337206
23.399999999999974,2.8487180866254387
23.599999999999973,3.2312178648899663
23.799999999999972,3.688240934822665
23.99999999999997,4.215089104713958
24.19999999999997,4.840006804666522
24.39999999999997,5.580509594260478
24.59999999999997,6.416023243796272
24.79999999999997,7.441670221863763
24.999999999999968,8.685282159598128
25.199999999999967,10.141472464625238
25.399999999999967,11.914694856820525
25.599999999999966,14.040520689855684
25.799999999999965,16.53277776819129
25.999999999999964,19.466889036398882
26.199999999999964,23.096023282289288
26.399999999999963,27.455396239738537
26.599999999999962,32.69323441480011
26.79999999999996,38.987695486021224
26.99999999999996,46.55290272870725
