mags_ab,pos_errs_mas
16.0,0.20701466527885598
16.2,0.22350536619011727
16.4,0.24069801956598189
16.599999999999998,0.2600652083331312
16.799999999999997,0.16891737638583623
16.999999999999996,0.1834916240584312
17.199999999999996,0.19754201517799808
17.399999999999995,0.21289345305553434
17.599999999999994,0.16866952271577218
17.799999999999994,0.18373263566070602
17.999999999999993,0.16420628816750962
18.199999999999992,0.17913437155115022
18.39999999999999,0.16710040434856974
18.59999999999999,0.18243447634666402
18.79999999999999,0.19919300074357307
18.99999999999999,0.18285525871286157
19.19999999999999,0.17667180841045804
19.399999999999988,0.19319721369249243
19.599999999999987,0.1836448675202158
19.799999999999986,0.20048563259202534
19.999999999999986,0.22002096011774308
20.199999999999985,0.24156128863777226
20.399999999999984,0.2653824284220154
20.599999999999984,0.2917955408798163
20.799999999999983,0.3211201954016518
20.999999999999982,0.35374701980890333
21.19999999999998,0.3900893375848275
21.39999999999998,0.4307132351258129
21.59999999999998,0.47651755452550365
21.79999999999998,0.5278202195280776
21.99999999999998,0.5856140515334968
22.199999999999978,0.6517155776041262
22.399999999999977,0.7262695339893673
22.599999999999977,0.8115174259765505
22.799999999999976,0.9094417034489767
22.999999999999975,1.022495423151666
23.199999999999974,1.1535731906852453
23.399999999999974,1.3061621364638345
23.599999999999973,1.4850146025756963
23.799999999999972,1.6963389170572023
23.99999999999997,1.9443152418759826
24.19999999999997,2.238017065696436
24.39999999999997,2.584737532525522
24.59999999999997,2.9990095049667653
24.79999999999997,3.49337452305607
24.999999999999968,4.084347066311773
25.199999999999967,4.79178982521466
25.399999999999967,5.63958088654409
25.599999999999966,6.656416940164766
25.799999999999965,7.876783993735404
25.999999999999964,9.342121373261529
26.199999999999964,11.10222550885105
26.399999999999963,13.216944022670496
26.599999999999962,15.752095709774405
26.79999999999996,18.803488024483816
26.99999999999996,22.4711786280692
