mags_ab,pos_errs_mas
16.0,0.2565925750828058
16.2,0.16067328873897324
16.4,0.1669317069948007
16.599999999999998,0.17822073595501498
16.799999999999997,0.18976676686621277
16.999999999999996,0.20426935719168648
17.199999999999996,0.145431878829284
17.399999999999995,0.15372425430383904
17.599999999999994,0.1650504837069195
17.799999999999994,0.1416775018255426
17.999999999999993,0.15394123852977645
18.199999999999992,0.14822941931446967
18.39999999999999,0.16200383102480836
18.59999999999999,0.15618045225124644
18.79999999999999,0.1606075212753314
18.99999999999999,0.16981770743901614
19.19999999999999,0.17487332448103807
19.399999999999988,0.19198346519110296
19.599999999999987,0.2109633579070509
19.799999999999986,0.2320490632204361
19.999999999999986,0.25551878544379164
20.199999999999985,0.2816979925412842
20.399999999999984,0.3111882739291495
20.599999999999984,0.34412588266772626
20.799999999999983,0.38127646759075823
20.999999999999982,0.423038065314185
21.19999999999998,0.470392790570218
21.39999999999998,0.5243256784189858
21.59999999999998,0.586036270693115
21.79999999999998,0.6574311120650991
21.99999999999998,0.7394270914331617
22.199999999999978,0.835622834749726
22.399999999999977,0.9471230064812157
22.599999999999977,1.0773169370826627
22.799999999999976,1.2305027012509326
22.999999999999975,1.4114301210609976
23.199999999999974,1.6258463457739967
23.399999999999974,1.880692857330066
23.599999999999973,2.1859922171702073
23.799999999999972,2.5485592597033513
23.99999999999997,2.9821332047580755
24.19999999999997,3.5013030921889947
24.39999999999997,4.123605893748972
24.59999999999997,4.87011670347587
24.79999999999997,5.766162333967076
24.999999999999968,6.842175697594569
25.199999999999967,8.134728820532654
25.399999999999967,9.687773664114703
25.599999999999966,11.554134236016068
25.799999999999965,13.797303849418583
25.999999999999964,16.493600906244488
26.199999999999964,19.73476592780557
26.399999999999963,23.631086622437653
26.599999999999962,28.315141638388443
26.79999999999996,33.94631958996084
26.99999999999996,40.71623167958452
