mags_ab,pos_errs_mas
16.0,0.24153426821952906
16.2,0.25472547382727856
16.4,0.25741248973922654
16.599999999999998,0.25764673935629856
16.799999999999997,0.25389339050949705
16.999999999999996,0.20474227515195934
17.199999999999996,0.19256655982287393
17.399999999999995,0.20383818864503722
17.599999999999994,0.22357198294071487
17.799999999999994,0.2453458034914487
17.999999999999993,0.2694255748329974
18.199999999999992,0.2960113121891491
18.39999999999999,0.3255825930483239
18.59999999999999,0.35833061655838244
18.79999999999999,0.394852932064354
18.99999999999999,0.4355919118118309
19.19999999999999,0.4800510595057598
19.399999999999988,0.5306161278598096
19.599999999999987,0.5875442379691829
19.799999999999986,0.651452280660566
19.999999999999986,0.7231331240943552
20.199999999999985,0.8029578880251297
20.399999999999984,0.894592842921175
20.599999999999984,1.0007617892400804
20.799999999999983,1.1229859385267587
20.999999999999982,1.2601860888720606
21.19999999999998,1.4083186484814851
21.39999999999998,1.5863267114084967
21.59999999999998,1.8010089016558533
21.79999999999998,2.0450431313972572
21.99999999999998,2.3351961115888393
22.199999999999978,2.6827166764705415
22.399999999999977,3.095003858062304
22.599999999999977,3.5738369019079648
22.799999999999976,4.11195787784539
22.999999999999975,4.795738840528976
23.199999999999974,5.563284563704888
23.399999999999974,6.52912385122524
23.599999999999973,7.686683064438501
23.799999999999972,9.075154746265909
23.99999999999997,10.74163454599764
24.19999999999997,12.742716364678643
24.39999999999997,15.146408866642437
24.59999999999997,18.03444127217156
24.79999999999997,21.39242611294364
24.999999999999968,25.53788543059407
25.199999999999967,30.520637136721014
25.399999999999967,36.51021844740197
25.599999999999966,43.71042726789461
25.799999999999965,52.36626979015303
25.999999999999964,62.77228105470521
26.199999999999964,75.28254574340157
26.399999999999963,90.32278044315878
26.599999999999962,108.40476070529576
26.79999999999996,130.1437906031461
26.99999999999996,156.27958830399626
