mags_ab,pos_errs_mas
16.0,0.24041350990958765
16.2,0.25493010090881946
16.4,0.2609049987900435
16.599999999999998,0.2654875478563837
16.799999999999997,0.18680380297835103
16.999999999999996,0.20210660226324
17.199999999999996,0.2165622989214166
17.399999999999995,0.2322509209363294
17.599999999999994,0.24908702728275645
17.799999999999994,0.18658061321615263
17.999999999999993,0.20441699136568406
18.199999999999992,0.22409451693617868
18.39999999999999,0.2457793015078358
18.59999999999999,0.2696885642161649
18.79999999999999,0.296043641356366
18.99999999999999,0.325191984911101
19.19999999999999,0.3574840953047338
19.399999999999988,0.3932762999153357
19.599999999999987,0.4328786808983854
19.799999999999986,0.47646089883240134
19.999999999999986,0.5253531261062584
20.199999999999985,0.5799266970995159
20.399999999999984,0.6405459558790518
20.599999999999984,0.7075880962745279
20.799999999999983,0.7841091363760636
20.999999999999982,0.8694466934386665
21.19999999999998,0.9669395884848432
21.39999999999998,1.0781492877441066
21.59999999999998,1.1938086731016944
21.79999999999998,1.3320737402552185
21.99999999999998,1.4898313189428811
22.199999999999978,1.6732477795338156
22.399999999999977,1.8884145683117715
22.599999999999977,2.1391035759946884
22.799999999999976,2.424905393297896
22.999999999999975,2.7418759528841083
23.199999999999974,3.1383522836200313
23.399999999999974,3.599710876089502
23.599999999999973,4.132020919708116
23.799999999999972,4.730286022583542
23.99999999999997,5.4946189200046325
24.19999999999997,6.407194184133251
24.39999999999997,7.466196990599192
24.59999999999997,8.643017418051267
24.79999999999997,10.167064311504536
24.999999999999968,11.913911420660433
25.199999999999967,14.086682441065824
25.399999999999967,16.695226794162114
25.599999999999966,19.828170524642417
25.799999999999965,23.59202369569399
25.999999999999964,28.114789064706073
26.199999999999964,33.55031078675081
26.399999999999963,40.0835190669746
26.599999999999962,47.64226516822847
26.79999999999996,57.010537656331906
26.99999999999996,68.27251232563206
