mags_ab,pos_errs_mas
16.0,0.1548011159804705
16.2,0.1615815609566424
16.4,0.17263190424969146
16.599999999999998,0.14823211734007238
16.799999999999997,0.15551016080609648
16.999999999999996,0.14724149667717956
17.199999999999996,0.14861360210203806
17.399999999999995,0.16258285293624777
17.599999999999994,0.1686924385523759
17.799999999999994,0.17266587071205305
17.999999999999993,0.18440009007162506
18.199999999999992,0.20265991739750633
18.39999999999999,0.222994186942898
18.59999999999999,0.24560755635999956
18.79999999999999,0.2708605557464749
18.99999999999999,0.299136886538992
19.19999999999999,0.33089633269179897
19.399999999999988,0.36668994526369464
19.599999999999987,0.4075028712376371
19.799999999999986,0.45351417665936405
19.999999999999986,0.5060165389232216
20.199999999999985,0.5662429210358569
20.399999999999984,0.6357011186234982
20.599999999999984,0.7162609459990023
20.799999999999983,0.809622444735931
20.999999999999982,0.9187266998425199
21.19999999999998,1.0467912305180158
21.39999999999998,1.1977213993394196
21.59999999999998,1.3770238478062293
21.79999999999998,1.5887575469719684
21.99999999999998,1.840667997456754
22.199999999999978,2.141067190230324
22.399999999999977,2.4999629303529924
22.599999999999977,2.929996520783333
22.799999999999976,3.4443459593983903
22.999999999999975,4.061076447449411
23.199999999999974,4.801090534916145
23.399999999999974,5.689506940800815
23.599999999999973,6.756508977344307
23.799999999999972,8.038370160076266
23.99999999999997,9.578683261026853
24.19999999999997,11.429845015155975
24.39999999999997,13.654833452784443
24.59999999999997,16.329350545086793
24.79999999999997,19.544399525618303
24.999999999999968,23.4093771596452
25.199999999999967,28.055798509975677
25.399999999999967,33.64177039709385
25.599999999999966,40.35736962278862
25.799999999999965,48.431120316557354
25.999999999999964,58.13775267054518
26.199999999999964,69.80756121404778
26.399999999999963,83.8376591679908
26.599999999999962,100.70545957206014
26.79999999999996,120.98494341837674
26.99999999999996,145.36617155188088
