mags_ab,pos_errs_mas
16.0,0.14953008655578462
16.2,0.15995731560279985
16.4,0.14245992233478644
16.599999999999998,0.15342910072981458
16.799999999999997,0.1437611313743969
16.999999999999996,0.15692424590721973
17.199999999999996,0.15467033158963425
17.399999999999995,0.15778464502846837
17.599999999999994,0.16496183310018678
17.799999999999994,0.1705552525445568
17.999999999999993,0.18296388477337386
18.199999999999992,0.20047899545743542
18.39999999999999,0.21977822658437046
18.59999999999999,0.24105095111289418
18.79999999999999,0.2645115531872746
18.99999999999999,0.29059755438639406
19.19999999999999,0.3193280909357458
19.399999999999988,0.3509250128641429
19.599999999999987,0.3858972252547076
19.799999999999986,0.4246651537223524
19.999999999999986,0.4677192616850987
20.199999999999985,0.5156353872493966
20.399999999999984,0.5695119515930692
20.599999999999984,0.629781732515656
20.799999999999983,0.6966697020921829
20.999999999999982,0.7719131794538836
21.19999999999998,0.8565893957734592
21.39999999999998,0.9523048152665597
21.59999999999998,1.0615700523065872
21.79999999999998,1.1865372187689815
21.99999999999998,1.3307720180699767
22.199999999999978,1.496319757952087
22.399999999999977,1.6883816222723056
22.599999999999977,1.910249808595973
22.799999999999976,2.168083151699983
22.999999999999975,2.4730661410966217
23.199999999999974,2.832823398251142
23.399999999999974,3.25869675458187
23.599999999999973,3.764186001008155
23.799999999999972,4.366142139083171
23.99999999999997,5.078614038953231
24.19999999999997,5.933202409839433
24.39999999999997,6.944620977865637
24.59999999999997,8.162338837380531
24.79999999999997,9.627555838522683
24.999999999999968,11.38592245515398
25.199999999999967,13.49703392695788
25.399999999999967,16.03262229924963
25.599999999999966,19.07889046325528
25.799999999999965,22.683169589129097
25.999999999999964,27.04619311478554
26.199999999999964,32.31184507244139
26.399999999999963,38.64135884753065
26.599999999999962,46.250097509252576
26.79999999999996,55.39696395228142
26.99999999999996,66.39319259077043
