mags_ab,pos_errs_mas
16.0,0.21389270318290474
16.2,0.23126498791681702
16.4,0.24785708760270225
16.599999999999998,0.16567926743244316
16.799999999999997,0.1789864465111963
16.999999999999996,0.19068313150996144
17.199999999999996,0.15266520674757933
17.399999999999995,0.16338276312774502
17.599999999999994,0.14606770161152516
17.799999999999994,0.1589474820173493
17.999999999999993,0.14988323284226274
18.199999999999992,0.16361206077279844
18.39999999999999,0.1786395773701992
18.59999999999999,0.166717980979217
18.79999999999999,0.18219857599919645
18.99999999999999,0.17885107498835934
19.19999999999999,0.17770319849099142
19.399999999999988,0.19358960951224655
19.599999999999987,0.21227260705830653
19.799999999999986,0.232907162083182
19.999999999999986,0.25575570485141297
20.199999999999985,0.2811628966160503
20.399999999999984,0.3091235337657167
20.599999999999984,0.34012646843461214
20.799999999999983,0.37457854188095163
20.999999999999982,0.4129484475197604
21.19999999999998,0.4557882927303001
21.39999999999998,0.5037556231987044
21.59999999999998,0.5579219940098253
21.79999999999998,0.619122148291767
21.99999999999998,0.6877181176680083
22.199999999999978,0.7656428158672464
22.399999999999977,0.8545290119148896
22.599999999999977,0.9564308120410081
22.799999999999976,1.073211627050533
22.999999999999975,1.2085632083197078
23.199999999999974,1.3661509883180496
23.399999999999974,1.5510512599894541
23.599999999999973,1.7669413198357735
23.799999999999972,2.0213078880661426
23.99999999999997,2.3221110015338158
24.19999999999997,2.6751171236163485
24.39999999999997,3.096230280422426
24.59999999999997,3.5994650953131613
24.79999999999997,4.200529578316729
24.999999999999968,4.919567078029141
25.199999999999967,5.78079935726739
25.399999999999967,6.813339513441429
25.599999999999966,8.052174753687124
25.799999999999965,9.539348062531651
25.999999999999964,11.31600045527517
26.199999999999964,13.457929998212231
26.399999999999963,16.03161791620662
26.599999999999962,19.12460420046997
26.79999999999996,22.84211476018147
26.99999999999996,27.310628253217384
