mags_ab,pos_errs_mas
16.0,0.17788071138938427
16.2,0.15452162165370545
16.4,0.1599560216512824
16.599999999999998,0.14862400513323826
16.799999999999997,0.1530736537400413
16.999999999999996,0.14486273496279511
17.199999999999996,0.15204024275300188
17.399999999999995,0.1655848256086785
17.599999999999994,0.15891033539081956
17.799999999999994,0.15977825693685824
17.999999999999993,0.17513421802551252
18.199999999999992,0.17676064865791946
18.39999999999999,0.19294309032938384
18.59999999999999,0.21244026432993154
18.79999999999999,0.2342615177034098
18.99999999999999,0.25864902841427706
19.19999999999999,0.28604962511463783
19.399999999999988,0.31694251237777243
19.599999999999987,0.35190406308925265
19.799999999999986,0.39163764889241365
19.999999999999986,0.43740495741300683
20.199999999999985,0.48943946150182177
20.399999999999984,0.5494011791055238
20.599999999999984,0.6188360784872189
20.799999999999983,0.6996296908109486
20.999999999999982,0.7946621628332888
21.19999999999998,0.9058412131512096
21.39999999999998,1.0366366876682322
21.59999999999998,1.1913763576062955
21.79999999999998,1.3750222755065762
21.99999999999998,1.593563768089708
22.199999999999978,1.8557490408668889
22.399999999999977,2.1679308511815365
22.599999999999977,2.5408468321865127
22.799999999999976,2.98761611978995
22.999999999999975,3.52335084061103
23.199999999999974,4.166211061401444
23.399999999999974,4.939604546973899
23.599999999999973,5.866698578071391
23.799999999999972,6.980497442170214
23.99999999999997,8.318879256854228
24.19999999999997,9.927372243552787
24.39999999999997,11.86069896809326
24.59999999999997,14.184638486061028
24.79999999999997,16.978265208330868
24.999999999999968,20.33663677876904
25.199999999999967,24.374029743855147
25.399999999999967,29.22782729039922
25.599999999999966,35.063191976995185
25.799999999999965,42.07869489867144
25.999999999999964,50.513056624242125
26.199999999999964,60.65327934007047
26.399999999999963,72.84442502843638
26.599999999999962,87.50133235268927
26.79999999999996,105.12274809451719
26.99999999999996,126.30828783775101
