mags_ab,pos_errs_mas
16.0,0.18932772535897055
16.2,0.14878893075682978
16.4,0.1578619716559351
16.599999999999998,0.16901813181384048
16.799999999999997,0.1407785231861977
16.999999999999996,0.1519712881762029
17.199999999999996,0.14305639465000056
17.399999999999995,0.1561980602637759
17.599999999999994,0.15567222476811454
17.799999999999994,0.15969930690903839
17.999999999999993,0.16667482447554324
18.199999999999992,0.17009042464700283
18.39999999999999,0.18627684381946824
18.59999999999999,0.20410194441847535
18.79999999999999,0.2237346818254899
18.99999999999999,0.24536621932057398
19.19999999999999,0.2692114526151718
19.399999999999988,0.2956885850774202
19.599999999999987,0.3247946522259953
19.799999999999986,0.35684929993838116
19.999999999999986,0.3923004969398318
20.199999999999985,0.43156376954326287
20.399999999999984,0.4751223585996037
20.599999999999984,0.5235417156200031
20.799999999999983,0.5779093107073827
20.999999999999982,0.6383301954543777
21.19999999999998,0.7056302430076458
21.39999999999998,0.7811702727089168
21.59999999999998,0.8655721311178937
21.79999999999998,0.9615474040754582
21.99999999999998,1.0705518953301005
22.199999999999978,1.1954608425638935
22.399999999999977,1.3378176376902486
22.599999999999977,1.5017548184045482
22.799999999999976,1.691479335133054
22.999999999999975,1.9079869842833124
23.199999999999974,2.1617767172584177
23.399999999999974,2.4605567047598327
23.599999999999973,2.812481067434755
23.799999999999972,3.227978765727005
23.99999999999997,3.7117945640002943
24.19999999999997,4.2952023218539725
24.39999999999997,4.983285677089474
24.59999999999997,5.810268573889815
24.79999999999997,6.799224560899568
24.999999999999968,7.9834314826924375
25.199999999999967,9.402891778558207
25.399999999999967,11.07016838937522
25.599999999999966,13.09004627653843
25.799999999999965,15.529029850965886
25.999999999999964,18.458737237802143
26.199999999999964,21.97878442381934
26.399999999999963,26.208899722183993
26.599999999999962,31.292984705168227
26.79999999999996,37.35666096622558
26.99999999999996,44.69047885873983
