mags_ab,pos_errs_mas
16.0,0.285608930531084
16.2,0.30313510556259105
16.4,0.32279716145777465
16.599999999999998,0.33345566716483566
16.799999999999997,0.22562709613442714
16.999999999999996,0.24374829459071568
17.199999999999996,0.2620132975723483
17.399999999999995,0.28186856618462147
17.599999999999994,0.3014834318345821
17.799999999999994,0.22503757062461777
17.999999999999993,0.24405846059003986
18.199999999999992,0.22296997633396415
18.39999999999999,0.22688965881437761
18.59999999999999,0.24856658592341813
18.79999999999999,0.2724873088632243
18.99999999999999,0.2988322409023244
19.19999999999999,0.3279580101997691
19.399999999999988,0.360058701245042
19.599999999999987,0.3955446681428768
19.799999999999986,0.4348093288727905
19.999999999999986,0.47838722452646615
20.199999999999985,0.5266119765944637
20.399999999999984,0.5800906081982335
20.599999999999984,0.6399569881428775
20.799999999999983,0.7065888417061261
20.999999999999982,0.7806494052329552
21.19999999999998,0.8643880252416127
21.39999999999998,0.9551112154159587
21.59999999999998,1.0606821284899641
21.79999999999998,1.1773367748043684
21.99999999999998,1.3097680742384497
22.199999999999978,1.4605163537962507
22.399999999999977,1.6334187472495825
22.599999999999977,1.8315936050877133
22.799999999999976,2.055896284222469
22.999999999999975,2.323487355473598
23.199999999999974,2.6292762071453053
23.399999999999974,2.985598682716984
23.599999999999973,3.406570495708714
23.799999999999972,3.9091898799296545
23.99999999999997,4.495710795153813
24.19999999999997,5.1472744376317685
24.39999999999997,5.971350889446239
24.59999999999997,6.890989640154302
24.79999999999997,8.048475042137591
24.999999999999968,9.398588449078249
25.199999999999967,11.048417088085253
25.399999999999967,12.973923540151882
25.599999999999966,15.237031332973961
25.799999999999965,18.044589862153774
25.999999999999964,21.41614986263963
26.199999999999964,25.46631140654018
26.399999999999963,30.332803028065072
26.599999999999962,36.18114950129324
26.79999999999996,43.210315149264325
26.99999999999996,51.65944783060127
