mags_ab,pos_errs_mas
16.0,inf
16.2,inf
16.4,0.2594519648684017
16.599999999999998,0.282842094275233
16.799999999999997,0.30199523847400417
16.999999999999996,0.20886636669287856
17.199999999999996,0.22425853613560826
17.399999999999995,0.24115902026261155
17.599999999999994,0.1856835497433985
17.799999999999994,0.1998816003015458
17.999999999999993,0.21523954426168357
18.199999999999992,0.17936122298435855
18.39999999999999,0.19520922739362873
18.59999999999999,0.1744640546328411
18.79999999999999,0.1902724103910699
18.99999999999999,0.17525529912150517
19.19999999999999,0.1913505792324265
19.399999999999988,0.18580297819753505
19.599999999999987,0.18732240204412207
19.799999999999986,0.194200116764764
19.999999999999986,0.1984206857055531
20.199999999999985,0.21211772060646053
20.399999999999984,0.2329605750618386
20.599999999999984,0.25614454093024885
20.799999999999983,0.2820311559602206
20.999999999999982,0.31071106910827945
21.19999999999998,0.34275876521672266
21.39999999999998,0.37866296090847273
21.59999999999998,0.41897156034683686
21.79999999999998,0.4643704215116763
21.99999999999998,0.5157408290892374
22.199999999999978,0.5741137008160685
22.399999999999977,0.6410575737186095
22.599999999999977,0.7175031626495573
22.799999999999976,0.8060335983305285
22.999999999999975,0.9078050240502813
23.199999999999974,1.0261841168086168
23.399999999999974,1.164526892128427
23.599999999999973,1.3269140380014466
23.799999999999972,1.518298498361353
23.99999999999997,1.7446795864086417
24.19999999999997,2.0133109426801203
24.39999999999997,2.3339546275250393
24.59999999999997,2.7148455337694757
24.79999999999997,3.169904000245362
24.999999999999968,3.714394513119988
25.199999999999967,4.36667021982492
25.399999999999967,5.148790016072241
25.599999999999966,6.087263562879208
25.799999999999965,7.213945286855752
25.999999999999964,8.567114813163393
26.199999999999964,10.192773679511356
26.399999999999963,12.146208476488997
26.599999999999962,14.493867023049148
26.79999999999996,17.31561967024817
26.99999999999996,20.707471332733206
