mags_ab,pos_errs_mas
16.0,0.3749126094911881
16.2,0.4007629707352962
16.4,0.27320333681364967
16.599999999999998,0.29528182291476207
16.799999999999997,0.32077271881444724
16.999999999999996,0.3480187810654
17.199999999999996,0.26364065444093243
17.399999999999995,0.28633769428282746
17.599999999999994,0.2358450012393211
17.799999999999994,0.256769369896067
17.999999999999993,0.27951071033437397
18.199999999999992,0.246892431606937
18.39999999999999,0.26910061397405594
18.59999999999999,0.24397667903278675
18.79999999999999,0.26627410553624786
18.99999999999999,0.2545016816966382
19.19999999999999,0.253010455246682
19.399999999999988,0.2469464563317032
19.599999999999987,0.25244576203432084
19.799999999999986,0.27692233656057064
19.999999999999986,0.3039868905933337
20.199999999999985,0.334082999761904
20.399999999999984,0.3674762973379888
20.599999999999984,0.4045881029215269
20.799999999999983,0.44597673544515276
20.999999999999982,0.49228626152853516
21.19999999999998,0.5441543554829076
21.39999999999998,0.6025555778867825
21.59999999999998,0.6683839995917759
21.79999999999998,0.743156273207175
21.99999999999998,0.8280522710724874
22.199999999999978,0.9260886340137335
22.399999999999977,1.03744128602447
22.599999999999977,1.1660977802423538
22.799999999999976,1.314805599969313
22.999999999999975,1.4885253502337898
23.199999999999974,1.6919035114521033
23.399999999999974,1.929867816729477
23.599999999999973,2.2116451478018004
23.799999999999972,2.5467450380979537
23.99999999999997,2.94126548275684
24.19999999999997,3.4121175618583823
24.39999999999997,3.9718472334431363
24.59999999999997,4.642705358129649
24.79999999999997,5.442832990419831
24.999999999999968,6.4040276952158655
25.199999999999967,7.556805718902996
25.399999999999967,8.940256462403449
25.599999999999966,10.601352798763061
25.799999999999965,12.596543634550997
25.999999999999964,14.993662930501207
26.199999999999964,17.874238071459867
26.399999999999963,21.336263468071255
26.599999999999962,25.49752007191308
26.79999999999996,30.477002708645745
26.99999999999996,36.482654370674666
