mags_ab,pos_errs_mas
16.0,0.3785847662964578
16.2,0.39388459348187566
16.4,0.41511423131767117
16.599999999999998,0.26854931703220714
16.799999999999997,0.28839523245270854
16.999999999999996,0.3113563262154289
17.199999999999996,0.3336495481920169
17.399999999999995,0.35779779286908175
17.599999999999994,0.37965046203470404
17.799999999999994,0.4026051214087422
17.999999999999993,0.2528366384181553
18.199999999999992,0.27428049902667817
18.39999999999999,0.29681997597132204
18.59999999999999,0.2537000737843307
18.79999999999999,0.25134053666131473
18.99999999999999,0.2652763569899435
19.19999999999999,0.29062051500661984
19.399999999999988,0.3186087496462372
19.599999999999987,0.34943085148290903
19.799999999999986,0.38347737082787287
19.999999999999986,0.42109542955735724
20.199999999999985,0.4626792353650922
20.399999999999984,0.5086014631131157
20.599999999999984,0.55963063653758
20.799999999999983,0.6159576622462206
20.999999999999982,0.6787918043112631
21.19999999999998,0.7489592619224926
21.39999999999998,0.8274159187474178
21.59999999999998,0.9145637505344292
21.79999999999998,1.0126015850843495
21.99999999999998,1.1224911711248904
22.199999999999978,1.2463247698283952
22.399999999999977,1.386483594522729
22.599999999999977,1.5481234737588525
22.799999999999976,1.7283866924847433
22.999999999999975,1.9364298318501996
23.199999999999974,2.179280627758986
23.399999999999974,2.4573848496333146
23.599999999999973,2.7854202218799577
23.799999999999972,3.162080713720382
23.99999999999997,3.6129058304197197
24.19999999999997,4.144346410980567
24.39999999999997,4.760764180444687
24.59999999999997,5.493471556676814
24.79999999999997,6.343441179977895
24.999999999999968,7.3479260503850385
25.199999999999967,8.58741044203905
25.399999999999967,10.070951488115192
25.599999999999966,11.763218198640928
25.799999999999965,13.874306700667987
25.999999999999964,16.407570942186837
26.199999999999964,19.262133531268628
26.399999999999963,22.86908948847147
26.599999999999962,27.070101519179794
26.79999999999996,32.2463897761906
26.99999999999996,38.277966410743986
