mags_ab,pos_errs_mas
16.0,0.20661294060509697
16.2,0.22317325392047385
16.4,0.17003459136842894
16.599999999999998,0.18355677408017618
16.799999999999997,0.19866372727683418
16.999999999999996,0.1651507573712467
17.199999999999996,0.1796518475959273
17.399999999999995,0.19560018646306412
17.599999999999994,0.1693354124154182
17.799999999999994,0.18458852060388048
17.999999999999993,0.16974114065749996
18.199999999999992,0.1852723045090036
18.39999999999999,0.1802580235008837
18.59999999999999,0.1815114796079433
18.79999999999999,0.17866120063263055
18.99999999999999,0.18478649286045332
19.19999999999999,0.2023904586375581
19.399999999999988,0.2218908895801732
19.599999999999987,0.24331833109179238
19.799999999999986,0.2669166004331537
19.999999999999986,0.2929722169568015
20.199999999999985,0.32172978565748184
20.399999999999984,0.3534901618108059
20.599999999999984,0.3886405259635755
20.799999999999983,0.42765922982683563
20.999999999999982,0.4710659715094715
21.19999999999998,0.5190733361299285
21.39999999999998,0.572589040792114
21.59999999999998,0.6329779914067095
21.79999999999998,0.6998559611259474
21.99999999999998,0.7747927895615162
22.199999999999978,0.8593285142386373
22.399999999999977,0.9551299899589566
22.599999999999977,1.0640654202357158
22.799999999999976,1.1880477290491787
22.999999999999975,1.3295148547132
23.199999999999974,1.4921674109895116
23.399999999999974,1.680294087405539
23.599999999999973,1.898997959949668
23.799999999999972,2.153741267939323
23.99999999999997,2.451088720733137
24.19999999999997,2.8032257675424606
24.39999999999997,3.217779805854979
24.59999999999997,3.710991798427955
24.79999999999997,4.297610583500899
24.999999999999968,4.974110095386156
25.199999999999967,5.799903716549133
25.399999999999967,6.787460599620825
25.599999999999966,7.970013768266916
25.799999999999965,9.387512651447704
25.999999999999964,11.087966566313709
26.199999999999964,13.12906560182027
26.399999999999963,15.580138457563994
26.599999999999962,18.52449243484276
26.79999999999996,22.062249342559966
26.99999999999996,26.31373779080835
