mags_ab,pos_errs_mas
16.0,0.2157454683542741
16.2,0.16734135313745097
16.4,0.1800670022402375
16.599999999999998,0.19544267615756636
16.799999999999997,0.15584178634214205
16.999999999999996,0.16734093545418607
17.199999999999996,0.1790354232838616
17.399999999999995,0.1551085252381969
17.599999999999994,0.16827976840024367
17.799999999999994,0.15179237021235306
17.999999999999993,0.1656438813793615
18.199999999999992,0.1808537702328986
18.39999999999999,0.1623799586353295
18.59999999999999,0.17746832356562703
18.79999999999999,0.17164932279615067
18.99999999999999,0.17808983649907098
19.19999999999999,0.18493381531442502
19.399999999999988,0.20293942778152627
19.599999999999987,0.22288880656878168
19.799999999999986,0.2450191652609739
19.999999999999986,0.2697605185231027
20.199999999999985,0.29721690607921847
20.399999999999984,0.32781094955014706
20.599999999999984,0.3619668155524483
20.799999999999983,0.4002857366013044
20.999999999999982,0.4434148471549052
21.19999999999998,0.4921443914266694
21.39999999999998,0.5474286818627342
21.59999999999998,0.6104276433797947
21.79999999999998,0.6835691427693334
21.99999999999998,0.7664511154267261
22.199999999999978,0.8622290358833781
22.399999999999977,0.9734519471941725
22.599999999999977,1.1032258906143697
22.799999999999976,1.2553301155878807
22.999999999999975,1.4343546331654282
23.199999999999974,1.6458628133162212
23.399999999999974,1.8975936112584517
23.599999999999973,2.1954835716148637
23.799999999999972,2.5504538773788745
23.99999999999997,2.9742960713698054
24.19999999999997,3.4811988456324423
24.39999999999997,4.088224097245967
24.59999999999997,4.8158805574342365
24.79999999999997,5.688816550067407
24.999999999999968,6.736649132771874
25.199999999999967,7.994969739467594
25.399999999999967,9.50654808066875
25.599999999999966,11.322785283317737
25.799999999999965,13.505459525271574
25.999999999999964,16.128823367524838
26.199999999999964,19.282130883947435
26.399999999999963,23.072678149349354
26.599999999999962,27.62943918413336
26.79999999999996,33.10747086756441
26.99999999999996,39.69317237566919
