mags_ab,pos_errs_mas
16.0,0.17588641706162067
16.2,0.1888292297994099
16.4,0.15819998638496907
16.599999999999998,0.17254272632433776
16.799999999999997,0.16682368508062184
16.999999999999996,0.17337725165381943
17.199999999999996,0.1845439809148656
17.399999999999995,0.20248203354200622
17.599999999999994,0.22232644524161443
17.799999999999994,0.24427629011310087
17.999999999999993,0.2686181551614444
18.199999999999992,0.2956568952037659
18.39999999999999,0.32575230713932435
18.59999999999999,0.35953170747429397
18.79999999999999,0.3971537294094448
18.99999999999999,0.4392732716879353
19.19999999999999,0.48666967894311164
19.399999999999988,0.54016956986802
19.599999999999987,0.6008531528537432
19.799999999999986,0.670257883412279
19.999999999999986,0.7493689701672863
20.199999999999985,0.8403520673755502
20.399999999999984,0.9454974202471488
20.599999999999984,1.067286117964807
20.799999999999983,1.2093501786935557
20.999999999999982,1.3758180707342973
21.19999999999998,1.5717042253144822
21.39999999999998,1.8031151973719384
21.59999999999998,2.077074080639055
21.79999999999998,2.4026866615407294
21.99999999999998,2.7906486899233007
22.199999999999978,3.2538416680244806
22.399999999999977,3.8077666967969197
22.599999999999977,4.471064181501844
22.799999999999976,5.266140861401606
22.999999999999975,6.219925435943072
23.199999999999974,7.364776494482224
23.399999999999974,8.739579478795143
23.599999999999973,10.391061730437878
23.799999999999972,12.37538109508787
23.99999999999997,14.760029933247019
24.19999999999997,17.626134711661486
24.39999999999997,21.07120836546773
24.59999999999997,25.212468949681657
24.79999999999997,30.190829762121435
24.999999999999968,36.17568941277939
25.199999999999967,43.37069828818167
25.399999999999967,52.02068692650927
25.599999999999966,62.41999341325823
25.799999999999965,74.92249527425496
25.999999999999964,89.95362269220023
26.199999999999964,108.02485101701585
26.399999999999963,129.75112696313244
26.599999999999962,155.8717493438711
26.79999999999996,187.275553552374
26.99999999999996,225.03113763950643
