mags_ab,pos_errs_mas
16.0,0.145149467675753
16.2,0.15321339558478445
16.4,0.16334826490001728
16.599999999999998,0.1421951806181617
16.799999999999997,0.15256162347636987
16.999999999999996,0.14467873191513508
17.199999999999996,0.15793013382746332
17.399999999999995,0.15469632883224663
17.599999999999994,0.1565140346180473
17.799999999999994,0.16214914287868523
17.999999999999993,0.1681430119157603
18.199999999999992,0.1811212195614428
18.39999999999999,0.19847078129549853
18.59999999999999,0.21759382692853538
18.79999999999999,0.23868023386387618
18.99999999999999,0.2619454745973344
19.19999999999999,0.28781262632337123
19.399999999999988,0.3163299016834911
19.599999999999987,0.34772775106296583
19.799999999999986,0.38251045661663585
19.999999999999986,0.42110795963232817
20.199999999999985,0.46402361325967784
20.399999999999984,0.5118506806804307
20.599999999999984,0.5656806063046748
20.799999999999983,0.6258695901720127
20.999999999999982,0.6931946904104063
21.19999999999998,0.7689305156108379
21.39999999999998,0.8546675226059768
21.59999999999998,0.9514157218957483
21.79999999999998,1.0623979850824923
21.99999999999998,1.1897337706286877
22.199999999999978,1.337144652803856
22.399999999999977,1.5069986791512555
22.599999999999977,1.7047007564908634
22.799999999999976,1.9358918839860397
22.999999999999975,2.2035466126845673
23.199999999999974,2.519968715729129
23.399999999999974,2.8954340987847362
23.599999999999973,3.3409182057602567
23.799999999999972,3.8709315913880227
23.99999999999997,4.502963781802053
24.19999999999997,5.258071708268009
24.39999999999997,6.155208810443965
24.59999999999997,7.234536998391129
24.79999999999997,8.528637041210995
24.999999999999968,10.081364328671878
25.199999999999967,11.945418829658673
25.399999999999967,14.18412893681678
25.599999999999966,16.873597648794604
25.799999999999965,20.10528850995395
25.999999999999964,23.989128859324552
26.199999999999964,28.65724816131182
26.399999999999963,34.268476860344066
26.599999999999962,41.01373764722083
26.79999999999996,49.122551405717815
26.99999999999996,58.870831120895495
