mags_ab,pos_errs_mas
16.0,0.37496858286904877
16.2,0.4017529502143041
16.4,0.2749923107701409
16.599999999999998,0.29734011344998185
16.799999999999997,0.32281631409453454
16.999999999999996,0.34780708542945576
17.199999999999996,0.3754954766457791
17.399999999999995,0.26121227080556536
17.599999999999994,0.2817931480956212
17.799999999999994,0.3058289587203285
17.999999999999993,0.23652854758135525
18.199999999999992,0.25680245979490346
18.39999999999999,0.2790115168983696
18.59999999999999,0.3034994710854246
18.79999999999999,0.329742345680393
18.99999999999999,0.23853133989232297
19.19999999999999,0.2600885363455814
19.399999999999988,0.28356871152465946
19.599999999999987,0.2444653106404319
19.799999999999986,0.2669362779001565
19.999999999999986,0.2523483053696226
20.199999999999985,0.24936383494786818
20.399999999999984,0.2528894364172939
20.599999999999984,0.2608450567753295
20.799999999999983,0.26755497397748973
20.999999999999982,0.29376121421251594
21.19999999999998,0.3228665982609783
21.39999999999998,0.35535147751270324
21.59999999999998,0.39148136853578297
21.79999999999998,0.43180663183774215
21.99999999999998,0.4770658105629344
22.199999999999978,0.5278323932196443
22.399999999999977,0.5852147447815039
22.599999999999977,0.6500247928109766
22.799999999999976,0.7237015186055471
22.999999999999975,0.8081054576648886
23.199999999999974,0.9055310830690751
23.399999999999974,1.0168566895460758
23.599999999999973,1.1458114233724968
23.799999999999972,1.295922522900825
23.99999999999997,1.4714733962443651
24.19999999999997,1.6776556204439805
24.39999999999997,1.9208074570630151
24.59999999999997,2.2085797310187405
24.79999999999997,2.5529462698002328
24.999999999999968,2.959849694997925
25.199999999999967,3.4448772896859547
25.399999999999967,4.025532248425019
25.599999999999966,4.719364861854662
25.799999999999965,5.5506755978592714
25.999999999999964,6.549817449808958
26.199999999999964,7.746458955834405
26.399999999999963,9.183179164706491
26.599999999999962,10.910904778666353
26.79999999999996,12.984375535842636
26.99999999999996,15.479015621191259
