mags_ab,pos_errs_mas
16.0,0.1451383532329083
16.2,0.15320004168801613
16.4,0.16333178547020563
16.599999999999998,0.14217484365285946
16.799999999999997,0.15253597154745843
16.999999999999996,0.1446447190578477
17.199999999999996,0.15788553267490496
17.399999999999995,0.15463644702326274
17.599999999999994,0.15643358239072827
17.799999999999994,0.1620412531208228
17.999999999999993,0.16799809135677277
18.199999999999992,0.18092932030960415
18.39999999999999,0.19821850747596387
18.59999999999999,0.21726212152977376
18.79999999999999,0.2382440817987855
18.99999999999999,0.2613720916665053
19.19999999999999,0.2870579370567798
19.399999999999988,0.31533408771778
19.599999999999987,0.34641944405574904
19.799999999999986,0.380792378252412
19.999999999999986,0.41885304554861774
20.199999999999985,0.46106618948157263
20.399999999999984,0.5079751748806574
20.599999999999984,0.5606008108845196
20.799999999999983,0.6192129880158196
20.999999999999982,0.6844739911747779
21.19999999999998,0.7575551674112656
21.39999999999998,0.8394356346504269
21.59999999999998,0.9320189006016418
21.79999999999998,1.0372572209083677
21.99999999999998,1.1572276199576497
22.199999999999978,1.2952099272319653
22.399999999999977,1.4531005099245633
22.599999999999977,1.635668164881941
22.799999999999976,1.8446925478202352
22.999999999999975,2.089044237191801
23.199999999999974,2.376122645366508
23.399999999999974,2.7137211891599935
23.599999999999973,3.112596423268728
23.799999999999972,3.5847388566268883
23.99999999999997,4.137321289077004
24.19999999999997,4.798166999859461
24.39999999999997,5.59062524005873
24.59999999999997,6.538037255444635
24.79999999999997,7.672257141080094
24.999999999999968,9.031575694785095
25.199999999999967,10.662012130111256
25.399999999999967,12.584168403186732
25.599999999999966,14.910388809795718
25.799999999999965,17.71764803520187
25.999999999999964,21.090445760916936
26.199999999999964,25.1434933302962
26.399999999999963,30.01466994646031
26.599999999999962,35.8697008180108
26.79999999999996,42.86183395613253
26.99999999999996,51.31057905089759
