mags_ab,pos_errs_mas
16.0,0.375316112314631
16.2,0.39846104579638497
16.4,0.27301777299011765
16.599999999999998,0.2952022423443103
16.799999999999997,0.31970826577466177
16.999999999999996,0.345162274198788
17.199999999999996,0.36953550775025584
17.399999999999995,0.3967009025372375
17.599999999999994,0.26482813768149976
17.799999999999994,0.2870924734018914
17.999999999999993,0.31057417344841437
18.199999999999992,0.3362055746096507
18.39999999999999,0.2566184665072595
18.59999999999999,0.2795125988443148
18.79999999999999,0.25086183956148955
18.99999999999999,0.24982600117116682
19.19999999999999,0.258479289930726
19.399999999999988,0.2832631397865607
19.599999999999987,0.3106416501769589
19.799999999999986,0.34096704242258075
19.999999999999986,0.37445108296242235
20.199999999999985,0.4115254998300589
20.399999999999984,0.45266709404374017
20.599999999999984,0.4983553795427939
20.799999999999983,0.5492294486776874
20.999999999999982,0.605864733027739
21.19999999999998,0.6693541426415736
21.39999999999998,0.7401274137274453
21.59999999999998,0.8201200952560529
21.79999999999998,0.9112265602692946
21.99999999999998,1.0127611826405318
22.199999999999978,1.129174753288395
22.399999999999977,1.2623944593316725
22.599999999999977,1.4144103985434298
22.799999999999976,1.5909928457051161
22.999999999999975,1.794013406987975
23.199999999999974,2.0324917725164116
23.399999999999974,2.307990740078525
23.599999999999973,2.6340219249060013
23.799999999999972,3.019122527859811
23.99999999999997,3.475286855891636
24.19999999999997,4.015962326114871
24.39999999999997,4.661125596358643
24.59999999999997,5.430322076767856
24.79999999999997,6.350724432170974
24.999999999999968,7.443304044923784
25.199999999999967,8.76173887118316
25.399999999999967,10.286693165767918
25.599999999999966,12.169491898934302
25.799999999999965,14.430134808697414
25.999999999999964,17.114440674096045
26.199999999999964,20.33879517239433
26.399999999999963,24.244105673626514
26.599999999999962,28.881151326787208
26.79999999999996,34.510558575468
26.99999999999996,41.19450904380042
