mags_ab,pos_errs_mas
16.0,0.2135907791503809
16.2,0.22839602142647186
16.4,0.24264973111960822
16.599999999999998,0.16429425720126473
16.799999999999997,0.17796885864508774
16.999999999999996,0.19317292885830145
17.199999999999996,0.20924773505485733
17.399999999999995,0.1660477912404508
17.599999999999994,0.18096085708323192
17.799999999999994,0.1972560152543268
17.999999999999993,0.1841234578945728
18.199999999999992,0.18022737149321116
18.39999999999999,0.19751112219234587
18.59999999999999,0.21658759403326322
18.79999999999999,0.2376551004645258
18.99999999999999,0.2610190506315503
19.19999999999999,0.28686871775516676
19.399999999999988,0.3153766557074633
19.599999999999987,0.34699046742031847
19.799999999999986,0.3821153352674957
19.999999999999986,0.42122476160141753
20.199999999999985,0.464878095990925
20.399999999999984,0.5137410965795646
20.599999999999984,0.5686289595338158
20.799999999999983,0.6306872083700803
20.999999999999982,0.7003353946645888
21.19999999999998,0.7793404122363744
21.39999999999998,0.8694192333116788
21.59999999999998,0.9707870571622043
21.79999999999998,1.0889185481183254
21.99999999999998,1.225405801617409
22.199999999999978,1.3840424475314532
22.399999999999977,1.5690665372902317
22.599999999999977,1.7856902113977422
22.799999999999976,2.0406768169222658
22.999999999999975,2.3329294539894017
23.199999999999974,2.6833180940559265
23.399999999999974,3.103007542168403
23.599999999999973,3.602970149274779
23.799999999999972,4.19979449269134
23.99999999999997,4.913443061532832
24.19999999999997,5.76792288625291
24.39999999999997,6.792091975882759
24.59999999999997,8.004266106023207
24.79999999999997,9.473848957554578
24.999999999999968,11.238491926118533
25.199999999999967,13.358168435918612
25.399999999999967,15.904951217673881
25.599999999999966,18.96546284254308
25.799999999999965,22.643819011663343
25.999999999999964,27.065164475272944
26.199999999999964,32.379933174429226
26.399999999999963,38.7689736317262
26.599999999999962,46.449677950123146
26.79999999999996,55.6834069339053
26.99999999999996,66.7843555560458
