mags_ab,pos_errs_mas
16.0,0.3757050756320638
16.2,0.40080249900059295
16.4,0.2735256474776993
16.599999999999998,0.29547741525018106
16.799999999999997,0.32084319314148607
16.999999999999996,0.3475452519774796
17.199999999999996,0.37542566574122915
17.399999999999995,0.4053722461634543
17.599999999999994,0.2614207475327626
17.799999999999994,0.2836823211800797
17.999999999999993,0.30696898145389084
18.199999999999992,0.2414983211452857
18.39999999999999,0.26245418225809675
18.59999999999999,0.232811612360815
18.79999999999999,0.2539480173230244
18.99999999999999,0.23479054308208114
19.19999999999999,0.25633381591880217
19.399999999999988,0.27990498403826386
19.599999999999987,0.2534904377112778
19.799999999999986,0.24174527000136728
19.999999999999986,0.2645344287201681
20.199999999999985,0.2533478185225227
20.399999999999984,0.2695397618447676
20.599999999999984,0.2963538243940261
20.799999999999983,0.32622069744412446
20.999999999999982,0.3596641814011943
21.19999999999998,0.3971039178381332
21.39999999999998,0.4390955580379027
21.59999999999998,0.4864288910407337
21.79999999999998,0.5400556437466467
21.99999999999998,0.6009008283248499
22.199999999999978,0.670444021767158
22.399999999999977,0.7500461176824323
22.599999999999977,0.8419662499730188
22.799999999999976,0.9490389106505648
22.999999999999975,1.0725303901476586
23.199999999999974,1.2168305100983858
23.399999999999974,1.3861900740933522
23.599999999999973,1.5857687437972356
23.799999999999972,1.821817115692868
23.99999999999997,2.101892734888184
24.19999999999997,2.4351182553418647
24.39999999999997,2.8324892019124746
24.59999999999997,3.3092282856584414
24.79999999999997,3.877106803913493
24.999999999999968,4.557377797703834
25.199999999999967,5.373045356183099
25.399999999999967,6.3517533757105085
25.599999999999966,7.526721049418493
25.799999999999965,8.937868558348738
25.999999999999964,10.6331665834871
26.199999999999964,12.670268290845593
26.399999999999963,15.11847033224602
26.599999999999962,18.061059921876545
26.79999999999996,21.59815741381538
26.99999999999996,25.850110353448738
