mags_ab,pos_errs_mas
16.0,inf
16.2,0.30929583272234346
16.4,0.32648168876499506
16.599999999999998,0.34601754028171383
16.799999999999997,0.3667514790324095
16.999999999999996,0.38856071788578367
17.199999999999996,0.27652017711088744
17.399999999999995,0.2979664488109615
17.599999999999994,0.31907919154147846
17.799999999999994,0.34191985299054906
17.999999999999993,0.2670727343040741
18.199999999999992,0.28992994960085056
18.39999999999999,0.2704844828523239
18.59999999999999,0.2965362466316879
18.79999999999999,0.3252674858711814
18.99999999999999,0.35699283726178727
19.19999999999999,0.3921778278701708
19.399999999999988,0.43115655254033625
19.599999999999987,0.4742595849727102
19.799999999999986,0.5218127408723138
19.999999999999986,0.575155470526817
20.199999999999985,0.6337920666376229
20.399999999999984,0.699531833692893
20.599999999999984,0.7737082618261909
20.799999999999983,0.8556340492791755
20.999999999999982,0.9478449780568257
21.19999999999998,1.0525777587012022
21.39999999999998,1.1695253396551084
21.59999999999998,1.3026215374501406
21.79999999999998,1.452673117390339
21.99999999999998,1.6292871354215754
22.199999999999978,1.8220539653434233
22.399999999999977,2.044254675901972
22.599999999999977,2.311305495362746
22.799999999999976,2.6167578104267597
22.999999999999975,2.9820338059341704
23.199999999999974,3.399766284544173
23.399999999999974,3.9053624781435783
23.599999999999973,4.477966317872486
23.799999999999972,5.173265136984273
23.99999999999997,5.998496761897698
24.19999999999997,6.915012530785546
24.39999999999997,8.060659005976747
24.59999999999997,9.43025858128983
24.79999999999997,11.096140991322706
24.999999999999968,13.094073630660825
25.199999999999967,15.432668454872353
25.399999999999967,18.22613046210659
25.599999999999966,21.492651760871713
25.799999999999965,25.568472385824926
25.999999999999964,30.337516543578456
26.199999999999964,36.19432291878685
26.399999999999963,43.23377214498492
26.599999999999962,51.69536346273364
26.79999999999996,61.8670122964236
26.99999999999996,74.09481262537913
