mags_ab,pos_errs_mas
16.0,0.17834765032087
16.2,0.1926044829411338
16.4,0.20620020171754716
16.599999999999998,0.1781870871806977
16.799999999999997,0.18074106537909
16.999999999999996,0.19804831395383993
17.199999999999996,0.2171215791935207
17.399999999999995,0.23814963105169693
17.599999999999994,0.2613504289676012
17.799999999999994,0.2869645684886549
17.999999999999993,0.31507395955696454
18.199999999999992,0.3462301370215241
18.39999999999999,0.3807114894796056
18.59999999999999,0.4189303593851582
18.79999999999999,0.46136817396970253
18.99999999999999,0.5085648381598786
19.19999999999999,0.56123736812787
19.399999999999988,0.6190514492597972
19.599999999999987,0.6840079784342568
19.799999999999986,0.7554035338178259
19.999999999999986,0.8364414729061361
20.199999999999985,0.9287975120873633
20.399999999999984,1.0335072631284332
20.599999999999984,1.1529150880511474
20.799999999999983,1.287459324414285
20.999999999999982,1.443546105608072
21.19999999999998,1.605582559961149
21.39999999999998,1.7971957065943067
21.59999999999998,2.030195684110067
21.79999999999998,2.3022517833800964
21.99999999999998,2.621292040421708
22.199999999999978,2.99698454888569
22.399999999999977,3.441044828908607
22.599999999999977,3.913233047025877
22.799999999999976,4.488316271100604
22.999999999999975,5.203537298622295
23.199999999999974,6.055601208485872
23.399999999999974,7.010047825953084
23.599999999999973,8.189077735582078
23.799999999999972,9.626933091312093
23.99999999999997,11.287111360624513
24.19999999999997,13.339675619937458
24.39999999999997,15.80370435498284
24.59999999999997,18.76290225609483
24.79999999999997,21.994659485981572
24.999999999999968,26.059503642195107
25.199999999999967,31.071661803470633
25.399999999999967,37.09561495380886
25.599999999999966,44.336310513869016
25.799999999999965,53.040114547785066
25.999999999999964,63.503181131423354
26.199999999999964,75.66065394859001
26.399999999999963,90.68741206966138
26.599999999999962,108.75277218248503
26.79999999999996,130.4714673723208
26.99999999999996,156.58252103896572
