mags_ab,pos_errs_mas
16.0,0.3748865713565079
16.2,0.39640125506353974
16.4,0.2753028273942757
16.599999999999998,0.29474816014425465
16.799999999999997,0.3188960033330585
16.999999999999996,0.3438082069904355
17.199999999999996,0.36794947854548704
17.399999999999995,0.39411157928601714
17.599999999999994,0.417256486757972
17.799999999999994,0.26435902302032943
17.999999999999993,0.2860744198438584
18.199999999999992,0.3099106546175101
18.39999999999999,0.24758622156218998
18.59999999999999,0.2697074074221486
18.79999999999999,0.2937149654453436
18.99999999999999,0.25029614594767136
19.19999999999999,0.2741375202340042
19.399999999999988,0.3004125066289495
19.599999999999987,0.32945566855070163
19.799999999999986,0.36144507756127875
19.999999999999986,0.39679451958600365
20.199999999999985,0.4358763673270676
20.399999999999984,0.47914052389803974
20.599999999999984,0.5270026275028721
20.799999999999983,0.58019760388731
20.999999999999982,0.6390783508768091
21.19999999999998,0.7049176846995269
21.39999999999998,0.7784459968189836
21.59999999999998,0.8611604061813499
21.79999999999998,0.953191879760601
21.99999999999998,1.0573370916312876
22.199999999999978,1.1738463372445345
22.399999999999977,1.3074986773917305
22.599999999999977,1.4567437101483172
22.799999999999976,1.6307038904651388
22.999999999999975,1.8283512453211177
23.199999999999974,2.0563707672139615
23.399999999999974,2.3209346819786565
23.599999999999973,2.63194031001089
23.799999999999972,2.9919094296580195
23.99999999999997,3.419966375427806
24.19999999999997,3.9181680448800815
24.39999999999997,4.515747240204873
24.59999999999997,5.226211190844194
24.79999999999997,6.05802164408971
24.999999999999968,7.037013087696275
25.199999999999967,8.232254998290133
25.399999999999967,9.663332861398827
25.599999999999966,11.378574985425226
25.799999999999965,13.436064563662532
25.999999999999964,15.90559451526293
26.199999999999964,18.871033780627926
26.399999999999963,22.433172933033052
26.599999999999962,26.61959772589248
26.79999999999996,31.739571946973026
26.99999999999996,37.89310328837238
