mags_ab,pos_errs_mas
16.0,0.25656149364711284
16.2,0.1606394640776567
16.4,0.16689384325564635
16.599999999999998,0.17817290746397674
16.799999999999997,0.18970878932917437
16.999999999999996,0.2041957531817477
17.199999999999996,0.14534921868174525
17.399999999999995,0.1536248316439656
17.599999999999994,0.1649268478596311
17.799999999999994,0.1415275276497206
17.999999999999993,0.1537471445787153
18.199999999999992,0.14797138414198696
18.39999999999999,0.16166581509272146
18.59999999999999,0.15572324416375513
18.79999999999999,0.15999535146668933
18.99999999999999,0.1690022446797373
19.19999999999999,0.17377522307366478
19.399999999999988,0.19054232307519162
19.599999999999987,0.20907235099832863
19.799999999999986,0.22956971538122325
19.999999999999986,0.25226781904071893
20.199999999999985,0.2774358874113691
20.399999999999984,0.3056048959691964
20.599999999999984,0.33696168163787116
20.799999999999983,0.3716924977592671
20.999999999999982,0.4105353062925093
21.19999999999998,0.45411028428362565
21.39999999999998,0.5031622299763547
21.59999999999998,0.5585903598520153
21.79999999999998,0.6219326487849105
21.99999999999998,0.6944655379020682
22.199999999999978,0.7769168713958554
22.399999999999977,0.8713917443780325
22.599999999999977,0.9806061432896853
22.799999999999976,1.1074786939060315
22.999999999999975,1.255565424960516
23.199999999999974,1.4291923939381015
23.399999999999974,1.6351314807582231
23.599999999999973,1.876698437082052
23.799999999999972,2.163096626060877
23.99999999999997,2.5036170856034077
24.19999999999997,2.909413323910291
24.39999999999997,3.3939901742722802
24.59999999999997,3.9739564492598687
24.79999999999997,4.669517566096956
24.999999999999968,5.501814531364904
25.199999999999967,6.500350113947775
25.399999999999967,7.698990099815285
25.599999999999966,9.138449945345263
25.799999999999965,10.867659304332847
25.999999999999964,12.945420391338914
26.199999999999964,15.451500260656845
26.399999999999963,18.453081803514948
26.599999999999962,22.061013785254897
26.79999999999996,26.398057978533373
26.99999999999996,31.61178406008824
