mags_ab,pos_errs_mas
16.0,0.16637098278685314
16.2,0.17639366974706794
16.4,0.19129893449489652
16.599999999999998,0.14392944567199517
16.799999999999997,0.15314846166306653
16.999999999999996,0.16533975575283402
17.199999999999996,0.17651791969044778
17.399999999999995,0.14039538791606693
17.599999999999994,0.1522391427350249
17.799999999999994,0.16613363588334878
17.999999999999993,0.15410611026954327
18.199999999999992,0.1529398126484387
18.39999999999999,0.16717235608414957
18.59999999999999,0.17147684504388394
18.79999999999999,0.17163527698594852
18.99999999999999,0.18803163747661303
19.19999999999999,0.20610519339460842
19.399999999999988,0.22603420434769275
19.599999999999987,0.24802238421538775
19.799999999999986,0.27230027510890414
19.999999999999986,0.2992987155943839
20.199999999999985,0.32908983421098104
20.399999999999984,0.3619720604989317
20.599999999999984,0.3984578656788264
20.799999999999983,0.4390213876314751
20.999999999999982,0.4842211160961367
21.19999999999998,0.5347192015752043
21.39999999999998,0.5916440091446551
21.59999999999998,0.6557012602439883
21.79999999999998,0.727389512706455
21.99999999999998,0.8085554401997499
22.199999999999978,0.900860951805188
22.399999999999977,1.005903893829187
22.599999999999977,1.1265501844250418
22.799999999999976,1.2658661032948963
22.999999999999975,1.4279389437391343
23.199999999999974,1.6158583683245509
23.399999999999974,1.8357067323654308
23.599999999999973,2.0940272164111056
23.799999999999972,2.395936808490009
23.99999999999997,2.7539564492064437
24.19999999999997,3.1798423011493453
24.39999999999997,3.686744977609951
24.59999999999997,4.2914209267192165
24.79999999999997,5.01404226258932
24.999999999999968,5.87887184605867
25.199999999999967,6.910580416914916
25.399999999999967,8.15108501666999
25.599999999999966,9.639677891765267
25.799999999999965,11.42689412601133
25.999999999999964,13.573459458415337
26.199999999999964,16.152350699820364
26.399999999999963,19.25127636446292
26.599999999999962,22.97565092456905
26.79999999999996,27.452184077375158
26.99999999999996,32.83318159763462
