mags_ab,pos_errs_mas
16.0,inf
16.2,0.3105879181829353
16.4,0.32625101600381423
16.599999999999998,0.3449955077694803
16.799999999999997,0.36558809053656094
16.999999999999996,0.3872349704898779
17.199999999999996,0.3947308684603668
17.399999999999995,0.26372774749581473
17.599999999999994,0.2831219309085617
17.799999999999994,0.3046237038196665
17.999999999999993,0.3261537321581642
18.199999999999992,0.34924863996859706
18.39999999999999,0.25278603857306203
18.59999999999999,0.2715709060253343
18.79999999999999,0.29768836967660417
18.99999999999999,0.32650891773063634
19.19999999999999,0.3583140639294846
19.399999999999988,0.3935446616006347
19.599999999999987,0.43247032636716237
19.799999999999986,0.4757050078116383
19.999999999999986,0.5233969455840293
20.199999999999985,0.5766924612013237
20.399999999999984,0.6355048282521808
20.599999999999984,0.7013430046049748
20.799999999999983,0.775419753299411
20.999999999999982,0.857769265974082
21.19999999999998,0.9501425410306401
21.39999999999998,1.055491695908937
21.59999999999998,1.1723402362353876
21.79999999999998,1.306868632583012
21.99999999999998,1.4570961076706452
22.199999999999978,1.633950063102327
22.399999999999977,1.8266614346925323
22.599999999999977,2.0564471656239447
22.799999999999976,2.3267005763017523
22.999999999999975,2.6428175688200484
23.199999999999974,3.0062879976027093
23.399999999999974,3.4322049717264047
23.599999999999973,3.943593505245035
23.799999999999972,4.55155919709343
23.99999999999997,5.255879800061388
24.19999999999997,6.109156880879337
24.39999999999997,7.076240326783057
24.59999999999997,8.28235950760532
24.79999999999997,9.729812554334387
24.999999999999968,11.430289444845693
25.199999999999967,13.504174006086561
25.399999999999967,15.88931088153013
25.599999999999966,18.855641476955803
25.799999999999965,22.41895253004781
25.999999999999964,26.429085381635392
26.199999999999964,31.39708752904954
26.399999999999963,37.48202431947678
26.599999999999962,44.58641989456927
26.79999999999996,53.333548325567655
26.99999999999996,63.54098600063353
