mags_ab,pos_errs_mas
16.0,0.20699892541572945
16.2,0.223481346891377
16.4,0.24070072655272817
16.599999999999998,0.26004004170957645
16.799999999999997,0.16900012783956656
16.999999999999996,0.18358913372365399
17.199999999999996,0.19708837709760865
17.399999999999995,0.21295651827734213
17.599999999999994,0.16930990124603562
17.799999999999994,0.18444558067192118
17.999999999999993,0.16516759998458225
18.199999999999992,0.18020548595252137
18.39999999999999,0.16852199479858482
18.59999999999999,0.18398408986126477
18.79999999999999,0.20092724578269744
18.99999999999999,0.18515161281801432
19.19999999999999,0.17957320107685437
19.399999999999988,0.18075439052186443
19.599999999999987,0.19156922567057996
19.799999999999986,0.21014347501200986
19.999999999999986,0.23081843427709076
20.199999999999985,0.25360328650825326
20.399999999999984,0.27889547872948756
20.599999999999984,0.30702572230029906
20.799999999999983,0.3383145936451689
20.999999999999982,0.37326243637038864
21.19999999999998,0.4123556997093707
21.39999999999998,0.45625222963701045
21.59999999999998,0.5059692351209255
21.79999999999998,0.5618492568321642
21.99999999999998,0.6253018362368061
22.199999999999978,0.6981610543756861
22.399999999999977,0.7810889075516486
22.599999999999977,0.8765734155913101
22.799999999999976,0.9870335588596938
22.999999999999975,1.1154746208835553
23.199999999999974,1.2654805270419034
23.399999999999974,1.4414849444508107
23.599999999999973,1.6485133461944368
23.799999999999972,1.893359076402405
23.99999999999997,2.1834766812078703
24.19999999999997,2.52771035352711
24.39999999999997,2.93880264692526
24.59999999999997,3.429835087843614
24.79999999999997,4.009868980274999
24.999999999999968,4.710952445786951
25.199999999999967,5.551448885807177
25.399999999999967,6.559835013184999
25.599999999999966,7.770329407581159
25.799999999999965,9.224053110724638
25.999999999999964,10.970421034840198
26.199999999999964,13.068818931242316
26.399999999999963,15.590626443021788
26.599999999999962,18.621633507497286
26.79999999999996,22.264966767823854
26.99999999999996,26.62725651349478
