mags_ab,pos_errs_mas
16.0,0.2417591236381411
16.2,0.2575509015015742
16.4,0.18582556579002782
16.599999999999998,0.20035118967737361
16.799999999999997,0.21625119496771752
16.999999999999996,0.2335573039026752
17.199999999999996,0.24881781730931252
17.399999999999995,0.26498622456086607
17.599999999999994,0.19529332021624515
17.799999999999994,0.21178921063696807
17.999999999999993,0.18730978167175505
18.199999999999992,0.20520471996471362
18.39999999999999,0.22496783134071138
18.59999999999999,0.2467107400837433
18.79999999999999,0.2706985287183287
18.99999999999999,0.29712579351468843
19.19999999999999,0.32633400301767224
19.399999999999988,0.3586624135008783
19.599999999999987,0.3944712216135564
19.799999999999986,0.43409508668292135
19.999999999999986,0.47774691111211864
20.199999999999985,0.5265510071635037
20.399999999999984,0.5809645385447241
20.599999999999984,0.6415497932387316
20.799999999999983,0.7083979147367205
20.999999999999982,0.7844071536194888
21.19999999999998,0.869143989270622
21.39999999999998,0.9656952132463943
21.59999999999998,1.0755450493963972
21.79999999999998,1.1909103471182463
21.99999999999998,1.3280417942292047
22.199999999999978,1.4842044978870106
22.399999999999977,1.6650642031709426
22.599999999999977,1.8761948505951689
22.799999999999976,2.121835540844024
22.999999999999975,2.4087210263891308
23.199999999999974,2.7188657211112175
23.399999999999974,3.1071701018064735
23.599999999999973,3.5658676352373355
23.799999999999972,4.103513491094716
23.99999999999997,4.701562478326511
24.19999999999997,5.445076897652588
24.39999999999997,6.328769619363509
24.59999999999997,7.398017845615997
24.79999999999997,8.677903382417433
24.999999999999968,10.115362752242724
25.199999999999967,11.828694618162444
25.399999999999967,13.977954422489347
25.599999999999966,16.557999258575446
25.799999999999965,19.65647552868487
25.999999999999964,23.378707182196482
26.199999999999964,27.851270317517546
26.399999999999963,33.22630530549568
26.599999999999962,39.68666689778095
26.79999999999996,47.45216188106638
26.99999999999996,56.7870064927268
