mags_ab,pos_errs_mas
16.0,0.24152728591991804
16.2,0.2561956869016745
16.4,0.1810218540014595
16.599999999999998,0.19502591660848423
16.799999999999997,0.21046405843351107
16.999999999999996,0.22731538659828926
17.199999999999996,0.24224664998519238
17.399999999999995,0.19591259981721348
17.599999999999994,0.19094059076863354
17.799999999999994,0.20361344654727434
17.999999999999993,0.2232272261831653
18.199999999999992,0.24486575468939517
18.39999999999999,0.2687358274114304
18.59999999999999,0.29504179797768576
18.79999999999999,0.3241656836405108
18.99999999999999,0.35647603802371536
19.19999999999999,0.39232416408090265
19.399999999999988,0.4319704214392165
19.599999999999987,0.4754629224617044
19.799999999999986,0.5244955255360573
19.999999999999986,0.5792913845732167
20.199999999999985,0.6399594033735889
20.399999999999984,0.7069242438993977
20.599999999999984,0.7838832659123207
20.799999999999983,0.8694518139117116
20.999999999999982,0.9676587153087232
21.19999999999998,1.0797226043655
21.39999999999998,1.190804419676359
21.59999999999998,1.3274618152479818
21.79999999999998,1.4861123397624176
21.99999999999998,1.6685291097903345
22.199999999999978,1.8830783901490658
22.399999999999977,2.13247911122076
22.599999999999977,2.4000656104493783
22.799999999999976,2.7215008941583245
22.999999999999975,3.1080362155814063
23.199999999999974,3.56182297735865
23.399999999999974,4.098241132037906
23.599999999999973,4.684577087612412
23.799999999999972,5.438093644922084
23.99999999999997,6.313957572152631
24.19999999999997,7.294143998984037
24.39999999999997,8.549738324247524
24.59999999999997,10.054010231813375
24.79999999999997,11.758871998915271
24.999999999999968,13.897977039156203
25.199999999999967,16.465920503716607
25.399999999999967,19.549941258868305
25.599999999999966,23.25487404436068
25.799999999999965,27.706715321889472
25.999999999999964,33.05689561727995
26.199999999999964,39.267776791561914
26.399999999999963,46.94284402956995
26.599999999999962,56.16890071819659
26.79999999999996,67.25988021262319
26.99999999999996,80.59316578446011
