mags_ab,pos_errs_mas
16.0,0.2137657674643558
16.2,0.23239442305882277
16.4,0.2511204463916046
16.599999999999998,0.26572047168887764
16.799999999999997,0.28370437691391914
16.999999999999996,0.1672140146004513
17.199999999999996,0.17862682882750266
17.399999999999995,0.19407962757895805
17.599999999999994,0.1537418798461888
17.799999999999994,0.16378642988560083
17.999999999999993,0.1766660624570716
18.199999999999992,0.19041229257614647
18.39999999999999,0.15663744569989457
18.59999999999999,0.17092827059256263
18.79999999999999,0.15713280184819042
18.99999999999999,0.17162988623767686
19.19999999999999,0.18751003304699326
19.399999999999988,0.17417701272468608
19.599999999999987,0.1762878291040033
19.799999999999986,0.17823752255937972
19.999999999999986,0.1873572693314387
20.199999999999985,0.20563306170125442
20.399999999999984,0.22588877180412542
20.599999999999984,0.24836858905317422
20.799999999999983,0.27353054833277785
20.999999999999982,0.3015103536086976
21.19999999999998,0.3326733181558605
21.39999999999998,0.36748936250415104
21.59999999999998,0.4065784447800709
21.79999999999998,0.4506250125507644
21.99999999999998,0.5004500604993201
22.199999999999978,0.557049441544429
22.399999999999977,0.6221152718949639
22.599999999999977,0.6973079286876378
22.799999999999976,0.7826719547793829
22.999999999999975,0.8814770784174393
23.199999999999974,0.9963963505760329
23.399999999999974,1.1306857102005388
23.599999999999973,1.288304307890686
23.799999999999972,1.4740575684126425
23.99999999999997,1.693766428756294
24.19999999999997,1.956385845501795
24.39999999999997,2.266577109179858
24.59999999999997,2.6364693254003257
24.79999999999997,3.078385267234215
24.999999999999968,3.607148008642296
25.199999999999967,4.240580664340883
25.399999999999967,5.000104776461477
25.599999999999966,5.911463684188325
25.799999999999965,7.005592229039773
25.999999999999964,8.319663127525917
26.199999999999964,9.898348511932657
26.399999999999963,11.795338906376198
26.599999999999962,14.075160317636346
26.79999999999996,16.815376191450774
26.99999999999996,20.1092168148403
