mags_ab,pos_errs_mas
16.0,0.20055352036109578
16.2,0.21551846695815768
16.4,0.16488493218527336
16.599999999999998,0.1792364228558929
16.799999999999997,0.17384697640436111
16.999999999999996,0.18138497463176606
17.199999999999996,0.19872779361797202
17.399999999999995,0.21783116989328932
17.599999999999994,0.23888105914104357
17.799999999999994,0.2620868830314325
17.999999999999993,0.2877293338682207
18.199999999999992,0.3158711319290594
18.39999999999999,0.34695858807376645
18.59999999999999,0.38131887563488487
18.79999999999999,0.4193454341823432
18.99999999999999,0.46149488967314
19.19999999999999,0.5082775257380117
19.399999999999988,0.5604746411142995
19.599999999999987,0.6174821182212518
19.799999999999986,0.6816217775390895
19.999999999999986,0.7511836405262535
20.199999999999985,0.8309865773054526
20.399999999999984,0.9207722298652505
20.599999999999984,1.0220898679834947
20.799999999999983,1.1369291298735054
20.999999999999982,1.2660226180177716
21.19999999999998,1.4134560743915139
21.39999999999998,1.566073348391463
21.59999999999998,1.7507921132550295
21.79999999999998,1.9687301070444279
21.99999999999998,2.22158943765846
22.199999999999978,2.51597656561232
22.399999999999977,2.860480157426781
22.599999999999977,3.2653525710332443
22.799999999999976,3.669083349567685
22.999999999999975,4.188531343641939
23.199999999999974,4.825391164696297
23.399999999999974,5.582503774328418
23.599999999999973,6.4846269369455865
23.799999999999972,7.561720392068519
23.99999999999997,8.849834346014834
24.19999999999997,10.338646306789267
24.39999999999997,12.002193391523216
24.59999999999997,14.154331562679868
24.79999999999997,16.73678191088536
24.999999999999968,19.837205475701193
25.199999999999967,23.560944193736674
25.399999999999967,28.034592279281394
25.599999999999966,33.41029226138794
25.799999999999965,39.69443639201012
25.999999999999964,47.41341775352994
26.199999999999964,56.691807776589734
26.399999999999963,67.8453144171664
26.599999999999962,81.2534483171607
26.79999999999996,97.37245579802348
26.99999999999996,116.75081257272197
