mags_ab,pos_errs_mas
16.0,inf
16.2,inf
16.4,0.25883973288820983
16.599999999999998,0.2836122799000319
16.799999999999997,0.30153589088300187
16.999999999999996,0.20883489913155853
17.199999999999996,0.2258400880800215
17.399999999999995,0.24093803220614177
17.599999999999994,0.18707314220352114
17.799999999999994,0.20237848232080538
17.999999999999993,0.21587400547687424
18.199999999999992,0.23448403666647058
18.39999999999999,0.18467358220867142
18.59999999999999,0.19901659542214165
18.79999999999999,0.17494959687868872
18.99999999999999,0.19079204834278204
19.19999999999999,0.1711169202821638
19.399999999999988,0.1867509295625264
19.599999999999987,0.20393556760214548
19.799999999999986,0.22273545237418507
19.999999999999986,0.19852875930045613
20.199999999999985,0.19071203572096632
20.399999999999984,0.19728779726510115
20.599999999999984,0.2042197078071577
20.799999999999983,0.22444440920513495
20.999999999999982,0.24695956338994626
21.19999999999998,0.27216242167303767
21.39999999999998,0.30034992975336333
21.59999999999998,0.33184315188718183
21.79999999999998,0.3672876565352788
21.99999999999998,0.4073288962585426
22.199999999999978,0.45267574859006326
22.399999999999977,0.5042375571823545
22.599999999999977,0.5631854993360516
22.799999999999976,0.6308997020292977
22.999999999999975,0.7093311915764148
23.199999999999974,0.8008515532589101
23.399999999999974,0.9064663290077699
23.599999999999973,1.030094055702882
23.799999999999972,1.175427923992345
23.99999999999997,1.3469470832204629
24.19999999999997,1.550073761680534
24.39999999999997,1.791359091097923
24.59999999999997,2.078706051812532
24.79999999999997,2.421635999910933
24.999999999999968,2.8328914663961307
25.199999999999967,3.3235403230966933
25.399999999999967,3.911532527886376
25.599999999999966,4.61677200188196
25.799999999999965,5.463176170551746
25.999999999999964,6.479486391853324
26.199999999999964,7.700240565862574
26.399999999999963,9.166946021818259
26.599999999999962,10.929487404739362
26.79999999999996,13.047823743978983
26.99999999999996,15.594024014281908
