mags_ab,pos_errs_mas
16.0,0.17787205286695176
16.2,0.15451083701786558
16.4,0.159941501231495
16.599999999999998,0.14860812322733058
16.799999999999997,0.15305375454395137
16.999999999999996,0.14483928043913336
17.199999999999996,0.15201062983729421
17.399999999999995,0.16554722884633183
17.599999999999994,0.1588606163662046
17.799999999999994,0.15971215611916076
17.999999999999993,0.17504767634777663
18.199999999999992,0.17664491245992975
18.39999999999999,0.1927913571268202
18.59999999999999,0.2122417753019216
18.79999999999999,0.23400183037878514
18.99999999999999,0.25830998935372895
19.19999999999999,0.28560750378918687
19.399999999999988,0.3163667487341419
19.599999999999987,0.3511568064537635
19.799999999999986,0.3907604950258397
19.999999999999986,0.43614610965597156
20.199999999999985,0.48781469340628997
20.399999999999984,0.5473100432347235
20.599999999999984,0.6161536673388892
20.799999999999983,0.6962010745039086
20.999999999999982,0.7903968337811844
21.19999999999998,0.9002867379721818
21.39999999999998,1.0296209879680092
21.59999999999998,1.1825521812819066
21.79999999999998,1.363969871747316
21.99999999999998,1.5797773274245968
22.199999999999978,1.8385783476328486
22.399999999999977,2.146659176429147
22.599999999999977,2.5146085070775643
22.799999999999976,2.955356810014031
22.999999999999975,3.483806365095901
23.199999999999974,4.119316067237298
23.399999999999974,4.880593704578393
23.599999999999973,5.794873332360839
23.799999999999972,6.89323526261368
23.99999999999997,8.213030965807768
24.19999999999997,9.79915513648293
24.39999999999997,11.705568486531108
24.59999999999997,13.997133556795415
24.79999999999997,16.75182296723802
24.999999999999968,20.063368875176916
25.199999999999967,24.044454373558537
25.399999999999967,28.83054636431623
25.599999999999966,34.58450365014277
25.799999999999965,41.50212673616408
25.999999999999964,49.818805556786124
26.199999999999964,59.817537674393975
26.399999999999963,71.83857104921155
26.599999999999962,86.29095469938498
26.79999999999996,103.66647733029423
26.99999999999996,124.55638510769664
