mags_ab,pos_errs_mas
16.0,0.21330472525074393
16.2,0.16920471371281978
16.4,0.17846326934522802
16.599999999999998,0.1913826383342084
16.799999999999997,0.15330221422863027
16.999999999999996,0.164733386127994
17.199999999999996,0.17881950231145405
17.399999999999995,0.19458111081429622
17.599999999999994,0.1628063244699161
17.799999999999994,0.17758137296228843
17.999999999999993,0.1660769379710094
18.199999999999992,0.18141359194768905
18.39999999999999,0.18056015217508423
18.59999999999999,0.1782841544386894
18.79999999999999,0.19464486819842602
18.99999999999999,0.21332810935612723
19.19999999999999,0.23393013636877827
19.399999999999988,0.2567520794879015
19.599999999999987,0.2819749974305658
19.799999999999986,0.30969163887522727
19.999999999999986,0.3403308254596559
20.199999999999985,0.3742550722761569
20.399999999999984,0.41187793630503067
20.599999999999984,0.45367981228754706
20.799999999999983,0.5002276613214603
20.999999999999982,0.552377388720568
21.19999999999998,0.6109873648804912
21.39999999999998,0.6760697842026944
21.59999999999998,0.7493588967364567
21.79999999999998,0.8313550148837058
21.99999999999998,0.9249921747274621
22.199999999999978,1.0316531739412076
22.399999999999977,1.1538007258234513
22.599999999999977,1.2943280779586073
22.799999999999976,1.4572416229268275
22.999999999999975,1.645604816930031
23.199999999999974,1.8608858574208589
23.399999999999974,2.1145582815752677
23.599999999999973,2.414403801103286
23.799999999999972,2.76841549617728
23.99999999999997,3.187814464573869
24.19999999999997,3.6861172953535224
24.39999999999997,4.27940272706587
24.59999999999997,4.987920844533676
24.79999999999997,5.825683391066092
24.999999999999968,6.835364319552189
25.199999999999967,8.02568066073949
25.399999999999967,9.46491091496276
25.599999999999966,11.198811379702336
25.799999999999965,13.281900393327128
25.999999999999964,15.784014352937112
26.199999999999964,18.790226188435753
26.399999999999963,22.402785749353438
26.599999999999962,26.650975450424696
26.79999999999996,31.811413872015123
26.99999999999996,38.051048060832386
