mags_ab,pos_errs_mas
16.0,0.18824088269782255
16.2,0.17984487993970952
16.4,0.19709232196122542
16.599999999999998,0.21610841652428134
16.799999999999997,0.2370890838492866
16.999999999999996,0.26024608706787045
17.199999999999996,0.2858301640552599
17.399999999999995,0.3137885163143833
17.599999999999994,0.34496884316543613
17.799999999999994,0.3795233534746012
17.999999999999993,0.41788287965795134
18.199999999999992,0.4605534455754447
18.39999999999999,0.5080963641354983
18.59999999999999,0.5612744950153401
18.79999999999999,0.6192091466498099
18.99999999999999,0.6848360368253259
19.19999999999999,0.7566104446737951
19.399999999999988,0.8386385056139735
19.599999999999987,0.9326766711681165
19.799999999999986,1.0398025267030788
19.999999999999986,1.1621840369538885
20.199999999999985,1.299705725069744
20.399999999999984,1.459025091012444
20.599999999999984,1.6176524858607635
20.799999999999983,1.817375403990028
20.999999999999982,2.057392154851884
21.19999999999998,2.3386399041431245
21.39999999999998,2.6685759334751977
21.59999999999998,3.057508268408292
21.79999999999998,3.485787093031035
21.99999999999998,3.921597319299204
22.199999999999978,4.534205423440449
22.399999999999977,5.263910209673824
22.599999999999977,6.134912649379954
22.799999999999976,7.176337425361703
22.999999999999975,8.423210208564575
23.199999999999974,9.779831903342064
23.399999999999974,11.40323538418517
23.599999999999973,13.478781962338955
23.799999999999972,15.97046349902557
23.99999999999997,18.962929098986155
24.19999999999997,22.557905653917135
24.39999999999997,26.877649733088937
24.59999999999997,31.880060806430283
24.79999999999997,38.074458098320164
24.999999999999968,45.52020361659814
25.199999999999967,54.47064031340381
25.399999999999967,65.23032067879593
25.599999999999966,78.16536350403736
25.799999999999965,93.71592369689641
25.999999999999964,112.41114810844344
26.199999999999964,134.88719131720484
26.399999999999963,161.90888703840943
26.599999999999962,194.39572142232797
26.79999999999996,233.45317295058845
26.99999999999996,280.41025732523707
