mags_ab,pos_errs_mas
16.0,0.20056421866269036
16.2,0.21553248929374808
16.4,0.16490414075231524
16.599999999999998,0.1792617303338192
16.799999999999997,0.17388169229450412
16.999999999999996,0.18143153472224058
17.199999999999996,0.1987890049662694
17.399999999999995,0.2179116602654129
17.599999999999994,0.23898690341473766
17.799999999999994,0.2622290234763516
17.999999999999993,0.28793072394578373
18.199999999999992,0.3161132511223338
18.39999999999999,0.34727680965412977
18.59999999999999,0.381736956489683
18.79999999999999,0.41989444502193135
18.99999999999999,0.4622154019442416
19.19999999999999,0.5092226779997275
19.399999999999988,0.561713609283823
19.599999999999987,0.6191195196564945
19.799999999999986,0.6837741013580042
19.999999999999986,0.7545421219304315
20.199999999999985,0.8346785421414096
20.399999999999984,0.9255856143278391
20.599999999999984,1.0283630386065914
20.799999999999983,1.145178309305923
20.999999999999982,1.2767499881350457
21.19999999999998,1.4284579321360495
21.39999999999998,1.5859467985867375
21.59999999999998,1.7742682197932784
21.79999999999998,1.9988770043957658
21.99999999999998,2.260164398350056
22.199999999999978,2.5655493033437806
22.399999999999977,2.924052116926664
22.599999999999977,3.346083504832481
22.799999999999976,3.790538481575779
22.999999999999975,4.351565003049094
23.199999999999974,5.029849504760128
23.399999999999974,5.826868310305048
23.599999999999973,6.745432263345481
23.799999999999972,7.884333852616302
23.99999999999997,9.247826825426026
24.19999999999997,10.831659775181233
24.39999999999997,12.777685746217275
24.59999999999997,15.112957484518002
24.79999999999997,17.916758670679688
24.999999999999968,20.992194482995238
25.199999999999967,24.96560220025792
25.399999999999967,29.739939629386114
25.599999999999966,35.477602930720124
25.799999999999965,42.373790649448
25.999999999999964,50.663131891288984
26.199999999999964,60.62767118997736
26.399999999999963,72.31807822224353
26.599999999999962,86.65041400874188
26.79999999999996,103.8807528223453
26.99999999999996,124.59538868844342
