mags_ab,pos_errs_mas
16.0,0.1760195698179731
16.2,0.17862379823206648
16.4,0.19256586681595067
16.599999999999998,0.21118583903621393
16.799999999999997,0.23175109673695238
16.999999999999996,0.25448790747428535
17.199999999999996,0.2796489844810505
17.399999999999995,0.3075325591027626
17.599999999999994,0.3384831552311335
17.799999999999994,0.3728062750582916
17.999999999999993,0.41098879150779494
18.199999999999992,0.4533385109162684
18.39999999999999,0.5010093817386211
18.59999999999999,0.5545433685550216
18.79999999999999,0.6147914692620077
18.99999999999999,0.6829079148970324
19.19999999999999,0.7601379694573248
19.399999999999988,0.8454660526291056
19.599999999999987,0.9453846882906765
19.799999999999986,1.0603439943106383
19.999999999999986,1.1932749069927178
20.199999999999985,1.3476947361116
20.399999999999984,1.5254394972715264
20.599999999999984,1.7214094901824024
20.799999999999983,1.9647340228754149
20.999999999999982,2.2519185778683113
21.19999999999998,2.5920473330048797
21.39999999999998,2.9960961105248343
21.59999999999998,3.477304433766633
21.79999999999998,3.9826998827669087
21.99999999999998,4.651190520805298
22.199999999999978,5.4511048896189935
22.399999999999977,6.409410916491788
22.599999999999977,7.5585210764147135
22.799999999999976,8.88791753148521
22.999999999999975,10.531154153565138
23.199999999999974,12.504660053749813
23.399999999999974,14.87552457283362
23.599999999999973,17.72437354510855
23.799999999999972,21.148113451392526
23.99999999999997,25.263219641019905
24.19999999999997,30.209706823730247
24.39999999999997,36.155881220812766
24.59999999999997,43.30406951311916
24.79999999999997,51.89750737405846
24.999999999999968,62.22860816662492
25.199999999999967,74.64891776137658
25.399999999999967,89.58107466110738
25.599999999999966,107.5331854726689
25.799999999999965,129.11614289333014
25.999999999999964,155.0643640593817
26.199999999999964,186.26080884178376
26.399999999999963,223.76706335022507
26.599999999999962,268.85938537054443
26.79999999999996,323.07218166348207
26.99999999999996,388.25018693813666
