mags_ab,pos_errs_mas
16.0,inf
16.2,inf
16.4,0.25937101430916765
16.599999999999998,0.28337512452037533
16.799999999999997,0.300674945675565
16.999999999999996,0.20858277357741034
17.199999999999996,0.22387072954709472
17.399999999999995,0.23985584057736617
17.599999999999994,0.18496761219953622
17.799999999999994,0.20021909040487254
17.999999999999993,0.21703407576443778
18.199999999999992,0.18394365551180028
18.39999999999999,0.20012403078553564
18.59999999999999,0.21791577042324567
18.79999999999999,0.19275950356582153
18.99999999999999,0.18383590899306684
19.19999999999999,0.2007919954516681
19.399999999999988,0.19413864304551443
19.599999999999987,0.19863036393059896
19.799999999999986,0.21654025177210623
19.999999999999986,0.23746727504133722
20.199999999999985,0.2606797259753369
20.399999999999984,0.2863484682252459
20.599999999999984,0.31465642594102705
20.799999999999983,0.3460334869537691
20.999999999999982,0.38084329649411736
21.19999999999998,0.4195267370460762
21.39999999999998,0.46264109766655065
21.59999999999998,0.5108180694370563
21.79999999999998,0.5650834648277286
21.99999999999998,0.625626513885502
22.199999999999978,0.6945163859180414
22.399999999999977,0.7717841815088023
22.599999999999977,0.8595822140770155
22.799999999999976,0.9598910570081773
22.999999999999975,1.0739666640509107
23.199999999999974,1.2062221080153268
23.399999999999974,1.3588396420942053
23.599999999999973,1.5369116854269338
23.799999999999972,1.745787367029112
23.99999999999997,1.9897557155606178
24.19999999999997,2.270192509431809
24.39999999999997,2.6073162453441268
24.59999999999997,3.0071923456810166
24.79999999999997,3.4828267017788312
24.999999999999968,4.049896886715847
25.199999999999967,4.727280134375152
25.399999999999967,5.537686578310762
25.599999999999966,6.5084232097312436
25.799999999999965,7.672310510375037
25.999999999999964,9.068791007985283
26.199999999999964,10.729021119210703
26.399999999999963,12.736496934605555
26.599999999999962,15.14809407496831
26.79999999999996,18.045822470655416
26.99999999999996,21.528245855607462
