mags_ab,pos_errs_mas
16.0,0.1779532835190684
16.2,0.15471024270229317
16.4,0.16017435405000804
16.599999999999998,0.14891257243660744
16.799999999999997,0.1534118847112175
16.999999999999996,0.14351723142327114
17.199999999999996,0.1538322498566056
17.399999999999995,0.16816564381115207
17.599999999999994,0.1621567158793375
17.799999999999994,0.16367866695473887
17.999999999999993,0.17320943087048962
18.199999999999992,0.1832021978361271
18.39999999999999,0.20146717958868585
18.59999999999999,0.22187379136399626
18.79999999999999,0.2446066742257767
18.99999999999999,0.27006066762944914
19.19999999999999,0.29864790175877665
19.399999999999988,0.3308626245103016
19.599999999999987,0.36730284633343463
19.799999999999986,0.40901491637843934
19.999999999999986,0.456241103532156
20.199999999999985,0.5103685439512329
20.399999999999984,0.5727063313632629
20.599999999999984,0.6448522579993281
20.799999999999983,0.7293155040073537
20.999999999999982,0.827350822566543
21.19999999999998,0.9423919950141603
21.39999999999998,1.0779401318446038
21.59999999999998,1.2382367513280887
21.79999999999998,1.4284102926382527
21.99999999999998,1.655948505883692
22.199999999999978,1.9257057311896189
22.399999999999977,2.2479590181800506
22.599999999999977,2.6335142889262033
22.799999999999976,3.0953642048557293
22.999999999999975,3.650079874793319
23.199999999999974,4.314490297889772
23.399999999999974,5.112118551525333
23.599999999999973,6.070062179726036
23.799999999999972,7.2208862353078995
23.99999999999997,8.60372647736719
24.19999999999997,10.26562236646777
24.39999999999997,12.263112585649202
24.59999999999997,14.664158511424581
24.79999999999997,17.550457974976393
24.999999999999968,21.020221409232434
25.199999999999967,25.19151585532529
25.399999999999967,30.206280407855537
25.599999999999966,36.235154826687356
25.799999999999965,43.483295300661446
25.999999999999964,52.19733833999703
26.199999999999964,62.6738024505335
26.399999999999963,75.26919279466819
26.599999999999962,90.4121027404529
26.79999999999996,108.6178171150599
26.99999999999996,130.50583344105303
