mags_ab,pos_errs_mas
16.0,0.20896711594615
16.2,0.22610841079494265
16.4,0.24510430612765155
16.599999999999998,0.18537492126908509
16.799999999999997,0.20104817057364968
16.999999999999996,0.21855524211543872
17.199999999999996,0.1811248652738737
17.399999999999995,0.1973303094007896
17.599999999999994,0.2148592359240318
17.799999999999994,0.18496221366626123
17.999999999999993,0.20164940455671868
18.199999999999992,0.1844602504874646
18.39999999999999,0.17852881708740095
18.59999999999999,0.1949876674922971
18.79999999999999,0.19551454126687806
18.99999999999999,0.1912269940106136
19.19999999999999,0.19712479567355512
19.399999999999988,0.21611581179404377
19.599999999999987,0.23703105848032086
19.799999999999986,0.26016339821138934
19.999999999999986,0.28575171313522485
20.199999999999985,0.314133007978376
20.399999999999984,0.34558391786383896
20.599999999999984,0.38057158321598455
20.799999999999983,0.4195819557018532
20.999999999999982,0.4631305010033112
21.19999999999998,0.5117240172405265
21.39999999999998,0.5662747037327591
21.59999999999998,0.6277516792614768
21.79999999999998,0.6979574696341664
21.99999999999998,0.7769239683082514
22.199999999999978,0.8668392658405083
22.399999999999977,0.9700188908417714
22.599999999999977,1.088290320334236
22.799999999999976,1.2255549371834757
22.999999999999975,1.3842126712425946
23.199999999999974,1.570691439879547
23.399999999999974,1.7863379447194854
23.599999999999973,2.0415347864740165
23.799999999999972,2.3430819739016724
23.99999999999997,2.700584009668707
24.19999999999997,3.125638898257328
24.39999999999997,3.6322309095973258
24.59999999999997,4.237200173760724
24.79999999999997,4.960810054011201
24.999999999999968,5.827424781324941
25.199999999999967,6.86633199797019
25.399999999999967,8.112726965276728
25.599999999999966,9.599799498131683
25.799999999999965,11.39232802438699
25.999999999999964,13.545615036009831
26.199999999999964,16.132881657772604
26.399999999999963,19.24213301884643
26.599999999999962,22.9791426628419
26.79999999999996,27.47105529898508
26.99999999999996,32.870705262111
