mags_ab,pos_errs_mas
16.0,0.16608956150948095
16.2,0.180701978534774
16.4,0.18742591989749666
16.599999999999998,0.14637594398650589
16.799999999999997,0.15405618558955875
16.999999999999996,0.1648670113648825
17.199999999999996,0.14541962653989762
17.399999999999995,0.1548106660452374
17.599999999999994,0.1685141579680178
17.799999999999994,0.15310040922168588
17.999999999999993,0.14840561545143668
18.199999999999992,0.16218431837912758
18.39999999999999,0.16453967688625276
18.59999999999999,0.17092584245305484
18.79999999999999,0.17860991218127525
18.99999999999999,0.19580294684594374
19.19999999999999,0.2147837633212571
19.399999999999988,0.23575203537749828
19.599999999999987,0.25893857938570886
19.799999999999986,0.284607732523502
19.999999999999986,0.3133267254192009
20.199999999999985,0.3449636363808826
20.399999999999984,0.3801179411511687
20.599999999999984,0.4193187562428919
20.799999999999983,0.4631494441111273
20.999999999999982,0.5123067777064513
21.19999999999998,0.5676276468599423
21.39999999999998,0.6307437872733722
21.59999999999998,0.7018818786629939
21.79999999999998,0.7825483554434489
21.99999999999998,0.8748484825558943
22.199999999999978,0.9809562457693435
22.399999999999977,1.1035413375125718
22.599999999999977,1.2459003118506424
22.799999999999976,1.4126698324242426
22.999999999999975,1.6060223136595573
23.199999999999974,1.8343887844764748
23.399999999999974,2.1041043634131205
23.599999999999973,2.423727234585846
23.799999999999972,2.8036027850118566
23.99999999999997,3.2562069665721465
24.19999999999997,3.796566677815481
24.39999999999997,4.437893583940474
24.59999999999997,5.207670829121642
24.79999999999997,6.131968932952935
24.999999999999968,7.240692417212135
25.199999999999967,8.571451602307677
25.399999999999967,10.169441521197095
25.599999999999966,12.0889726893882
25.799999999999965,14.388408834026324
25.999999999999964,17.157431083004905
26.199999999999964,20.485456034824743
26.399999999999963,24.485714104777482
26.599999999999962,29.294311654084947
26.79999999999996,35.074868692960926
26.99999999999996,42.024074765123174
