mags_ab,pos_errs_mas
16.0,0.14885947616307768
16.2,0.15923355542768278
16.4,0.13984725163725942
16.599999999999998,0.14899090930335704
16.799999999999997,0.16232111854464884
16.999999999999996,0.15264388817070418
17.199999999999996,0.15129831176085712
17.399999999999995,0.1547324246366117
17.599999999999994,0.16114675103131557
17.799999999999994,0.17046795606920914
17.999999999999993,0.17894068015400977
18.199999999999992,0.19600156331149474
18.39999999999999,0.21478476941603156
18.59999999999999,0.23546781427843982
18.79999999999999,0.2582503216384294
18.99999999999999,0.2834833340912949
19.19999999999999,0.31136149177022865
19.399999999999988,0.3418866694355895
19.599999999999987,0.3755909665239971
19.799999999999986,0.4128473606069042
19.999999999999986,0.454085834549643
20.199999999999985,0.499805129294207
20.399999999999984,0.5509996042363894
20.599999999999984,0.6078163676792323
20.799999999999983,0.670839034826615
20.999999999999982,0.7410760042853776
21.19999999999998,0.8191863265268381
21.39999999999998,0.9074081137676763
21.59999999999998,1.006966864204173
21.79999999999998,1.1197759827461609
21.99999999999998,1.248792805293333
22.199999999999978,1.3952458105217376
22.399999999999977,1.563378717452597
22.599999999999977,1.752810875508084
22.799999999999976,1.9747753550820926
22.999999999999975,2.2294596323841795
23.199999999999974,2.53006527145058
23.399999999999974,2.882886439524545
23.599999999999973,3.298659942122838
23.799999999999972,3.7904121727509863
23.99999999999997,4.367070827258724
24.19999999999997,5.057602078088403
24.39999999999997,5.864136982584343
24.59999999999997,6.834509208811696
24.79999999999997,8.001177244058512
24.999999999999968,9.398373791918297
25.199999999999967,11.073313481448027
25.399999999999967,13.082737409564201
25.599999999999966,15.494828782880678
25.799999999999965,18.3673593602006
25.999999999999964,21.83917790447945
26.199999999999964,26.010716790371127
26.399999999999963,31.02386914789045
26.599999999999962,37.049177848432706
26.79999999999996,44.29164423334574
26.99999999999996,52.99768696368949
