mags_ab,pos_errs_mas
16.0,0.173404718587476
16.2,0.1690338271345739
16.4,0.18360159844964713
16.599999999999998,0.15107428362464545
16.799999999999997,0.16097606416414598
16.999999999999996,0.17560595898229045
17.199999999999996,0.14537135056263395
17.399999999999995,0.1524064172673741
17.599999999999994,0.16224690097674674
17.799999999999994,0.14950184940932987
17.999999999999993,0.16247374214491586
18.199999999999992,0.15632302285015415
18.39999999999999,0.16172222409815676
18.59999999999999,0.17207830242547112
18.79999999999999,0.18465848241207983
18.99999999999999,0.1978856594664191
19.19999999999999,0.21866690305952968
19.399999999999988,0.2421431890181851
19.599999999999987,0.26872205088897827
19.799999999999986,0.2988749265088804
19.999999999999986,0.33329081387810916
20.199999999999985,0.3727542427528279
20.399999999999984,0.4182224941476093
20.599999999999984,0.47123382539782344
20.799999999999983,0.5326524823412
20.999999999999982,0.6042765910306068
21.19999999999998,0.6883500023780526
21.39999999999998,0.7874355341564127
21.59999999999998,0.9046377728028634
21.79999999999998,1.0441666219276557
21.99999999999998,1.2096723205169468
22.199999999999978,1.4070432286464918
22.399999999999977,1.6428552947526887
22.599999999999977,1.9250192132932618
22.799999999999976,2.2630462675785687
22.999999999999975,2.6683686792891366
23.199999999999974,3.154724538705426
23.399999999999974,3.7386229922882235
23.599999999999973,4.439902025560854
23.799999999999972,5.282402421173917
23.99999999999997,6.2947756466578815
24.19999999999997,7.511459734622604
24.39999999999997,8.973847340129977
24.59999999999997,10.73169427178269
24.79999999999997,12.844812971776339
24.999999999999968,15.38510563980868
25.199999999999967,18.43901170363431
25.399999999999967,22.11044852264692
25.599999999999966,26.524345862169138
25.799999999999965,31.830903817852967
25.999999999999964,38.21069168995328
26.199999999999964,45.880799172977724
26.399999999999963,55.10223260473155
26.599999999999962,66.18877767927482
26.79999999999996,79.51768851282391
26.99999999999996,95.5425167816568
