mags_ab,pos_errs_mas
16.0,inf
16.2,inf
16.4,0.25887386887844904
16.599999999999998,0.28366061875672294
16.799999999999997,0.30158829244400265
16.999999999999996,0.20889088961878466
17.199999999999996,0.22590879830685776
17.399999999999995,0.2410322298234552
17.599999999999994,0.18717018305500419
17.799999999999994,0.20249978281623923
17.999999999999993,0.21601189603632015
18.199999999999992,0.23466171431689542
18.39999999999999,0.1848712219144633
18.59999999999999,0.19931265424662623
18.79999999999999,0.1752530061339188
18.99999999999999,0.19118919916152632
19.19999999999999,0.17164388077480305
19.399999999999988,0.1874920867879474
19.599999999999987,0.2048419213622109
19.799999999999986,0.22392535560887117
19.999999999999986,0.20016977194771554
20.199999999999985,0.21936287700101417
20.399999999999984,0.20035903001500116
20.599999999999984,0.20836977936905718
20.799999999999983,0.22987544410268704
20.999999999999982,0.25406042210194385
21.19999999999998,0.28134858599440227
21.39999999999998,0.31246538169631044
21.59999999999998,0.3476160031038206
21.79999999999998,0.38775990212705874
21.99999999999998,0.4338180400713686
22.199999999999978,0.4869185199549586
22.399999999999977,0.548430408445015
22.599999999999977,0.6200955401384277
22.799999999999976,0.703978275232168
22.999999999999975,0.802434275129324
23.199999999999974,0.9184222579472012
23.399999999999974,1.0562529023854084
23.599999999999973,1.2191782341991932
23.799999999999972,1.4140009736306416
23.99999999999997,1.6457213815795952
24.19999999999997,1.9222316663334091
24.39999999999997,2.25313740258772
24.59999999999997,2.649597291919615
24.79999999999997,3.12502342047844
24.999999999999968,3.695532852827152
25.199999999999967,4.38049309113174
25.399999999999967,5.203177508813094
25.599999999999966,6.191555751644121
25.799999999999965,7.38146216815317
25.999999999999964,8.808975326131026
26.199999999999964,10.524778702985166
26.399999999999963,12.587251666410138
26.599999999999962,15.066570797362607
26.79999999999996,18.0471000039149
26.99999999999996,21.630256651811393
