mags_ab,pos_errs_mas
16.0,0.2381217641596883
16.2,0.25728572037187697
16.4,0.27741579746272654
16.599999999999998,0.2968600368525284
16.799999999999997,0.3179067380282458
16.999999999999996,0.3405484864980157
17.199999999999996,0.21315896201295828
17.399999999999995,0.23111684609744218
17.599999999999994,0.2502262417719117
17.799999999999994,0.271163760263504
17.999999999999993,0.21799213562772843
18.199999999999992,0.2374463127714623
18.39999999999999,0.21959512944606374
18.59999999999999,0.22226865021542694
18.79999999999999,0.24352768441308084
18.99999999999999,0.267025504962019
19.19999999999999,0.2929347188134016
19.399999999999988,0.321567123361138
19.599999999999987,0.35324712181616774
19.799999999999986,0.3883103704482309
19.999999999999986,0.42718538257036387
20.199999999999985,0.4703680673145923
20.399999999999984,0.5184315388343257
20.599999999999984,0.5720350772222684
20.799999999999983,0.631834701840707
20.999999999999982,0.6990833455527842
21.19999999999998,0.7750571291334228
21.39999999999998,0.8600163738604124
21.59999999999998,0.9566962920319448
21.79999999999998,1.0645134499067406
21.99999999999998,1.1897736911216088
22.199999999999978,1.3322576205005923
22.399999999999977,1.4979707965650713
22.599999999999977,1.687683459530376
22.799999999999976,1.9103272660436479
22.999999999999975,2.1708941209122385
23.199999999999974,2.474578547973168
23.399999999999974,2.8352561408841592
23.599999999999973,3.254159005710055
23.799999999999972,3.759150758613919
23.99999999999997,4.346349166548728
24.19999999999997,5.050175502124158
24.39999999999997,5.888592229326138
24.59999999999997,6.881456954095349
24.79999999999997,8.072108878068255
24.999999999999968,9.517129085552593
25.199999999999967,11.250983936714954
25.399999999999967,13.332523746527775
25.599999999999966,15.832467995971202
25.799999999999965,18.835802662009733
25.999999999999964,22.44466393375903
26.199999999999964,26.781810640282576
26.399999999999963,31.994799381296584
26.599999999999962,38.26099097787479
26.79999999999996,45.7936019598653
26.99999999999996,54.6903400826563
