mags_ab,pos_errs_mas
16.0,0.36154482906889035
16.2,0.2324913651090989
16.4,0.2514104688897011
16.599999999999998,0.26925014501994127
16.799999999999997,0.2886661635343012
16.999999999999996,0.3096289263918131
17.199999999999996,0.32855788096642424
17.399999999999995,0.3483761909385978
17.599999999999994,0.22181223411033996
17.799999999999994,0.24080392961322486
17.999999999999993,0.2607596083965793
18.199999999999992,0.22424886542837655
18.39999999999999,0.2171146576047498
18.59999999999999,0.23609920684001467
18.79999999999999,0.25890418908039164
18.99999999999999,0.28408749167263253
19.19999999999999,0.31191866731312823
19.399999999999988,0.3427586818746762
19.599999999999987,0.37691452608645726
19.799999999999986,0.41486979156854215
19.999999999999986,0.4570665970517799
20.199999999999985,0.5041514648171728
20.399999999999984,0.5567407542130457
20.599999999999984,0.6157522328135197
20.799999999999983,0.6818903167017412
20.999999999999982,0.7572073291769805
21.19999999999998,0.841627367658501
21.39999999999998,0.9375080160727431
21.59999999999998,1.0476636954584317
21.79999999999998,1.1707434480471117
21.99999999999998,1.3157093725233144
22.199999999999978,1.4817192529725796
22.399999999999977,1.6768492172123544
22.599999999999977,1.900480151979706
22.799999999999976,2.1666807371813652
22.999999999999975,2.479669532980821
23.199999999999974,2.8505381886425956
23.399999999999974,3.291098425782769
23.599999999999973,3.815511657285788
23.799999999999972,4.440165857648903
23.99999999999997,5.187506775314298
24.19999999999997,6.081905221837122
24.39999999999997,7.153526940736827
24.59999999999997,8.393007140758984
24.79999999999997,9.923179397043427
24.999999999999968,11.73659259147136
25.199999999999967,13.90885186682787
25.399999999999967,16.54692124747493
25.599999999999966,19.56947070053878
25.799999999999965,23.347482546299677
25.999999999999964,27.810628096488404
26.199999999999964,33.25240141202392
26.399999999999963,39.68183818722896
26.599999999999962,47.52216174306991
26.79999999999996,56.947640525341576
26.99999999999996,68.27899249734232
