mags_ab,pos_errs_mas
16.0,0.24140798930835486
16.2,0.2581206888394708
16.4,0.2803143324642891
16.599999999999998,0.30184500766337263
16.799999999999997,0.2086465153435392
16.999999999999996,0.2263313307562382
17.199999999999996,0.24483400656566562
17.399999999999995,0.26548561159631934
17.599999999999994,0.28768294063772193
17.799999999999994,0.31138001493976336
17.999999999999993,0.3359249647243157
18.199999999999992,0.3619045597279913
18.39999999999999,0.2130566594968665
18.59999999999999,0.23198919950216312
18.79999999999999,0.2525590660342186
18.99999999999999,0.2069684815270519
19.19999999999999,0.22586825450740824
19.399999999999988,0.2087961480103348
19.599999999999987,0.22803572008808443
19.799999999999986,0.20975706739742014
19.999999999999986,0.2098837283380635
20.199999999999985,0.21792725456262735
20.399999999999984,0.2223943222766337
20.599999999999984,0.24383941949470944
20.799999999999983,0.26759269599754
20.999999999999982,0.29387383821690255
21.19999999999998,0.3230133761409252
21.39999999999998,0.3553481639349269
21.59999999999998,0.3914388254105822
21.79999999999998,0.4315376486620163
21.99999999999998,0.476428315768744
22.199999999999978,0.5266599934513999
22.399999999999977,0.5832591539155
22.599999999999977,0.6470070481142679
22.799999999999976,0.7192426593032659
22.999999999999975,0.802148950520475
23.199999999999974,0.8961658911799557
23.399999999999974,1.0041314496429656
23.599999999999973,1.1287708482844414
23.799999999999972,1.2732669554598357
23.99999999999997,1.4416884672823396
24.19999999999997,1.6388233046298564
24.39999999999997,1.872070908256356
24.59999999999997,2.1453530971287718
24.79999999999997,2.468743068836823
24.999999999999968,2.852781941275233
25.199999999999967,3.3100961194635716
25.399999999999967,3.8558340531358195
25.599999999999966,4.508227821867862
25.799999999999965,5.28920531640725
25.999999999999964,6.2251268335680905
26.199999999999964,7.34767347211633
26.399999999999963,8.694916829019862
26.599999999999962,10.312603762168576
26.79999999999996,12.255711054619676
26.99999999999996,14.590304532283415
