mags_ab,pos_errs_mas
16.0,0.2157099547972993
16.2,0.16730453837972475
16.4,0.18002057568990776
16.599999999999998,0.19538265813622294
16.799999999999997,0.1557745729635022
16.999999999999996,0.1672564078680836
17.199999999999996,0.17835228381469972
17.399999999999995,0.15499158625706336
17.599999999999994,0.16812983449907296
17.799999999999994,0.15159447108119442
17.999999999999993,0.1653842342636797
18.199999999999992,0.18051306671704537
18.39999999999999,0.16191184217362586
18.59999999999999,0.17685247373107704
18.79999999999999,0.17078895946670836
18.99999999999999,0.17693953324713432
19.19999999999999,0.18339109796902126
19.399999999999988,0.2009126056383856
19.599999999999987,0.22022504722347305
19.799999999999986,0.24152044479657409
19.999999999999986,0.26515977118918216
20.199999999999985,0.2912098559764009
20.399999999999984,0.31985877990164
20.599999999999984,0.3515460218238411
20.799999999999983,0.38663667958593195
20.999999999999982,0.42556208807282825
21.19999999999998,0.46882331183124076
21.39999999999998,0.5170118051260433
21.59999999999998,0.5712536725240603
21.79999999999998,0.6318919165825866
21.99999999999998,0.699424604001708
22.199999999999978,0.7753504455079795
22.399999999999977,0.8610628642343889
22.599999999999977,0.9585229491810207
22.799999999999976,1.069701500464045
22.999999999999975,1.1971222160374506
23.199999999999974,1.3448711961059345
23.399999999999974,1.5144943199659577
23.599999999999973,1.7106117197714679
23.799999999999972,1.938493347799923
23.99999999999997,2.20667762425944
24.19999999999997,2.5224267858243494
24.39999999999997,2.895575322493658
24.59999999999997,3.33801845415599
24.79999999999997,3.8641199638405226
24.999999999999968,4.491196155389133
25.199999999999967,5.240100785103156
25.399999999999967,6.130777303151282
25.599999999999966,7.200600699346102
25.799999999999965,8.482616475147863
25.999999999999964,10.021112187991205
26.199999999999964,11.86653762180404
26.399999999999963,14.082837223783658
26.599999999999962,16.718157688347492
26.79999999999996,19.90123788507997
26.99999999999996,23.73560481504553
