mags_ab,pos_errs_mas
16.0,0.20623823466338898
16.2,0.22406670145585822
16.4,0.17211140973354738
16.599999999999998,0.18448903214745102
16.799999999999997,0.1996918946779016
16.999999999999996,0.2159650887500834
17.199999999999996,0.1690905192867258
17.399999999999995,0.18343507905689793
17.599999999999994,0.16116442574698872
17.799999999999994,0.17567494665327402
17.999999999999993,0.19154120319316711
18.199999999999992,0.17112430303916923
18.39999999999999,0.1867980870343772
18.59999999999999,0.2038795421837592
18.79999999999999,0.18030057177617853
18.99999999999999,0.19702677603585997
19.19999999999999,0.18797803050531134
19.399999999999988,0.18326573114309697
19.599999999999987,0.19948106408064192
19.799999999999986,0.21893138100639262
19.999999999999986,0.24054282665980525
20.199999999999985,0.2644043504963598
20.399999999999984,0.290884142557899
20.599999999999984,0.320378763311755
20.799999999999983,0.35324216155920385
20.999999999999982,0.3899384530155061
21.19999999999998,0.4310713020100048
21.39999999999998,0.47740508043300345
21.59999999999998,0.5298449029592953
21.79999999999998,0.5889487371810294
21.99999999999998,0.6567724693027802
22.199999999999978,0.7336415641919178
22.399999999999977,0.8219161703150382
22.599999999999977,0.9237865167781166
22.799999999999976,1.0419097957830459
22.999999999999975,1.1795116552893203
23.199999999999974,1.3406551960951905
23.399999999999974,1.530039861220294
23.599999999999973,1.7544199933923346
23.799999999999972,2.0179637000439454
23.99999999999997,2.331210173625033
24.19999999999997,2.704601557919357
24.39999999999997,3.1501647961734207
24.59999999999997,3.6816003498670065
24.79999999999997,4.314187980975029
24.999999999999968,5.076022896653683
25.199999999999967,5.989701038191548
25.399999999999967,7.086204778467491
25.599999999999966,8.402763332669032
25.799999999999965,9.984116588574246
25.999999999999964,11.88402968803519
26.199999999999964,14.167118680922332
26.399999999999963,16.911052209850723
26.599999999999962,20.209181680912128
26.79999999999996,24.163029865664328
26.99999999999996,28.92510584834773
