mags_ab,pos_errs_mas
16.0,0.37479299205170546
16.2,0.40056678255229994
16.4,0.2728986441837758
16.599999999999998,0.2964108357964248
16.799999999999997,0.3206600406518537
16.999999999999996,0.3478078712970841
17.199999999999996,0.26339498731600586
17.399999999999995,0.2860416068534964
17.599999999999994,0.23561484517555295
17.799999999999994,0.2563587030324018
17.999999999999993,0.27903501966769995
18.199999999999992,0.23896912337807227
18.39999999999999,0.26040227223291745
18.59999999999999,0.23666790720637443
18.79999999999999,0.2582218014421977
18.99999999999999,0.24841085982853842
19.19999999999999,0.2476532986488109
19.399999999999988,0.2523054879849483
19.599999999999987,0.24674258716941577
19.799999999999986,0.2691272009816384
19.999999999999986,0.29494611288130396
20.199999999999985,0.32354429739835483
20.399999999999984,0.3550576037711381
20.599999999999984,0.3898752628949441
20.799999999999983,0.42842162457999394
20.999999999999982,0.4711779879038727
21.19999999999998,0.5186642993891228
21.39999999999998,0.5713495718834644
21.59999999999998,0.6301019822964862
21.79999999999998,0.6957311330103059
21.99999999999998,0.7691860974299286
22.199999999999978,0.8527247300223699
22.399999999999977,0.9456598798231555
22.599999999999977,1.0507752169590951
22.799999999999976,1.1704493560910845
22.999999999999975,1.3067038928922445
23.199999999999974,1.46325315438431
23.399999999999974,1.6430132509209616
23.599999999999973,1.8517233000850761
23.799999999999972,2.094793013500683
23.99999999999997,2.377570665909312
24.19999999999997,2.7093791208365783
24.39999999999997,3.1005807826806047
24.59999999999997,3.5618641945540044
24.79999999999997,4.110595701467157
24.999999999999968,4.758908526221902
25.199999999999967,5.536323772853802
25.399999999999967,6.461013450142528
25.599999999999966,7.566995190917627
25.799999999999965,8.88444663822817
25.999999999999964,10.471830234289433
26.199999999999964,12.36635735154375
26.399999999999963,14.638209024706693
26.599999999999962,17.377964060375614
26.79999999999996,20.669276541368397
26.99999999999996,24.602957470792948
