mags_ab,pos_errs_mas
16.0,0.2135722815431222
16.2,0.16593960581312026
16.4,0.17800648187462514
16.599999999999998,0.19212012804816458
16.799999999999997,0.15432987527926287
16.999999999999996,0.16487450571661613
17.199999999999996,0.17685770721414373
17.399999999999995,0.15345653736882586
17.599999999999994,0.16735783008566488
17.799999999999994,0.15718034901224187
17.999999999999993,0.17157442757726488
18.199999999999992,0.1663600619691582
18.39999999999999,0.16685361655207748
18.59999999999999,0.17160764365906872
18.79999999999999,0.17653467791281532
18.99999999999999,0.18967480652738247
19.19999999999999,0.20789705214261162
19.399999999999988,0.22800310144081706
19.599999999999987,0.2502007403590059
19.799999999999986,0.274890644268256
19.999999999999986,0.3020901469398532
20.199999999999985,0.33211196692627326
20.399999999999984,0.3653968559686136
20.599999999999984,0.40236800975625275
20.799999999999983,0.44351984082786583
20.999999999999982,0.4894366498566454
21.19999999999998,0.5409952300903138
21.39999999999998,0.5992605812232773
21.59999999999998,0.6640599923507181
21.79999999999998,0.7372503459874116
21.99999999999998,0.8202860644778945
22.199999999999978,0.9143847322459578
22.399999999999977,1.022225121940134
22.599999999999977,1.146389010986832
22.799999999999976,1.289915512928869
22.999999999999975,1.4573425843991688
23.199999999999974,1.6515711693315795
23.399999999999974,1.8791898315522038
23.599999999999973,2.143544532036903
23.799999999999972,2.456721128317425
23.99999999999997,2.828843516243819
24.19999999999997,3.2710060156598506
24.39999999999997,3.7977134578177587
24.59999999999997,4.426437787925166
24.79999999999997,5.178206275259545
24.999999999999968,6.078304539740706
25.199999999999967,7.157129683367344
25.399999999999967,8.44200063131623
25.599999999999966,9.991439844762104
25.799999999999965,11.85195764683013
25.999999999999964,14.086783122939512
26.199999999999964,16.771903632913475
26.399999999999963,19.998649574484226
26.599999999999962,23.876786177034628
26.79999999999996,28.538259916465936
26.99999999999996,34.14167202747698
