mags_ab,pos_errs_mas
16.0,inf
16.2,inf
16.4,inf
16.599999999999998,inf
16.799999999999997,0.23427044834957902
16.999999999999996,0.24659730370801167
17.199999999999996,0.26163721050051186
17.399999999999995,0.2685502498167382
17.599999999999994,0.19732716454184385
17.799999999999994,0.2127101606410041
17.999999999999993,0.228102343042636
18.199999999999992,0.2465368327004262
18.39999999999999,0.26297627457293743
18.59999999999999,0.21604668369365626
18.79999999999999,0.2070283435310158
18.99999999999999,0.22704259865844392
19.19999999999999,0.24917112669134123
19.399999999999988,0.2736212342963126
19.599999999999987,0.30067610278054263
19.799999999999986,0.33059666909315577
19.999999999999986,0.3638518206966771
20.199999999999985,0.4009147076710827
20.399999999999984,0.4422630310243296
20.599999999999984,0.4885153650776741
20.799999999999983,0.5400982166890381
20.999999999999982,0.5971954311355329
21.19999999999998,0.6625192835655032
21.39999999999998,0.7362263158763379
21.59999999999998,0.8202364953123537
21.79999999999998,0.9150544609671117
21.99999999999998,1.0216242998153862
22.199999999999978,1.1452940776099434
22.399999999999977,1.290188028683476
22.599999999999977,1.4587476234821593
22.799999999999976,1.6522413000297889
22.999999999999975,1.8754646299345354
23.199999999999974,2.119074660316958
23.399999999999974,2.429360186169922
23.599999999999973,2.796913868881099
23.799999999999972,3.2336075412930336
23.99999999999997,3.7537600870763184
24.19999999999997,4.374621145837524
24.39999999999997,5.116948845854668
24.59999999999997,6.005707894905021
24.79999999999997,7.07090928943616
24.999999999999968,8.28943235318082
25.199999999999967,9.80777149310146
25.399999999999967,11.630847071266183
25.599999999999966,13.820612875184636
25.799999999999965,16.451519941501086
25.999999999999964,19.613048863387114
26.199999999999964,23.412747515537877
26.399999999999963,27.979890910262252
26.599999999999962,33.46987255805457
26.79999999999996,40.06949631912537
26.99999999999996,48.003322115824574
