mags_ab,pos_errs_mas
16.0,0.17795854921918808
16.2,0.15471687334871193
16.4,0.16018220390660665
16.599999999999998,0.14892238492816423
16.799999999999997,0.1534246193607187
16.999999999999996,0.14353157241212272
17.199999999999996,0.15385049299985515
17.399999999999995,0.1681895167767319
17.599999999999994,0.1621883810920203
17.799999999999994,0.16372081650002704
17.999999999999993,0.17326512231150284
18.199999999999992,0.18327587743283152
18.39999999999999,0.20156358652917494
18.59999999999999,0.22200007107136657
18.79999999999999,0.24477171406345444
18.99999999999999,0.27027616499207585
19.19999999999999,0.2989289692170899
19.399999999999988,0.33122871259991943
19.599999999999987,0.36777879347933856
19.799999999999986,0.4096332488339458
19.999999999999986,0.4570414302050775
20.199999999999985,0.5114016447380216
20.399999999999984,0.5740359134761557
20.599999999999984,0.646557773563609
20.799999999999983,0.7315028819035923
20.999999999999982,0.8301362350552205
21.19999999999998,0.9459247620854737
21.39999999999998,1.0824022588037392
21.59999999999998,1.2438490973176768
21.79999999999998,1.4354397938976666
21.99999999999998,1.6643882672530943
22.199999999999978,1.9366408848902226
22.399999999999977,2.261495403956398
22.599999999999977,2.650211554870652
22.799999999999976,3.115893397494835
22.999999999999975,3.675266900781089
23.199999999999974,4.345284912581474
23.399999999999974,5.149679632282381
23.599999999999973,6.115780457380673
23.799999999999972,7.276431104397316
23.99999999999997,8.671102679410943
24.19999999999997,10.347237850003493
24.39999999999997,12.361860309998521
24.59999999999997,14.783514860324921
24.79999999999997,17.694600711830798
24.999999999999968,21.194172035159447
25.199999999999967,25.401310218704086
25.399999999999967,30.45917421194149
25.599999999999966,36.539870554180524
25.799999999999965,43.850318571978214
25.999999999999964,52.63927506504645
26.199999999999964,63.20580817313114
26.399999999999963,75.909487572977
26.599999999999962,91.18259143627792
26.79999999999996,109.5448351191228
26.99999999999996,131.62104224362685
