mags_ab,pos_errs_mas
16.0,0.24081682842720262
16.2,0.2553886887783427
16.4,0.26144480258384606
16.599999999999998,0.18591476263947876
16.799999999999997,0.20071978034506022
16.999999999999996,0.21695074788095636
17.199999999999996,0.23168692986126657
17.399999999999995,0.2474568691395481
17.599999999999994,0.19678258554796685
17.799999999999994,0.19287922573168656
17.999999999999993,0.21137970233141107
18.199999999999992,0.23178363940777852
18.39999999999999,0.2542652166719662
18.59999999999999,0.27907694646935105
18.79999999999999,0.3064803080193366
18.99999999999999,0.3367766727809136
19.19999999999999,0.370376149302099
19.399999999999988,0.4076578043801246
19.599999999999987,0.4486540682894787
19.799999999999986,0.49431662219147116
19.999999999999986,0.5454514171782379
20.199999999999985,0.6025826641380098
20.399999999999984,0.6660681521083162
20.599999999999984,0.7364228192476994
20.799999999999983,0.8160848711358638
20.999999999999982,0.9070003544492614
21.19999999999998,1.0101782692770183
21.39999999999998,1.1258170548493152
21.59999999999998,1.2507912443174563
21.79999999999998,1.3980621639349364
21.99999999999998,1.5670617968218261
22.199999999999978,1.764180755192072
22.399999999999977,1.996041161221683
22.599999999999977,2.2672015065204683
22.799999999999976,2.5785801167952456
22.999999999999975,2.924743719991683
23.199999999999974,3.35889945918779
23.399999999999974,3.8727570883955718
23.599999999999973,4.440610122139519
23.799999999999972,5.13283090377627
23.99999999999997,5.967772437770195
24.19999999999997,6.979403956907707
24.39999999999997,8.190523973078593
24.59999999999997,9.608905015112212
24.79999999999997,11.218800223231762
24.999999999999968,13.190281662975972
25.199999999999967,15.630825022698428
25.399999999999967,18.56193935815271
25.599999999999966,22.083266365938847
25.799999999999965,26.314561869948495
25.999999999999964,31.399757070712752
26.199999999999964,37.51185043831785
26.399999999999963,44.8588076453698
26.599999999999962,53.690606482910475
26.79999999999996,64.01924617693783
26.99999999999996,76.7154423443083
