mags_ab,pos_errs_mas
16.0,0.3744469035560762
16.2,0.4002796503591355
16.4,0.27444208997307223
16.599999999999998,0.295409427639902
16.799999999999997,0.32039483524284623
16.999999999999996,0.3467692446337935
17.199999999999996,0.2641725784424623
17.399999999999995,0.2857768125820088
17.599999999999994,0.3092822132123765
17.799999999999994,0.2444240830113561
17.999999999999993,0.2658756162499306
18.199999999999992,0.28945891321814793
18.39999999999999,0.31452304031410927
18.59999999999999,0.2554493601181873
18.79999999999999,0.27845644565046773
18.99999999999999,0.25294410142245755
19.19999999999999,0.24564829936813534
19.399999999999988,0.25083984859193925
19.599999999999987,0.2551989004479825
19.799999999999986,0.27960769227547455
19.999999999999986,0.3065608721186402
20.199999999999985,0.3364226480299077
20.399999999999984,0.3693638020195498
20.599999999999984,0.4058028233396545
20.799999999999983,0.44622753483512917
20.999999999999982,0.49105220070299355
21.19999999999998,0.5409498325102399
21.39999999999998,0.5964305801482873
21.59999999999998,0.6584646525080152
21.79999999999998,0.7278216361120192
21.99999999999998,0.8058014129832151
22.199999999999978,0.8946415107807866
22.399999999999977,0.9938880960847443
22.599999999999977,1.1065826875122553
22.799999999999976,1.2355101869874046
22.999999999999975,1.3827648989925547
23.199999999999974,1.552974687786709
23.399999999999974,1.7489904458097763
23.599999999999973,1.979105951834721
23.799999999999972,2.244557594235561
23.99999999999997,2.5572687353221335
24.19999999999997,2.9257546127206675
24.39999999999997,3.361554654735594
24.59999999999997,3.878621367938827
24.79999999999997,4.493197164438991
24.999999999999968,5.226481820482912
25.199999999999967,6.102006545737675
25.399999999999967,7.149206478129497
25.599999999999966,8.404715266471174
25.799999999999965,9.892874172628519
25.999999999999964,11.692401701943076
26.199999999999964,13.841274646167395
26.399999999999963,16.433183331182505
26.599999999999962,19.51310154995521
26.79999999999996,23.247194797923306
26.99999999999996,27.734765228205323
