mags_ab,pos_errs_mas
16.0,0.23814582577998658
16.2,0.25875999890064316
16.4,0.2800420936168525
16.599999999999998,0.30136717323308615
16.799999999999997,0.3251435687070354
16.999999999999996,0.35108922112043783
17.199999999999996,0.3763075551084604
17.399999999999995,0.21225980928651045
17.599999999999994,0.22938428029202537
17.799999999999994,0.24887471685449458
17.999999999999993,0.26965722883960513
18.199999999999992,0.20978207701522827
18.39999999999999,0.22861565873958825
18.59999999999999,0.2491699338025906
18.79999999999999,0.20186904200503167
18.99999999999999,0.2202463521071202
19.19999999999999,0.19855567775896846
19.399999999999988,0.21682091539205656
19.599999999999987,0.2368541211421443
19.799999999999986,0.21409448780010462
19.999999999999986,0.21295792699589233
20.199999999999985,0.22060079527194756
20.399999999999984,0.2186517298566017
20.599999999999984,0.2401500666254979
20.799999999999983,0.264094369748848
20.999999999999982,0.290700013153433
21.19999999999998,0.320440599414578
21.39999999999998,0.35373642661812865
21.59999999999998,0.39107491318312226
21.79999999999998,0.4333790893429987
21.99999999999998,0.4809471486330305
22.199999999999978,0.535096358427307
22.399999999999977,0.5966757166632302
22.599999999999977,0.6674440515202288
22.799999999999976,0.7486479364688555
22.999999999999975,0.8434345896358836
23.199999999999974,0.9526288147021174
23.399999999999974,1.0801261606192782
23.599999999999973,1.2296597443415842
23.799999999999972,1.4057625598547956
23.99999999999997,1.6139271660218257
24.19999999999997,1.860797253053939
24.39999999999997,2.1543938414278334
24.59999999999997,2.5043867507882043
24.79999999999997,2.9252804858888526
24.999999999999968,3.4253546404255215
25.199999999999967,4.024295055148346
25.399999999999967,4.742345784964152
25.599999999999966,5.60383547830936
25.799999999999965,6.637999041202433
25.999999999999964,7.879966645082414
26.199999999999964,9.371955539396666
26.399999999999963,11.164703831158493
26.599999999999962,13.319189960541538
26.79999999999996,15.908711837934836
26.99999999999996,19.021371632760527
