mags_ab,pos_errs_mas
16.0,0.19496662694105396
16.2,0.2092905168561462
16.4,0.17835205414483857
16.599999999999998,0.19357105097053096
16.799999999999997,0.21232118592174598
16.999999999999996,0.2330289369132844
17.199999999999996,0.2559271701065512
17.399999999999995,0.2812786375858671
17.599999999999994,0.30938605894513255
17.799999999999994,0.3406019818014107
17.999999999999993,0.3753123387592173
18.199999999999992,0.4139044330383561
18.39999999999999,0.4568385378804225
18.59999999999999,0.5051205937143352
18.79999999999999,0.5594053479574447
18.99999999999999,0.620650683069735
19.19999999999999,0.689969650345143
19.399999999999988,0.7687861463593721
19.599999999999987,0.8568918425382368
19.799999999999986,0.9592843217297516
19.999999999999986,1.0774540363303142
20.199999999999985,1.2143487293129422
20.399999999999984,1.373731765915936
20.599999999999984,1.5584960665450995
20.799999999999983,1.7767404982407764
20.999999999999982,2.027810369717109
21.19999999999998,2.322591873666776
21.39999999999998,2.679685252623857
21.59999999999998,3.104515808670463
21.79999999999998,3.6110983599441937
21.99999999999998,4.216308319235682
22.199999999999978,4.897244523655213
22.399999999999977,5.736031210555462
22.599999999999977,6.758586255247637
22.799999999999976,7.985359380319449
22.999999999999975,9.457978916296048
23.199999999999974,11.226466817450707
23.399999999999974,13.301276419869918
23.599999999999973,15.842441432166826
23.799999999999972,18.89629857349976
23.99999999999997,22.566736625123806
24.19999999999997,26.978638162521246
24.39999999999997,32.28211842468862
24.59999999999997,38.65763410826852
24.79999999999997,46.322127983715916
24.999999999999968,55.53640310557503
25.199999999999967,66.61400174742606
25.399999999999967,79.93187217022663
25.599999999999966,95.94319055156477
25.799999999999965,115.19280590052142
25.999999999999964,138.3357372846347
26.199999999999964,166.1594861738214
26.399999999999963,199.61087067536215
26.599999999999962,239.8281681842717
26.79999999999996,288.17989859523226
26.99999999999996,346.311357612671
