mags_ab,pos_errs_mas
16.0,0.24082925004758582
16.2,0.25540480416291195
16.4,0.2614655353982866
16.599999999999998,0.18594157243702672
16.799999999999997,0.20075507034373077
16.999999999999996,0.21699723411792757
17.199999999999996,0.231748384817666
17.399999999999995,0.2475381272167301
17.599999999999994,0.19690310875984893
17.799999999999994,0.19304882696378964
17.999999999999993,0.2116012635973714
18.199999999999992,0.23207569495194966
18.39999999999999,0.2546496411647652
18.59999999999999,0.2795864531330743
18.79999999999999,0.3071458763274209
18.99999999999999,0.33765186371105665
19.19999999999999,0.37152652929002333
19.399999999999988,0.40916793154931075
19.599999999999987,0.45063871227531005
19.799999999999986,0.4969601103373173
19.999999999999986,0.5488611096352849
20.199999999999985,0.6070433201231589
20.399999999999984,0.6719098893994221
20.599999999999984,0.7447479937089312
20.799999999999983,0.8269665879854275
20.999999999999982,0.9200335286569508
21.19999999999998,1.0272108481691014
21.39999999999998,1.1501147891955217
21.59999999999998,1.279553599311344
21.79999999999998,1.4366072517479422
21.99999999999998,1.619050152991868
22.199999999999978,1.8306156764921857
22.399999999999977,2.077541043024143
22.599999999999977,2.3665926421671557
22.799999999999976,2.7114602985568066
22.999999999999975,3.119781665702106
23.199999999999974,3.573999152376944
23.399999999999974,4.130257603405451
23.599999999999973,4.805695646046075
23.799999999999972,5.571237506092661
23.99999999999997,6.525337993356367
24.19999999999997,7.668139390936206
24.39999999999997,9.038275418318133
24.59999999999997,10.682172812929304
24.79999999999997,12.6556236552474
24.999999999999968,15.025668393835774
25.199999999999967,17.87287337442469
25.399999999999967,21.192783246731064
25.599999999999966,25.28070561380364
25.799999999999965,30.194033423857228
25.999999999999964,36.09993340730718
26.199999999999964,43.199350680348516
26.399999999999963,51.73386337643267
26.599999999999962,61.99386909260178
26.79999999999996,74.328495750574
26.99999999999996,89.15745239672106
