mags_ab,pos_errs_mas
16.0,0.18826134960644955
16.2,0.17987320698724504
16.4,0.197129549747312
16.599999999999998,0.2161573502409667
16.799999999999997,0.2371533949241398
16.999999999999996,0.2603306025553686
17.199999999999996,0.28594120781857113
17.399999999999995,0.3139350979085776
17.599999999999994,0.34516133004722005
17.799999999999994,0.3797759879797043
17.999999999999993,0.4182142342189688
18.199999999999992,0.4609876921009975
18.39999999999999,0.5086650576229581
18.59999999999999,0.5620182078960284
18.79999999999999,0.6201860764347026
18.99999999999999,0.6861136095854482
19.19999999999999,0.7582914772440925
19.399999999999988,0.8408499692892192
19.599999999999987,0.9356088264529054
19.799999999999986,1.0435124932451691
19.999999999999986,1.166966198654161
20.199999999999985,1.3061088068053972
20.399999999999984,1.468917570451627
20.599999999999984,1.6281848469441587
20.799999999999983,1.8309521545170755
20.999999999999982,2.075080215949692
21.19999999999998,2.360725345876684
21.39999999999998,2.697232410717812
21.59999999999998,3.0938639431503967
21.79999999999998,3.5635640772981114
21.99999999999998,4.0081337372086425
22.199999999999978,4.6081987824419155
22.399999999999977,5.3559821350498895
22.599999999999977,6.249038299275423
22.799999999999976,7.317286243367841
22.999999999999975,8.596701518825611
23.199999999999974,10.130526534682604
23.399999999999974,11.732088153354717
23.599999999999973,13.814670395450557
23.799999999999972,16.38007341287806
23.99999999999997,19.46140512989636
24.19999999999997,23.163428667211985
24.39999999999997,27.612052392307866
24.59999999999997,32.95860381789865
24.79999999999997,39.16371940404953
24.999999999999968,46.83692289827281
25.199999999999967,56.06093217770876
25.399999999999967,67.1496110198026
25.599999999999966,80.48027496156557
25.799999999999965,96.50654238136781
25.999999999999964,115.77374806073652
26.199999999999964,138.93751062034693
26.399999999999963,166.786066527048
26.599999999999962,200.26703804329858
26.79999999999996,240.51973335098512
26.99999999999996,288.9138387715262
