mags_ab,pos_errs_mas
16.0,0.1887504017237695
16.2,0.20255790032117416
16.4,0.15214100166206795
16.599999999999998,0.16284120817350492
16.799999999999997,0.17412246748829566
16.999999999999996,0.14791491016308697
17.199999999999996,0.16136744457308708
17.399999999999995,0.15332321026395387
17.599999999999994,0.15335853653876444
17.799999999999994,0.15760816149066792
17.999999999999993,0.16465209868243708
18.199999999999992,0.16861217008046747
18.39999999999999,0.1836140903996144
18.59999999999999,0.20120971958268116
18.79999999999999,0.22060223106189622
18.99999999999999,0.24198407760904658
19.19999999999999,0.2655736470464632
19.399999999999988,0.29176091186837544
19.599999999999987,0.3206297370600719
19.799999999999986,0.35245293179447146
19.999999999999986,0.38770432770873303
20.199999999999985,0.42681876222653037
20.399999999999984,0.47030537912550696
20.599999999999984,0.5187640283370814
20.799999999999983,0.5732159079154476
20.999999999999982,0.6341335573335888
21.19999999999998,0.70214294588292
21.39999999999998,0.7788479956333043
21.59999999999998,0.8656374117772704
21.79999999999998,0.9633607255484155
21.99999999999998,1.075660680145087
22.199999999999978,1.2044918266208622
22.399999999999977,1.353332864592654
22.599999999999977,1.5251288881078444
22.799999999999976,1.725070769628508
22.999999999999975,1.9588582207114134
23.199999999999974,2.226821005397032
23.399999999999974,2.5475457050224057
23.599999999999973,2.9268316714642277
23.799999999999972,3.376817454480415
23.99999999999997,3.912154991137983
24.19999999999997,4.550505101646745
24.39999999999997,5.313131193164165
24.59999999999997,6.217285131318271
24.79999999999997,7.307050501178769
24.999999999999968,8.613642646590574
25.199999999999967,10.181339273238626
25.399999999999967,12.063347452088726
25.599999999999966,14.323603805634578
25.799999999999965,17.03894475217819
25.999999999999964,20.301711003061943
26.199999999999964,24.222886278098983
26.399999999999963,28.935874344108516
26.599999999999962,34.601026568536795
26.79999999999996,41.41110446338208
26.99999999999996,49.597825368094504
