mags_ab,pos_errs_mas
16.0,inf
16.2,inf
16.4,0.25942658231768206
16.599999999999998,0.2839235169922338
16.799999999999997,0.30483333144929037
16.999999999999996,0.2138104887920623
17.199999999999996,0.23204126224080138
17.399999999999995,0.24821369146012368
17.599999999999994,0.2616763807093325
17.799999999999994,0.2827180174953312
17.999999999999993,0.3019675848551273
18.199999999999992,0.3246921212134644
18.39999999999999,0.18610379653275871
18.59999999999999,0.2014072878280827
18.79999999999999,0.21817172887490144
18.99999999999999,0.23408613476864978
19.19999999999999,0.25238945420555
19.399999999999988,0.17214335714911444
19.599999999999987,0.18675708392683657
19.799999999999986,0.20383450924703594
19.999999999999986,0.1756825990780795
20.199999999999985,0.19219416603548847
20.399999999999984,0.18315186922404472
20.599999999999984,0.20081414972685174
20.799999999999983,0.1914042098823108
20.999999999999982,0.1961796655437731
21.19999999999998,0.20783207284124466
21.39999999999998,0.21656371689291296
21.59999999999998,0.23776717435065622
21.79999999999998,0.2649030875020808
21.99999999999998,0.2960441780731825
22.199999999999978,0.3319476872684797
22.399999999999977,0.37368176324443514
22.599999999999977,0.4222741738458164
22.799999999999976,0.47890577618109537
22.999999999999975,0.545401425721272
23.199999999999974,0.6237899779404907
23.399999999999974,0.7165293526826021
23.599999999999973,0.8265913390228748
23.799999999999972,0.9575632123383561
23.99999999999997,1.1137686784642102
24.19999999999997,1.3004136548674063
24.39999999999997,1.5244526458866499
24.59999999999997,1.7920828137298637
24.79999999999997,2.1130020879270357
24.999999999999968,2.498088187352111
25.199999999999967,2.960412717506097
25.399999999999967,3.5156834829444437
25.599999999999966,4.182777896362299
25.799999999999965,4.984382569099727
25.999999999999964,5.947765345202258
26.199999999999964,7.1057013618709375
26.399999999999963,8.49758868906927
26.599999999999962,10.17078682961788
26.79999999999996,12.182229705348158
26.99999999999996,14.600359890666606
