mags_ab,pos_errs_mas
16.0,inf
16.2,inf
16.4,0.2587749425964209
16.599999999999998,0.28338770023089493
16.799999999999997,0.30262201850621523
16.999999999999996,0.21042395901313007
17.199999999999996,0.22476920279645077
17.399999999999995,0.2393193768984348
17.599999999999994,0.18592777781843697
17.799999999999994,0.1994238605657144
17.999999999999993,0.21545531237228216
18.199999999999992,0.23434127377561412
18.39999999999999,0.189241957401815
18.59999999999999,0.20600539938512985
18.79999999999999,0.2241363769696089
18.99999999999999,0.18826755973644926
19.19999999999999,0.20543806495744257
19.399999999999988,0.19687239343902427
19.599999999999987,0.19916259168059094
19.799999999999986,0.20138387023460722
19.999999999999986,0.22090223060645697
20.199999999999985,0.24251054357334131
20.399999999999984,0.2665420190282077
20.599999999999984,0.2932127372591808
20.799999999999983,0.3227632919152209
20.999999999999982,0.355680538141757
21.19999999999998,0.392412292703201
21.39999999999998,0.43350620500856707
21.59999999999998,0.4796498099764144
21.79999999999998,0.5316455737261092
21.99999999999998,0.5905668272981088
22.199999999999978,0.6574006176677912
22.399999999999977,0.7340370303971067
22.599999999999977,0.821163389812084
22.799999999999976,0.9214765627404541
22.999999999999975,1.0375390827933295
23.199999999999974,1.1724297549231206
23.399999999999974,1.3300420724702773
23.599999999999973,1.5147869023945326
23.799999999999972,1.7326070291281759
23.99999999999997,1.990537839900862
24.19999999999997,2.2956194756855295
24.39999999999997,2.6569112627940425
24.59999999999997,3.085573880894808
24.79999999999997,3.59866499074038
24.999999999999968,4.214453692509066
25.199999999999967,4.95201016011415
25.399999999999967,5.836265861075127
25.599999999999966,6.873416472116242
25.799999999999965,8.140768654023637
25.999999999999964,9.662744707180266
26.199999999999964,11.491077987044152
26.399999999999963,13.687942694354655
26.599999999999962,16.32806336937899
26.79999999999996,19.50125752730675
26.99999999999996,23.3154852916731
