mags_ab,pos_errs_mas
16.0,0.16556802808501497
16.2,0.17943372362130924
16.4,0.15781041864986534
16.599999999999998,0.1722136564204673
16.799999999999997,0.18803232127717717
16.999999999999996,0.17883556263983877
17.199999999999996,0.19611650844945175
17.399999999999995,0.21523632513805696
17.599999999999994,0.2363485774444841
17.799999999999994,0.25972851145755504
17.999999999999993,0.2856549273223273
18.199999999999992,0.31445511624943445
18.39999999999999,0.346512521981631
18.59999999999999,0.3825269965788489
18.79999999999999,0.4225134530335831
18.99999999999999,0.46734619795980226
19.19999999999999,0.5177880466389493
19.399999999999988,0.5747752689756489
19.599999999999987,0.6396735863949825
19.799999999999986,0.7133145820784343
19.999999999999986,0.7976114916674124
20.199999999999985,0.8944114021150481
20.399999999999984,1.006155539746396
20.599999999999984,1.135901367475837
20.799999999999983,1.2872684807157233
20.999999999999982,1.4646610738314811
21.19999999999998,1.673319223419846
21.39999999999998,1.919661974662539
21.59999999999998,2.2116252498355085
21.79999999999998,2.558664953279694
21.99999999999998,2.9721850457493098
22.199999999999978,3.4659194904302177
22.399999999999977,4.056394814332299
22.599999999999977,4.763484160110109
22.799999999999976,5.611075911748455
22.999999999999975,6.627879245985414
23.199999999999974,7.848392196676404
23.399999999999974,9.314071277110475
23.599999999999973,11.07473329864634
23.799999999999972,13.190249458736597
23.99999999999997,15.73257492737044
24.19999999999997,18.788200683459046
24.39999999999997,22.4610881154183
24.59999999999997,26.876206487003003
24.79999999999997,32.183788048542304
24.999999999999968,38.56443348209266
25.199999999999967,46.2352614237388
25.399999999999967,55.45729306427073
25.599999999999966,66.54433175935247
25.799999999999965,79.87365825704842
25.999999999999964,95.8988374595966
26.199999999999964,115.16516915143164
26.399999999999963,138.3282703046271
26.599999999999962,166.17633042571168
26.79999999999996,199.65696685903023
26.99999999999996,239.90944679745334
