mags_ab,pos_errs_mas
16.0,inf
16.2,inf
16.4,0.2595658320647043
16.599999999999998,0.28422777839413366
16.799999999999997,0.3009716207127779
16.999999999999996,0.20958309669842154
17.199999999999996,0.22463113062219103
17.399999999999995,0.2387687133544537
17.599999999999994,0.2558531434107015
17.799999999999994,0.27413538161355555
17.999999999999993,0.29050149321751423
18.199999999999992,0.18792187923160977
18.39999999999999,0.20337473579307017
18.59999999999999,0.2204424425033644
18.79999999999999,0.2385595241690592
18.99999999999999,0.19802879759357125
19.19999999999999,0.21597773150749883
19.399999999999988,0.20477974167203575
19.599999999999987,0.2105291819839161
19.799999999999986,0.23093750795883783
19.999999999999986,0.25354484161741314
20.199999999999985,0.2786491880249447
20.399999999999984,0.3063668254766503
20.599999999999984,0.33713848543279334
20.799999999999983,0.3713658908279938
20.999999999999982,0.40952323552077274
21.19999999999998,0.45217969454823936
21.39999999999998,0.5000080010415879
21.59999999999998,0.5538019742166043
21.79999999999998,0.6144364295947397
21.99999999999998,0.6835661041652292
22.199999999999978,0.7616757427146847
22.399999999999977,0.850928069276821
22.599999999999977,0.9534993411101469
22.799999999999976,1.0718343177442677
22.999999999999975,1.2091683973139533
23.199999999999974,1.3683241059234947
23.399999999999974,1.5533583535982345
23.599999999999973,1.7713202854802566
23.799999999999972,2.029407449058857
23.99999999999997,2.334986082249593
24.19999999999997,2.6979012712315544
24.39999999999997,3.1218755098305326
24.59999999999997,3.625075638534124
24.79999999999997,4.235858303260834
24.999999999999968,4.966866792054351
25.199999999999967,5.84276011388145
25.399999999999967,6.893174903243515
25.599999999999966,8.153726817170465
25.799999999999965,9.66721201182746
25.999999999999964,11.485059324384782
26.199999999999964,13.66907270569028
26.399999999999963,16.262001261201714
26.599999999999962,19.408268906495458
26.79999999999996,23.189946745573064
26.99999999999996,27.735700461480043
