mags_ab,pos_errs_mas
16.0,inf
16.2,inf
16.4,0.2616063135539964
16.599999999999998,0.28629905953783186
16.799999999999997,0.30596898449926463
16.999999999999996,0.20850185001994617
17.199999999999996,0.22635542380091173
17.399999999999995,0.24418247184905936
17.599999999999994,0.2642443008431955
17.799999999999994,0.2810102872844581
17.999999999999993,0.18578319568333818
18.199999999999992,0.19812917242057881
18.39999999999999,0.21445312818068718
18.59999999999999,0.23112350668283257
18.79999999999999,0.1707346691735289
18.99999999999999,0.1842468750007778
19.19999999999999,0.19924328990374096
19.399999999999988,0.21701399579129071
19.599999999999987,0.1717169132764332
19.799999999999986,0.1873936245803919
19.999999999999986,0.20456283849554066
20.199999999999985,0.1857114736209352
20.399999999999984,0.18126819864059504
20.599999999999984,0.19835346858919947
20.799999999999983,0.20092100683394243
20.999999999999982,0.20797921317811777
21.19999999999998,0.21306074906322411
21.39999999999998,0.23436217889801558
21.59999999999998,0.2581209132319799
21.79999999999998,0.28483785402785106
21.99999999999998,0.31462080382985325
22.199999999999978,0.3481084918109324
22.399999999999977,0.3859220017781744
22.599999999999977,0.4287884753838614
22.799999999999976,0.4775295304870677
22.999999999999975,0.5331837681055339
23.199999999999974,0.5970850133442366
23.399999999999974,0.6708132726742498
23.599999999999973,0.7567291555924728
23.799999999999972,0.856970170674119
23.99999999999997,0.9735397465982634
24.19999999999997,1.1105357484584946
24.39999999999997,1.2721715312482986
24.59999999999997,1.4635481483166244
24.79999999999997,1.6908299784455658
24.999999999999968,1.9614538781413633
25.199999999999967,2.2843802844214633
25.399999999999967,2.670394035443475
25.599999999999966,3.1337739300208027
25.799999999999965,3.6874746217554466
25.999999999999964,4.351553984411313
26.199999999999964,5.14853160777185
26.399999999999963,6.105468831713138
26.599999999999962,7.254884500757843
26.79999999999996,8.635859192239515
26.99999999999996,10.295360398605345
