mags_ab,pos_errs_mas
16.0,0.37471589865929805
16.2,0.4020752024799463
16.4,0.2749412848417735
16.599999999999998,0.29623016248560824
16.799999999999997,0.3211669712142881
16.999999999999996,0.34894701956757174
17.199999999999996,0.376558715644114
17.399999999999995,0.4050729597424887
17.599999999999994,0.4348244135505207
17.799999999999994,0.24383425369425554
17.999999999999993,0.26445852415524557
18.199999999999992,0.2873634600887141
18.39999999999999,0.3100183444002854
18.59999999999999,0.24070575817353498
18.79999999999999,0.2620022385276784
18.99999999999999,0.28510039222975825
19.19999999999999,0.23051392086101502
19.399999999999988,0.2514127186985898
19.599999999999987,0.2743256098924667
19.799999999999986,0.2468271609482906
19.999999999999986,0.26954991960565455
20.199999999999985,0.24274464093932757
20.399999999999984,0.2407313930670229
20.599999999999984,0.2487755571348248
20.799999999999983,0.24974252484062504
20.999999999999982,0.2692680784793452
21.19999999999998,0.2956622448363929
21.39999999999998,0.32505659833068024
21.59999999999998,0.3577227387740536
21.79999999999998,0.39413443124358527
21.99999999999998,0.43477367014558177
22.199999999999978,0.48041139382545833
22.399999999999977,0.5315967167327321
22.599999999999977,0.5894942960066236
22.799999999999976,0.6548760985189819
22.999999999999975,0.7292248333692402
23.199999999999974,0.8144811118995724
23.399999999999974,0.9129955405710046
23.599999999999973,1.0254620941937092
23.799999999999972,1.1557805579887501
23.99999999999997,1.307525102815221
24.19999999999997,1.4850443170583176
24.39999999999997,1.6935876520536663
24.59999999999997,1.9395866418575867
24.79999999999997,2.2307978307917455
24.999999999999968,2.579869894539587
25.199999999999967,2.991903801322013
25.399999999999967,3.483007107559901
25.599999999999966,4.071303808832128
25.799999999999965,4.77401568015516
25.999999999999964,5.616016114262199
26.199999999999964,6.628701285587502
26.399999999999963,7.840955770245378
26.599999999999962,9.296458667782584
26.79999999999996,11.047440792351718
26.99999999999996,13.151718394497989
