mags_ab,pos_errs_mas
16.0,0.2153302491288396
16.2,0.23091559321116711
16.4,0.24810216762498125
16.599999999999998,0.16754126955086518
16.799999999999997,0.17772589047454135
16.999999999999996,0.19140654959704625
17.199999999999996,0.20488781805297832
17.399999999999995,0.153510894470624
17.599999999999994,0.16454464145305803
17.799999999999994,0.17679852682117492
17.999999999999993,0.15551517951042138
18.199999999999992,0.16970564253486492
18.39999999999999,0.18517666314139608
18.59999999999999,0.16605523180328774
18.79999999999999,0.1590734957869849
18.99999999999999,0.17384040158387273
19.19999999999999,0.17472819801344577
19.399999999999988,0.18014985667853273
19.599999999999987,0.18684626003259058
19.799999999999986,0.2048404090955382
19.999999999999986,0.22471255318103064
20.199999999999985,0.2466763260368581
20.399999999999984,0.2711035756265084
20.599999999999984,0.2981262170297347
20.799999999999983,0.32797822810689553
20.999999999999982,0.3611488017584151
21.19999999999998,0.398079656417069
21.39999999999998,0.439300468788863
21.59999999999998,0.48543883912385577
21.79999999999998,0.5372459043890494
21.99999999999998,0.5959199852531383
22.199999999999978,0.6624574221029397
22.399999999999977,0.7373765698505148
22.599999999999977,0.8228404734709738
22.799999999999976,0.9207645748063057
22.999999999999975,1.0335389835584485
23.199999999999974,1.163583040878398
23.399999999999974,1.3149369273311415
23.599999999999973,1.492790638101104
23.799999999999972,1.700309717011161
23.99999999999997,1.9447789897644399
24.19999999999997,2.2338418819468173
24.39999999999997,2.576740941764751
24.59999999999997,2.9817346262374036
24.79999999999997,3.465459600305902
24.999999999999968,4.044126630812938
25.199999999999967,4.736370305621113
25.399999999999967,5.565509045913262
25.599999999999966,6.559571507845536
25.799999999999965,7.752241163039121
25.999999999999964,9.18399311973867
26.199999999999964,10.90346532406526
26.399999999999963,12.962174251731861
26.599999999999962,15.441442341707118
26.79999999999996,18.420966828912785
26.99999999999996,22.002108672398244
