mags_ab,pos_errs_mas
16.0,0.19353505123271966
16.2,0.20561133413440102
16.4,0.2194214762813694
16.599999999999998,0.23314972110037588
16.799999999999997,0.24768658663967574
16.999999999999996,0.2629171746912135
17.199999999999996,0.17639529968808962
17.399999999999995,0.19147585049464927
17.599999999999994,0.20768987181341747
17.799999999999994,0.18660092498987266
17.999999999999993,0.18488386790163389
18.199999999999992,0.20252378515749442
18.39999999999999,0.22195662983981546
18.59999999999999,0.24337159551048188
18.79999999999999,0.2670425079747201
18.99999999999999,0.2930677250991377
19.19999999999999,0.3217554247413221
19.399999999999988,0.3534394744004363
19.599999999999987,0.3884713388967252
19.799999999999986,0.4272557810636042
19.999999999999986,0.4702528221556657
20.199999999999985,0.5179396543351629
20.399999999999984,0.5708341441992928
20.599999999999984,0.6301131123663083
20.799999999999983,0.6946961752391728
20.999999999999982,0.7681468732476523
21.19999999999998,0.8506254881616636
21.39999999999998,0.9436619426725071
21.59999999999998,1.0490747606820399
21.79999999999998,1.1688415910083474
21.99999999999998,1.3050306098638007
22.199999999999978,1.4494461697462713
22.399999999999977,1.620567399924703
22.599999999999977,1.8223628791692235
22.799999999999976,2.0567875595441265
22.999999999999975,2.3301509293304847
23.199999999999974,2.6503778431081106
23.399999999999974,3.0270952500358232
23.599999999999973,3.443651000943939
23.799999999999972,3.9325755776848217
23.99999999999997,4.537967179471042
24.19999999999997,5.257105069797941
24.39999999999997,6.115619066581357
24.59999999999997,7.07648199638017
24.79999999999997,8.26208421824092
24.999999999999968,9.703371069866948
25.199999999999967,11.434923305261764
25.399999999999967,13.444073389379954
25.599999999999966,15.920500066143989
25.799999999999965,18.89438641116064
25.999999999999964,22.253704665564502
26.199999999999964,26.231243689634333
26.399999999999963,31.266234607338813
26.599999999999962,37.317461522132064
26.79999999999996,44.590801358622194
26.99999999999996,53.33371722391374
