mags_ab,pos_errs_mas
16.0,0.3756575344858387
16.2,0.40076491397737996
16.4,0.27351231227341255
16.599999999999998,0.2954208827680643
16.799999999999997,0.32081823262841386
16.999999999999996,0.34753545212599635
17.199999999999996,0.37534104929152023
17.399999999999995,0.405337650276277
17.599999999999994,0.26122375607029874
17.799999999999994,0.28382458459877175
17.999999999999993,0.3067490780854689
18.199999999999992,0.24143606988736663
18.39999999999999,0.26294354320834434
18.59999999999999,0.23348714575491894
18.79999999999999,0.25465803511641794
18.99999999999999,0.2357090910746531
19.19999999999999,0.257285478273464
19.399999999999988,0.2808769039046137
19.599999999999987,0.25475047693592334
19.799999999999986,0.24324801077133396
19.999999999999986,0.24952800067669595
20.199999999999985,0.2542343888197383
20.399999999999984,0.27878204180692684
20.599999999999984,0.30595451055992234
20.799999999999983,0.33614896368160485
20.999999999999982,0.36958978052681785
21.19999999999998,0.40673858021225673
21.39999999999998,0.44811759886154234
21.59999999999998,0.49435113809660225
21.79999999999998,0.5461086025525013
21.99999999999998,0.6041474329702329
22.199999999999978,0.6695396553571429
22.399999999999977,0.7436112314944081
22.599999999999977,0.8274903450147191
22.799999999999976,0.9239959664800864
22.999999999999975,1.033411780943925
23.199999999999974,1.1595795425458946
23.399999999999974,1.3055499733459477
23.599999999999973,1.4749021179753843
23.799999999999972,1.67256698627494
23.99999999999997,1.9047562082567011
24.19999999999997,2.177527141961622
24.39999999999997,2.5017267395112026
24.59999999999997,2.883128808917835
24.79999999999997,3.3376279529339348
24.999999999999968,3.879381236327744
25.199999999999967,4.524021925048071
25.399999999999967,5.2970587504157
25.599999999999966,6.222898349680908
25.799999999999965,7.332832756215523
25.999999999999964,8.664465167311683
26.199999999999964,10.262982881928819
26.399999999999963,12.182688686273796
26.599999999999962,14.488834798740546
26.79999999999996,17.259845619502492
26.99999999999996,20.57620600679972
