mags_ab,pos_errs_mas
16.0,0.21095824515475356
16.2,0.22806535977409886
16.4,0.24621803729034708
16.599999999999998,0.2651103494335059
16.799999999999997,0.18353965796203528
16.999999999999996,0.1989099765720975
17.199999999999996,0.21513866196615078
17.399999999999995,0.23305308413979187
17.599999999999994,0.18079517942933238
17.799999999999994,0.19622552699409723
17.999999999999993,0.2133929823902113
18.199999999999992,0.2322652362420685
18.39999999999999,0.25271243468677485
18.59999999999999,0.18418066249787504
18.79999999999999,0.20084351551125737
18.99999999999999,0.17421276950459194
19.19999999999999,0.1902083863139639
19.399999999999988,0.18088393052523566
19.599999999999987,0.197691295078175
19.799999999999986,0.1964949948685369
19.999999999999986,0.18959993647588477
20.199999999999985,0.1952783971868065
20.399999999999984,0.21432793986099835
20.599999999999984,0.23543356759157183
20.799999999999983,0.25885466663168516
20.999999999999982,0.28488809096421447
21.19999999999998,0.3139061262528717
21.39999999999998,0.3463965442424059
21.59999999999998,0.38272602136595985
21.79999999999998,0.4237022756859439
21.99999999999998,0.46997316175039616
22.199999999999978,0.5222660710870088
22.399999999999977,0.5815848875503062
22.599999999999977,0.6493420253084087
22.799999999999976,0.7277489182911145
22.999999999999975,0.8174545136645323
23.199999999999974,0.9214107559286873
23.399999999999974,1.04246340295781
23.599999999999973,1.1840772806502047
23.799999999999972,1.3504641132946973
23.99999999999997,1.546733155012731
24.19999999999997,1.77907061070664
24.39999999999997,2.0569492069157564
24.59999999999997,2.3853438704084753
24.79999999999997,2.777137947276466
24.999999999999968,3.245402958336189
25.199999999999967,3.8058220714924387
25.399999999999967,4.477315955017385
25.599999999999966,5.282692753915731
25.799999999999965,6.249188831413794
25.999999999999964,7.409570461698548
26.199999999999964,8.803491699475444
26.399999999999963,10.478075647565781
26.599999999999962,12.490269376050426
26.79999999999996,14.908925513040208
26.99999999999996,17.81589820797355
