mags_ab,pos_errs_mas
16.0,inf
16.2,inf
16.4,inf
16.599999999999998,inf
16.799999999999997,0.23356786812779295
16.999999999999996,0.24865393539876687
17.199999999999996,0.2632911515392033
17.399999999999995,0.27001435866808376
17.599999999999994,0.2874815807495034
17.799999999999994,0.19754372851458799
17.999999999999993,0.21233167371775982
18.199999999999992,0.2298728376710561
18.39999999999999,0.2462092096707076
18.59999999999999,0.2637656921167243
18.79999999999999,0.204078654673539
18.99999999999999,0.22184273974959648
19.19999999999999,0.20853854436068708
19.399999999999988,0.21553797044728465
19.599999999999987,0.2365501984893969
19.799999999999986,0.25983184471349186
19.999999999999986,0.285658427311698
20.199999999999985,0.31426589112749015
20.399999999999984,0.34603757508583055
20.599999999999984,0.38145868497109175
20.799999999999983,0.4210639432065625
20.999999999999982,0.465448417511558
21.19999999999998,0.5153523000818192
21.39999999999998,0.571381051319964
21.59999999999998,0.6346121923067897
21.79999999999998,0.7069148063358359
21.99999999999998,0.7891489549767052
22.199999999999978,0.8834099908938209
22.399999999999977,0.9921623771482476
22.599999999999977,1.1180187237594899
22.799999999999976,1.2646433149705467
22.999999999999975,1.434520726709538
23.199999999999974,1.6311251070658939
23.399999999999974,1.8624452310334718
23.599999999999973,2.139600380273947
23.799999999999972,2.4684147429257446
23.99999999999997,2.859593604930154
24.19999999999997,3.310392211569634
24.39999999999997,3.8441247743370695
24.59999999999997,4.500803100166459
24.79999999999997,5.287271857533374
24.999999999999968,6.23011030670383
25.199999999999967,7.36126070849016
25.399999999999967,8.719106474829143
25.599999999999966,10.349773209553044
25.799999999999965,12.308689013194115
25.999999999999964,14.662468811712658
26.199999999999964,17.431428325214807
26.399999999999963,20.817207519731568
26.599999999999962,24.886943931304753
26.79999999999996,29.77911203428056
26.99999999999996,35.6601711363032
