mags_ab,pos_errs_mas
16.0,0.25047345817588984
16.2,0.2667241474474698
16.4,0.2841043310542468
16.599999999999998,0.20383007772956552
16.799999999999997,0.2197157108479516
16.999999999999996,0.2371016135616019
17.199999999999996,0.25419768145895294
17.399999999999995,0.27259824454884485
17.599999999999994,0.2901407400526847
17.799999999999994,0.21039176514706412
17.999999999999993,0.19523224091524058
18.199999999999992,0.19913233384161735
18.39999999999999,0.2181791425103745
18.59999999999999,0.239145740276683
18.79999999999999,0.2622870716043285
18.99999999999999,0.287816867809362
19.19999999999999,0.31599837262221586
19.399999999999988,0.34716808409689276
19.599999999999987,0.3815674590306852
19.799999999999986,0.4195732735672351
19.999999999999986,0.46174622898631623
20.199999999999985,0.5086760911943727
20.399999999999984,0.560984787676919
20.599999999999984,0.61900590554719
20.799999999999983,0.684382291051884
20.999999999999982,0.7562485468498663
21.19999999999998,0.8381446850056425
21.39999999999998,0.929670220759525
21.59999999999998,1.030803562582259
21.79999999999998,1.144237152181094
21.99999999999998,1.276275989495075
22.199999999999978,1.4264109746102083
22.399999999999977,1.5968332041738638
22.599999999999977,1.7965987617655446
22.799999999999976,2.022256849875843
22.999999999999975,2.28616990410521
23.199999999999974,2.5875336234338016
23.399999999999974,2.9520926152853226
23.599999999999973,3.382703624718379
23.799999999999972,3.8860021464334116
23.99999999999997,4.456862971279699
24.19999999999997,5.144145551335298
24.39999999999997,5.9825221907594175
24.59999999999997,6.968131531625485
24.79999999999997,8.11345146834509
24.999999999999968,9.470252297928502
25.199999999999967,11.152277542686132
25.399999999999967,13.100785178614677
25.599999999999966,15.503980570830416
25.799999999999965,18.38961921231012
25.999999999999964,21.85576526638716
26.199999999999964,26.020272139655837
26.399999999999963,31.02478642413389
26.599999999999962,37.0395507951709
26.79999999999996,44.26920208238264
26.99999999999996,52.959721113681674
