mags_ab,pos_errs_mas
16.0,0.23831964103657688
16.2,0.25781271269571904
16.4,0.2794131008316883
16.599999999999998,0.21158812853432815
16.799999999999997,0.2283924148491627
16.999999999999996,0.24830947614224044
17.199999999999996,0.2687541664643457
17.399999999999995,0.21079071911780986
17.599999999999994,0.22937272353626273
17.799999999999994,0.20030699741395103
17.999999999999993,0.21831501245138266
18.199999999999992,0.23799717745079915
18.39999999999999,0.21075450270932147
18.59999999999999,0.22994015651011446
18.79999999999999,0.25089867539473515
18.99999999999999,0.2186341592165089
19.19999999999999,0.23880131158888063
19.399999999999988,0.224597661276952
19.599999999999987,0.21421982190654082
19.799999999999986,0.2340712152451092
19.999999999999986,0.2567090991899287
20.199999999999985,0.2816844376277216
20.399999999999984,0.30935269730736975
20.599999999999984,0.3399678402438537
20.799999999999983,0.3739996321396464
20.999999999999982,0.41177221018909743
21.19999999999998,0.45385728895261607
21.39999999999998,0.50074519074588
21.59999999999998,0.5533180756881838
21.79999999999998,0.6122156732477776
21.99999999999998,0.6785652696299619
22.199999999999978,0.7543784662614654
22.399999999999977,0.8394796201939557
22.599999999999977,0.9366006271228916
22.799999999999976,1.0475710123254356
22.999999999999975,1.1755248361246065
23.199999999999974,1.3227616950658538
23.399999999999974,1.494346972039492
23.599999999999973,1.6942401795756588
23.799999999999972,1.9303289964741084
23.99999999999997,2.2055141268570964
24.19999999999997,2.531201065522788
24.39999999999997,2.9173155563982647
24.59999999999997,3.3763822906725975
24.79999999999997,3.923503676973277
24.999999999999968,4.576866072062675
25.199999999999967,5.3583522821997365
25.399999999999967,6.294275377299538
25.599999999999966,7.4162641101765265
25.799999999999965,8.76232872824498
25.999999999999964,10.378144190489186
26.199999999999964,12.309365152134603
26.399999999999963,14.63607135903268
26.599999999999962,17.431710419940188
26.79999999999996,20.79137508485217
26.99999999999996,24.829356658263237
