mags_ab,pos_errs_mas
16.0,inf
16.2,inf
16.4,0.25937220730695254
16.599999999999998,0.28337663460908774
16.799999999999997,0.3006767591059465
16.999999999999996,0.20858468659697224
17.199999999999996,0.22387303793392394
17.399999999999995,0.2398587242702794
17.599999999999994,0.18497086988324365
17.799999999999994,0.20022325481130604
17.999999999999993,0.2170395226503392
18.199999999999992,0.1839507099226636
18.39999999999999,0.20013328547189732
18.59999999999999,0.21792792124471674
18.79999999999999,0.19277609824414282
18.99999999999999,0.18385877918547325
19.19999999999999,0.20082211411960083
19.399999999999988,0.1941805935590346
19.599999999999987,0.1986875191424191
19.799999999999986,0.21661566639674956
19.999999999999986,0.23756636977281897
20.199999999999985,0.26081013813002035
20.399999999999984,0.2865200224712976
20.599999999999984,0.3148820352926513
20.799999999999983,0.3463303328890499
20.999999999999982,0.3812331759494283
21.19999999999998,0.4200384700727957
21.39999999999998,0.46331046852894936
21.59999999999998,0.5116937163141939
21.79999999999998,0.5662352565863145
21.99999999999998,0.6271306401958903
22.199999999999978,0.6964743668479452
22.399999999999977,0.7743265420949993
22.599999999999977,0.8628850634056754
22.799999999999976,0.9641588876147125
22.999999999999975,1.0801214149003284
23.199999999999974,1.2133698190947109
23.399999999999974,1.3680304498011198
23.599999999999973,1.5486510200227181
23.799999999999972,1.7607389178203072
23.99999999999997,2.008707164689653
24.19999999999997,2.296089280613401
24.39999999999997,2.6378912823605374
24.59999999999997,3.0454894601593323
24.79999999999997,3.5305983912548027
24.999999999999968,4.1092502166554645
25.199999999999967,4.800744697777319
25.399999999999967,5.628296596903349
25.599999999999966,6.619816864980399
25.799999999999965,7.808849974870975
25.999999999999964,9.23570760906844
26.199999999999964,10.933543987964406
26.399999999999963,12.985465586437227
26.599999999999962,15.450606546407895
26.79999999999996,18.41280374748901
26.99999999999996,21.97281833949535
