mags_ab,pos_errs_mas
16.0,0.37479671367541223
16.2,0.40057135902673513
16.4,0.2729031024147687
16.599999999999998,0.2964166143774956
16.799999999999997,0.3206672318030109
16.999999999999996,0.3478170117132292
17.199999999999996,0.2634049965236741
17.399999999999995,0.286054552900512
17.599999999999994,0.235630687164085
17.799999999999994,0.2563793632039974
17.999999999999993,0.2790621186662265
18.199999999999992,0.239005155397941
18.39999999999999,0.26044960582239873
18.59999999999999,0.2367332091571267
18.79999999999999,0.2583077879863269
18.99999999999999,0.24853001892777768
19.19999999999999,0.24781741624797646
19.399999999999988,0.2525305408285851
19.599999999999987,0.24705356479454826
19.799999999999986,0.2695472400178116
19.999999999999986,0.29550069438225357
20.199999999999985,0.324254544282027
20.399999999999984,0.3560169902481378
20.599999999999984,0.39114250073960927
20.799999999999983,0.4300787636361552
20.999999999999982,0.4733597407232859
21.19999999999998,0.5215254727322238
21.39999999999998,0.575143271136954
21.59999999999998,0.6350236263999842
21.79999999999998,0.7023229354786816
21.99999999999998,0.7776407728923799
22.199999999999978,0.8637420670695517
22.399999999999977,0.9602012961355159
22.599999999999977,1.0695005186641164
22.799999999999976,1.1947095460881707
22.999999999999975,1.3384910479149856
23.199999999999974,1.503832131834301
23.399999999999974,1.695933659058526
23.599999999999973,1.9187268150319217
23.799999999999972,2.181458033325641
23.99999999999997,2.4866893257955396
24.19999999999997,2.847574889353055
24.39999999999997,3.2746977741984815
24.59999999999997,3.7817885974641494
24.79999999999997,4.38541521116118
24.999999999999968,5.105541706486161
25.199999999999967,5.966199722148862
25.399999999999967,6.996293990194107
25.599999999999966,8.230574938858847
25.799999999999965,9.710809500498819
25.999999999999964,11.473729785597643
26.199999999999964,13.60035596727181
26.399999999999963,16.154562118817903
26.599999999999962,19.22318097365911
26.79999999999996,22.910576113999024
26.99999999999996,27.342176241277173
