mags_ab,pos_errs_mas
16.0,0.25002877515918603
16.2,0.2650387432134416
16.4,0.2809750249373579
16.599999999999998,0.28736968964878257
16.799999999999997,0.2921736089133491
16.999999999999996,0.20358013536984645
17.199999999999996,0.21891964136289174
17.399999999999995,0.23577604425235557
17.599999999999994,0.25268305923581336
17.799999999999994,0.2026659685283107
17.999999999999993,0.1984098145654386
18.199999999999992,0.21739696128653402
18.39999999999999,0.2383210568201724
18.59999999999999,0.26143163547383974
18.79999999999999,0.28696614900512235
18.99999999999999,0.31511057029422956
19.19999999999999,0.3463062998176964
19.399999999999988,0.3807350175758314
19.599999999999987,0.4188015377522211
19.799999999999986,0.4611224775292492
19.999999999999986,0.5083216618425079
20.199999999999985,0.561033618801626
20.399999999999984,0.6196009478229089
20.599999999999984,0.6855286152003259
20.799999999999983,0.7582799699116454
20.999999999999982,0.841564029132901
21.19999999999998,0.9348262992596125
21.39999999999998,1.037948531006247
21.59999999999998,1.1539716517036047
21.79999999999998,1.2897375078691982
21.99999999999998,1.4444387559641563
22.199999999999978,1.620463602528254
22.399999999999977,1.8286777755824775
22.599999999999977,2.0675186459643635
22.799999999999976,2.3386178808327425
22.999999999999975,2.6518914067239026
23.199999999999974,3.0362679073827534
23.399999999999974,3.490193617966406
23.599999999999973,4.0298827432189395
23.799999999999972,4.659919075261895
23.99999999999997,5.375486437539538
24.19999999999997,6.235500784529097
24.39999999999997,7.30030926375629
24.59999999999997,8.510677331964425
24.79999999999997,9.935278963604656
24.999999999999968,11.67372606213387
25.199999999999967,13.81159168323411
25.399999999999967,16.268803619808853
25.599999999999966,19.325482956509475
25.799999999999965,22.997803952324087
25.999999999999964,27.410657228168795
26.199999999999964,32.71415431429607
26.399999999999963,39.088732790375225
26.599999999999962,46.75127906567566
26.79999999999996,55.96251818661457
26.99999999999996,67.03587177794388
