mags_ab,pos_errs_mas
16.0,0.24177162374170974
16.2,0.25756708576508375
16.4,0.1858449136039386
16.599999999999998,0.2003765541037608
16.799999999999997,0.21628447404462658
16.999999999999996,0.2336010008769327
17.199999999999996,0.24887526515603903
17.399999999999995,0.2650618389103867
17.599999999999994,0.19540275658480336
17.799999999999994,0.21193409585695966
17.999999999999993,0.18752172738809011
18.199999999999992,0.2054836131823786
18.39999999999999,0.22533535472797103
18.59999999999999,0.24720791832306435
18.79999999999999,0.2713353132961659
18.99999999999999,0.2979654641448883
19.19999999999999,0.32743778895920783
19.399999999999988,0.36011224239574524
19.599999999999987,0.3963744483069177
19.799999999999986,0.4366003201393585
19.999999999999986,0.48106070102730186
20.199999999999985,0.5308662679266002
20.399999999999984,0.5866626691383612
20.599999999999984,0.6489574671014666
20.799999999999983,0.7186854391534554
20.999999999999982,0.7970882621864537
21.19999999999998,0.8857361440126293
21.39999999999998,0.9873821564980422
21.59999999999998,1.1035857566808038
21.79999999999998,1.234720224205815
21.99999999999998,1.3768547672732594
22.199999999999978,1.5501911781432638
22.399999999999977,1.7500050010531552
22.599999999999977,1.9823327906052362
22.799999999999976,2.2541055778757255
22.999999999999975,2.572996929623963
23.199999999999974,2.953422973188896
23.399999999999974,3.4044736441967838
23.599999999999973,3.9122041747685197
23.799999999999972,4.531625905616697
23.99999999999997,5.249696085267018
24.19999999999997,6.1372984138417
24.39999999999997,7.199795710525779
24.59999999999997,8.473045844874646
24.79999999999997,10.000146452765966
24.999999999999968,11.832885053909681
25.199999999999967,14.033493990676604
25.399999999999967,16.676757463541303
25.599999999999966,19.852546163651713
25.799999999999965,23.575895883094798
25.999999999999964,28.140404207643034
26.199999999999964,33.626784377520245
26.399999999999963,40.22171473830087
26.599999999999962,48.14958766374539
26.79999999999996,57.68016752437152
26.99999999999996,69.13774592996778
