mags_ab,pos_errs_mas
16.0,0.2074927758862077
16.2,0.22539798005109155
16.4,0.2410545247892627
16.599999999999998,0.25940854929968177
16.799999999999997,0.1702091721144729
16.999999999999996,0.1829952163376309
17.199999999999996,0.19737805103030964
17.399999999999995,0.16071297023309988
17.599999999999994,0.1738313880024643
17.799999999999994,0.15724490626714363
17.999999999999993,0.17145029760077468
18.199999999999992,0.1870080961337697
18.39999999999999,0.20394316612474375
18.59999999999999,0.17086916375102706
18.79999999999999,0.18647792157056542
18.99999999999999,0.17116756598741115
19.19999999999999,0.18698792122735433
19.399999999999988,0.18357348998356027
19.599999999999987,0.18636786964544064
19.799999999999986,0.19124034501899198
19.999999999999986,0.20959388131296985
20.199999999999985,0.22998708096942302
20.399999999999984,0.2523802471913711
20.599999999999984,0.2771167089307369
20.799999999999983,0.3045240949822082
20.999999999999982,0.33487221028025466
21.19999999999998,0.3685162305421453
21.39999999999998,0.40591848491615146
21.59999999999998,0.44766586625729804
21.79999999999998,0.49444777191296474
21.99999999999998,0.546540822116028
22.199999999999978,0.6056567065996997
22.399999999999977,0.6716603486855607
22.599999999999977,0.7463681683027634
22.799999999999976,0.8312419618630604
22.999999999999975,0.9281015052385927
23.199999999999974,1.0391487551334164
23.399999999999974,1.167092234748875
23.599999999999973,1.3153996643794634
23.799999999999972,1.4892912225901034
23.99999999999997,1.6899293855491198
24.19999999999997,1.9255170036638556
24.39999999999997,2.203518075575739
24.59999999999997,2.532367338985141
24.79999999999997,2.9226051474270878
24.999999999999968,3.3869522875519507
25.199999999999967,3.9407405971241007
25.399999999999967,4.60242807747421
25.599999999999966,5.394217927111126
25.799999999999965,6.342806053310317
25.999999999999964,7.480277740236566
26.199999999999964,8.840550044342695
26.399999999999963,10.476579823816097
26.599999999999962,12.441475452878421
26.79999999999996,14.8020351666262
26.99999999999996,17.6385349801927
