mags_ab,pos_errs_mas
16.0,0.21374038296431425
16.2,0.17107849928080926
16.4,0.18632047167154037
16.599999999999998,0.177406142813557
16.799999999999997,0.19449425346335872
16.999999999999996,0.21337021765802655
17.199999999999996,0.23421082758325243
17.399999999999995,0.25726409261268673
17.599999999999994,0.28279733649304856
17.799999999999994,0.31111985587758717
17.999999999999993,0.34259229234717314
18.199999999999992,0.3777104988788868
18.39999999999999,0.41669954867070474
18.59999999999999,0.46015808908564276
18.79999999999999,0.509016043766163
18.99999999999999,0.5640073588068254
19.19999999999999,0.6262221956770757
19.399999999999988,0.6966252516838858
19.599999999999987,0.7768348076020641
19.799999999999986,0.867188699698212
19.999999999999986,0.9718971139008562
20.199999999999985,1.092602386603295
20.399999999999984,1.2327564993075237
20.599999999999984,1.3961739005287048
20.799999999999983,1.5863732423946992
20.999999999999982,1.8108978304996275
21.19999999999998,2.0759331169519686
21.39999999999998,2.3898705201162826
21.59999999999998,2.7462589388973577
21.79999999999998,3.186052751119492
21.99999999999998,3.7108415185484627
22.199999999999978,4.338152086399185
22.399999999999977,5.08906526023352
22.599999999999977,5.9889232148745135
22.799999999999976,6.995653200395663
22.999999999999975,8.273199358272612
23.199999999999974,9.807030198624046
23.399999999999974,11.649263491747055
23.599999999999973,13.862529286686254
23.799999999999972,16.47274334503338
23.99999999999997,19.657537130685125
24.19999999999997,23.48549018589192
24.39999999999997,28.086844117932884
24.59999999999997,33.61816199403499
24.79999999999997,40.267658152113064
24.999999999999968,48.26159630172665
25.199999999999967,57.871991962511245
25.399999999999967,69.42586675418266
25.599999999999966,83.3163714425835
25.799999999999965,100.01618572724908
25.999999999999964,120.09356452370892
26.199999999999964,144.23169587377748
26.399999999999963,173.251977651128
26.599999999999962,208.14190812794743
26.79999999999996,250.08872575911033
26.99999999999996,300.51978269632974
