mags_ab,pos_errs_mas
16.0,0.23744099575623578
16.2,0.25755353670565206
16.4,0.27934120903223675
16.599999999999998,0.21113419092358035
16.799999999999997,0.22899111178747483
16.999999999999996,0.24887003011689482
17.199999999999996,0.20589301557380524
17.399999999999995,0.22429613943404209
17.599999999999994,0.19814897832898762
17.799999999999994,0.21611323690044007
17.999999999999993,0.2355757875570255
18.199999999999992,0.21392901739834191
18.39999999999999,0.2047602007178954
18.59999999999999,0.22358214062218137
18.79999999999999,0.2089679191157876
18.99999999999999,0.2176849204565129
19.19999999999999,0.22284879527598225
19.399999999999988,0.24422904718180655
19.599999999999987,0.2678840258148682
19.799999999999986,0.2939970073573037
19.999999999999986,0.32288067038453144
20.199999999999985,0.35486040859130014
20.399999999999984,0.39041708429148214
20.599999999999984,0.4298076448326189
20.799999999999983,0.4737062321711198
20.999999999999982,0.5227114890857772
21.19999999999998,0.5774143397932532
21.39999999999998,0.6388004345798188
21.59999999999998,0.7078411158737898
21.79999999999998,0.7867380303512704
21.99999999999998,0.8751891945539401
22.199999999999978,0.9758674975383603
22.399999999999977,1.0912615351456116
22.599999999999977,1.2228866304369805
22.799999999999976,1.3757046744958512
22.999999999999975,1.5524918792666973
23.199999999999974,1.7605069719619573
23.399999999999974,2.001031560545429
23.599999999999973,2.2847106816436815
23.799999999999972,2.6196376053322727
23.99999999999997,3.016427734796537
24.19999999999997,3.487905530179827
24.39999999999997,4.049537969518206
24.59999999999997,4.719955791622945
24.79999999999997,5.521580995837775
24.999999999999968,6.4813765670623695
25.199999999999967,7.6317556816852825
25.399999999999967,9.011672013164898
25.599999999999966,10.654452024257862
25.799999999999965,12.63747336611487
25.999999999999964,15.019424072531221
26.199999999999964,17.881293602506727
26.399999999999963,21.320421772484032
26.599999999999962,25.453798813577595
26.79999999999996,30.422055322779833
26.99999999999996,36.394230407828715
