mags_ab,pos_errs_mas
16.0,inf
16.2,inf
16.4,0.25877896758447416
16.599999999999998,0.2834445920884827
16.799999999999997,0.3032485613305624
16.999999999999996,0.21035585102990118
17.199999999999996,0.2247312926399907
17.399999999999995,0.24147672438840773
17.599999999999994,0.18595020168427318
17.799999999999994,0.19968903056464157
17.999999999999993,0.2149042296782831
18.199999999999992,0.2328019143558822
18.39999999999999,0.1863553593134732
18.59999999999999,0.20287215322900262
18.79999999999999,0.22074197477932797
18.99999999999999,0.18299884276343328
19.19999999999999,0.1996125497740713
19.399999999999988,0.18523234533380928
19.599999999999987,0.20238439785182574
19.799999999999986,0.20032230193730965
19.999999999999986,0.19772325911634706
20.199999999999985,0.21442998790419862
20.399999999999984,0.23526955728153398
20.599999999999984,0.25837335734263167
20.799999999999983,0.2840647287841458
20.999999999999982,0.3124318001054777
21.19999999999998,0.34396923877966534
21.39999999999998,0.37907153158490237
21.59999999999998,0.4182276556183604
21.79999999999998,0.462054534427889
21.99999999999998,0.5112633953629456
22.199999999999978,0.5668409611418371
22.399999999999977,0.6296274680688493
22.599999999999977,0.701290672496089
22.799999999999976,0.7823545311104301
22.999999999999975,0.8752043291654673
23.199999999999974,0.9820581015073004
23.399999999999974,1.1057196361336075
23.599999999999973,1.2494989620391852
23.799999999999972,1.4173468508707452
23.99999999999997,1.6138234094608725
24.19999999999997,1.8450165634198665
24.39999999999997,2.1175213127368577
24.59999999999997,2.441398477739654
24.79999999999997,2.826555302788475
24.999999999999968,3.285674946678517
25.199999999999967,3.8314628033228044
25.399999999999967,4.476999398527697
25.599999999999966,5.258689427409238
25.799999999999965,6.195768937510787
25.999999999999964,7.319982954290272
26.199999999999964,8.669477926381452
26.399999999999963,10.290093907578905
26.599999999999962,12.23691674043138
26.79999999999996,14.576149481027754
26.99999999999996,17.38735801932291
