mags_ab,pos_errs_mas
16.0,0.1816647408138368
16.2,0.19676716439597916
16.4,0.15060257838706287
16.599999999999998,0.16417580051312033
16.799999999999997,0.14435709533462002
16.999999999999996,0.1526363656285395
17.199999999999996,0.16118611103901093
17.399999999999995,0.1448623049319437
17.599999999999994,0.1577691519779851
17.799999999999994,0.15563584525629628
17.999999999999993,0.17053473482182982
18.199999999999992,0.17560336979381772
18.39999999999999,0.17915556528096127
18.59999999999999,0.19591114594104347
18.79999999999999,0.21598388012444508
18.99999999999999,0.23851800827589065
19.19999999999999,0.26380531182287703
19.399999999999988,0.2923354259830339
19.599999999999987,0.32464782887778953
19.799999999999986,0.3613975046852723
19.999999999999986,0.40338167223726323
20.199999999999985,0.4519340572133315
20.399999999999984,0.5075400758005688
20.599999999999984,0.571984247905943
20.799999999999983,0.6470257123737283
20.999999999999982,0.7348162274337097
21.19999999999998,0.8382841777135285
21.39999999999998,0.9599699211149695
21.59999999999998,1.1040136310386162
21.79999999999998,1.2756973737202817
21.99999999999998,1.479410763816016
22.199999999999978,1.7224613416516212
22.399999999999977,2.012962167565514
22.599999999999977,2.360671413619832
22.799999999999976,2.777320497719153
22.999999999999975,3.2798476052145356
23.199999999999974,3.879875070699084
23.399999999999974,4.600312799364192
23.599999999999973,5.465641534488518
23.799999999999972,6.505282035893063
23.99999999999997,7.756494981367843
24.19999999999997,9.258186880181002
24.39999999999997,11.063171643919832
24.59999999999997,13.232862182790768
24.79999999999997,15.841084968835697
24.999999999999968,18.976589282376363
25.199999999999967,22.7460683637227
25.399999999999967,27.27778900753192
25.599999999999966,32.725954506620596
25.799999999999965,39.27595994784193
25.999999999999964,47.15068627910511
26.199999999999964,56.61809232707586
26.399999999999963,68.00034562819931
26.599999999999962,81.68475915686227
26.79999999999996,98.13698806997601
26.99999999999996,117.91686297284888
