mags_ab,pos_errs_mas
16.0,0.23745170227705548
16.2,0.25756706827808595
16.4,0.2793583832581724
16.599999999999998,0.2111530414959982
16.799999999999997,0.22901521152060778
16.999999999999996,0.2489012554925022
17.199999999999996,0.2059318085737849
17.399999999999995,0.2243469790450959
17.599999999999994,0.19821631515545626
17.799999999999994,0.21620169971172357
17.999999999999993,0.23569204910180422
18.199999999999992,0.21408882531305326
18.39999999999999,0.204981586094268
18.59999999999999,0.22387362035053252
18.79999999999999,0.20938377739856207
18.99999999999999,0.21824801223361096
19.19999999999999,0.22362154913548687
19.399999999999988,0.2452464581215427
19.599999999999987,0.26922252133136837
19.799999999999986,0.2957584624783329
19.999999999999986,0.32520236549014925
20.199999999999985,0.35790964414616494
20.399999999999984,0.39443221329322453
20.599999999999984,0.4350591498152041
20.799999999999983,0.48059086626121095
20.999999999999982,0.5316239949106414
21.19999999999998,0.58918026258039
21.39999999999998,0.6541382023510746
21.59999999999998,0.727883651193549
21.79999999999998,0.812779808595127
21.99999999999998,0.9090912683274575
22.199999999999978,1.0197629315270909
22.399999999999977,1.147904830369478
22.599999999999977,1.2965405019635006
22.799999999999976,1.469912745797122
22.999999999999975,1.6735659935127454
23.199999999999974,1.911198020134612
23.399999999999974,2.194812170730195
23.599999999999973,2.5280646613510056
23.799999999999972,2.92385945829569
23.99999999999997,3.3965307678751233
24.19999999999997,3.9609052021147946
24.39999999999997,4.6358750396308315
24.59999999999997,5.444158178591109
24.79999999999997,6.41306409493393
24.999999999999968,7.575410564532235
25.199999999999967,8.970635124530052
25.399999999999967,10.646127965836916
25.599999999999966,12.65883891517216
25.799999999999965,15.07720984786341
25.999999999999964,17.969441501869884
26.199999999999964,21.45709558040891
26.399999999999963,25.649255627818885
26.599999999999962,30.688555737075383
26.79999999999996,36.74646911527237
26.99999999999996,44.029123331244286
