mags_ab,pos_errs_mas
16.0,0.18166113499728181
16.2,0.19676255974783485
16.4,0.15059769498063186
16.599999999999998,0.16416942855053773
16.799999999999997,0.14434972455800812
16.999999999999996,0.15262725185231063
17.199999999999996,0.16117485981666482
17.399999999999995,0.14484837362882524
17.599999999999994,0.1577510306893609
17.799999999999994,0.1556118381419014
17.999999999999993,0.1705033239258374
18.199999999999992,0.17556175877113409
18.39999999999999,0.17910010237219726
18.59999999999999,0.19583852744998448
18.79999999999999,0.21588900943537193
18.99999999999999,0.23839409251516103
19.19999999999999,0.2636438130240298
19.399999999999988,0.29212525064091677
19.599999999999987,0.3243747831646152
19.799999999999986,0.3610435141346585
19.999999999999986,0.4029257237083277
20.199999999999985,0.4513443402748623
20.399999999999984,0.5067795052637609
20.599999999999984,0.5710090903673185
20.799999999999983,0.6457803043786958
20.999999999999982,0.7332321640732081
21.19999999999998,0.8362767508056071
21.39999999999998,0.9574367506943712
21.59999999999998,1.1009641478862224
21.79999999999998,1.2717034916980545
21.99999999999998,1.4744332529948563
22.199999999999978,1.7162822845413526
22.399999999999977,2.0053199775980297
22.599999999999977,2.3512523682902677
22.799999999999976,2.765748454914258
22.999999999999975,3.26562926181583
23.199999999999974,3.8625016544843542
23.399999999999974,4.579133209450726
23.599999999999973,5.439874380967225
23.799999999999972,6.47398919518978
23.99999999999997,7.718522822752939
24.19999999999997,9.212202731165338
24.39999999999997,11.007548221386982
24.59999999999997,13.165644028357205
24.79999999999997,15.75992205071113
24.999999999999968,18.878656807201306
25.199999999999967,22.62797089047668
25.399999999999967,27.13544494463125
25.599999999999966,32.55445703735348
25.799999999999965,39.06941028469908
25.999999999999964,46.90199276686671
26.199999999999964,56.31872944244979
26.399999999999963,67.64006317175887
26.599999999999962,81.25123480583805
26.79999999999996,97.61540615662179
26.99999999999996,117.28941224277168
