mags_ab,pos_errs_mas
16.0,0.2509324154849947
16.2,0.2660679013614718
16.4,0.2821480586389749
16.599999999999998,0.19767749654625308
16.799999999999997,0.21289392653726968
16.999999999999996,0.2296715352563627
17.199999999999996,0.24621530455179022
17.399999999999995,0.2640689375244411
17.599999999999994,0.21064281444324257
17.799999999999994,0.19777408309422573
17.999999999999993,0.216757413153637
18.199999999999992,0.23771924550405388
18.39999999999999,0.2608567107144421
18.59999999999999,0.2864852102199279
18.79999999999999,0.31474166834020006
18.99999999999999,0.3461537230340714
19.19999999999999,0.38080487491969045
19.399999999999988,0.41936160160608155
19.599999999999987,0.46195502219911766
19.799999999999986,0.5098539914549979
19.999999999999986,0.5635194219576809
20.199999999999985,0.6232259372845302
20.399999999999984,0.6907788139827139
20.599999999999984,0.7651851498068705
20.799999999999983,0.8512435806946319
20.999999999999982,0.9476920628279274
21.19999999999998,1.0565682664072187
21.39999999999998,1.1768461521037734
21.59999999999998,1.3170799293759197
21.79999999999998,1.477085261364594
21.99999999999998,1.6679538219581946
22.199999999999978,1.883506017327876
22.399999999999977,2.142460785411578
22.599999999999977,2.441343669631817
22.799999999999976,2.7815192757380203
22.999999999999975,3.1780884392905167
23.199999999999974,3.669749391402678
23.399999999999974,4.254957961476581
23.599999999999973,4.953061664063626
23.799999999999972,5.7260072120580965
23.99999999999997,6.707473719339376
24.19999999999997,7.883101198735357
24.39999999999997,9.292638030220992
24.59999999999997,10.983849238447833
24.79999999999997,13.014135668126356
24.999999999999968,15.452469490547934
25.199999999999967,18.381741346909195
25.399999999999967,21.760294029783175
25.599999999999966,25.957272420301415
25.799999999999965,31.001671227772032
25.999999999999964,37.06511269061298
26.199999999999964,44.35390653713635
26.399999999999963,53.116071644953685
26.599999999999962,63.649754840534804
26.79999999999996,76.31339339871685
26.99999999999996,91.53789332345586
