mags_ab,pos_errs_mas
16.0,0.19176739899955597
16.2,0.19106159220169408
16.4,0.15769055884786914
16.599999999999998,0.15865685250941325
16.799999999999997,0.1713272872315082
16.999999999999996,0.18096323088104654
17.199999999999996,0.1495094090334324
17.399999999999995,0.15864549549411736
17.599999999999994,0.1446197392278543
17.799999999999994,0.1582644678888766
17.999999999999993,0.15927557472550624
18.199999999999992,0.16529724421914546
18.39999999999999,0.174608748258615
18.59999999999999,0.18361222713934858
18.79999999999999,0.20244070132129072
18.99999999999999,0.2235845864880451
19.19999999999999,0.24742254455119406
19.399999999999988,0.2743039580722522
19.599999999999987,0.3047923378497747
19.799999999999986,0.33951916932745274
19.999999999999986,0.3792535837961659
20.199999999999985,0.42493364096476627
20.399999999999984,0.4780669254528244
20.599999999999984,0.5393519015516345
20.799999999999983,0.6108274320062406
20.999999999999982,0.6945652131108191
21.19999999999998,0.7930820033231992
21.39999999999998,0.9097410741500084
21.59999999999998,1.047628187309668
21.79999999999998,1.2115134218249515
21.99999999999998,1.4067789524587992
22.199999999999978,1.6398887392618329
22.399999999999977,1.9186218338444738
22.599999999999977,2.2523768946698133
22.799999999999976,2.652425738895357
22.999999999999975,3.1323166262160873
23.199999999999974,3.7083295027993004
23.399999999999974,4.403120050347282
23.599999999999973,5.234618058556227
23.799999999999972,6.233686860086795
23.99999999999997,7.434307280510738
24.19999999999997,8.877324506449568
24.39999999999997,10.611833992955514
24.59999999999997,12.708883408762652
24.79999999999997,15.217605591576675
24.999999999999968,18.2335238150281
25.199999999999967,21.859262462845855
25.399999999999967,26.218197597447215
25.599999999999966,31.46627335796076
25.799999999999965,37.7679723615384
25.999999999999964,45.344185115875646
26.199999999999964,54.45271285692836
26.399999999999963,65.40351047286822
26.599999999999962,78.5692097863082
26.79999999999996,94.39781532818229
26.99999999999996,113.42793680153575
