mags_ab,pos_errs_mas
16.0,inf
16.2,inf
16.4,0.26950790242656697
16.599999999999998,0.2855019702267831
16.799999999999997,0.2976265455219955
16.999999999999996,0.3141142370046078
17.199999999999996,0.20299249027005242
17.399999999999995,0.215744291655094
17.599999999999994,0.23286006485774297
17.799999999999994,0.24981026890494212
17.999999999999993,0.2653516086868901
18.199999999999992,0.2848151596713918
18.39999999999999,0.29901278679850923
18.59999999999999,0.1982013246671094
18.79999999999999,0.21508367930266203
18.99999999999999,0.23327448083696325
19.19999999999999,0.20707339477076567
19.399999999999988,0.20364026279164646
19.599999999999987,0.223302126312176
19.799999999999986,0.24504394338413982
19.999999999999986,0.2691963111416599
20.199999999999985,0.2958424070900067
20.399999999999984,0.32537239189884876
20.599999999999984,0.35819787199027836
20.799999999999983,0.3947263311690857
20.999999999999982,0.435504919635424
21.19999999999998,0.48114033916420695
21.39999999999998,0.5323739155376127
21.59999999999998,0.5898190889001972
21.79999999999998,0.654835415288417
21.99999999999998,0.7289249786658981
22.199999999999978,0.8129245960134711
22.399999999999977,0.909184825468921
22.599999999999977,1.0198469537484036
22.799999999999976,1.1471316150423019
22.999999999999975,1.293580008017866
23.199999999999974,1.4663440879023528
23.399999999999974,1.6672188259818963
23.599999999999973,1.9041346949461113
23.799999999999972,2.1845530174021817
23.99999999999997,2.512927028407598
24.19999999999997,2.891824420715839
24.39999999999997,3.3569446605397646
24.59999999999997,3.9121160089430482
24.79999999999997,4.575900757630792
24.999999999999968,5.370621809130318
25.199999999999967,6.323113924169466
25.399999999999967,7.465626962691241
25.599999999999966,8.836916250091013
25.799999999999965,10.483550700414444
25.999999999999964,12.429315706303553
26.199999999999964,14.797676671399978
26.399999999999963,17.643752100667374
26.599999999999962,21.064360030528572
26.79999999999996,25.175878475778717
26.99999999999996,30.118197628101893
