mags_ab,pos_errs_mas
16.0,0.20861279127313262
16.2,0.2265891799936647
16.4,0.2415886689088235
16.599999999999998,0.25969193424292625
16.799999999999997,0.1690653873632794
16.999999999999996,0.18309599665576545
17.199999999999996,0.19691670505128797
17.399999999999995,0.21301671724605634
17.599999999999994,0.23053322714848803
17.799999999999994,0.16925054728614486
17.999999999999993,0.18393335790677534
18.199999999999992,0.20037862958287853
18.39999999999999,0.21816232145610887
18.59999999999999,0.17189795367836438
18.79999999999999,0.18755902221124096
18.99999999999999,0.16921577655701073
19.19999999999999,0.18481552340913118
19.399999999999988,0.1794818684265598
19.599999999999987,0.18077970777791338
19.799999999999986,0.1860661813728599
19.999999999999986,0.1890685216002515
20.199999999999985,0.20733834595220638
20.399999999999984,0.22765908055783898
20.599999999999984,0.2500416021299125
20.799999999999983,0.2748664817992143
20.999999999999982,0.30245299955763233
21.19999999999998,0.3330959644875909
21.39999999999998,0.36728171463632436
21.59999999999998,0.4054579584678534
21.79999999999998,0.4482486448897365
21.99999999999998,0.4966908906190865
22.199999999999978,0.5509889821993914
22.399999999999977,0.6125116775240097
22.599999999999977,0.6830082755406152
22.799999999999976,0.7630604332939617
22.999999999999975,0.8550011342472779
23.199999999999974,0.9611343085519092
23.399999999999974,1.0842279435574125
23.599999999999973,1.2276944285099112
23.799999999999972,1.3956143785223727
23.99999999999997,1.5929923463883235
24.19999999999997,1.8269844563392543
24.39999999999997,2.102641099925616
24.59999999999997,2.430216752493098
24.79999999999997,2.8203377571191233
24.999999999999968,3.284673101000265
25.199999999999967,3.8399665251436943
25.399999999999967,4.505092106666512
25.599999999999966,5.302171662083899
25.799999999999965,6.258186590916569
25.999999999999964,7.405559425853007
26.199999999999964,8.78325005418211
26.399999999999963,10.438079636198362
26.599999999999962,12.426312359330309
26.79999999999996,14.815572117596549
26.99999999999996,17.687134917443622
