mags_ab,pos_errs_mas
16.0,0.3747290873247773
16.2,0.4012925605650243
16.4,0.2743408095629421
16.599999999999998,0.2954376609972732
16.799999999999997,0.32077812759112934
16.999999999999996,0.3475873566061024
17.199999999999996,0.2635562579252965
17.399999999999995,0.28562336764825663
17.599999999999994,0.30933609622078184
17.799999999999994,0.3354856276954176
17.999999999999993,0.25167126448155136
18.199999999999992,0.2741324317429448
18.39999999999999,0.29816782921441093
18.59999999999999,0.2430246388382504
18.79999999999999,0.2649826776283949
18.99999999999999,0.24095843017346882
19.19999999999999,0.2331702400908073
19.399999999999988,0.25459143172840754
19.599999999999987,0.25472044772334523
19.799999999999986,0.24635154032785647
19.999999999999986,0.25562606401437
20.199999999999985,0.2800491034106741
20.399999999999984,0.3070091463807731
20.599999999999984,0.33685750367756295
20.799999999999983,0.3697782556484804
20.999999999999982,0.4061820621229213
21.19999999999998,0.44653866979146556
21.39999999999998,0.49126274689205807
21.59999999999998,0.5410064702205621
21.79999999999998,0.5962826622459252
21.99999999999998,0.6581189779661628
22.199999999999978,0.726995452756134
22.399999999999977,0.804440612544968
22.599999999999977,0.8924559498950432
22.799999999999976,0.9906105563336756
22.999999999999975,1.1023177703436158
23.199999999999974,1.229665084548009
23.399999999999974,1.3749590708377655
23.599999999999973,1.5425631620654874
23.799999999999972,1.7353926585175699
23.99999999999997,1.9612414194586436
24.19999999999997,2.221526493986538
24.39999999999997,2.527733410671961
24.59999999999997,2.887696831724263
24.79999999999997,3.31328704607274
24.999999999999968,3.8177880649442697
25.199999999999967,4.417179910422156
25.399999999999967,5.131761138491828
25.599999999999966,5.981365469614645
25.799999999999965,6.9964951292204
25.999999999999964,8.210828697779883
26.199999999999964,9.657486760582438
26.399999999999963,11.394123810793808
26.599999999999962,13.478015581725842
26.79999999999996,15.990180545147402
26.99999999999996,19.007817170950073
