mags_ab,pos_errs_mas
16.0,0.2086554365919178
16.2,0.22589903196487068
16.4,0.24502080921584912
16.599999999999998,0.1868855819358012
16.799999999999997,0.20303221804418609
16.999999999999996,0.22075038123274265
17.199999999999996,0.18484753773616777
17.399999999999995,0.2013279914590061
17.599999999999994,0.21913080372764127
17.799999999999994,0.1913179865198684
17.999999999999993,0.20857825599569693
18.199999999999992,0.1967674811963966
18.39999999999999,0.18749425871131228
18.59999999999999,0.1923336685619406
18.79999999999999,0.2066945443935167
18.99999999999999,0.22652388534060316
19.19999999999999,0.24836579247751853
19.399999999999988,0.27246005442143967
19.599999999999987,0.2990945915943481
19.799999999999986,0.32849434775956293
19.999999999999986,0.36104264880945625
20.199999999999985,0.3971328711998102
20.399999999999984,0.4371618695070465
20.599999999999984,0.48148517795631846
20.799999999999983,0.5308399943856721
20.999999999999982,0.5859413644530828
21.19999999999998,0.6482187479337114
21.39999999999998,0.7173744197071587
21.59999999999998,0.7948411126447247
21.79999999999998,0.882689298635055
21.99999999999998,0.9820085376946798
22.199999999999978,1.0942573288591775
22.399999999999977,1.2220208462746454
22.599999999999977,1.3697596866602
22.799999999999976,1.5410311551507916
22.999999999999975,1.7383789147288642
23.199999999999974,1.967462556049343
23.399999999999974,2.2363973880461763
23.599999999999973,2.5496911326670197
23.799999999999972,2.9218653745107566
23.99999999999997,3.360318491074976
24.19999999999997,3.8760137659685903
24.39999999999997,4.487416052555811
24.59999999999997,5.22448192210641
24.79999999999997,6.090920478175796
24.999999999999968,7.138758624127037
25.199999999999967,8.39409615849915
25.399999999999967,9.899392899566784
25.599999999999966,11.705674990136288
25.799999999999965,13.874259117049442
25.999999999999964,16.478824868262436
26.199999999999964,19.607918241565898
26.399999999999963,23.367959300657247
26.599999999999962,27.88684946174231
26.79999999999996,33.26648616149491
26.99999999999996,39.780797850245634
