mags_ab,pos_errs_mas
16.0,0.215376120171439
16.2,0.23421271627712312
16.4,0.25315259313108174
16.599999999999998,0.1678113245419603
16.799999999999997,0.1787555132204778
16.999999999999996,0.19080967510528693
17.199999999999996,0.20568307598758834
17.399999999999995,0.15422645614063615
17.599999999999994,0.1649518724972874
17.799999999999994,0.1776373022378853
17.999999999999993,0.19133003406919982
18.199999999999992,0.15205951698267856
18.39999999999999,0.16589064458412328
18.59999999999999,0.18105882073889346
18.79999999999999,0.1654864739497503
18.99999999999999,0.1623604686325696
19.19999999999999,0.17755309454736143
19.399999999999988,0.1805232439622958
19.599999999999987,0.17979210562664663
19.799999999999986,0.19258900133979023
19.999999999999986,0.21144675866274118
20.199999999999985,0.23235858689427333
20.399999999999984,0.255584413403138
20.599999999999984,0.2815532037461901
20.799999999999983,0.31047714395262577
20.999999999999982,0.3427118465362304
21.19999999999998,0.3788266041016559
21.39999999999998,0.4194390957725
21.59999999999998,0.46528056315367794
21.79999999999998,0.5172327918024401
21.99999999999998,0.5763669355245166
22.199999999999978,0.6447814571897418
22.399999999999977,0.7226424962375788
22.599999999999977,0.8123351326896759
22.799999999999976,0.9163826147482724
22.999999999999975,1.0376621186381698
23.199999999999974,1.1796754526148268
23.399999999999974,1.34667747472343
23.599999999999973,1.5438275939732227
23.799999999999972,1.7773702036563117
23.99999999999997,2.055843200654573
24.19999999999997,2.3862841758366358
24.39999999999997,2.7806885624356434
24.59999999999997,3.2522410896675145
24.79999999999997,3.81679928756375
24.999999999999968,4.493424309414083
25.199999999999967,5.305025225546784
25.399999999999967,6.279130820806894
25.599999999999966,7.448821846785978
25.799999999999965,8.853851726915657
25.999999999999964,10.541993846939253
26.199999999999964,12.570665449993133
26.399999999999963,15.008882096055354
26.599999999999962,17.939594984178516
26.79999999999996,21.462523243831768
26.99999999999996,25.697535596118243
