mags_ab,pos_errs_mas
16.0,0.2109741616623157
16.2,0.2280849827007148
16.4,0.2462414357892768
16.599999999999998,0.2651395248543571
16.799999999999997,0.1835683067867094
16.999999999999996,0.19894605738378232
17.199999999999996,0.215182977491777
17.399999999999995,0.23310829834600483
17.599999999999994,0.1808557821452459
17.799999999999994,0.1963019130919957
17.999999999999993,0.21349151044706813
18.199999999999992,0.23239411177869126
18.39999999999999,0.25288110453837764
18.59999999999999,0.18438905213153
18.79999999999999,0.20111675387373032
18.99999999999999,0.17461107985661176
19.19999999999999,0.19069502429367974
19.399999999999988,0.18157188470397015
19.599999999999987,0.19857820460284173
19.799999999999986,0.1977185379804794
19.999999999999986,0.2019731492803753
20.199999999999985,0.19760262797570946
20.399999999999984,0.2173815964386036
20.599999999999984,0.2394384286287684
20.799999999999983,0.2640854412864241
20.999999999999982,0.2917395270205121
21.19999999999998,0.32289541238354313
21.39999999999998,0.35806319405508136
21.59999999999998,0.3980431509030843
21.79999999999998,0.44348192711571344
21.99999999999998,0.49555480550819647
22.199999999999978,0.5555849488378382
22.399999999999977,0.6249914916082704
22.599999999999977,0.7052100915795609
22.799999999999976,0.7993934632827777
22.999999999999975,0.9090332162180711
23.199999999999974,1.038022029366476
23.399999999999974,1.1903555190035462
23.599999999999973,1.3708685350182468
23.799999999999972,1.5854014149202684
23.99999999999997,1.8409974407426544
24.19999999999997,2.1461404381961846
24.39999999999997,2.511039836579561
24.59999999999997,2.950131902517006
24.79999999999997,3.4739030924018093
24.999999999999968,4.102197435796612
25.199999999999967,4.856329401818072
25.399999999999967,5.761910805797101
25.599999999999966,6.84972036823497
25.799999999999965,8.156748000778762
25.999999999999964,9.727448525190066
26.199999999999964,11.615255708540417
26.399999999999963,13.884399692501978
26.599999999999962,16.61208686166829
26.79999999999996,19.8911304805938
26.99999999999996,23.833104217632254
