mags_ab,pos_errs_mas
16.0,0.17587686765285263
16.2,0.18881693341671404
16.4,0.15818390344778008
16.599999999999998,0.17252163855421745
16.799999999999997,0.16679540344262095
16.999999999999996,0.17333964007126312
17.199999999999996,0.18449420993217966
17.399999999999995,0.20241667493758556
17.599999999999994,0.2222406179838473
17.799999999999994,0.24416370230068005
17.999999999999993,0.2684705126172608
18.199999999999992,0.2954633942119892
18.39999999999999,0.32549887528654636
18.59999999999999,0.3591996439815857
18.79999999999999,0.39671943787846453
18.99999999999999,0.43870574839295656
19.19999999999999,0.48592788180297875
19.399999999999988,0.539204083518845
19.599999999999987,0.5995990796147044
19.799999999999986,0.6686323975183724
19.999999999999986,0.7472679083805208
20.199999999999985,0.8376442452434966
20.399999999999984,0.9420042249771869
20.599999999999984,1.0628129960211135
20.799999999999983,1.2036436463741012
20.999999999999982,1.3685667925367915
21.19999999999998,1.5625278506639186
21.39999999999998,1.7915393805724857
21.59999999999998,2.0625459886931514
21.79999999999998,2.3845292787446906
21.99999999999998,2.768047261284429
22.199999999999978,3.2258174146560656
22.399999999999977,3.7731452019450424
22.599999999999977,4.4284370581062324
22.799999999999976,5.213819524845722
22.999999999999975,6.155885052111244
23.199999999999974,7.286588414798914
23.399999999999974,8.644329798679072
23.599999999999973,10.275252889273478
23.799999999999972,12.234813717397437
23.99999999999997,14.589660519476237
24.19999999999997,17.419904335327775
24.39999999999997,20.821837023973494
24.59999999999997,24.91120772952877
24.79999999999997,29.82716395924426
24.999999999999968,35.73698009090523
25.199999999999967,42.84175290313893
25.399999999999967,51.383242033800514
25.599999999999966,61.652093796345774
25.799999999999965,73.99774589792922
25.999999999999964,88.84029129217093
26.199999999999964,106.68478809815451
26.399999999999963,128.13846881546806
26.599999999999962,153.9313546893597
26.79999999999996,184.94113123201853
26.99999999999996,222.22298505203068
