mags_ab,pos_errs_mas
16.0,0.2139020490896516
16.2,0.23127672620631048
16.4,0.24787154541445633
16.599999999999998,0.16569491374342235
16.799999999999997,0.17900628629977705
16.999999999999996,0.19070671262596345
17.199999999999996,0.1528051417050754
17.399999999999995,0.1634165047012369
17.599999999999994,0.1461102470361366
17.799999999999994,0.15900224715253533
17.999999999999993,0.1499563249484459
18.199999999999992,0.16370776652607513
18.39999999999999,0.17876542991271474
18.59999999999999,0.16689051831839394
18.79999999999999,0.18242559054859034
18.99999999999999,0.1791622961358153
19.19999999999999,0.17813143370859896
19.399999999999988,0.19415406394962773
19.599999999999987,0.21301438963329009
19.799999999999986,0.23388145172505606
19.999999999999986,0.25699529980354135
20.199999999999985,0.28282375252747743
20.399999999999984,0.3113398301416125
20.599999999999984,0.34303082670147644
20.799999999999983,0.3783864345745679
20.999999999999982,0.4179323869688536
21.19999999999998,0.4623036088001089
21.39999999999998,0.5122607311718268
21.59999999999998,0.5687220447484211
21.79999999999998,0.6335956476172736
21.99999999999998,0.7065183190736992
22.199999999999978,0.7899934106784025
22.399999999999977,0.8860127514935449
22.599999999999977,0.9970029656914935
22.799999999999976,1.1259345955955113
22.999999999999975,1.2763839892871252
23.199999999999974,1.4527216742688753
23.399999999999974,1.6611075369018247
23.599999999999973,1.9047621007809636
23.799999999999972,2.1942273900460654
23.99999999999997,2.5387667257128372
24.19999999999997,2.9494225891054184
24.39999999999997,3.439765162181123
24.59999999999997,4.026210242404947
24.79999999999997,4.72849911392197
24.999999999999968,5.562686073362628
25.199999999999967,6.566982422099895
25.399999999999967,7.775164273953026
25.599999999999966,9.226001187630478
25.799999999999965,10.968805311242768
25.999999999999964,13.062837652346854
26.199999999999964,15.579322653211868
26.399999999999963,18.603872808562897
26.599999999999962,22.239388204676033
26.79999999999996,26.59366869153682
26.99999999999996,31.84246011969224
