mags_ab,pos_errs_mas
16.0,0.2360426652324248
16.2,0.1750220529023952
16.4,0.18874059009719402
16.599999999999998,0.20251629918000572
16.799999999999997,0.2175320042650747
16.999999999999996,0.23373404808536233
17.199999999999996,0.19442860532049577
17.399999999999995,0.18839713854875423
17.599999999999994,0.2064876862625447
17.799999999999994,0.22644611506190848
17.999999999999993,0.2484815009488993
18.199999999999992,0.27271033365782293
18.39999999999999,0.29943673077047794
18.59999999999999,0.32907872600992355
18.79999999999999,0.36191976300946865
18.99999999999999,0.3983583503983694
19.19999999999999,0.4388635922297149
19.399999999999988,0.4839635346315305
19.599999999999987,0.5337644486099496
19.799999999999986,0.5890339769675383
19.999999999999986,0.6514546472210342
20.199999999999985,0.7184024219460026
20.399999999999984,0.7966777699256508
20.599999999999984,0.8850943905299921
20.799999999999983,0.985621440634561
20.999999999999982,1.1004648755529345
21.19999999999998,1.2319698253261522
21.39999999999998,1.3801496287659258
21.59999999999998,1.5259626108727968
21.79999999999998,1.7112940438384323
21.99999999999998,1.9333513100954085
22.199999999999978,2.1930877949768517
22.399999999999977,2.4977837038208763
22.599999999999977,2.8566326532813537
22.799999999999976,3.280956911684633
22.999999999999975,3.737100448520762
23.199999999999974,4.259207527189753
23.399999999999974,4.93736521076999
23.599999999999973,5.7037592221424305
23.799999999999972,6.643010945151835
23.99999999999997,7.780988662273177
24.19999999999997,9.1465687542527
24.39999999999997,10.78393353706691
24.59999999999997,12.66173457361216
24.79999999999997,14.998439482241059
24.999999999999968,17.587734491055233
25.199999999999967,20.819910477838683
25.399999999999967,24.788555131639068
25.599999999999966,29.557726446387672
25.799999999999965,35.2896665177687
25.999999999999964,42.17938678338463
26.199999999999964,50.46130597995508
26.399999999999963,60.41723723569556
26.599999999999962,72.38593883214473
26.79999999999996,86.35895409420331
26.99999999999996,103.56471570660203
