mags_ab,pos_errs_mas
16.0,0.21096189025272089
16.2,0.2280698949900661
16.4,0.246223399169312
16.599999999999998,0.26511701251647896
16.799999999999997,0.18354622161439918
16.999999999999996,0.19891823656246785
17.199999999999996,0.21514872175503147
17.399999999999995,0.23306574885092649
17.599999999999994,0.18080901760146886
17.799999999999994,0.19624300005813242
17.999999999999993,0.2134155685569249
18.199999999999992,0.23229478163731943
18.39999999999999,0.2527511035532316
18.59999999999999,0.18422844405121902
18.79999999999999,0.2009062053426656
18.99999999999999,0.1743239613814884
19.19999999999999,0.1903207154486323
19.399999999999988,0.18103864882707643
19.599999999999987,0.19788867175899286
19.799999999999986,0.19677428150057177
19.999999999999986,0.18997926537664417
20.199999999999985,0.19581369062599896
20.399999999999984,0.21503159919660264
20.599999999999984,0.23635773838821098
20.799999999999983,0.2600485319135281
20.999999999999982,0.28647859967090217
21.19999999999998,0.3159888539471493
21.39999999999998,0.3491251537790156
21.59999999999998,0.38629000683299947
21.79999999999998,0.42826978760016216
21.99999999999998,0.4759280731209372
22.199999999999978,0.530159621165566
22.399999999999977,0.5918139649746804
22.599999999999977,0.6625619437420907
22.799999999999976,0.7447772129333388
22.999999999999975,0.8393253122413464
23.199999999999974,0.9494013550194451
23.399999999999974,1.078150272170572
23.599999999999973,1.2293949248452902
23.799999999999972,1.4077737805264765
23.99999999999997,1.6189031709231303
24.19999999999997,1.8695712919070815
24.39999999999997,2.1699873197834814
24.59999999999997,2.525963132678592
24.79999999999997,2.9513904428409594
24.999999999999968,3.4605546347628273
25.199999999999967,4.070631108933732
25.399999999999967,4.802261740432256
25.599999999999966,5.680252695185627
25.799999999999965,6.734412899013789
25.999999999999964,8.000561695687958
26.199999999999964,9.521746185943309
26.399999999999963,11.349703468966636
26.599999999999962,13.54661469787326
26.79999999999996,16.187222658548755
26.99999999999996,19.361370133664273
