mags_ab,pos_errs_mas
16.0,0.2153662937836765
16.2,0.2342001075599355
16.4,0.2531362980308883
16.599999999999998,0.1677953426071103
16.799999999999997,0.17873626258250733
16.999999999999996,0.1907868283981892
17.199999999999996,0.20525449904459017
17.399999999999995,0.15419346855488483
17.599999999999994,0.1649109812683631
17.799999999999994,0.1775872506191894
17.999999999999993,0.19126803474479154
18.199999999999992,0.15198108635593247
18.39999999999999,0.16578786806173276
18.59999999999999,0.18092403417287575
18.79999999999999,0.16530405984964486
18.99999999999999,0.16211284675310947
19.19999999999999,0.17722737474846031
19.399999999999988,0.18007679549867134
19.599999999999987,0.179183148719163
19.799999999999986,0.19178550351030668
19.999999999999986,0.21039155018992395
20.199999999999985,0.23097338766076683
20.399999999999984,0.2537666677741771
20.599999999999984,0.27916724364800916
20.799999999999983,0.3073603142507796
20.999999999999982,0.3386061002448105
21.19999999999998,0.3734567259125733
21.39999999999998,0.4124255744286794
21.59999999999998,0.456134454307975
21.79999999999998,0.5053270750369934
21.99999999999998,0.5609010225446622
22.199999999999978,0.6247007612765204
22.399999999999977,0.6966668998361472
22.599999999999977,0.7788537973664146
22.799999999999976,0.8733662085321545
22.999999999999975,0.9825890790611232
23.199999999999974,1.1094288276206257
23.399999999999974,1.257434251124685
23.599999999999973,1.4309015862702086
23.799999999999972,1.6360468686450715
23.99999999999997,1.8771545076668643
24.19999999999997,2.1624831066243075
24.39999999999997,2.5018139358562594
24.59999999999997,2.9062881426493457
24.79999999999997,3.389270368813805
24.999999999999968,3.9669003283856705
25.199999999999967,4.658620788467925
25.399999999999967,5.487801999409916
25.599999999999966,6.480129766276288
25.799999999999965,7.6720336931922155
25.999999999999964,9.104026815769567
26.199999999999964,10.8242040445515
26.399999999999963,12.891060702228327
26.599999999999962,15.374895393048282
26.79999999999996,18.360208500541674
26.99999999999996,21.94856633233723
