mags_ab,pos_errs_mas
16.0,0.2381851910819213
16.2,0.25723402409576296
16.4,0.2791307220868332
16.599999999999998,0.21133271651310015
16.799999999999997,0.22925153004607965
16.999999999999996,0.24920502450226562
17.199999999999996,0.20700130540036615
17.399999999999995,0.22538781776119493
17.599999999999994,0.24523536144704453
17.799999999999994,0.2117458351941037
17.999999999999993,0.23072399932907453
18.199999999999992,0.25144346123331895
18.39999999999999,0.22344527847120935
18.59999999999999,0.2126435598490029
18.79999999999999,0.21627133545881067
18.99999999999999,0.22060809179572877
19.19999999999999,0.24172121705574298
19.399999999999988,0.26507143021216656
19.599999999999987,0.2908294634765138
19.799999999999986,0.31929759435716937
19.999999999999986,0.3507898830901357
20.199999999999985,0.385765868658481
20.399999999999984,0.42446295196765005
20.599999999999984,0.4675316390649951
20.799999999999983,0.5154394425989505
20.999999999999982,0.5690027300713204
21.19999999999998,0.6288834825481611
21.39999999999998,0.6960417387857342
21.59999999999998,0.7726871114746265
21.79999999999998,0.858230296084784
21.99999999999998,0.9552754494610222
22.199999999999978,1.066202789762381
22.399999999999977,1.1918953138670358
22.599999999999977,1.337680528185453
22.799999999999976,1.5054940619514408
22.999999999999975,1.7015777860167982
23.199999999999974,1.9291036414223346
23.399999999999974,2.1958643191804668
23.599999999999973,2.509911466395318
23.799999999999972,2.8810568990964756
23.99999999999997,3.3210867367694576
24.19999999999997,3.8443352298508997
24.39999999999997,4.467928770854069
24.59999999999997,5.21264265303374
24.79999999999997,6.101938214285537
24.999999999999968,7.167911480704563
25.199999999999967,8.434179908812022
25.399999999999967,9.96251543319073
25.599999999999966,11.795856734832377
25.799999999999965,13.99862020450679
25.999999999999964,16.644709060485322
26.199999999999964,19.824102042930587
26.399999999999963,23.62692982897823
26.599999999999962,28.21533622219603
26.79999999999996,33.70426100132088
26.99999999999996,40.296559086728784
