mags_ab,pos_errs_mas
16.0,inf
16.2,inf
16.4,0.26122195515355473
16.599999999999998,0.28513872636138216
16.799999999999997,0.3021662818767109
16.999999999999996,0.2089675519112092
17.199999999999996,0.22413798355623418
17.399999999999995,0.24134901376363616
17.599999999999994,0.26050051810516023
17.799999999999994,0.2814421038553013
17.999999999999993,0.18489074146886678
18.199999999999992,0.19913102883834694
18.39999999999999,0.21425005789532095
18.59999999999999,0.17066291637823638
18.79999999999999,0.1830321855799797
18.99999999999999,0.19906398051226487
19.19999999999999,0.1785547020721582
19.399999999999988,0.19480573904036932
19.599999999999987,0.18244129103880083
19.799999999999986,0.1992560528860139
19.999999999999986,0.18393369559813624
20.199999999999985,0.20105936386948053
20.399999999999984,0.19550055628512017
20.599999999999984,0.19813902534882044
20.799999999999983,0.20475445656884855
20.999999999999982,0.22484555525978825
21.19999999999998,0.2471570532495139
21.39999999999998,0.27211293714250223
21.59999999999998,0.2998317272465661
21.79999999999998,0.33075979895835167
21.99999999999998,0.3654355051920582
22.199999999999978,0.40433411327741137
22.399999999999977,0.44823090839554575
22.599999999999977,0.49787586162241626
22.799999999999976,0.5543079401866989
22.999999999999975,0.6188711841650799
23.199999999999974,0.6932309432480841
23.399999999999974,0.7790390190117091
23.599999999999973,0.8777376805704109
23.799999999999972,0.9926054417257051
23.99999999999997,1.1269142590728318
24.19999999999997,1.284642246857027
24.39999999999997,1.470616325742064
24.59999999999997,1.6906822351137831
24.79999999999997,1.9519063517735895
24.999999999999968,2.264219384291484
25.199999999999967,2.6349890155816986
25.399999999999967,3.078046992307499
25.599999999999966,3.60826613862517
25.799999999999965,4.243526867432717
25.999999999999964,5.00532009892431
26.199999999999964,5.919471427085483
26.399999999999963,7.017014935115655
26.599999999999962,8.33524306176106
26.79999999999996,9.91897266917473
26.99999999999996,11.822064459327095
