mags_ab,pos_errs_mas
16.0,0.22260702047648226
16.2,0.23650986004523494
16.4,0.1629009533816939
16.599999999999998,0.17693047822120184
16.799999999999997,0.1920543338130852
16.999999999999996,0.17606046554148333
17.199999999999996,0.1767531909836881
17.399999999999995,0.1936153632126634
17.599999999999994,0.21218557211572253
17.799999999999994,0.232642776578535
17.999999999999993,0.2551861325233372
18.199999999999992,0.2800427376796956
18.39999999999999,0.3075568936448148
18.59999999999999,0.33778193711801513
18.79999999999999,0.37117941593029297
18.99999999999999,0.4081280525183152
19.19999999999999,0.44906636976743736
19.399999999999988,0.4944909213532218
19.599999999999987,0.5450208133667629
19.799999999999986,0.6012606586460211
19.999999999999986,0.6637616246858589
20.199999999999985,0.7334459848582287
20.399999999999984,0.8105185995481478
20.599999999999984,0.8985129967049768
20.799999999999983,0.9980014332444592
20.999999999999982,1.1108754522839306
21.19999999999998,1.239096401882785
21.39999999999998,1.3860110091964435
21.59999999999998,1.5550022771091108
21.79999999999998,1.73229047975648
21.99999999999998,1.9481188841199615
22.199999999999978,2.203955370920427
22.399999999999977,2.5032076056964088
22.599999999999977,2.854728578423588
22.799999999999976,3.2692990719167523
22.999999999999975,3.759972829698153
23.199999999999974,4.285946411489891
23.399999999999974,4.9473645906125645
23.599999999999973,5.749950408267756
23.799999999999972,6.708437525314602
23.99999999999997,7.854934471829144
24.19999999999997,9.228050524246525
24.39999999999997,10.874193796592381
24.59999999999997,12.793915626473838
24.79999999999997,15.150576901392766
24.999999999999968,17.98063830363013
25.199999999999967,21.380292990249597
25.399999999999967,25.465145739583445
25.599999999999966,30.374137545121187
25.799999999999965,36.274272948564374
25.999999999999964,43.366290858751235
26.199999999999964,51.89149598227322
26.399999999999963,62.13997670240331
26.599999999999962,74.4604553064252
26.79999999999996,89.27217220305583
26.99999999999996,107.0791233101774
