mags_ab,pos_errs_mas
16.0,0.14948111279851367
16.2,0.1578907122781315
16.4,0.16671268149924434
16.599999999999998,0.14479219008596847
16.799999999999997,0.15379244242023063
16.999999999999996,0.1446341117749424
17.199999999999996,0.1580936482342594
17.399999999999995,0.16019474474018203
17.599999999999994,0.16647191115111692
17.799999999999994,0.17060693788823927
17.999999999999993,0.18179294476458055
18.199999999999992,0.1998108206835155
18.39999999999999,0.21990706798048107
18.59999999999999,0.24226239126734797
18.79999999999999,0.2672468124777633
18.99999999999999,0.29524611393665595
19.19999999999999,0.3267238253899315
19.399999999999988,0.3622366434524166
19.599999999999987,0.40274821427404484
19.799999999999986,0.44850375385933877
19.999999999999986,0.5007807938594834
20.199999999999985,0.5607933239183962
20.399999999999984,0.6300898607335458
20.599999999999984,0.7106785269931232
20.799999999999983,0.8041341740401976
20.999999999999982,0.9134832540856537
21.19999999999998,1.0419819489128967
21.39999999999998,1.1935804374732442
21.59999999999998,1.3736067145947992
21.79999999999998,1.5868721260306529
21.99999999999998,1.8405211639939985
22.199999999999978,2.143161803919092
22.399999999999977,2.5048979884084255
22.599999999999977,2.9378822840343526
22.799999999999976,3.457230762546887
22.999999999999975,4.079387918305328
23.199999999999974,4.826034887190131
23.399999999999974,5.722523198232536
23.599999999999973,6.7993163598505095
23.799999999999972,8.093025150254242
23.99999999999997,9.647648632969668
24.19999999999997,11.516072739207466
24.39999999999997,13.761864582579845
24.59999999999997,16.461435293951602
24.79999999999997,19.706641441987518
24.999999999999968,23.60790665560456
25.199999999999967,28.29798120209874
25.399999999999967,33.936457779778934
25.599999999999966,40.71519972260417
25.799999999999965,48.8648803372621
25.999999999999964,58.66281355706563
26.199999999999964,70.44240077916223
26.399999999999963,84.60449051127912
26.599999999999962,101.63098847715452
26.79999999999996,122.10127345609853
26.99999999999996,146.71190203472307
