mags_ab,pos_errs_mas
16.0,0.37471332887765635
16.2,0.40207192321329166
16.4,0.2749380585729812
16.599999999999998,0.2962262350629388
16.799999999999997,0.3211620570329431
16.999999999999996,0.3489408000589829
17.199999999999996,0.3765506885179759
17.399999999999995,0.4050632000676259
17.599999999999994,0.43481186597784927
17.799999999999994,0.24382338262648662
17.999999999999993,0.26444392327141747
18.199999999999992,0.2873447391621855
18.39999999999999,0.3099958509694167
18.59999999999999,0.2406798677680605
18.79999999999999,0.26196860037750297
18.99999999999999,0.285056685786185
19.19999999999999,0.23045729496670464
19.399999999999988,0.2513383270416844
19.599999999999987,0.27422788575035256
19.799999999999986,0.24669348078447415
19.999999999999986,0.2693740158193752
20.199999999999985,0.24249568113116574
20.399999999999984,0.24038660300333592
20.599999999999984,0.2482991411249189
20.799999999999983,0.249091457302188
20.999999999999982,0.26840030510789226
21.19999999999998,0.29452191818459544
21.39999999999998,0.3235585196515447
21.59999999999998,0.35575448670691767
21.79999999999998,0.3915512712491712
21.99999999999998,0.4313901675177374
22.199999999999978,0.47597986711793
22.399999999999977,0.5258050087164088
22.599999999999977,0.5819313015106204
22.799999999999976,0.6450271772635825
22.999999999999975,0.7167317505780205
23.199999999999974,0.7978765442772682
23.399999999999974,0.8915436194879779
23.599999999999973,0.9978813609290437
23.799999999999972,1.120332416217208
23.99999999999997,1.2622465390692035
24.19999999999997,1.4273597684466768
24.39999999999997,1.620234611225771
24.59999999999997,1.8470058901523037
24.79999999999997,2.1142577886346277
24.999999999999968,2.4334182670263576
25.199999999999967,2.808205326292056
25.399999999999967,3.2547511569992302
25.599999999999966,3.7874413039804415
25.799999999999965,4.4228236076435135
25.999999999999964,5.183109365083788
26.199999999999964,6.095498017634226
26.399999999999963,7.187589356796273
26.599999999999962,8.49801197347416
26.79999999999996,10.071247762665777
26.99999999999996,11.960746593330866
