mags_ab,pos_errs_mas
16.0,0.3748890335885746
16.2,0.3964043674558755
16.4,0.27530608248835936
16.599999999999998,0.29475210627887344
16.799999999999997,0.3189011492410831
16.999999999999996,0.34381472293871934
17.199999999999996,0.36795793414812433
17.399999999999995,0.3941225836722679
17.599999999999994,0.4172707656377111
17.799999999999994,0.2643769561714669
17.999999999999993,0.2860980367324825
18.199999999999992,0.309941795594186
18.39999999999999,0.24763181517882935
18.59999999999999,0.2697675841485387
18.79999999999999,0.29379441654762156
18.99999999999999,0.2504169404401666
19.19999999999999,0.2742966777237038
19.399999999999988,0.3006220177604045
19.599999999999987,0.32973175659776005
19.799999999999986,0.3618087053553878
19.999999999999986,0.3972727070769169
20.199999999999985,0.4365116541579383
20.399999999999984,0.4799671655324576
20.599999999999984,0.5280908000693944
20.799999999999983,0.5816386801328942
20.999999999999982,0.6409773817226173
21.19999999999998,0.7073819516151997
21.39999999999998,0.7817259838188447
21.59999999999998,0.865378804082934
21.79999999999998,0.9587098988903184
21.99999999999998,1.0645700091586958
22.199999999999978,1.1837208287695462
22.399999999999977,1.3196604034835326
22.599999999999977,1.4742598594421992
22.799999999999976,1.652261565579272
22.999999999999975,1.8572575464957568
23.199999999999974,2.092513010963443
23.399999999999974,2.366788168279606
23.599999999999973,2.687401469784117
23.799999999999972,3.0669911248618855
23.99999999999997,3.5149675560567415
24.19999999999997,4.037960271597891
24.39999999999997,4.656780626311005
24.59999999999997,5.40214044906458
24.79999999999997,6.291515735203389
24.999999999999968,7.3104384885387415
25.199999999999967,8.569735720250529
25.399999999999967,10.07849622265286
25.599999999999966,11.887760046224981
25.799999999999965,14.058864821343217
25.999999999999964,16.665512928581208
26.199999999999964,19.79627282066537
26.399999999999963,23.557586333917733
26.599999999999962,28.077369613939243
26.79999999999996,33.50937485759871
26.99999999999996,39.905072827289196
