mags_ab,pos_errs_mas
16.0,0.23738170979121478
16.2,0.25176726033056357
16.4,0.2572260911206609
16.599999999999998,0.1870911852954869
16.799999999999997,0.2019154207292997
16.999999999999996,0.18299144952168184
17.199999999999996,0.18260014001152872
17.399999999999995,0.20006929827263786
17.599999999999994,0.219334618375247
17.799999999999994,0.24058591834865725
17.999999999999993,0.26402611820357347
18.199999999999992,0.28971388314932567
18.39999999999999,0.3182306727002922
18.59999999999999,0.34976773331663163
18.79999999999999,0.384707847727436
18.99999999999999,0.4234728696113872
19.19999999999999,0.46654435667357425
19.399999999999988,0.514554098752705
19.599999999999987,0.5670968251499303
19.799999999999986,0.6260191285064928
19.999999999999986,0.6898692766232448
20.199999999999985,0.7637270477295562
20.399999999999984,0.8468643867638499
20.599999999999984,0.9409646560266772
20.799999999999983,1.0478252476089254
20.999999999999982,1.1698401735365709
21.19999999999998,1.3023479697949505
21.39999999999998,1.4441031669313613
21.59999999999998,1.6151110355308635
21.79999999999998,1.8184264767954108
21.99999999999998,2.0550221610535613
22.199999999999978,2.3307067407905553
22.399999999999977,2.6542368932952316
22.599999999999977,2.9774057273852947
22.799999999999976,3.3968568633429457
22.999999999999975,3.8700004227135447
23.199999999999974,4.4631338917159615
23.399999999999974,5.168588783213002
23.599999999999973,6.009610827482213
23.799999999999972,7.0141909063377
23.99999999999997,8.104570785577945
24.19999999999997,9.466871580903069
24.39999999999997,11.058948451801687
24.59999999999997,13.046746233568122
24.79999999999997,15.432184378680134
24.999999999999968,18.296246790204382
25.199999999999967,21.736255251573734
25.399999999999967,25.86916339719035
25.599999999999966,30.64978356539019
25.799999999999965,36.56923487101522
25.999999999999964,43.68400494815473
26.199999999999964,52.236161826340336
26.399999999999963,62.51670855622392
26.599999999999962,74.87544457104104
26.79999999999996,89.73291300112783
26.99999999999996,107.59466472670421
