mags_ab,pos_errs_mas
16.0,inf
16.2,0.3092878790970398
16.4,0.32647159497895073
16.599999999999998,0.34600442009585847
16.799999999999997,0.3667344009117075
16.999999999999996,0.3885384663409147
17.199999999999996,0.2764908588813942
17.399999999999995,0.2979277649416946
17.599999999999994,0.31902803814532077
17.799999999999994,0.3418521476972859
17.999999999999993,0.2669704722294614
18.199999999999992,0.28979457004214426
18.39999999999999,0.27028799494705447
18.59999999999999,0.2962776857815263
18.79999999999999,0.32491769037588103
18.99999999999999,0.3565440712091772
19.19999999999999,0.3915879794754128
19.399999999999988,0.43038146713408787
19.599999999999987,0.47322369728356445
19.799999999999986,0.5204655403972294
19.999999999999986,0.5733923742229948
20.199999999999985,0.6314071834225908
20.399999999999984,0.6964875385533938
20.599999999999984,0.7697247638477422
20.799999999999983,0.8493988043226437
20.999999999999982,0.9404035043648973
21.19999999999998,1.043564404534627
21.39999999999998,1.1556728231325812
21.59999999999998,1.2834292007508799
21.79999999999998,1.4323373837671005
21.99999999999998,1.600283570303532
22.199999999999978,1.7850424457687006
22.399999999999977,2.0001981649835945
22.599999999999977,2.2469467514824566
22.799999999999976,2.5384084386281955
22.999999999999975,2.8677741711765288
23.199999999999974,3.2671429769291804
23.399999999999974,3.7290619649484507
23.599999999999973,4.253783142473871
23.799999999999972,4.90237050932803
23.99999999999997,5.673457844115538
24.19999999999997,6.481851986684359
24.39999999999997,7.520107643984106
24.59999999999997,8.786456840435452
24.79999999999997,10.302019772118387
24.999999999999968,12.066075586437545
25.199999999999967,14.230137486103235
25.399999999999967,16.686196044421
25.599999999999966,19.76788555251631
25.799999999999965,23.468860517243975
25.999999999999964,27.914924704062514
26.199999999999964,33.25727282867672
26.399999999999963,39.67763281824024
26.599999999999962,47.39442078978947
26.79999999999996,56.67019476420339
26.99999999999996,67.4389596304873
