mags_ab,pos_errs_mas
16.0,0.23907571397148752
16.2,0.2523926490242023
16.4,0.17444212917147484
16.599999999999998,0.18755321752546894
16.799999999999997,0.20194651258545301
16.999999999999996,0.21757447645372047
17.199999999999996,0.2318722068949261
17.399999999999995,0.18257382504168052
17.599999999999994,0.19845804920407417
17.799999999999994,0.18016496704179968
17.999999999999993,0.1953695739442449
18.199999999999992,0.21412030063147067
18.39999999999999,0.23479249084473258
18.59999999999999,0.25762322375850394
18.79999999999999,0.2827128842400434
18.99999999999999,0.3104233543675851
19.19999999999999,0.34104132794970793
19.399999999999988,0.3749199672947179
19.599999999999987,0.41245574535943663
19.799999999999986,0.4541178507868539
19.999999999999986,0.5004289812864844
20.199999999999985,0.5514920989697271
20.399999999999984,0.6087036035350137
20.599999999999984,0.6717776113464744
20.799999999999983,0.7421091456770847
20.999999999999982,0.8220616946250731
21.19999999999998,0.9123824203929997
21.39999999999998,1.014697909081329
21.59999999999998,1.131252962117587
21.79999999999998,1.2630811879972677
21.99999999999998,1.4088275739143228
22.199999999999978,1.566238149965638
22.399999999999977,1.761737716005316
22.599999999999977,1.9883523096144555
22.799999999999976,2.2529649657761732
22.999999999999975,2.562995951877203
23.199999999999974,2.927777629082479
23.399999999999974,3.358623754318318
23.599999999999973,3.833610113995996
23.799999999999972,4.385674791938521
23.99999999999997,5.0828502683406835
24.19999999999997,5.914336002877751
24.39999999999997,6.9075984895925915
24.59999999999997,8.096419114066336
24.79999999999997,9.517806799502356
24.999999999999968,11.219614584915899
25.199999999999967,13.197334758653833
25.399999999999967,15.498801160386249
25.599999999999966,18.34305073285204
25.799999999999965,21.805354375940066
25.999999999999964,25.97322854815868
26.199999999999964,30.98202306499593
26.399999999999963,37.00214306244901
26.599999999999962,44.23840484778369
26.79999999999996,52.3088859441487
26.99999999999996,62.37731379469256
