mags_ab,pos_errs_mas
16.0,0.20610927041510352
16.2,0.2228093969073409
16.4,0.17007632046499502
16.599999999999998,0.18468377884072168
16.799999999999997,0.2008013238501649
16.999999999999996,0.16929054470564184
17.199999999999996,0.18409556300370306
17.399999999999995,0.20038765428028948
17.599999999999994,0.17632091076614526
17.799999999999994,0.19223641340304237
17.999999999999993,0.18252498098738312
18.199999999999992,0.1838935928520532
18.39999999999999,0.18498839986453097
18.59999999999999,0.19436241226501147
18.79999999999999,0.21300331703515105
18.99999999999999,0.23363364738006162
19.19999999999999,0.25627466693870077
19.399999999999988,0.28126400616314284
19.599999999999987,0.3088570167972724
19.799999999999986,0.33936195684784065
19.999999999999986,0.3731050293206271
20.199999999999985,0.4105111454721656
20.399999999999984,0.452195083205358
20.599999999999984,0.49835898238453596
20.799999999999983,0.5497281329832849
20.999999999999982,0.6077755000547108
21.19999999999998,0.6719642935806532
21.39999999999998,0.7440059083560433
21.59999999999998,0.8251350970923558
21.79999999999998,0.916845947651681
21.99999999999998,1.0213500996433742
22.199999999999978,1.1407133045344888
22.399999999999977,1.275145206586096
22.599999999999977,1.431160631152639
22.799999999999976,1.6110243615875195
22.999999999999975,1.820096645713929
23.199999999999974,2.063384552152434
23.399999999999974,2.348160969682829
23.599999999999973,2.683065662340008
23.799999999999972,3.0782769300041313
23.99999999999997,3.5486255829730067
24.19999999999997,4.107907413026428
24.39999999999997,4.760389688366493
24.59999999999997,5.533715388764169
24.79999999999997,6.472858784321606
24.999999999999968,7.597260991516436
25.199999999999967,8.944889836409718
25.399999999999967,10.561375404747293
25.599999999999966,12.5015488324521
25.799999999999965,14.83130127354419
25.999999999999964,17.629812271260832
26.199999999999964,20.99223605871371
26.399999999999963,25.032942266926234
26.599999999999962,29.844255296721645
26.79999999999996,35.66882939371912
26.99999999999996,42.67034553171996
