mags_ab,pos_errs_mas
16.0,0.21355965676843222
16.2,0.16623193682129056
16.4,0.17761722983094516
16.599999999999998,0.191152969806895
16.799999999999997,0.16259600620210712
16.999999999999996,0.17716618081803132
17.199999999999996,0.1575881905116976
17.399999999999995,0.17186579065702814
17.599999999999994,0.16508440135687158
17.799999999999994,0.1676882552117418
17.999999999999993,0.17568244241631112
18.199999999999992,0.17976379789218272
18.39999999999999,0.19688503327906656
18.59999999999999,0.21574576343650903
18.79999999999999,0.23652827536087156
18.99999999999999,0.2595963297995708
19.19999999999999,0.2849559603125718
19.399999999999988,0.312804630084002
19.599999999999987,0.3435539405445792
19.799999999999986,0.37753863896588336
19.999999999999986,0.41514857554533136
20.199999999999985,0.45683541329052174
20.399999999999984,0.503115770016739
20.599999999999984,0.5547992802245806
20.799999999999983,0.6126614635123848
20.999999999999982,0.676554693315575
21.19999999999998,0.7473154631767935
21.39999999999998,0.8273369665418938
21.59999999999998,0.9174899622888671
21.79999999999998,1.0195312246040322
21.99999999999998,1.1354991045507463
22.199999999999978,1.2686178977001266
22.399999999999977,1.4199590116273173
22.599999999999977,1.5884701529395209
22.799999999999976,1.7848644508687979
22.999999999999975,2.013742719808042
23.199999999999974,2.2813376574061532
23.399999999999974,2.5949453892552605
23.599999999999973,2.963888846520296
23.799999999999972,3.3996010881509244
23.99999999999997,3.915915940047926
24.19999999999997,4.505927912960461
24.39999999999997,5.221050986951932
24.59999999999997,6.079304878565705
24.79999999999997,7.105099067565061
24.999999999999968,8.332890076162453
25.199999999999967,9.804103622889272
25.399999999999967,11.568526201681818
25.599999999999966,13.685987178751823
25.799999999999965,16.228381208063166
25.999999999999964,19.249447453793223
26.199999999999964,22.90807931710918
26.399999999999963,27.30450302862826
26.599999999999962,32.58826648241177
26.79999999999996,38.93913531061157
26.99999999999996,46.57318674944281
