mags_ab,pos_errs_mas
16.0,0.23765893104474994
16.2,0.257581139955855
16.4,0.27909302948171916
16.599999999999998,0.21084990019220437
16.799999999999997,0.22852350704379296
16.999999999999996,0.24809319147395423
17.199999999999996,0.2687964986861565
17.399999999999995,0.29171653110325363
17.599999999999994,0.21087087142501593
17.799999999999994,0.22973402747520943
17.999999999999993,0.2499716270068608
18.199999999999992,0.2066946430764559
18.39999999999999,0.22544689879884228
18.59999999999999,0.20751606835056424
18.79999999999999,0.20212040848365
18.99999999999999,0.22074382398883996
19.19999999999999,0.20793156809925067
19.399999999999988,0.21576500447297747
19.599999999999987,0.2233656246794562
19.799999999999986,0.24476127367918807
19.999999999999986,0.26841376041074355
20.199999999999985,0.29451903766102844
20.399999999999984,0.3233762645928455
20.599999999999984,0.3553120316534815
20.799999999999983,0.39075284143905603
20.999999999999982,0.4300224416372333
21.19999999999998,0.473723391854483
21.39999999999998,0.5224395609741053
21.59999999999998,0.5767944606441744
21.79999999999998,0.6377032391574899
21.99999999999998,0.7060726591765893
22.199999999999978,0.7838829509642584
22.399999999999977,0.8711460146471118
22.599999999999977,0.9702718097636378
22.799999999999976,1.0837129601966262
22.999999999999975,1.2125029138091776
23.199999999999974,1.3620678406564066
23.399999999999974,1.5345253789230446
23.599999999999973,1.7357240989394989
23.799999999999972,1.9703506626940275
23.99999999999997,2.24582063583729
24.19999999999997,2.5705521041507593
24.39999999999997,2.954740083064307
24.59999999999997,3.410708747818682
24.79999999999997,3.953332456749206
24.999999999999968,4.600535955723799
25.199999999999967,5.37389870942751
25.399999999999967,6.299378358873103
25.599999999999966,7.408183311241159
25.799999999999965,8.726009173154587
25.999999999999964,10.31661917630808
26.199999999999964,12.226219982978131
26.399999999999963,14.519692224429491
26.599999999999962,17.275001742187847
26.79999999999996,20.58585445279704
26.99999999999996,24.564869855152995
