mags_ab,pos_errs_mas
16.0,inf
16.2,inf
16.4,inf
16.599999999999998,inf
16.799999999999997,0.23348854025466872
16.999999999999996,0.24758621076720508
17.199999999999996,0.26276209490011054
17.399999999999995,0.26987228654260265
17.599999999999994,0.28608898159485413
17.799999999999994,0.29192251786948376
17.999999999999993,0.20957122699207725
18.199999999999992,0.2272035084514045
18.39999999999999,0.20262251172040052
18.59999999999999,0.20509927027376326
18.79999999999999,0.22013483924649702
18.99999999999999,0.2415405135216018
19.19999999999999,0.26520177102799564
19.399999999999988,0.29138010178219886
19.599999999999987,0.32036916972925694
19.799999999999986,0.3524754743275572
19.999999999999986,0.3882073806183396
20.199999999999985,0.4281016008486431
20.399999999999984,0.47269515258984157
20.599999999999984,0.5226563325976522
20.799999999999983,0.5777415848719353
20.999999999999982,0.6405855852107499
21.19999999999998,0.7116419361711128
21.39999999999998,0.7923201152132322
21.59999999999998,0.8844984621181015
21.79999999999998,0.9888973250432894
21.99999999999998,1.1072362520837504
22.199999999999978,1.2448961814231336
22.399999999999977,1.4066538258305257
22.599999999999977,1.5955710003708414
22.799999999999976,1.8133528194474657
22.999999999999975,2.04740656281173
23.199999999999974,2.346583997242044
23.399999999999974,2.700909856428206
23.599999999999973,3.1218161044513137
23.799999999999972,3.623093331100925
23.99999999999997,4.221354556441012
24.19999999999997,4.936594680334562
24.39999999999997,5.792859885724467
24.59999999999997,6.819057183620362
24.79999999999997,8.04992863728863
24.999999999999968,9.470934621422323
25.199999999999967,11.230734748521337
25.399999999999967,13.344478763922261
25.599999999999966,15.884034817700243
25.799999999999965,18.93577404690583
25.999999999999964,22.603510285618366
26.199999999999964,27.012026391585653
26.399999999999963,32.31132151083514
26.599999999999962,38.681707951973976
26.79999999999996,46.33995194830096
26.99999999999996,55.54663831793121
