mags_ab,pos_errs_mas
16.0,0.23817827766606658
16.2,0.2572255103075924
16.4,0.27911971762347615
16.599999999999998,0.211320579246786
16.799999999999997,0.22923583209857418
16.999999999999996,0.2491844846334468
17.199999999999996,0.2069752499467543
17.399999999999995,0.2253536445849943
17.599999999999994,0.24519221658594503
17.799999999999994,0.2116849747745994
17.999999999999993,0.2306439388448826
18.199999999999992,0.251338103241647
18.39999999999999,0.22329609581582213
18.59999999999999,0.21243295832198855
18.79999999999999,0.21598220871603488
18.99999999999999,0.2202102861871895
19.19999999999999,0.2411968320721171
19.399999999999988,0.26438118474161604
19.599999999999987,0.28991566439539207
19.799999999999986,0.3180981602082146
19.999999999999986,0.34921514837561884
20.199999999999985,0.3836893162863254
20.399999999999984,0.42173419059375944
20.599999999999984,0.4639464223813826
20.799999999999983,0.5108210446855403
20.999999999999982,0.5628360546735843
21.19999999999998,0.6207226686074782
21.39999999999998,0.6854628730769822
21.59999999999998,0.7587076323027544
21.79999999999998,0.8399299321040009
21.99999999999998,0.9316916103528216
22.199999999999978,1.034376448683923
22.399999999999977,1.1518739503990127
22.599999999999977,1.2852888081014489
22.799999999999976,1.4379628849767627
22.999999999999975,1.615583328195571
23.199999999999974,1.8184182448384787
23.399999999999974,2.0547579470395636
23.599999999999973,2.3286171257478383
23.799999999999972,2.6516437611886583
23.99999999999997,3.0300364477712307
24.19999999999997,3.473985689461439
24.39999999999997,4.004789852254767
24.59999999999997,4.631568432719414
24.79999999999997,5.3773625061272305
24.999999999999968,6.261034441644884
25.199999999999967,7.325687837232676
25.399999999999967,8.60048071157427
25.599999999999966,10.1284704242937
25.799999999999965,11.961402851698576
25.999999999999964,14.161458779382455
26.199999999999964,16.803359253586244
26.399999999999963,19.976899023436435
26.599999999999962,23.789986786054786
26.79999999999996,28.372321456989482
26.99999999999996,33.83046050652124
