mags_ab,pos_errs_mas
16.0,0.2387787922464846
16.2,0.25839571486042656
16.4,0.28047780475197964
16.599999999999998,0.3012671030520223
16.799999999999997,0.3250337260740002
16.999999999999996,0.2091886494581048
17.199999999999996,0.22691770066494107
17.399999999999995,0.24583929412917993
17.599999999999994,0.2662765620414283
17.799999999999994,0.2889061824695781
17.999999999999993,0.21099894818835638
18.199999999999992,0.22982243758098927
18.39999999999999,0.25035060157943
18.59999999999999,0.2725371641126131
18.79999999999999,0.21229349078829762
18.99999999999999,0.23159617460985008
19.19999999999999,0.20659546647811514
19.399999999999988,0.2255990731736226
19.599999999999987,0.2168727221079075
19.799999999999986,0.2165308406855976
19.999999999999986,0.22109062726873382
20.199999999999985,0.2221692623810402
20.399999999999984,0.2435201138853614
20.599999999999984,0.26714643088780743
20.799999999999983,0.2932584166458814
20.999999999999982,0.3221722642182629
21.19999999999998,0.35421132290657115
21.39999999999998,0.38989100739157756
21.59999999999998,0.42947261053765606
21.79999999999998,0.4736718710309401
21.99999999999998,0.5230082514918573
22.199999999999978,0.578421805245299
22.399999999999977,0.6406486788334825
22.599999999999977,0.7109125287150876
22.799999999999976,0.791204882845195
22.999999999999975,0.881905199562162
23.199999999999974,0.9856542510574533
23.399999999999974,1.1047517850197155
23.599999999999973,1.2423740187075694
23.799999999999972,1.4017537193465113
23.99999999999997,1.587692954106683
24.19999999999997,1.8068021805960055
24.39999999999997,2.0626315005782176
24.59999999999997,2.364272864179504
24.79999999999997,2.721737295130442
24.999999999999968,3.1464244409408804
25.199999999999967,3.6522566595308703
25.399999999999967,4.256005322164958
25.599999999999966,4.9778543941426925
25.799999999999965,5.842077957895425
25.999999999999964,6.877855753676058
26.199999999999964,8.12025680583594
26.399999999999963,9.611423763849732
26.599999999999962,11.401995307535337
26.79999999999996,13.548363321369202
26.99999999999996,16.129783083451358
