mags_ab,pos_errs_mas
16.0,0.375717967504278
16.2,0.40317352093435666
16.4,0.2734154637474541
16.599999999999998,0.2969455242931809
16.799999999999997,0.3215189309464008
16.999999999999996,0.3496012118734484
17.199999999999996,0.3750568014803083
17.399999999999995,0.4052717037415783
17.599999999999994,0.2622132322951807
17.799999999999994,0.28311508476025177
17.999999999999993,0.30623351892582557
18.199999999999992,0.33200388444137174
18.39999999999999,0.2423299016563658
18.59999999999999,0.26359451133970824
18.79999999999999,0.2871156235102657
18.99999999999999,0.3125528193437465
19.19999999999999,0.24326967652068907
19.399999999999988,0.2653872973270446
19.599999999999987,0.23663794252265247
19.799999999999986,0.258440933642487
19.999999999999986,0.2484343834135033
20.199999999999985,0.24807042841684987
20.399999999999984,0.25346235279507623
20.599999999999984,0.25980241688659234
20.799999999999983,0.2851509761538132
20.999999999999982,0.3132685436586573
21.19999999999998,0.34457924130144374
21.39999999999998,0.3794170042833822
21.59999999999998,0.41824806624224375
21.79999999999998,0.46168902003404666
21.99999999999998,0.5104717297845003
22.199999999999978,0.5654057257397807
22.399999999999977,0.6273888025322414
22.599999999999977,0.6977056258698708
22.799999999999976,0.7779622259775617
22.999999999999975,0.8696423258822868
23.199999999999974,0.9758593261291836
23.399999999999974,1.09775269189544
23.599999999999973,1.2392493127725843
23.799999999999972,1.404413156006879
23.99999999999997,1.597967902004943
24.19999999999997,1.8258192586829178
24.39999999999997,2.094644849037326
24.59999999999997,2.413649987636892
24.79999999999997,2.793014129024474
24.999999999999968,3.2443406040283556
25.199999999999967,3.78322128716182
25.399999999999967,4.426353225389369
25.599999999999966,5.196333259302329
25.799999999999965,6.12061483478352
25.999999999999964,7.226836897029716
26.199999999999964,8.557077512087591
26.399999999999963,10.150638545127414
26.599999999999962,12.068560993838577
26.79999999999996,14.367680431212111
26.99999999999996,17.135647913380136
