mags_ab,pos_errs_mas
16.0,inf
16.2,inf
16.4,0.25942042139693383
16.599999999999998,0.28344442284593163
16.799999999999997,0.30168204431810236
16.999999999999996,0.20897999566575332
17.199999999999996,0.223848996081409
17.399999999999995,0.24123501319621854
17.599999999999994,0.18529628775489687
17.799999999999994,0.19984499205394038
17.999999999999993,0.21544687993043002
18.199999999999992,0.17906648089088065
18.39999999999999,0.19478024995072024
18.59999999999999,0.21215594800044713
18.79999999999999,0.18441263304703084
18.99999999999999,0.20114785433240925
19.19999999999999,0.1859736848962766
19.399999999999988,0.18173539416819395
19.599999999999987,0.18377081686942193
19.799999999999986,0.18967340550900108
19.999999999999986,0.19936957952677398
20.199999999999985,0.20748875065412087
20.399999999999984,0.22780261928634796
20.599999999999984,0.2503424767836379
20.799999999999983,0.2755788255492138
20.999999999999982,0.3034664486806934
21.19999999999998,0.33459464846718207
21.39999999999998,0.3694311584032066
21.59999999999998,0.4084860755359493
21.79999999999998,0.45240593449686073
21.99999999999998,0.5020201652191302
22.199999999999978,0.5582961353472804
22.399999999999977,0.6226039906263219
22.599999999999977,0.696142396309275
22.799999999999976,0.7810146015950704
22.999999999999975,0.8783603395071881
23.199999999999974,0.9913650581641826
23.399999999999974,1.1231741432619275
23.599999999999973,1.2776149218427486
23.799999999999972,1.4593365662087485
23.99999999999997,1.6739750317136282
24.19999999999997,1.9283498739888434
24.39999999999997,2.231720650385079
24.59999999999997,2.5916899651258323
24.79999999999997,3.021437902945502
24.999999999999968,3.535342881075326
25.199999999999967,4.1506960954861
25.399999999999967,4.888282461176545
25.599999999999966,5.7730819653903955
25.799999999999965,6.835111257104165
25.999999999999964,8.110441147661458
26.199999999999964,9.642417665180252
26.399999999999963,11.483134417892058
26.599999999999962,13.69519986682063
26.79999999999996,16.353867521408784
26.99999999999996,19.54959094033799
