mags_ab,pos_errs_mas
16.0,0.18334231231897316
16.2,0.19766732387940533
16.4,0.21093453963813752
16.599999999999998,0.170216829321014
16.799999999999997,0.1851484725622774
16.999999999999996,0.17187172723412183
17.199999999999996,0.18661536873771753
17.399999999999995,0.20448368357083557
17.599999999999994,0.22416805666607642
17.799999999999994,0.24585826825700133
17.999999999999993,0.2697720909359841
18.199999999999992,0.2961515354366816
18.39999999999999,0.325161556017013
18.59999999999999,0.357216348667202
18.79999999999999,0.39265730586422376
18.99999999999999,0.43189514178161165
19.19999999999999,0.47540730174132706
19.399999999999988,0.5237237638437823
19.599999999999987,0.5772405878955763
19.799999999999986,0.6364051351380735
19.999999999999986,0.7023877938366204
20.199999999999985,0.7747483549794728
20.399999999999984,0.8575167390705969
20.599999999999984,0.9506976301942821
20.799999999999983,1.0561128961978117
20.999999999999982,1.1745651834391664
21.19999999999998,1.3101853512034434
21.39999999999998,1.4625372659513767
21.59999999999998,1.617294675816874
21.79999999999998,1.8147687016548897
21.99999999999998,2.043197458034775
22.199999999999978,2.3086937468599493
22.399999999999977,2.618298947542129
22.599999999999977,2.981772964977604
22.799999999999976,3.4089584062200466
22.999999999999975,3.8321789392637986
23.199999999999974,4.367867129427267
23.399999999999974,5.038287167634694
23.599999999999973,5.835945794572273
23.799999999999972,6.786998185902813
23.99999999999997,7.923111117211106
24.19999999999997,9.282381264514653
24.39999999999997,10.845761829785504
24.59999999999997,12.623688312784113
24.79999999999997,14.837026618378657
24.999999999999968,17.55357509864894
25.199999999999967,20.815305954838575
25.399999999999967,24.7330590082665
25.599999999999966,29.440035802141303
25.799999999999965,35.09632686055855
25.999999999999964,41.680295396011445
26.199999999999964,49.795456886143064
26.399999999999963,59.55019332383234
26.599999999999962,71.27641172057432
26.79999999999996,85.3731207815255
26.99999999999996,102.3199798332514
