mags_ab,pos_errs_mas
16.0,0.16559116266153032
16.2,0.1794640215835937
16.4,0.1578507955839454
16.599999999999998,0.17226662464077316
16.799999999999997,0.1881018444193992
16.999999999999996,0.17893002745895653
17.199999999999996,0.196240504015863
17.399999999999995,0.21539924652349896
17.599999999999994,0.23656243782025374
17.799999999999994,0.26000897360400205
17.999999999999993,0.28602267895110095
18.199999999999992,0.3149370502767485
18.39999999999999,0.3471436200853178
18.59999999999999,0.3833540950011744
18.79999999999999,0.4235954983197468
18.99999999999999,0.4687615129912983
19.19999999999999,0.5196326567179052
19.399999999999988,0.5771749834998561
19.599999999999987,0.6427895028450565
19.799999999999986,0.717350187310141
19.999999999999986,0.8028241053826884
20.199999999999985,0.9011500203729841
20.399999999999984,1.0148073489856353
20.599999999999984,1.146970052987292
20.799999999999983,1.3013753986599903
20.999999999999982,1.4825683602951962
21.19999999999998,1.6959789305246855
21.39999999999998,1.948190648209255
21.59999999999998,2.2473918410223392
21.79999999999998,2.6033200263602017
21.99999999999998,3.0277139939828626
22.199999999999978,3.534706479814766
22.399999999999977,4.141300113631951
22.599999999999977,4.867937488431038
22.799999999999976,5.73918945443903
22.999999999999975,6.7845842569042745
23.199999999999974,8.039603802707463
23.399999999999974,9.546887333997308
23.599999999999973,11.357673929077459
23.799999999999972,13.533545242791584
23.99999999999997,16.148513888441588
24.19999999999997,19.291545389793555
24.39999999999997,23.06957733906396
24.59999999999997,27.61115833856113
24.79999999999997,33.070824773545745
24.999999999999968,39.63435355081474
25.199999999999967,47.52508655352598
25.399999999999967,57.011528668699256
25.599999999999966,68.41648095857235
25.799999999999965,82.12804203626176
25.999999999999964,98.61278377502275
26.199999999999964,118.43164434060121
26.399999999999963,142.25904233795015
26.599999999999962,170.90577179855103
26.79999999999996,205.346627694715
26.99999999999996,246.7535513242445
