mags_ab,pos_errs_mas
16.0,0.28524443012674805
16.2,0.3036503074753636
16.4,0.32338143254128165
16.599999999999998,0.2312039072170637
16.799999999999997,0.24916755376475047
16.999999999999996,0.2688275165115109
17.199999999999996,0.2881230592933572
17.399999999999995,0.3088860469943206
17.599999999999994,0.32861770426199916
17.799999999999994,0.23635844919056903
17.999999999999993,0.2561004760353342
18.199999999999992,0.2208071544188778
18.39999999999999,0.24191604260451793
18.59999999999999,0.2652352364217929
18.79999999999999,0.2909502689736596
18.99999999999999,0.31935312788569775
19.19999999999999,0.35079939952979106
19.399999999999988,0.3854440009399382
19.599999999999987,0.42396756825922716
19.799999999999986,0.4666461478003745
19.999999999999986,0.5140747279118615
20.199999999999985,0.5670120392858494
20.399999999999984,0.6258020545291136
20.599999999999984,0.6919770681214629
20.799999999999983,0.7654568930947261
20.999999999999982,0.8487953201129733
21.19999999999998,0.942020592533296
21.39999999999998,1.0460373201059945
21.59999999999998,1.1669212123214006
21.79999999999998,1.3027845932397204
21.99999999999998,1.4568158668021605
22.199999999999978,1.636079596866825
22.399999999999977,1.8433315708742009
22.599999999999977,2.083924529065862
22.799999999999976,2.367771572048582
22.999999999999975,2.6867957984795714
23.199999999999974,3.076064247795985
23.399999999999974,3.528414785762873
23.599999999999973,4.062790640933796
23.799999999999972,4.707816066599899
23.99999999999997,5.477041289146656
24.19999999999997,6.352495287852674
24.39999999999997,7.439108482524121
24.59999999999997,8.740559738589235
24.79999999999997,10.300841509136719
24.999999999999968,12.172818215952733
25.199999999999967,14.420017456171495
25.399999999999967,17.11877730396864
25.599999999999966,20.360835857943854
25.799999999999965,24.156321564351572
25.999999999999964,28.813446581362026
26.199999999999964,34.41086719880394
26.399999999999963,41.13902940802406
26.599999999999962,49.22685368787883
26.79999999999996,58.949546649426885
26.99999999999996,70.63793523958051
