mags_ab,pos_errs_mas
16.0,0.2845653216728151
16.2,0.301585382963321
16.4,0.31964794040982814
16.599999999999998,0.32676109134595405
16.799999999999997,0.3320162160318471
16.999999999999996,0.22989537167243362
17.199999999999996,0.24712247313453076
17.399999999999995,0.26605446372453334
17.599999999999994,0.284999805524858
17.799999999999994,0.3052918065242904
17.999999999999993,0.22016037469724553
18.199999999999992,0.24126981977725281
18.39999999999999,0.26460499291316864
18.59999999999999,0.2903597263360565
18.79999999999999,0.3188476284724907
18.99999999999999,0.35044151373024807
19.19999999999999,0.3852729312340066
19.399999999999988,0.42410669197399437
19.599999999999987,0.46721303366819206
19.799999999999986,0.515393440524846
19.999999999999986,0.5690401429365236
20.199999999999985,0.6290162249435026
20.399999999999984,0.6968016029682456
20.599999999999984,0.7725450207448616
20.799999999999983,0.8579919960716065
20.999999999999982,0.9559396594232376
21.19999999999998,1.0630896695326233
21.39999999999998,1.1898965750515167
21.59999999999998,1.3332801275053978
21.79999999999998,1.5016814422193248
21.99999999999998,1.6898553443759554
22.199999999999978,1.9131476593759822
22.399999999999977,2.1772402923988197
22.599999999999977,2.483925812997778
22.799999999999976,2.8447688377275564
22.999999999999975,3.277346954748914
23.199999999999974,3.7627714200379985
23.399999999999974,4.367974888503332
23.599999999999973,5.074394671796546
23.799999999999972,5.914762603010408
23.99999999999997,6.893788970596066
24.19999999999997,8.108908483500654
24.39999999999997,9.566112036990829
24.59999999999997,11.31480369405604
24.79999999999997,13.414353835367171
24.999999999999968,15.936102356814793
25.199999999999967,18.96578512114316
25.399999999999967,22.606441338692193
25.599999999999966,26.981916420960427
25.799999999999965,32.241071707615674
25.999999999999964,38.387287832779165
26.199999999999964,45.947699032770046
26.399999999999963,55.03648560441593
26.599999999999962,65.96290599619125
26.79999999999996,79.09877075141048
26.99999999999996,94.89105388934104
