mags_ab,pos_errs_mas
16.0,0.17548584500686634
16.2,0.19062906541505173
16.4,0.152303167839608
16.599999999999998,0.16277746975359392
16.799999999999997,0.17344481590260205
16.999999999999996,0.18486893308794755
17.199999999999996,0.19841203008323485
17.399999999999995,0.149755672943773
17.599999999999994,0.16053029359964535
17.799999999999994,0.14303414455254818
17.999999999999993,0.1561674369687366
18.199999999999992,0.15239338988940895
18.39999999999999,0.15465785602551177
18.59999999999999,0.16040900367200922
18.79999999999999,0.1686720366765919
18.99999999999999,0.17692920443371773
19.19999999999999,0.1939440286490179
19.399999999999988,0.21272610254445867
19.599999999999987,0.2334710847605231
19.799999999999986,0.25640687383451327
19.999999999999986,0.2817927022159808
20.199999999999985,0.31024438122271814
20.399999999999984,0.3415538424943157
20.599999999999984,0.3763058644032032
20.799999999999983,0.41504368241698397
20.999999999999982,0.458338472985136
21.19999999999998,0.5068717675737139
21.39999999999998,0.5614614210762864
21.59999999999998,0.6237256868562053
21.79999999999998,0.6943389357277339
21.99999999999998,0.773888259842812
22.199999999999978,0.8648546061889032
22.399999999999977,0.9693832566018111
22.599999999999977,1.0900740757625083
22.799999999999976,1.2301275209163407
22.999999999999975,1.3947054716233431
23.199999999999974,1.586493546948403
23.399999999999974,1.8113107024242985
23.599999999999973,2.076730415316702
23.799999999999972,2.3911599540259663
23.99999999999997,2.7647589150108383
24.19999999999997,3.2097812189096806
24.39999999999997,3.740987841077971
24.59999999999997,4.378555491467857
24.79999999999997,5.139475286156525
24.999999999999968,6.050143312730952
25.199999999999967,7.142451551125546
25.399999999999967,8.453449110315178
25.599999999999966,10.02765579871515
25.799999999999965,11.918572298222477
25.999999999999964,14.193502880908383
26.199999999999964,16.922986451154422
26.399999999999963,20.203461176178827
26.599999999999962,24.146534990724362
26.79999999999996,28.886370898113064
26.99999999999996,34.58424251679585
