mags_ab,pos_errs_mas
16.0,inf
16.2,inf
16.4,inf
16.599999999999998,inf
16.799999999999997,0.23360454837139655
16.999999999999996,0.2458189273303766
17.199999999999996,0.260751918834213
17.399999999999995,0.2675096551512749
17.599999999999994,0.2833941745418971
17.799999999999994,0.2027132274866404
17.999999999999993,0.217562377705673
18.199999999999992,0.2353255359776749
18.39999999999999,0.2515417916748414
18.59999999999999,0.26887982098444957
18.79999999999999,0.21711832235830522
18.99999999999999,0.21490426990865885
19.19999999999999,0.23571842195639262
19.399999999999988,0.25872877114353793
19.599999999999987,0.2841719524996072
19.799999999999986,0.31230190118690043
19.999999999999986,0.3434355633453212
20.199999999999985,0.37802915866895714
20.399999999999984,0.4165730767558997
20.599999999999984,0.45957620037036045
20.799999999999983,0.5076613356351095
20.999999999999982,0.5608016017402334
21.19999999999998,0.6210577780899348
21.39999999999998,0.6891263216336077
21.59999999999998,0.7660445310769795
21.79999999999998,0.8536326184006013
21.99999999999998,0.9527051798784777
22.199999999999978,1.0649070892300996
22.399999999999977,1.194858637909365
22.599999999999977,1.3467907337228218
22.799999999999976,1.5236720444477059
22.999999999999975,1.7276356198980347
23.199999999999974,1.9488941801793591
23.399999999999974,2.22759102432341
23.599999999999973,2.5569371250242434
23.799999999999972,2.9474287583128396
23.99999999999997,3.4117394754743544
24.19999999999997,3.965150210655904
24.39999999999997,4.626061982777172
24.59999999999997,5.416614836629331
24.79999999999997,6.363431725870559
24.999999999999968,7.498512334322708
25.199999999999967,8.814050214631074
25.399999999999967,10.436888319215845
25.599999999999966,12.385699339692923
25.799999999999965,14.726720920254456
25.999999999999964,17.53955865896724
26.199999999999964,20.91988715425074
26.399999999999963,24.982704952767016
26.599999999999962,29.86624014229239
26.79999999999996,35.73665700100593
26.99999999999996,42.793700248495654
