mags_ab,pos_errs_mas
16.0,inf
16.2,inf
16.4,0.2592940835814003
16.599999999999998,0.2840399250564645
16.799999999999997,0.30478542947429194
16.999999999999996,0.21225609893391909
17.199999999999996,0.22496743653654352
17.399999999999995,0.2428127369312458
17.599999999999994,0.2641131510690422
17.799999999999994,0.2807971285378363
17.999999999999993,0.30133792190081277
18.199999999999992,0.32481433839620527
18.39999999999999,0.1864295285412367
18.59999999999999,0.20264938628625068
18.79999999999999,0.21638877415024024
18.99999999999999,0.1696714938701124
19.19999999999999,0.18358281839226342
19.399999999999988,0.19894952745459069
19.599999999999987,0.216261226362485
19.799999999999986,0.17781121984773263
19.999999999999986,0.19419006159510122
20.199999999999985,0.17782402710747974
20.399999999999984,0.19453046623946474
20.599999999999984,0.21294245469956513
20.799999999999983,0.1971822173811744
20.999999999999982,0.19966349787027776
21.19999999999998,0.20221380271326667
21.39999999999998,0.21352117249518618
21.59999999999998,0.2360846468038595
21.79999999999998,0.2615919160252709
21.99999999999998,0.2905372037383311
22.199999999999978,0.3237776301140894
22.399999999999977,0.3615555519384311
22.599999999999977,0.40499870255886117
22.799999999999976,0.4551964205289241
22.999999999999975,0.5134782792974497
23.199999999999974,0.5814741588351302
23.399999999999974,0.6611505814548865
23.599999999999973,0.7548920057502132
23.799999999999972,0.8656280801583871
23.99999999999997,0.9968462877004224
24.19999999999997,1.1537951810511853
24.39999999999997,1.340417956224016
24.59999999999997,1.5629622612129854
24.79999999999997,1.8286515504968197
24.999999999999968,2.146795799564548
25.199999999999967,2.5281413238760693
25.399999999999967,2.9880764409427414
25.599999999999966,3.5405883946017824
25.799999999999965,4.201029866807827
25.999999999999964,4.994380022513134
26.199999999999964,5.947615621158716
26.399999999999963,7.0931597617686375
26.599999999999962,8.469982731910271
26.79999999999996,10.124928348253594
26.99999999999996,12.114304988592991
