mags_ab,pos_errs_mas
16.0,inf
16.2,0.3080930287941677
16.4,0.3277598749951196
16.599999999999998,0.34785873024953895
16.799999999999997,0.3699969495941934
16.999999999999996,0.2663754060490533
17.199999999999996,0.28680686438436803
17.399999999999995,0.3092821169166112
17.599999999999994,0.3313583636176944
17.799999999999994,0.3551751750568778
17.999999999999993,0.37783625988580954
18.199999999999992,0.2687835796571154
18.39999999999999,0.2910696307889011
18.59999999999999,0.25292725922847314
18.79999999999999,0.2726668205663199
18.99999999999999,0.29887469166842756
19.19999999999999,0.3278168400079701
19.399999999999988,0.35973114178418786
19.599999999999987,0.3950598297264372
19.799999999999986,0.4341049340285119
19.999999999999986,0.4774297860110515
20.199999999999985,0.5252627319216624
20.399999999999984,0.5786333997545108
20.599999999999984,0.6375753492553896
20.799999999999983,0.7035762257960305
20.999999999999982,0.7775863869023237
21.19999999999998,0.8602353744928283
21.39999999999998,0.9526106450835056
21.59999999999998,1.0577265801251348
21.79999999999998,1.1746877366171127
21.99999999999998,1.3098391087692443
22.199999999999978,1.4594702193939224
22.399999999999977,1.6356085823395945
22.599999999999977,1.8318751526132973
22.799999999999976,2.061621823636693
22.999999999999975,2.3284200925366254
23.199999999999974,2.6428666486564407
23.399999999999974,3.0061603956735126
23.599999999999973,3.4394989031456564
23.799999999999972,3.942624777281034
23.99999999999997,4.54803303893524
24.19999999999997,5.254006027077133
24.39999999999997,6.108692399983517
24.59999999999997,7.080462947054312
24.79999999999997,8.286819300873363
24.999999999999968,9.731420934005374
25.199999999999967,11.46307352314003
25.399999999999967,13.54042879962214
25.599999999999966,16.033967943753257
25.799999999999965,19.0283885550414
25.999999999999964,22.62546685245336
26.199999999999964,26.833182565772336
26.399999999999963,31.999033754971517
26.599999999999962,38.20778115846003
26.79999999999996,45.67066727336934
26.99999999999996,54.64160701125091
