mags_ab,pos_errs_mas
16.0,0.2845393866166459
16.2,0.3015517622771988
16.4,0.31960432893094143
16.599999999999998,0.326705008566216
16.799999999999997,0.33194387225226957
16.999999999999996,0.22979830816935226
17.199999999999996,0.24699412327211587
17.399999999999995,0.265884934437406
17.599999999999994,0.2847755080471439
17.799999999999994,0.30499403949921505
17.999999999999993,0.21968035896860005
18.199999999999992,0.2406350372979573
18.39999999999999,0.2637588970990092
18.59999999999999,0.2892548115835543
18.79999999999999,0.3173985873341217
18.99999999999999,0.3485381669708622
19.19999999999999,0.382751655439831
19.399999999999988,0.4208109994781687
19.599999999999987,0.4628689627623816
19.799999999999986,0.5095149498174933
19.999999999999986,0.5612392818873245
20.199999999999985,0.6191676736633482
20.399999999999984,0.6834171543063704
20.599999999999984,0.755125850703891
20.799999999999983,0.8361403838618544
20.999999999999982,0.9237090214803255
21.19999999999998,1.025635019360931
21.39999999999998,1.1380869764269492
21.59999999999998,1.269047480991866
21.79999999999998,1.411469495691398
21.99999999999998,1.5779995324507647
22.199999999999978,1.768903123254045
22.399999999999977,1.9846490400701295
22.599999999999977,2.242677397561398
22.799999999999976,2.531991431421239
22.999999999999975,2.8726336634236724
23.199999999999974,3.2743255718223248
23.399999999999974,3.7457539467469014
23.599999999999973,4.312817350216579
23.799999999999972,4.890889789564551
23.99999999999997,5.665165385057918
24.19999999999997,6.559338833843337
24.39999999999997,7.619342037864457
24.59999999999997,8.919023981493762
24.79999999999997,10.475466293286594
24.999999999999968,12.341258788455214
25.199999999999967,14.47168764032929
25.399999999999967,17.131317922061516
25.599999999999966,20.325024288105737
25.799999999999965,24.161351482444413
25.999999999999964,28.770744177905254
26.199999999999964,34.30998082784131
26.399999999999963,40.9675045464004
26.599999999999962,48.64691214259774
26.79999999999996,58.18482612864227
26.99999999999996,69.65047783273693
