mags_ab,pos_errs_mas
16.0,inf
16.2,inf
16.4,inf
16.599999999999998,inf
16.799999999999997,0.23361820734938243
16.999999999999996,0.2458357324580473
17.199999999999996,0.26077368876486434
17.399999999999995,0.26753760058015624
17.599999999999994,0.28343047129327237
17.799999999999994,0.20275988569420197
17.999999999999993,0.2176238280938592
18.199999999999992,0.23540644254575172
18.39999999999999,0.2516486668324458
18.59999999999999,0.2690215796802534
18.79999999999999,0.21732528564844616
18.99999999999999,0.21519108723529703
19.19999999999999,0.23609535044742275
19.399999999999988,0.2592242965264445
19.599999999999987,0.2848238293503382
19.799999999999986,0.31315865438899937
19.999999999999986,0.34456202700008276
20.199999999999985,0.3795077308943419
20.399999999999984,0.41851166147829255
20.599999999999984,0.4621111692007923
20.799999999999983,0.5109971382442859
20.999999999999982,0.5655331840293445
21.19999999999998,0.6268083368276727
21.39999999999998,0.6965138103201698
21.59999999999998,0.7757246841178383
21.79999999999998,0.8660748923420118
21.99999999999998,0.9698313748324142
22.199999999999978,1.0881410785145338
22.399999999999977,1.223268523445269
22.599999999999977,1.3812484031468615
22.799999999999976,1.5676216500634679
22.999999999999975,1.7836220718123046
23.199999999999974,2.0401861407997948
23.399999999999974,2.318761293025777
23.599999999999973,2.671520906113713
23.799999999999972,3.090835128919676
23.99999999999997,3.5904833041302613
24.19999999999997,4.1870619523947985
24.39999999999997,4.9005404993497175
24.59999999999997,5.754932920402164
24.79999999999997,6.779105759146717
24.999999999999968,8.007748988658703
25.199999999999967,9.482549010348976
25.399999999999967,11.201079863746731
25.599999999999966,13.315649606788508
25.799999999999965,15.856340289443331
25.999999999999964,18.909568848513587
26.199999999999964,22.57920266662304
26.399999999999963,26.990094080791533
26.599999999999962,32.292322227097436
26.79999999999996,38.666303607234624
26.99999999999996,46.328921468077276
