mags_ab,pos_errs_mas
16.0,inf
16.2,inf
16.4,0.2594637006924538
16.599999999999998,0.28348024635812286
16.799999999999997,0.30065973852785277
16.999999999999996,0.20901951660237375
17.199999999999996,0.22605859565761588
17.399999999999995,0.24049109603861385
17.599999999999994,0.18647084490155708
17.799999999999994,0.19972689869887314
17.999999999999993,0.21491834887269626
18.199999999999992,0.18088137296445247
18.39999999999999,0.19673877018448344
18.59999999999999,0.21417648434586292
18.79999999999999,0.18762901743500435
18.99999999999999,0.20460463910280058
19.19999999999999,0.18533196875006835
19.399999999999988,0.20238745133176142
19.599999999999987,0.19627299274712473
19.799999999999986,0.19633568493594225
19.999999999999986,0.20909410389537808
20.199999999999985,0.22940468160788927
20.399999999999984,0.2519336957591999
20.599999999999984,0.27700932571082715
20.799999999999983,0.30468354064437386
20.999999999999982,0.33546719621533794
21.19999999999998,0.3697096962913779
21.39999999999998,0.40796530079585613
21.59999999999998,0.4507702607287802
21.79999999999998,0.498850308890889
21.99999999999998,0.5531337643701904
22.199999999999978,0.6147178628756659
22.399999999999977,0.6842870549718187
22.599999999999977,0.7643077085758916
22.799999999999976,0.8552860490850928
22.999999999999975,0.9600808323041501
23.199999999999974,1.0813513771007144
23.399999999999974,1.2223483859956559
23.599999999999973,1.3871810113711922
23.799999999999972,1.58058280055139
23.99999999999997,1.8085904418229066
24.19999999999997,2.078251600851402
24.39999999999997,2.395736021532003
24.59999999999997,2.773901806377921
24.79999999999997,3.2257916619685707
24.999999999999968,3.7656106867319457
25.199999999999967,4.411459702476065
25.399999999999967,5.178523975591845
25.599999999999966,6.0960353055811405
25.799999999999965,7.204194516355707
25.999999999999964,8.534489115884417
26.199999999999964,10.132110249558593
26.399999999999963,12.051366329725095
26.599999999999962,14.357524194241567
26.79999999999996,17.1290288035255
26.99999999999996,20.460165705775413
