mags_ab,pos_errs_mas
16.0,inf
16.2,inf
16.4,0.2632079661552974
16.599999999999998,0.28261603994449264
16.799999999999997,0.3031193099312084
16.999999999999996,0.21114937270185566
17.199999999999996,0.2292611652772664
17.399999999999995,0.2474544001028095
17.599999999999994,0.26101641276283394
17.799999999999994,0.18525740801858642
17.999999999999993,0.19994847513910055
18.199999999999992,0.21384720615835098
18.39999999999999,0.23077543955829818
18.59999999999999,0.181083129533003
18.79999999999999,0.19532613188714823
18.99999999999999,0.21136908486867484
19.19999999999999,0.22882384509361206
19.399999999999988,0.24814117228421587
19.599999999999987,0.18311132523896081
19.799999999999986,0.1998144581329641
19.999999999999986,0.17555703565869932
20.199999999999985,0.1918728447546169
20.399999999999984,0.18464842321938432
20.599999999999984,0.185454530436279
20.799999999999983,0.19093430738829678
20.999999999999982,0.19976000442172462
21.19999999999998,0.2084145574117253
21.39999999999998,0.22967241614742767
21.59999999999998,0.25350984743566435
21.79999999999998,0.2803653785717467
21.99999999999998,0.31078533207418635
22.199999999999978,0.3450752421592261
22.399999999999977,0.3840826574749683
22.599999999999977,0.4286482222560432
22.799999999999976,0.47986555390780805
22.999999999999975,0.5390416157327199
23.199999999999974,0.6075714216194983
23.399999999999974,0.6872826099365187
23.599999999999973,0.7805460303814592
23.799999999999972,0.8906984692216819
23.99999999999997,1.020313734087222
24.19999999999997,1.1745375845496548
24.39999999999997,1.356466569884096
24.59999999999997,1.5730553201867536
24.79999999999997,1.8314701443999624
24.999999999999968,2.1403369137344748
25.199999999999967,2.5100309768512625
25.399999999999967,2.9530255574508733
25.599999999999966,3.484312346395735
25.799999999999965,4.121906209745265
25.999999999999964,4.890068119183232
26.199999999999964,5.8097881843286565
26.399999999999963,6.914775227826161
26.599999999999962,8.242610052172092
26.79999999999996,9.83846265396072
26.99999999999996,11.756625626336122
