mags_ab,pos_errs_mas
16.0,0.21905285489633097
16.2,0.23816633082530675
16.4,0.1682785993715598
16.599999999999998,0.17793651443323072
16.799999999999997,0.19329883470680861
16.999999999999996,0.2041343765962284
17.199999999999996,0.16222710918161057
17.399999999999995,0.17450044793430375
17.599999999999994,0.1874921996022715
17.799999999999994,0.20284104587130333
17.999999999999993,0.21811286012218237
18.199999999999992,0.16146368512082046
18.39999999999999,0.17607248993153748
18.59999999999999,0.15563930725287098
18.79999999999999,0.16996694623152092
18.99999999999999,0.16420256869005145
19.19999999999999,0.1653256012760849
19.399999999999988,0.170376507505507
19.599999999999987,0.1782050248125243
19.799999999999986,0.18580236565153493
19.999999999999986,0.20383328512904994
20.199999999999985,0.22379163634522536
20.399999999999984,0.24590790616587246
20.599999999999984,0.2705976163241779
20.799999999999983,0.2980216057866815
20.999999999999982,0.32844848072854643
21.19999999999998,0.3623913830113303
21.39999999999998,0.4003864460682909
21.59999999999998,0.44305676212929923
21.79999999999998,0.49114714823809297
21.99999999999998,0.5455579465299237
22.199999999999978,0.6079623258999136
22.399999999999977,0.6792656646578766
22.599999999999977,0.7602057204257561
22.799999999999976,0.8534554094070269
22.999999999999975,0.9614169893282093
23.199999999999974,1.0870195644600789
23.399999999999974,1.2338306368051473
23.599999999999973,1.4061877336154733
23.799999999999972,1.6093549098585422
23.99999999999997,1.8512645364091658
24.19999999999997,2.1364697981295793
24.39999999999997,2.4758364410743474
24.59999999999997,2.8805689535518457
24.79999999999997,3.364148935814152
24.999999999999968,3.942854068724746
25.199999999999967,4.636119847405908
25.399999999999967,5.467352699361025
25.599999999999966,6.464663360931598
25.799999999999965,7.666904463545736
25.999999999999964,9.105947607170286
26.199999999999964,10.834938995599254
26.399999999999963,12.912433978691835
26.599999999999962,15.409204231832575
26.79999999999996,18.410194651714203
26.99999999999996,22.017508197263794
