mags_ab,pos_errs_mas
16.0,0.20939101483522854
16.2,0.22550526442510485
16.4,0.24381576310645386
16.599999999999998,0.26151034487403507
16.799999999999997,0.2807019311535191
16.999999999999996,0.18821342147613224
17.199999999999996,0.20389922669767274
17.399999999999995,0.22117020711254207
17.599999999999994,0.23939044034283774
17.799999999999994,0.2585274483869472
17.999999999999993,0.2004456709737522
18.199999999999992,0.21832818933488604
18.39999999999999,0.19842965536347315
18.59999999999999,0.19274013634065504
18.79999999999999,0.20737053395605867
18.99999999999999,0.2274302249862032
19.19999999999999,0.24958411605886055
19.399999999999988,0.27409857247720837
19.599999999999987,0.3012675443693434
19.799999999999986,0.3313963801047491
19.999999999999986,0.3648891914168911
20.199999999999985,0.4021931155955828
20.399999999999984,0.4438029222352132
20.599999999999984,0.4903270324656517
20.799999999999983,0.5425473276042895
20.999999999999982,0.6013541821191737
21.19999999999998,0.6683908874513805
21.39999999999998,0.7439005002599338
21.59999999999998,0.8297000752188347
21.79999999999998,0.9282741028306292
21.99999999999998,1.0407014235524823
22.199999999999978,1.171635015752591
22.399999999999977,1.322955217688243
22.599999999999977,1.4976267602941788
22.799999999999976,1.7012425567515037
22.999999999999975,1.9433234034755276
23.199999999999974,2.2292534252559633
23.399999999999974,2.5681175936213725
23.599999999999973,2.9708880897121013
23.799999999999972,3.450797123941744
23.99999999999997,4.023781235575589
24.19999999999997,4.7090172783199495
24.39999999999997,5.5295665949320405
24.59999999999997,6.513148856545644
24.79999999999997,7.693078982366937
24.999999999999968,9.109387882251744
25.199999999999967,10.786058435205971
25.399999999999967,12.822232142471938
25.599999999999966,15.268728307694843
25.799999999999965,18.208761275601262
25.999999999999964,21.742345362272193
26.199999999999964,25.989702542177177
26.399999999999963,31.09535280277689
26.599999999999962,37.23301972272575
26.79999999999996,44.61155057638915
26.99999999999996,53.48201271324624
