mags_ab,pos_errs_mas
16.0,0.23982861294314348
16.2,0.2597684768033981
16.4,0.2800680136170339
16.599999999999998,0.3014747690471949
16.799999999999997,0.3257105289731072
16.999999999999996,0.35070865220947484
17.199999999999996,0.37606185384455776
17.399999999999995,0.21187660617654727
17.599999999999994,0.22975630268863345
17.799999999999994,0.24904485984920907
17.999999999999993,0.2694790805509277
18.199999999999992,0.2918921769816356
18.39999999999999,0.31578608284122495
18.59999999999999,0.21360504192501306
18.79999999999999,0.23282669771069078
18.99999999999999,0.19730159818208634
19.19999999999999,0.21535105271112057
19.399999999999988,0.2017828787592946
19.599999999999987,0.22044388117311672
19.799999999999986,0.24094545263357162
19.999999999999986,0.22388478690856317
20.199999999999985,0.21396060764504066
20.399999999999984,0.22477592045387543
20.599999999999984,0.23446824610586273
20.799999999999983,0.25785094340043296
20.999999999999982,0.28400509832130566
21.19999999999998,0.31317221293608705
21.39999999999998,0.34590553440742017
21.59999999999998,0.38271957532725587
21.79999999999998,0.42430048014272687
21.99999999999998,0.47148534155761673
22.199999999999978,0.5249831463454628
22.399999999999977,0.5862717309356151
22.599999999999977,0.6566949841052212
22.799999999999976,0.7376974151100054
22.999999999999975,0.8324153927658074
23.199999999999974,0.9418377832416883
23.399999999999974,1.06987661401621
23.599999999999973,1.2203454831343536
23.799999999999972,1.3978708662217085
23.99999999999997,1.6080534568868112
24.19999999999997,1.8576620372128727
24.39999999999997,2.1548627089492443
24.59999999999997,2.5094944081310637
24.79999999999997,2.9361513292865946
24.999999999999968,3.4435994301149324
25.199999999999967,4.051670943819488
25.399999999999967,4.780944484868046
25.599999999999966,5.656149588199218
25.799999999999965,6.7070026677381875
25.999999999999964,7.9692132528486335
26.199999999999964,9.485696114040545
26.399999999999963,11.308029231541914
26.599999999999962,13.498202522202508
26.79999999999996,16.130731889467274
26.99999999999996,19.295185370985607
