mags_ab,pos_errs_mas
16.0,0.2414185600621619
16.2,0.25813243589073687
16.4,0.2803292837656544
16.599999999999998,0.30186346777779094
16.799999999999997,0.20905418119019972
16.999999999999996,0.22635398316105268
17.199999999999996,0.2449076548459985
17.399999999999995,0.2655209517324665
17.599999999999994,0.28772837193195255
17.799999999999994,0.31143768177024667
17.999999999999993,0.33599877780585174
18.199999999999992,0.3619998840934155
18.39999999999999,0.21315598893354626
18.59999999999999,0.23211937658530057
18.79999999999999,0.252729788833877
18.99999999999999,0.20719384999386606
19.19999999999999,0.2261666524922271
19.399999999999988,0.20920635231757082
19.599999999999987,0.22857555042369793
19.799999999999986,0.2105202039818319
19.999999999999986,0.21094427682450193
20.199999999999985,0.21935954902666296
20.399999999999984,0.22435343260672075
20.599999999999984,0.24640452457786793
20.799999999999983,0.27097731553290944
20.999999999999982,0.29829923829509164
21.19999999999998,0.32882349035774094
21.39999999999998,0.3629911583329589
21.59999999999998,0.40132174940080056
21.79999999999998,0.44464349217080923
21.99999999999998,0.4934584652837791
22.199999999999978,0.5489610708066963
22.399999999999977,0.6122754409506831
22.599999999999977,0.6846495682730899
22.799999999999976,0.7679491965565056
22.999999999999975,0.8649675693671525
23.199999999999974,0.9769648115812025
23.399999999999974,1.107734852619775
23.599999999999973,1.261106769933106
23.799999999999972,1.4417300581216594
23.99999999999997,1.6552384150376092
24.19999999999997,1.908446225255542
24.39999999999997,2.2095805659082157
24.59999999999997,2.570293168998035
24.79999999999997,2.999021845524265
24.999999999999968,3.5118794308547683
25.199999999999967,4.126139794960519
25.399999999999967,4.862565645326516
25.599999999999966,5.746108880642196
25.799999999999965,6.806753328750797
25.999999999999964,8.080529114780376
26.199999999999964,9.610735028660162
26.399999999999963,11.449409056236286
26.599999999999962,13.659091924613737
26.79999999999996,16.314959521682997
26.99999999999996,19.507371359252183
