mags_ab,pos_errs_mas
16.0,inf
16.2,inf
16.4,0.2648384781135276
16.599999999999998,0.28239991737137365
16.799999999999997,0.303037113088942
16.999999999999996,0.21124754574227597
17.199999999999996,0.22406590205187765
17.399999999999995,0.24179408203134223
17.599999999999994,0.1849677039827967
17.799999999999994,0.20012445903521892
17.999999999999993,0.215676013010955
18.199999999999992,0.2334610015908285
18.39999999999999,0.25158428345069844
18.59999999999999,0.18343670495170497
18.79999999999999,0.19975483671279168
18.99999999999999,0.2174907652184598
19.19999999999999,0.18282621924313353
19.399999999999988,0.1995249305605506
19.599999999999987,0.1865425884436046
19.799999999999986,0.18424591240946434
19.999999999999986,0.18747101392737056
20.199999999999985,0.1943086139240569
20.399999999999984,0.1986559033369517
20.599999999999984,0.21414551282914038
20.799999999999983,0.23548103177307222
20.999999999999982,0.2592536647927471
21.19999999999998,0.28594411669596376
21.39999999999998,0.3156644945382135
21.59999999999998,0.3490460963928575
21.79999999999998,0.3866679897553974
21.99999999999998,0.4291688235190464
22.199999999999978,0.4774416002758497
22.399999999999977,0.5324673357129047
22.599999999999977,0.5955123662855745
22.799999999999976,0.6681642824469395
22.999999999999975,0.7523459388174624
23.199999999999974,0.8503187387017256
23.399999999999974,0.9642028364551437
23.599999999999973,1.0977795983761764
23.799999999999972,1.2551004185455032
23.99999999999997,1.4410744025756121
24.19999999999997,1.6616390744928937
24.39999999999997,1.9239626201901099
24.59999999999997,2.2366868259527406
24.79999999999997,2.610217960519801
24.999999999999968,3.057619488068067
25.199999999999967,3.5926156682406414
25.399999999999967,4.2340217972036385
25.599999999999966,5.003571317270477
25.799999999999965,5.9273795880746665
25.999999999999964,7.03682941404757
26.199999999999964,8.369633886701841
26.399999999999963,9.971117673835177
26.599999999999962,11.895754957078188
26.79999999999996,14.209023109081135
26.99999999999996,16.989625890427252
