mags_ab,pos_errs_mas
16.0,0.2097210623879208
16.2,0.22745960006595323
16.4,0.24633751290559924
16.599999999999998,0.26462516795186924
16.799999999999997,0.18381178566150455
16.999999999999996,0.19900728905901569
17.199999999999996,0.21556063459323196
17.399999999999995,0.23335094212121157
17.599999999999994,0.2521901392282686
17.799999999999994,0.2724963082385719
17.999999999999993,0.2940494038634836
18.199999999999992,0.31692999838705144
18.39999999999999,0.18766243067624092
18.59999999999999,0.20439598595283884
18.79999999999999,0.22258147543827853
18.99999999999999,0.18332692197082714
19.19999999999999,0.2001313238111151
19.399999999999988,0.1859024425860741
19.599999999999987,0.20317414566176942
19.799999999999986,0.18829161948352857
19.999999999999986,0.1894742608514805
20.199999999999985,0.19768899426433975
20.399999999999984,0.20318939045268114
20.599999999999984,0.22337965412002989
20.799999999999983,0.24581169930793728
20.999999999999982,0.27084630935182274
21.19999999999998,0.29887212286392767
21.39999999999998,0.33029942669510415
21.59999999999998,0.3657348768458478
21.79999999999998,0.4057055255516761
21.99999999999998,0.4510952754936417
22.199999999999978,0.5029068508577046
22.399999999999977,0.5622376684415521
22.599999999999977,0.6302353543350732
22.799999999999976,0.7088085611385677
22.999999999999975,0.8006125413153621
23.199999999999974,0.9070756703699256
23.399999999999974,1.031836809758383
23.599999999999973,1.178654617830643
23.799999999999972,1.3520858267025309
23.99999999999997,1.5576433778034509
24.19999999999997,1.8019856046642109
24.39999999999997,2.093141982998162
24.59999999999997,2.4423023702617797
24.79999999999997,2.8580571453195183
24.999999999999968,3.3559095320923196
25.199999999999967,3.9526783735604307
25.399999999999967,4.668575429897141
25.599999999999966,5.527889375281802
25.799999999999965,6.559807413788788
25.999999999999964,7.799402542515924
26.199999999999964,9.288826179050671
26.399999999999963,11.078740536076094
26.599999999999962,13.230036532398861
26.79999999999996,15.815907940019994
26.99999999999996,18.924337137772973
