mags_ab,pos_errs_mas
16.0,0.2381662235043329
16.2,0.25870791593778
16.4,0.280034725220615
16.599999999999998,0.30112254889708573
16.799999999999997,0.32494843751468316
16.999999999999996,0.20905240099410746
17.199999999999996,0.22703630178677311
17.399999999999995,0.24601533234239858
17.599999999999994,0.19957069273781328
17.799999999999994,0.2172176432210557
17.999999999999993,0.19562836405365502
18.199999999999992,0.21330619347347585
18.39999999999999,0.2326681193453097
18.59999999999999,0.2537438440191152
18.79999999999999,0.2100891978018389
18.99999999999999,0.229299709780196
19.19999999999999,0.20797680382618786
19.399999999999988,0.22724662638402787
19.599999999999987,0.22093685051932382
19.799999999999986,0.22251921658208745
19.999999999999986,0.22661530635405205
20.199999999999985,0.24866001844226635
20.399999999999984,0.2731327717221733
20.599999999999984,0.3002693608115745
20.799999999999983,0.33044132483213223
20.999999999999982,0.3640322314997942
21.19999999999998,0.40166389828001986
21.39999999999998,0.4436541408871428
21.59999999999998,0.49088689772290084
21.79999999999998,0.5440227810353521
21.99999999999998,0.6042388186885664
22.199999999999978,0.6724973419083728
22.399999999999977,0.7503920798625429
22.599999999999977,0.8404789300079653
22.799999999999976,0.9433465748091465
22.999999999999975,1.0624203715973868
23.199999999999974,1.2009210983960155
23.399999999999974,1.3627713911043515
23.599999999999973,1.552599248249419
23.799999999999972,1.7764206695822624
23.99999999999997,2.0411557116151164
24.19999999999997,2.356167178291201
24.39999999999997,2.7294297514589956
24.59999999999997,3.1729320630663596
24.79999999999997,3.703997762710955
24.999999999999968,4.338511063693637
25.199999999999967,5.09927628361934
25.399999999999967,6.010118940300324
25.599999999999966,7.104072091415436
25.799999999999965,8.417363535393184
25.999999999999964,9.994609367346785
26.199999999999964,11.889426764262156
26.399999999999963,14.166255132380343
26.599999999999962,16.90254008580907
26.79999999999996,20.191374195929935
26.99999999999996,24.144652928363115
