mags_ab,pos_errs_mas
16.0,0.251758943451232
16.2,0.26540772072574736
16.4,0.27974050420387364
16.599999999999998,0.2822763174890154
16.799999999999997,0.28197636050215036
16.999999999999996,0.27708549698649076
17.199999999999996,0.21924926328876979
17.399999999999995,0.20521184785528898
17.599999999999994,0.2165677655749674
17.799999999999994,0.23751808197381985
17.999999999999993,0.26064730084422116
18.199999999999992,0.28627396529616334
18.39999999999999,0.3145259148167255
18.59999999999999,0.3459520794584399
18.79999999999999,0.38074631388441615
18.99999999999999,0.4192007632184652
19.19999999999999,0.46183232914716466
19.399999999999988,0.5098395273884198
19.599999999999987,0.5636735397727426
19.799999999999986,0.6235869170075797
19.999999999999986,0.691348573716187
20.199999999999985,0.7661436076969567
20.399999999999984,0.8528508376984039
20.599999999999984,0.9499349105530174
20.799999999999983,1.0570989162457036
20.999999999999982,1.1779229738409422
21.19999999999998,1.321627252819898
21.39999999999998,1.4853302306656753
21.59999999999998,1.673643592927223
21.79999999999998,1.898192712762369
21.99999999999998,2.1570318951457867
22.199999999999978,2.452267018906015
22.399999999999977,2.79524474946243
22.599999999999977,3.217940969347587
22.799999999999976,3.72095386567583
22.999999999999975,4.309328399844926
23.199999999999974,5.021803454187428
23.399999999999974,5.778437045441235
23.599999999999973,6.773373275011512
23.799999999999972,7.939826996098507
23.99999999999997,9.285706697417682
24.19999999999997,10.87967751108096
24.39999999999997,12.884952400111247
24.59999999999997,15.293078950425926
24.79999999999997,18.068414163238117
24.999999999999968,21.516741266675243
25.199999999999967,25.660719615902565
25.399999999999967,30.64132106595981
25.599999999999966,36.62800074586273
25.799999999999965,43.82445941354694
25.999999999999964,52.47555942559382
26.199999999999964,62.87567182305417
26.399999999999963,75.37869672792874
26.599999999999962,89.91968968659101
26.79999999999996,107.8831482532447
26.99999999999996,129.47953479538194
