mags_ab,pos_errs_mas
16.0,0.25095330524368425
16.2,0.2644848282261453
16.4,0.2786828017384209
16.599999999999998,0.2810076752505374
16.799999999999997,0.28043946063337144
16.999999999999996,0.2751862327816313
17.199999999999996,0.24092528093299412
17.399999999999995,0.22016720249430327
17.599999999999994,0.2054864092002142
17.799999999999994,0.22525515036719554
17.999999999999993,0.2470765384232363
18.199999999999992,0.2712231180330122
18.39999999999999,0.2978490031974003
18.59999999999999,0.32741480221631747
18.79999999999999,0.3601065854441928
18.99999999999999,0.39637231028880815
19.19999999999999,0.4364415694094441
19.399999999999988,0.48117406304136656
19.599999999999987,0.5313268624713761
19.799999999999986,0.5875881010878996
19.999999999999986,0.65034220926858
20.199999999999985,0.721158530880911
20.399999999999984,0.7998572158517016
20.599999999999984,0.8908207846271311
20.799999999999983,0.9930927168409751
20.999999999999982,1.1068361984298896
21.19999999999998,1.235750954744462
21.39999999999998,1.3886609760800563
21.59999999999998,1.5627551629349143
21.79999999999998,1.7647921283914891
21.99999999999998,2.00512507121304
22.199999999999978,2.2840289294465865
22.399999999999977,2.6048025748021453
22.599999999999977,2.9805837281083507
22.799999999999976,3.439637789866308
22.999999999999975,3.984939051900765
23.199999999999974,4.6361755525777735
23.399999999999974,5.372430045193403
23.599999999999973,6.291813230417146
23.799999999999972,7.377809116827092
23.99999999999997,8.694441472706055
24.19999999999997,10.228402535803628
24.39999999999997,12.114186553138786
24.59999999999997,14.302890548296489
24.79999999999997,16.904565708086718
24.999999999999968,19.98060571131167
25.199999999999967,23.822725926689735
25.399999999999967,28.440433386472424
25.599999999999966,33.99083403014372
25.799999999999965,40.6627821658784
25.999999999999964,48.68329211070592
26.199999999999964,58.3252768653681
26.399999999999963,69.91683805769752
26.599999999999962,83.85240419943143
26.79999999999996,100.60617577940556
26.99999999999996,120.74823736858005
