mags_ab,pos_errs_mas
16.0,0.25005039885823793
16.2,0.2662141129930462
16.4,0.283529834893912
16.599999999999998,0.29299126685556365
16.799999999999997,0.19909107312983462
16.999999999999996,0.21513506109216066
17.199999999999996,0.23133412937258876
17.399999999999995,0.24894995280112592
17.599999999999994,0.2663957494382384
17.799999999999994,0.2004326633944805
17.999999999999993,0.21753589570301352
18.199999999999992,0.20052561919797177
18.39999999999999,0.20507355097809607
18.59999999999999,0.2247665863886208
18.79999999999999,0.2464671152467736
18.99999999999999,0.27044121874133137
19.19999999999999,0.2968920857583786
19.399999999999988,0.32618199248241725
19.599999999999987,0.3585622081666178
19.799999999999986,0.394377385008957
19.999999999999986,0.43404194531875206
20.199999999999985,0.47829035153200267
20.399999999999984,0.5275970074263648
20.599999999999984,0.5827416797360732
20.799999999999983,0.6443410915133755
20.999999999999982,0.7136416072965466
21.19999999999998,0.79040993045509
21.39999999999998,0.8784646142823583
21.59999999999998,0.9774662321531773
21.79999999999998,1.087625440546294
21.99999999999998,1.2121388058063616
22.199999999999978,1.3595005848584285
22.399999999999977,1.5256981971217636
22.599999999999977,1.7216846189002302
22.799999999999976,1.9447549480342905
22.999999999999975,2.2107417500105493
23.199999999999974,2.519103639430522
23.399999999999974,2.8800604717868166
23.599999999999973,3.296369011343268
23.799999999999972,3.795654244798711
23.99999999999997,4.399912654166384
24.19999999999997,5.120656599690203
24.39999999999997,5.939247162492161
24.59999999999997,6.957684837816193
24.79999999999997,8.177621308558974
24.999999999999968,9.640302826492926
25.199999999999967,11.395299341308233
25.399999999999967,13.502174455823901
25.599999999999966,16.03250613221841
25.799999999999965,19.072312976392215
25.999999999999964,22.61842364557254
26.199999999999964,26.982701321175405
26.399999999999963,32.228205723542885
26.599999999999962,38.53340381831069
26.79999999999996,46.112832719178655
26.99999999999996,55.22438792225653
