mags_ab,pos_errs_mas
16.0,0.23907062440318608
16.2,0.25238637018888443
16.4,0.17443476937080898
16.599999999999998,0.1875435721108977
16.799999999999997,0.20193385712107265
16.999999999999996,0.217557860666886
17.199999999999996,0.2318503494364341
17.399999999999995,0.1825431019011817
17.599999999999994,0.19841755562342214
17.799999999999994,0.18010718936675388
17.999999999999993,0.19529319089610755
18.199999999999992,0.2140198423759339
18.39999999999999,0.23466036271493546
18.59999999999999,0.25744929192849925
18.79999999999999,0.28248307926744787
18.99999999999999,0.3101212210771076
19.19999999999999,0.3406441929472047
19.399999999999988,0.37439823572212466
19.599999999999987,0.4117706766320561
19.799999999999986,0.4532189163569021
19.999999999999986,0.4992500370128519
20.199999999999985,0.5499408914152262
20.399999999999984,0.6066620895199251
20.599999999999984,0.6686763361030905
20.799999999999983,0.7385935956568539
20.999999999999982,0.817467335002397
21.19999999999998,0.9063468371003737
21.39999999999998,1.0069224177010294
21.59999999999998,1.1210281011159366
21.79999999999998,1.2498969419429058
21.99999999999998,1.3840340504347637
22.199999999999978,1.5437152808322534
22.399999999999977,1.7325233791163193
22.599999999999977,1.9512403235141929
22.799999999999976,2.205567383195637
22.999999999999975,2.5026460760294738
23.199999999999974,2.8508098027080297
23.399999999999974,3.2324858807090204
23.599999999999973,3.695919752195857
23.799999999999972,4.2250262272357055
23.99999999999997,4.8370026559924115
24.19999999999997,5.606290464702732
24.39999999999997,6.5219897617425975
24.59999999999997,7.618049819241293
24.79999999999997,8.929672841458965
24.999999999999968,10.501084275876167
25.199999999999967,12.313377023606789
25.399999999999967,14.378742407373373
25.599999999999966,16.95268221950659
25.799999999999965,20.111686720422867
25.999999999999964,23.906290485439268
26.199999999999964,28.465518114702657
26.399999999999963,33.94444689912509
26.599999999999962,40.52945655340226
26.79999999999996,48.44459093183355
26.99999999999996,57.6788041574764
