mags_ab,pos_errs_mas
16.0,0.19499784430474812
16.2,0.20933152983321798
16.4,0.17840849900726266
16.599999999999998,0.1936453896200165
16.799999999999997,0.21241904208408952
16.999999999999996,0.2331572072790008
17.199999999999996,0.25609594963267296
17.399999999999995,0.28149955552507183
17.599999999999994,0.3096758048922209
17.799999999999994,0.3409817770944625
17.999999999999993,0.3758108797054933
18.199999999999992,0.4145575963883134
18.39999999999999,0.45769511291335946
18.59999999999999,0.506239343477981
18.79999999999999,0.56086430843923
18.99999999999999,0.6225510040847752
19.19999999999999,0.6924387776255598
19.399999999999988,0.7720377466461416
19.599999999999987,0.8611512348136932
19.799999999999986,0.9647560834528068
19.999999999999986,1.0844219769791452
20.199999999999985,1.223239674023101
20.399999999999984,1.385054483059838
20.599999999999984,1.5729275132580312
20.799999999999983,1.7950267913681819
20.999999999999982,2.057131889475494
21.19999999999998,2.355860591143202
21.39999999999998,2.716487190066816
21.59999999999998,3.1504054108485464
21.79999999999998,3.6680932512600997
21.99999999999998,4.286830494952433
22.199999999999978,5.027399752963094
22.399999999999977,5.862379661498652
22.599999999999977,6.892373965911141
22.799999999999976,8.148973835168414
22.999999999999975,9.657587833694155
23.199999999999974,11.469471294122071
23.399999999999974,13.598261734390633
23.599999999999973,16.202782086650515
23.799999999999972,19.332893629746405
23.99999999999997,23.09508260125422
24.19999999999997,27.617355876319174
24.39999999999997,33.05358603679726
24.59999999999997,39.58874782578077
24.79999999999997,47.445217435398554
24.999999999999968,56.89033089097627
25.199999999999967,68.24548576987908
25.399999999999967,81.89707569565448
25.599999999999966,98.30963260651882
25.799999999999965,118.0416592495291
25.999999999999964,141.76459033436643
26.199999999999964,170.28566366071252
26.399999999999963,204.57542582244457
26.599999999999962,245.80068313251198
26.79999999999996,295.36425508187676
26.99999999999996,354.952672339018
