mags_ab,pos_errs_mas
16.0,inf
16.2,inf
16.4,inf
16.599999999999998,inf
16.799999999999997,0.23424962348317405
16.999999999999996,0.24657156409606396
17.199999999999996,0.2616038057404298
17.399999999999995,0.26850723953961925
17.599999999999994,0.197271797781026
17.799999999999994,0.21263732103944383
17.999999999999993,0.22800635683632695
18.199999999999992,0.24641036542797065
18.39999999999999,0.2628091493713585
18.59999999999999,0.21580460070748997
18.79999999999999,0.20668764076895282
18.99999999999999,0.2265947388364273
19.19999999999999,0.24858248437594557
19.399999999999988,0.27284653020461647
19.599999999999987,0.29965752776860277
19.799999999999986,0.3292564304305804
19.999999999999986,0.3620898495951464
20.199999999999985,0.39860635842621717
20.399999999999984,0.43923913806708503
20.599999999999984,0.48452558967265424
20.799999999999983,0.5345821440297739
20.999999999999982,0.5903794313259136
21.19999999999998,0.653566999863981
21.39999999999998,0.7246644490775453
21.59999999999998,0.8042872386894492
21.79999999999998,0.8929183851729269
21.99999999999998,0.9945944534121812
22.199999999999978,1.1123519831192348
22.399999999999977,1.2476799906966016
22.599999999999977,1.4042555846281541
22.799999999999976,1.5712227660663798
22.999999999999975,1.7644856645841909
23.199999999999974,2.00203476791038
23.399999999999974,2.28135269890007
23.599999999999973,2.5939878716195404
23.799999999999972,2.978784894208291
23.99999999999997,3.4266882048628555
24.19999999999997,3.967234719563085
24.39999999999997,4.611570406448301
24.59999999999997,5.381128050656406
24.79999999999997,6.147346896182896
24.999999999999968,7.210176033812244
25.199999999999967,8.483752396817504
25.399999999999967,10.011176785676325
25.599999999999966,11.844244953820093
25.799999999999965,14.045195335127984
25.999999999999964,16.688820893779315
26.199999999999964,19.86500374220936
26.399999999999963,23.68176997899252
26.599999999999962,28.26895635352513
26.79999999999996,33.596332607388305
26.99999999999996,40.18238781912863
