mags_ab,pos_errs_mas
16.0,inf
16.2,inf
16.4,inf
16.599999999999998,inf
16.799999999999997,0.23432405145190743
16.999999999999996,0.24882621209411354
17.199999999999996,0.26171081520140915
17.399999999999995,0.1859548257647187
17.599999999999994,0.20189043956502772
17.799999999999994,0.21776570339657136
17.999999999999993,0.23352629928508925
18.199999999999992,0.25235248258452064
18.39999999999999,0.2690280496721425
18.59999999999999,0.19761861338723627
18.79999999999999,0.21460449599025513
18.99999999999999,0.2030072573678192
19.19999999999999,0.20937088894612135
19.399999999999988,0.22971877040705369
19.599999999999987,0.25225138997596974
19.799999999999986,0.27726904839063793
19.999999999999986,0.30493530257738244
20.199999999999985,0.33564294782418314
20.399999999999984,0.3698769775387187
20.599999999999984,0.40803903218997273
20.799999999999983,0.4507930280959491
20.999999999999982,0.49880001943378643
21.19999999999998,0.552765685753103
21.39999999999998,0.6133288902635313
21.59999999999998,0.6824007469867356
21.79999999999998,0.7611693638426598
21.99999999999998,0.8510379868866851
22.199999999999978,0.9545041523590957
22.399999999999977,1.0739998411278344
22.599999999999977,1.2129281929952866
22.799999999999976,1.373634777769496
22.999999999999975,1.559366890962839
23.199999999999974,1.7776170500983095
23.399999999999974,2.038381672024386
23.599999999999973,2.347334865715126
23.799999999999972,2.714465809201832
23.99999999999997,3.137433168733488
24.19999999999997,3.6377352129178804
24.39999999999997,4.252496769924476
24.59999999999997,4.9883791460925
24.79999999999997,5.870217149593199
24.999999999999968,6.927857359963289
25.199999999999967,8.197166646495118
25.399999999999967,9.721244073312747
25.599999999999966,11.55188325148125
25.799999999999965,13.751325531508867
25.999999999999964,16.33879742589205
26.199999999999964,19.50195091185122
26.399999999999963,23.30395315960614
26.599999999999962,27.87416369575662
26.79999999999996,33.36808937322887
26.99999999999996,39.97266719430444
