mags_ab,pos_errs_mas
16.0,0.24141484664694426
16.2,0.2581283056336933
16.4,0.2803240415524677
16.599999999999998,0.3018569870501054
16.799999999999997,0.20904740730971483
16.999999999999996,0.22634598970617847
17.199999999999996,0.24489777098462095
17.399999999999995,0.26550853390997514
17.599999999999994,0.28771237423029683
17.799999999999994,0.31141747168106126
17.999999999999993,0.33597287395305825
18.199999999999992,0.3619663961336711
18.39999999999999,0.2131210981440582
18.59999999999999,0.23207365007373917
18.79999999999999,0.2526698215604701
18.99999999999999,0.20711582084287397
19.19999999999999,0.22606183294011375
19.399999999999988,0.2090623245533861
19.599999999999987,0.22838603546091465
19.799999999999986,0.2102523987142461
19.999999999999986,0.21056714196913495
20.199999999999985,0.21885934480777355
20.399999999999984,0.2236670750625641
20.599999999999984,0.24550309006895732
20.799999999999983,0.26979304751547845
20.999999999999982,0.29674614060590215
21.19999999999998,0.32680906531248255
21.39999999999998,0.3603246354820335
21.59999999999998,0.3978825992976526
21.79999999999998,0.44008552181495014
21.99999999999998,0.48752050868120356
22.199999999999978,0.541235459517383
22.399999999999977,0.6022474818844293
22.599999999999977,0.6716750696357429
22.799999999999976,0.7512107817768754
22.999999999999975,0.8434492802898658
23.199999999999974,0.9493862378872451
23.399999999999974,1.0725203623183794
23.599999999999973,1.216318652337376
23.799999999999972,1.384998456559633
23.99999999999997,1.5836794624889048
24.19999999999997,1.8185657177663492
24.39999999999997,2.0971598468507775
24.59999999999997,2.4302274888841904
24.79999999999997,2.8252069609476944
24.999999999999968,3.2969811408544887
25.199999999999967,3.8613620439329677
25.399999999999967,4.537361922632072
25.599999999999966,5.347833214599662
25.799999999999965,6.320238737425044
25.999999999999964,7.48757908391424
26.199999999999964,8.88951059754946
26.399999999999963,10.573690460072633
26.599999999999962,12.597390702461148
26.79999999999996,15.029449794459177
26.99999999999996,17.952605265835132
