mags_ab,pos_errs_mas
16.0,0.1462965822029267
16.2,0.15403761913125522
16.4,0.16286621583076158
16.599999999999998,0.17619478626198068
16.799999999999997,0.14975279093201962
16.999999999999996,0.16335734751076114
17.199999999999996,0.15484717967285347
17.399999999999995,0.16915161669932305
17.599999999999994,0.17011512889676297
17.799999999999994,0.17021491695356533
17.999999999999993,0.18588935928890596
18.199999999999992,0.20368400725301447
18.39999999999999,0.2232857860193984
18.59999999999999,0.24488655693801728
18.79999999999999,0.2687021695227142
18.99999999999999,0.2951759298486049
19.19999999999999,0.3242650806259532
19.399999999999988,0.35629460825429293
19.599999999999987,0.3917264680373033
19.799999999999986,0.430979295632822
19.999999999999986,0.4745403868985802
20.199999999999985,0.522980509960404
20.399999999999984,0.5773537270213266
20.599999999999984,0.6379454047590826
20.799999999999983,0.705323575310493
20.999999999999982,0.7809765649573889
21.19999999999998,0.8653983174284515
21.39999999999998,0.9615560235891774
21.59999999999998,1.07081733330083
21.79999999999998,1.1955317486559478
21.99999999999998,1.3389097751865842
22.199999999999978,1.503413661201741
22.399999999999977,1.6938775122547831
22.599999999999977,1.9104423238850305
22.799999999999976,2.164871741672423
22.999999999999975,2.464687880594884
23.199999999999974,2.8176382380142226
23.399999999999974,3.232856382560587
23.599999999999973,3.7192602618102506
23.799999999999972,4.304770960891741
23.99999999999997,4.994074514957145
24.19999999999997,5.82378252951873
24.39999999999997,6.816059230229159
24.59999999999997,8.004300510799268
24.79999999999997,9.428651712682173
24.999999999999968,11.08231519137516
25.199999999999967,13.118803054472915
25.399999999999967,15.56422713612223
25.599999999999966,18.501698859121795
25.799999999999965,22.031101943730675
25.999999999999964,26.272480109084373
26.199999999999964,31.37011904306021
26.399999999999963,37.441960134603995
26.599999999999962,44.79371455768308
26.79999999999996,53.631463388468426
26.99999999999996,64.25591984530956
