mags_ab,pos_errs_mas
16.0,0.16370191540858234
16.2,0.17809811069154646
16.4,0.1448670321384163
16.599999999999998,0.15519756827951203
16.799999999999997,0.14002850816675572
16.999999999999996,0.14586998088507447
17.199999999999996,0.13772238437060327
17.399999999999995,0.15032920520188414
17.599999999999994,0.16413226918292814
17.799999999999994,0.1552279778337022
17.999999999999993,0.16961164166015938
18.199999999999992,0.16845312116639272
18.39999999999999,0.16944434168634956
18.59999999999999,0.1846785279347985
18.79999999999999,0.2024092016138414
18.99999999999999,0.2219594841604817
19.19999999999999,0.2435268995442486
19.399999999999988,0.2673361952267488
19.599999999999987,0.2938015785920184
19.799999999999986,0.32301539735958273
19.999999999999986,0.3552252376623319
20.199999999999985,0.3909484295516635
20.399999999999984,0.430642629099744
20.599999999999984,0.47484605118355516
20.799999999999983,0.5241956798935654
20.999999999999982,0.5797920657298116
21.19999999999998,0.6422858654422505
21.39999999999998,0.7120808491509012
21.59999999999998,0.7909933129663282
21.79999999999998,0.8806040484524249
21.99999999999998,0.982328585583601
22.199999999999978,1.0989668652106603
22.399999999999977,1.233455681939135
22.599999999999977,1.3896521972143157
22.799999999999976,1.5703561657882381
22.999999999999975,1.7814104152540533
23.199999999999974,2.0290138356880614
23.399999999999974,2.317302726319734
23.599999999999973,2.6587503485367363
23.799999999999972,3.064612309824657
23.99999999999997,3.5471768812452535
24.19999999999997,4.122322268624819
24.39999999999997,4.8091699645587855
24.59999999999997,5.630726016530068
24.79999999999997,6.609168894198807
24.999999999999968,7.785932298677277
25.199999999999967,9.197650557903701
25.399999999999967,10.892223202699247
25.599999999999966,12.927208632338699
25.799999999999965,15.371777265818304
25.999999999999964,18.30905565048325
26.199999999999964,21.83895151856076
26.399999999999963,26.081553517164064
26.599999999999962,31.18120657745668
26.79999999999996,37.31142891931865
26.99999999999996,44.68080413799549
