mags_ab,pos_errs_mas
16.0,0.3754627503304679
16.2,0.40288064336499696
16.4,0.27293161100533986
16.599999999999998,0.2961161861368125
16.799999999999997,0.3218250368420343
16.999999999999996,0.3478936242622056
17.199999999999996,0.3757781434892355
17.399999999999995,0.40469755164427756
17.599999999999994,0.2612054278984638
17.799999999999994,0.28267754169979625
17.999999999999993,0.3066078280644345
18.199999999999992,0.33233369311785915
18.39999999999999,0.24249689529626173
18.59999999999999,0.2640119920999214
18.79999999999999,0.2286777017911527
18.99999999999999,0.24938028721446392
19.19999999999999,0.2720923664286938
19.399999999999988,0.2375909344241143
19.599999999999987,0.25934296310369476
19.799999999999986,0.24215305997622544
19.999999999999986,0.2645272812080629
20.199999999999985,0.26020240477483036
20.399999999999984,0.24791730958565936
20.599999999999984,0.2680528158352471
20.799999999999983,0.29389561350704824
20.999999999999982,0.3225309487687071
21.19999999999998,0.35419469734422576
21.39999999999998,0.3892364207605476
21.59999999999998,0.4281171699970608
21.79999999999998,0.4713728917416019
21.99999999999998,0.5195739033703667
22.199999999999978,0.5732985154414001
22.399999999999977,0.6334480182585981
22.599999999999977,0.7010897509796002
22.799999999999976,0.7771773089993002
22.999999999999975,0.8638965519240451
23.199999999999974,0.9616012407747951
23.399999999999974,1.0730700761555758
23.599999999999973,1.2004807278136251
23.799999999999972,1.347455986174883
23.99999999999997,1.5175611461089458
24.19999999999997,1.7149416232982861
24.39999999999997,1.9453825891144463
24.59999999999997,2.2175749300708287
24.79999999999997,2.536172769402726
24.999999999999968,2.911821807819191
25.199999999999967,3.3580660647900826
25.399999999999967,3.8888271253180458
25.599999999999966,4.521595632349788
25.799999999999965,5.277432998672798
25.999999999999964,6.181676100607769
26.199999999999964,7.264790289223804
26.399999999999963,8.563395501616302
26.599999999999962,10.121496203710478
26.79999999999996,11.991973818609134
26.99999999999996,14.228666223987508
