mags_ab,pos_errs_mas
16.0,0.21534367547803734
16.2,0.23093144038363106
16.4,0.2481229480854378
16.599999999999998,0.1675633130098941
16.799999999999997,0.17775155432941456
16.999999999999996,0.1914386861905284
17.199999999999996,0.20532786678172207
17.399999999999995,0.15355596227959997
17.599999999999994,0.16460068550450427
17.799999999999994,0.17692103153573807
17.999999999999993,0.1556020600870537
18.199999999999992,0.1698194583152597
18.39999999999999,0.18532590250583947
18.59999999999999,0.16625642465637694
18.79999999999999,0.18162340086951007
18.99999999999999,0.17420745613666372
19.19999999999999,0.17521864823152244
19.399999999999988,0.18081714622603046
19.599999999999987,0.18773980019741318
19.799999999999986,0.20601387665466758
19.999999999999986,0.22625454349967225
20.199999999999985,0.24870116935315012
20.399999999999984,0.27376387007927144
20.599999999999984,0.30161030590370275
20.799999999999983,0.33256748139227055
20.999999999999982,0.36715938500888823
21.19999999999998,0.40594267811936713
21.39999999999998,0.44957367114128777
21.59999999999998,0.49884080436938066
21.79999999999998,0.5546989221638142
21.99999999999998,0.6186561925234214
22.199999999999978,0.6919623969605688
22.399999999999977,0.7755524290527732
22.599999999999977,0.8720860740770056
22.799999999999976,0.9841152630618962
22.999999999999975,1.1147502578233752
23.199999999999974,1.2677760017869344
23.399999999999974,1.4477906018523874
23.599999999999973,1.6603687175057185
23.799999999999972,1.913124204568172
23.99999999999997,2.2123283825173106
24.19999999999997,2.568765553029578
24.39999999999997,2.994262428425712
24.59999999999997,3.5030510405992685
24.79999999999997,4.1122477605740135
24.999999999999968,4.842426344341882
25.199999999999967,5.718313476436321
25.399999999999967,6.769621948247995
25.599999999999966,8.03205702376602
25.799999999999965,9.548526203133413
25.999999999999964,11.370593540296472
26.199999999999964,13.560232501412463
26.399999999999963,16.191935609492297
26.599999999999962,19.355237330873468
26.79999999999996,23.15777120192281
26.99999999999996,27.72891992576444
