mags_ab,pos_errs_mas
16.0,0.22238501816484105
16.2,0.24174673812781045
16.4,0.25188489314362994
16.599999999999998,0.2665001789496397
16.799999999999997,0.2844165401349793
16.999999999999996,0.16653376352851548
17.199999999999996,0.1783967546697295
17.399999999999995,0.19238334725480044
17.599999999999994,0.20884295221239835
17.799999999999994,0.22257748151257764
17.999999999999993,0.15300026719641602
18.199999999999992,0.1654623382060143
18.39999999999999,0.17860289214659336
18.59999999999999,0.15436795011645232
18.79999999999999,0.1685486106778665
18.99999999999999,0.16075190302742787
19.19999999999999,0.1756821245688654
19.399999999999988,0.16728071733005767
19.599999999999987,0.17074179505169843
19.799999999999986,0.1796515556466265
19.999999999999986,0.18328478744704693
20.199999999999985,0.20129931436488938
20.399999999999984,0.2213118434715588
20.599999999999984,0.2435835940027916
20.799999999999983,0.2685297080010521
20.999999999999982,0.29642920153456476
21.19999999999998,0.3276713519514201
21.39999999999998,0.36273495262848676
21.59999999999998,0.4022700991881273
21.79999999999998,0.44705975469555453
21.99999999999998,0.49802834650135974
22.199999999999978,0.5562945693672656
22.399999999999977,0.6232225317083442
22.599999999999977,0.7017923351030092
22.799999999999976,0.7917930273306285
22.999999999999975,0.8963134212069147
23.199999999999974,1.0186682818373056
23.399999999999974,1.1625151346342997
23.599999999999973,1.3322896951618237
23.799999999999972,1.533361204053552
23.99999999999997,1.772216837213288
24.19999999999997,2.056682106884795
24.39999999999997,2.398100352786343
24.59999999999997,2.8040198709067314
24.79999999999997,3.2899582168335075
24.999999999999968,3.8723180799883
25.199999999999967,4.5708136693417405
25.399999999999967,5.409134772940756
25.599999999999966,6.415748893600111
25.799999999999965,7.624865561256322
25.999999999999964,9.077595638133738
26.199999999999964,10.823348661491185
26.399999999999963,12.921514655511684
26.599999999999962,15.443475411812221
26.79999999999996,18.47504171291422
26.99999999999996,22.11936330354457
