mags_ab,pos_errs_mas
16.0,0.20867115623318694
16.2,0.22591890014035482
16.4,0.2450463633991666
16.599999999999998,0.1869154722805165
16.799999999999997,0.2030713271313698
16.999999999999996,0.2208016044318076
17.199999999999996,0.18491440215946126
17.399999999999995,0.20141579165989335
17.599999999999994,0.21924618279499114
17.799999999999994,0.1914775817182491
17.999999999999993,0.2087883400643687
18.199999999999992,0.197060829273514
18.39999999999999,0.18790837164037463
18.59999999999999,0.19290030715354178
18.79999999999999,0.20744988918154827
18.99999999999999,0.2275180904792405
19.19999999999999,0.24967551842380398
19.399999999999988,0.27418316357209677
19.599999999999987,0.3013634172380385
19.799999999999986,0.3314735155493065
19.999999999999986,0.36493686605582176
20.199999999999985,0.4022495963005904
20.399999999999984,0.44387777491079655
20.599999999999984,0.49036977921268143
20.799999999999983,0.5424743173270522
20.999999999999982,0.6011244753077492
21.19999999999998,0.6681401780749396
21.39999999999998,0.7433590378659086
21.59999999999998,0.8288791151068533
21.79999999999998,0.9269503173183421
21.99999999999998,1.0390948668108126
22.199999999999978,1.1692271903902338
22.399999999999977,1.3198223715382609
22.599999999999977,1.4941819490113286
22.799999999999976,1.6983972878481512
22.999999999999975,1.9387680487231655
23.199999999999974,2.222511548348944
23.399999999999974,2.558611645786644
23.599999999999973,2.957921360659713
23.799999999999972,3.4335321803511474
23.99999999999997,4.0012139622894525
24.19999999999997,4.679945436516013
24.39999999999997,5.492551658618322
24.59999999999997,6.46646969020309
24.79999999999997,7.634675636894591
24.999999999999968,9.036793605687654
25.199999999999967,10.704055746872399
25.399999999999967,12.720367852264529
25.599999999999966,15.142902404143879
25.799999999999965,18.054055097035153
25.999999999999964,21.552855123194053
26.199999999999964,25.75833907071095
26.399999999999963,30.81360074542435
26.599999999999962,36.890648216209804
26.79999999999996,44.196265323267575
26.99999999999996,52.97903789263779
