mags_ab,pos_errs_mas
16.0,0.2374427735845995
16.2,0.2575557847419116
16.4,0.279344059069461
16.599999999999998,0.21113732104611702
16.799999999999997,0.22899511546722812
16.999999999999996,0.24887521451703945
17.199999999999996,0.20589945868807663
17.399999999999995,0.22430458035141276
17.599999999999994,0.19816016083998947
17.799999999999994,0.21612792867337094
17.999999999999993,0.2355950957421694
18.199999999999992,0.2139555600410963
18.39999999999999,0.20479697725801443
18.59999999999999,0.22363056369209625
18.79999999999999,0.20903706104509195
18.99999999999999,0.21777850854695477
19.19999999999999,0.22297726445547172
19.399999999999988,0.24439825458486034
19.599999999999987,0.2681067085276053
19.799999999999986,0.2942901099338642
19.999999999999986,0.32326905933964306
20.199999999999985,0.3553689236228339
20.399999999999984,0.39108479783761446
20.599999999999984,0.4306835086551844
20.799999999999983,0.4748564659568754
20.999999999999982,0.5241248582216904
21.19999999999998,0.5793842915390698
21.39999999999998,0.6413725087179931
21.59999999999998,0.7112785587176388
21.79999999999998,0.7911093525958363
21.99999999999998,0.8810030441514255
22.199999999999978,0.9832565638690623
22.399999999999977,1.100805602988257
22.599999999999977,1.235932985357082
22.799999999999976,1.3916307968100838
22.999999999999975,1.573520514869515
23.199999999999974,1.7865735085788796
23.399999999999974,2.0342478658104026
23.599999999999973,2.326722170073867
23.799999999999972,2.672549287702172
23.99999999999997,3.082786511010151
24.19999999999997,3.570782956268923
24.39999999999997,4.152629203565824
24.59999999999997,4.847698627135656
24.79999999999997,5.679299625144293
24.999999999999968,6.675455368403729
25.199999999999967,7.8698494178663285
25.399999999999967,9.30295993274731
25.599999999999966,11.011423358794126
25.799999999999965,13.072292566444094
25.999999999999964,15.548045829203877
26.199999999999964,18.522874650100274
26.399999999999963,22.097970039435957
26.599999999999962,26.394954338264583
26.79999999999996,31.56002973075044
26.99999999999996,37.76893527708733
