mags_ab,pos_errs_mas
16.0,0.23170471354043598
16.2,0.23703369918492065
16.4,0.1669990196725921
16.599999999999998,0.18118091169040648
16.799999999999997,0.1911494952890373
16.999999999999996,0.2053760457281566
17.199999999999996,0.21984024615120318
17.399999999999995,0.237037058626043
17.599999999999994,0.2547158692411598
17.799999999999994,0.15389207571675392
17.999999999999993,0.16508278590565406
18.199999999999992,0.17802217693686143
18.39999999999999,0.14852243266979634
18.59999999999999,0.16208624068376162
18.79999999999999,0.1527944799178036
18.99999999999999,0.16689882509552978
19.19999999999999,0.18238445274614437
19.399999999999988,0.17254117809917285
19.599999999999987,0.17585328662994268
19.799999999999986,0.17896471462202176
19.999999999999986,0.19225967274559067
20.199999999999985,0.21103302015758948
20.399999999999984,0.23183599270039873
20.599999999999984,0.25492146963403206
20.799999999999983,0.28071679438772923
20.999999999999982,0.3094181441722229
21.19999999999998,0.34135831329436084
21.39999999999998,0.3770903967181202
21.59999999999998,0.4172084989231848
21.79999999999998,0.46241269709439453
21.99999999999998,0.5135452247802301
22.199999999999978,0.5716276700811497
22.399999999999977,0.6387695315415692
22.599999999999977,0.714957371367607
22.799999999999976,0.8025050398234779
22.999999999999975,0.9038401355038438
23.199999999999974,1.0217049674624903
23.399999999999974,1.1594397990096659
23.599999999999973,1.3211062661054718
23.799999999999972,1.5116341195580019
23.99999999999997,1.7369948176224337
24.19999999999997,2.00555816897702
24.39999999999997,2.32369904385636
24.59999999999997,2.703083066932808
24.79999999999997,3.156350831174113
24.999999999999968,3.6987075515351178
25.199999999999967,4.348435697794884
25.399999999999967,5.127508823539542
25.599999999999966,6.062333601736306
25.799999999999965,7.184641968650116
25.999999999999964,8.532564486302284
26.199999999999964,10.151924416307144
26.399999999999963,12.097795860516932
26.599999999999962,14.436367696871745
26.79999999999996,17.24720229713206
26.99999999999996,20.625932705341505
