mags_ab,pos_errs_mas
16.0,inf
16.2,0.3097640552229515
16.4,0.3259859784749486
16.599999999999998,0.3433367344996455
16.799999999999997,0.36150579600090493
16.999999999999996,0.3802243954587871
17.199999999999996,0.38105042806094214
17.399999999999995,0.3765746752623687
17.599999999999994,0.33679171400531677
17.799999999999994,0.2798669800860882
17.999999999999993,0.2563761260957337
18.199999999999992,0.2809085871435594
18.39999999999999,0.3080160141214542
18.59999999999999,0.3378711804115926
18.79999999999999,0.3708873198104335
18.99999999999999,0.4074824492250837
19.19999999999999,0.4478867028025026
19.399999999999988,0.49265228427379015
19.599999999999987,0.5423162382633758
19.799999999999986,0.5971885215003965
19.999999999999986,0.6584993002723573
20.199999999999985,0.727371693986162
20.399999999999984,0.8037648552866665
20.599999999999984,0.8890153233572334
20.799999999999983,0.9857192995896465
20.999999999999982,1.0937967855718562
21.19999999999998,1.2163575909322901
21.39999999999998,1.3546404325004628
21.59999999999998,1.5140036906276892
21.79999999999998,1.697226090531588
21.99999999999998,1.8963621087887697
22.199999999999978,2.139198140374443
22.399999999999977,2.41205052845049
22.599999999999977,2.734452863206637
22.799999999999976,3.118422786302678
22.999999999999975,3.564447862625498
23.199999999999974,4.079531309914678
23.399999999999974,4.708135086539923
23.599999999999973,5.4424638346022105
23.799999999999972,6.274361915583572
23.99999999999997,7.297959247140192
24.19999999999997,8.542260586358655
24.39999999999997,10.000722593532936
24.59999999999997,11.778703703254086
24.79999999999997,13.911570258773692
24.999999999999968,16.471682189026904
25.199999999999967,19.44472694602705
25.399999999999967,23.113227849142824
25.599999999999966,27.520938960576622
25.799999999999965,32.817782642581726
25.999999999999964,39.18394603838625
26.199999999999964,46.83602040638122
26.399999999999963,55.801803658926865
26.599999999999962,66.8041334473487
26.79999999999996,80.03073589268747
26.99999999999996,95.9316623327065
