mags_ab,pos_errs_mas
16.0,0.28563291292383597
16.2,0.30316520477510456
16.4,0.32283611904452614
16.599999999999998,0.33350549081468106
16.799999999999997,0.22568726475150008
16.999999999999996,0.24382723936534997
17.199999999999996,0.2621171285727781
17.399999999999995,0.28200525012397587
17.599999999999994,0.3016636581339886
17.799999999999994,0.2253022135574507
17.999999999999993,0.2444088032883287
18.199999999999992,0.2234771055306127
18.39999999999999,0.22758889405584615
18.59999999999999,0.2494875836206319
18.79999999999999,0.2737093597334117
18.99999999999999,0.30043431640067453
19.19999999999999,0.33005836195984506
19.399999999999988,0.3628653007447318
19.599999999999987,0.3991934657389233
19.799999999999986,0.4396617695936955
19.999999999999986,0.4846611323964287
20.199999999999985,0.5348792295723159
20.399999999999984,0.5912113549617933
20.599999999999984,0.6541663742521767
20.799999999999983,0.7256532064908416
20.999999999999982,0.8055931325643696
21.19999999999998,0.8961171403631696
21.39999999999998,1.0000493037494609
21.59999999999998,1.1146688865984486
21.79999999999998,1.2500597708037062
21.99999999999998,1.4040674455062934
22.199999999999978,1.5852862193813957
22.399999999999977,1.7898560964971395
22.599999999999977,2.0346159354007867
22.799999999999976,2.3227110007493637
22.999999999999975,2.66280619872223
23.199999999999974,3.0656727654497997
23.399999999999974,3.538572509043417
23.599999999999973,4.107236847876272
23.799999999999972,4.777071561549011
23.99999999999997,5.575305780442199
24.19999999999997,6.541499080289137
24.39999999999997,7.64152610400723
24.59999999999997,8.964975672280767
24.79999999999997,10.570217468346215
24.999999999999968,12.52793386144215
25.199999999999967,14.83317448473992
25.399999999999967,17.647700433451508
25.599999999999966,21.02970239236419
25.799999999999965,25.09422345445405
25.999999999999964,29.979540817024162
26.199999999999964,35.85187172542357
26.399999999999963,42.911030429874465
26.599999999999962,51.39720990803241
26.79999999999996,61.59917955287133
26.99999999999996,73.86407943551633
