mags_ab,pos_errs_mas
16.0,0.18694662049697838
16.2,0.17276053987016443
16.4,0.17451519673007262
16.599999999999998,0.1911988005576574
16.799999999999997,0.2095857496444687
16.999999999999996,0.22986062971630264
17.199999999999996,0.2522248712854489
17.399999999999995,0.27691379088732027
17.599999999999994,0.3040139910424343
17.799999999999994,0.33398286292964685
17.999999999999993,0.3672031135037116
18.199999999999992,0.4040183358188406
18.39999999999999,0.4448883256732854
18.59999999999999,0.4903264895882341
18.79999999999999,0.5410102631026555
18.99999999999999,0.5964659983128975
19.19999999999999,0.658818828320376
19.399999999999988,0.7284782379976726
19.599999999999987,0.8046996811049316
19.799999999999986,0.8930555380661591
19.999999999999986,0.9931208067936137
20.199999999999985,1.1070954903553905
20.399999999999984,1.235049778411264
20.599999999999984,1.3834447618693564
20.799999999999983,1.54601484677856
20.999999999999982,1.7147446915683864
21.19999999999998,1.9338599133810628
21.39999999999998,2.188746639749234
21.59999999999998,2.4873129648622863
21.79999999999998,2.8374765919435854
21.99999999999998,3.25028071436429
22.199999999999978,3.68773051343147
22.399999999999977,4.165164927094547
22.599999999999977,4.813215126944354
22.799999999999976,5.585094402574604
22.999999999999975,6.506222853483505
23.199999999999974,7.607374739286852
23.399999999999974,8.925562585068734
23.599999999999973,10.436724767963844
23.799999999999972,12.07858199888206
23.99999999999997,14.269514706483296
24.19999999999997,16.89945544831048
24.39999999999997,20.057736665985757
24.59999999999997,23.851707529150616
24.79999999999997,28.410386610127315
24.999999999999968,33.8888315848981
25.199999999999967,40.23346442610801
25.399999999999967,48.08935471538331
25.599999999999966,57.53268998006514
25.799999999999965,68.88479563094954
25.999999999999964,82.53194619901593
26.199999999999964,98.9385156233519
26.399999999999963,118.66279556549802
26.599999999999962,142.37595470053802
26.79999999999996,170.88491428728022
26.99999999999996,205.15975236421968
