mags_ab,pos_errs_mas
16.0,0.3744426709601013
16.2,0.40105903201416127
16.4,0.27404998938417807
16.599999999999998,0.2970940506003175
16.799999999999997,0.320582697770592
16.999999999999996,0.3474870168726044
17.199999999999996,0.2633918581168154
17.399999999999995,0.28557927827246604
17.599999999999994,0.3092336694772661
17.799999999999994,0.3353941210951817
17.999999999999993,0.24137114606971202
18.199999999999992,0.26288483386361483
18.39999999999999,0.2859945028740972
18.59999999999999,0.23599723300945247
18.79999999999999,0.2573538541153709
18.99999999999999,0.2363487106625235
19.19999999999999,0.2580316710437292
19.399999999999988,0.2509413689430611
19.599999999999987,0.251765095882986
19.799999999999986,0.24420446243307622
19.999999999999986,0.25239335573834226
20.199999999999985,0.27662499869530105
20.399999999999984,0.30341888044661003
20.599999999999984,0.3331336686063363
20.799999999999983,0.3659830752501683
20.999999999999982,0.4024070191696504
21.19999999999998,0.442871830408816
21.39999999999998,0.48793084029717454
21.59999999999998,0.538218137380651
21.79999999999998,0.5944034798496857
21.99999999999998,0.6574497460993958
22.199999999999978,0.7284020799123643
22.399999999999977,0.8085337972968196
22.599999999999977,0.8998231023271196
22.799999999999976,1.0032549182371238
22.999999999999975,1.121345219075047
23.199999999999974,1.2570245785436913
23.399999999999974,1.414043044577571
23.599999999999973,1.5963623347820384
23.799999999999972,1.8081633970748014
23.99999999999997,2.056026834621545
24.19999999999997,2.3490639430644884
24.39999999999997,2.6938933408734775
24.59999999999997,3.100318524881267
24.79999999999997,3.5849941050360044
24.999999999999968,4.162359823354385
25.199999999999967,4.851570525801682
25.399999999999967,5.67567657546453
25.599999999999966,6.662398865736225
25.799999999999965,7.845061557127524
25.999999999999964,9.263711224206428
26.199999999999964,10.966471867053674
26.399999999999963,13.011174874344285
26.599999999999962,15.448641760181442
26.79999999999996,18.393276336932534
26.99999999999996,21.931878523207832
