mags_ab,pos_errs_mas
16.0,inf
16.2,0.3080857624048439
16.4,0.32775047454742845
16.599999999999998,0.3478468312351427
16.799999999999997,0.3699816491730516
16.999999999999996,0.26635694799747006
17.199999999999996,0.28678260550293094
17.399999999999995,0.3092502604034753
17.599999999999994,0.3313164718908645
17.799999999999994,0.3551200053667054
17.999999999999993,0.3777635468793811
18.199999999999992,0.26867509637255216
18.39999999999999,0.29092599347748654
18.59999999999999,0.2527113352954834
18.79999999999999,0.2723793667477287
18.99999999999999,0.29849633133125286
19.19999999999999,0.3273123982099874
19.399999999999988,0.35907395968973754
19.599999999999987,0.3941956943869314
19.799999999999986,0.4329673913399869
19.999999999999986,0.47593554965441776
20.199999999999985,0.5232792474724437
20.399999999999984,0.5760460546401389
20.599999999999984,0.6341513960433274
20.799999999999983,0.6990566955387959
20.999999999999982,0.7717419194216479
21.19999999999998,0.8519097070797522
21.39999999999998,0.9425760688246851
21.59999999999998,1.0441461698939225
21.79999999999998,1.1575750873495914
21.99999999999998,1.2835975701932887
22.199999999999978,1.4302389339371362
22.399999999999977,1.596137450535619
22.599999999999977,1.7783110707758132
22.799999999999976,1.9953628761414672
22.999999999999975,2.2461307183734656
23.199999999999974,2.5329091604194205
23.399999999999974,2.8625752172812913
23.599999999999973,3.2571487646251462
23.799999999999972,3.7109155619493492
23.99999999999997,4.243830188452635
24.19999999999997,4.886297733191556
24.39999999999997,5.636865007094008
24.59999999999997,6.474039536470089
24.79999999999997,7.534062184439626
24.999999999999968,8.77554334074474
25.199999999999967,10.284393336627282
25.399999999999967,12.053263642272217
25.599999999999966,14.210447225960758
25.799999999999965,16.74309130562871
25.999999999999964,19.725618690238782
26.199999999999964,23.41118104026221
26.399999999999963,27.838547126770525
26.599999999999962,33.158264486923215
26.79999999999996,39.55128240706511
26.99999999999996,47.235081833493936
