mags_ab,pos_errs_mas
16.0,0.2066193084468825
16.2,0.22318105951117706
16.4,0.17004329253277123
16.599999999999998,0.1835675282665336
16.799999999999997,0.19867717371716576
16.999999999999996,0.16516703970698204
17.199999999999996,0.17967315057403227
17.399999999999995,0.19562809239720197
17.599999999999994,0.16937212757532613
17.799999999999994,0.18463671760467362
17.999999999999993,0.16980679544461905
18.199999999999992,0.1853586495452406
18.39999999999999,0.18037628177341322
18.59999999999999,0.18167274597860414
18.79999999999999,0.1788851408421098
18.99999999999999,0.1850906599565599
19.19999999999999,0.20279053651668674
19.399999999999988,0.2224183469848317
19.599999999999987,0.24401260441108133
19.799999999999986,0.2678305760256325
19.999999999999986,0.2941763511488756
20.199999999999985,0.3233141812433281
20.399999999999984,0.3555712176444966
20.599999999999984,0.3913727918699747
20.799999999999983,0.4311853753744767
20.999999999999982,0.47579364985606737
21.19999999999998,0.5252746405260249
21.39999999999998,0.5806863115971185
21.59999999999998,0.6435732070005554
21.79999999999998,0.7137827241021618
21.99999999999998,0.7931374177958851
22.199999999999978,0.8830624263405482
22.399999999999977,0.9857765610748207
22.599999999999977,1.1037221728105735
22.799999999999976,1.239677117945188
22.999999999999975,1.3982398252847468
23.199999999999974,1.5779144252905455
23.399999999999974,1.7900509336087342
23.599999999999973,2.038937814659711
23.799999999999972,2.332142135683719
23.99999999999997,2.678831356616935
24.19999999999997,3.090091244372711
24.39999999999997,3.5793039758453826
24.59999999999997,4.16260019831861
24.79999999999997,4.859402898840983
24.999999999999968,5.693077432310728
25.199999999999967,6.684752344615769
25.399999999999967,7.878324756388486
25.599999999999966,9.310346581447673
25.799999999999965,11.02941640713725
25.999999999999964,13.093932144216804
26.199999999999964,15.574070645266088
26.399999999999963,18.5541763381057
26.599999999999962,22.135615025357808
26.79999999999996,26.44022999917231
26.99999999999996,31.61447514985603
