mags_ab,pos_errs_mas
16.0,inf
16.2,inf
16.4,0.26322330015872697
16.599999999999998,0.2826330755599375
16.799999999999997,0.3031412483656595
16.999999999999996,0.21117449154754062
17.199999999999996,0.22929669999708496
17.399999999999995,0.24749281641945123
17.599999999999994,0.2610562254689583
17.799999999999994,0.18530181673087512
17.999999999999993,0.20000361647906956
18.199999999999992,0.21391134330331063
18.39999999999999,0.23085514780660876
18.59999999999999,0.18117299555300653
18.79999999999999,0.19543670210079592
18.99999999999999,0.21150771505745564
19.19999999999999,0.22899787888118867
19.399999999999988,0.2483636725694178
19.599999999999987,0.1833836314447404
19.799999999999986,0.20017101213224942
19.999999999999986,0.17603720064454223
20.199999999999985,0.19250218661210589
20.399999999999984,0.18550487469903698
20.599999999999984,0.1866186149399237
20.799999999999983,0.19249059451692452
20.999999999999982,0.20185123874935007
21.19999999999998,0.21123412785045412
21.39999999999998,0.23335527331803455
21.59999999999998,0.2583138851145447
21.79999999999998,0.2865764452207479
21.99999999999998,0.3189264277870956
22.199999999999978,0.35563594517566294
22.399999999999977,0.39774528422571204
22.599999999999977,0.44628384505596014
22.799999999999976,0.5024991681975413
22.999999999999975,0.5679113123350624
23.199999999999974,0.6443901563132438
23.399999999999974,0.7341808855637797
23.599999999999973,0.840181452285577
23.799999999999972,0.9658358814131389
23.99999999999997,1.115393406158351
24.19999999999997,1.292464841211547
24.39999999999997,1.5036563196014128
24.59999999999997,1.7560075823968917
24.79999999999997,2.0593709935496247
24.999999999999968,2.4230434169483774
25.199999999999967,2.8574196727351975
25.399999999999967,3.3786557533481685
25.599999999999966,4.004445913552196
25.799999999999965,4.756052247888363
25.999999999999964,5.6590270227039134
26.199999999999964,6.744079312395546
26.399999999999963,8.048119313769044
26.599999999999962,9.615511700290757
26.79999999999996,11.504473503853383
26.99999999999996,13.770028416159166
