mags_ab,pos_errs_mas
16.0,0.2372569192004014
16.2,0.2574617825603319
16.4,0.27920057465941306
16.599999999999998,0.2110353679852595
16.799999999999997,0.228979694219567
16.999999999999996,0.24869217792158813
17.199999999999996,0.20561381935848613
17.399999999999995,0.22398510097576665
17.599999999999994,0.24385220149839917
17.799999999999994,0.20931705785956764
17.999999999999993,0.22814916228612825
18.199999999999992,0.20777387123996316
18.39999999999999,0.22676513382524938
18.59999999999999,0.21865889048382237
18.79999999999999,0.21844754923204704
18.99999999999999,0.21239676915469624
19.19999999999999,0.21802209553865112
19.399999999999988,0.23885996549666663
19.599999999999987,0.26189999545554105
19.799999999999986,0.2873143060854712
19.999999999999986,0.31539823866193234
20.199999999999985,0.34645602245250495
20.399999999999984,0.38094476006025696
20.599999999999984,0.4190891414422604
20.799999999999983,0.4615228331364218
20.999999999999982,0.5087025370742078
21.19999999999998,0.5614311885643067
21.39999999999998,0.6203383727684405
21.59999999999998,0.6863838940108036
21.79999999999998,0.7616455426069095
21.99999999999998,0.8456688427563877
22.199999999999978,0.9409267170397588
22.399999999999977,1.0496697608940009
22.599999999999977,1.1730762603046554
22.799999999999976,1.3158079110728067
22.999999999999975,1.4801378730481858
23.199999999999974,1.672150918709161
23.399999999999974,1.8945160012028346
23.599999999999973,2.1550375053179875
23.799999999999972,2.461554699211045
23.99999999999997,2.8235703010283655
24.19999999999997,3.252583259871377
24.39999999999997,3.762481338624725
24.59999999999997,4.3700120420848485
24.79999999999997,5.095348141178687
24.999999999999968,5.9627623311946545
25.199999999999967,7.001444705483032
25.399999999999967,8.23704396953208
25.599999999999966,9.725609990535546
25.799999999999965,11.51225233744157
25.999999999999964,13.6576460529904
26.199999999999964,16.23470537463433
26.399999999999963,19.330812876660673
26.599999999999962,23.051720502076506
26.79999999999996,27.5234488877291
26.99999999999996,32.89879242756734
