mags_ab,pos_errs_mas
16.0,0.37496284126268487
16.2,0.4017458561292911
16.4,0.27498513232793165
16.599999999999998,0.2973313739898835
16.799999999999997,0.32280523070865436
16.999999999999996,0.34779392410470444
17.199999999999996,0.3754785670319288
17.399999999999995,0.2611953640679565
17.599999999999994,0.28177222266066376
17.799999999999994,0.30580208920477786
17.999999999999993,0.23649856931023203
18.199999999999992,0.2567646236777631
18.39999999999999,0.27896306028571083
18.59999999999999,0.30343657964080384
18.79999999999999,0.32966068632279844
18.99999999999999,0.23842993084216418
19.19999999999999,0.25995534089126515
19.399999999999988,0.2833937449437591
19.599999999999987,0.24422482751908908
19.799999999999986,0.2666198324539683
19.999999999999986,0.251909352530111
20.199999999999985,0.24875744138282976
20.399999999999984,0.25205685020013824
20.599999999999984,0.25970309420465737
20.799999999999983,0.2659948019205074
20.999999999999982,0.2917104014708586
21.19999999999998,0.3202383579281859
21.39999999999998,0.35184127405432153
21.59999999999998,0.3868302872942676
21.79999999999998,0.42571016615577856
21.99999999999998,0.46907621819749334
22.199999999999978,0.5173836872146323
22.399999999999977,0.5715589395235496
22.599999999999977,0.632225238818974
22.799999999999976,0.70078906790872
22.999999999999975,0.7780482128495189
23.199999999999974,0.8666159101602181
23.399999999999974,0.9666789910065111
23.599999999999973,1.0811581989583692
23.799999999999972,1.212909292136139
23.99999999999997,1.3654026719465795
24.19999999999997,1.5425547119061338
24.39999999999997,1.7492535547909311
24.59999999999997,1.991923124672594
24.79999999999997,2.2800922442773586
24.999999999999968,2.617668744126814
25.199999999999967,3.0174225090268663
25.399999999999967,3.493500531269338
25.599999999999966,4.0598614418305115
25.799999999999965,4.736223418750455
25.999999999999964,5.545241298326706
26.199999999999964,6.514157189702781
26.399999999999963,7.6757177893752
26.599999999999962,9.069273912823714
26.79999999999996,10.742114740227809
26.99999999999996,12.751062810983939
