mags_ab,pos_errs_mas
16.0,0.18686122711639852
16.2,0.20067308969736034
16.4,0.2149836031245371
16.599999999999998,0.230563219172186
16.799999999999997,0.24739184121299287
16.999999999999996,0.26548559319405435
17.199999999999996,0.27869623348698147
17.399999999999995,0.1813295307391197
17.599999999999994,0.1969465659898458
17.799999999999994,0.213399273977076
17.999999999999993,0.18722727217002694
18.199999999999992,0.18382202617094956
18.39999999999999,0.20002136832375403
18.59999999999999,0.21928094043887777
18.79999999999999,0.24048262239482954
18.99999999999999,0.26385322340958955
19.19999999999999,0.2896487561642122
19.399999999999988,0.3181695382626473
19.599999999999987,0.34971244504863525
19.799999999999986,0.3846783311501793
19.999999999999986,0.4234914572015681
20.199999999999985,0.4664516972326613
20.399999999999984,0.514358309327947
20.599999999999984,0.5678964410057136
20.799999999999983,0.6281226434679054
20.999999999999982,0.6950859673990093
21.19999999999998,0.7698879948478171
21.39999999999998,0.8547117892470333
21.59999999999998,0.9515142084291509
21.79999999999998,1.0619257751785258
21.99999999999998,1.1868820669588256
22.199999999999978,1.3256198245609296
22.399999999999977,1.4902386773651526
22.599999999999977,1.6816279895216477
22.799999999999976,1.9027319480031952
22.999999999999975,2.157550433750894
23.199999999999974,2.4590759174191605
23.399999999999974,2.818271909395527
23.599999999999973,3.2436560860947274
23.799999999999972,3.7399147750861665
23.99999999999997,4.3052071376546515
24.19999999999997,4.989720165323824
24.39999999999997,5.826834337347237
24.59999999999997,6.82849595319081
24.79999999999997,8.028472580533574
24.999999999999968,9.467348233270123
25.199999999999967,11.193894602251424
25.399999999999967,13.266718764148784
25.599999999999966,15.75624553120371
25.799999999999965,18.747110743968147
25.999999999999964,22.25298349460624
26.199999999999964,26.551304843725408
26.399999999999963,31.717602943534366
26.599999999999962,37.92764939844484
26.79999999999996,45.39274723998464
26.99999999999996,54.36690141172948
