mags_ab,pos_errs_mas
16.0,0.16395275631365974
16.2,0.17728357803082123
16.4,0.1821129344756826
16.599999999999998,0.1931750067073411
16.799999999999997,0.20202176122424131
16.999999999999996,0.15427459474212
17.199999999999996,0.16341509202500665
17.399999999999995,0.1689415122312879
17.599999999999994,0.1499037913743595
17.799999999999994,0.14303669694260113
17.999999999999993,0.15319826396735822
18.199999999999992,0.1678025774981375
18.39999999999999,0.16504548123815588
18.59999999999999,0.16716755329853034
18.79999999999999,0.17970662515337538
18.99999999999999,0.19286779100507975
19.19999999999999,0.21311526725901986
19.399999999999988,0.23597182690298557
19.599999999999987,0.26189794200976674
19.799999999999986,0.29129499500943756
19.999999999999986,0.32485533978657405
20.199999999999985,0.36334588259180184
20.399999999999984,0.40770242730167033
20.599999999999984,0.4590670414528404
20.799999999999983,0.5193528280072334
20.999999999999982,0.5892660719522693
21.19999999999998,0.6713451950375996
21.39999999999998,0.7680951230118371
21.59999999999998,0.8825500994449268
21.79999999999998,1.0188100755466467
21.99999999999998,1.180471017035149
22.199999999999978,1.3732725980882723
22.399999999999977,1.603640523829938
22.599999999999977,1.8793045283197751
22.799999999999976,2.2095582177532
22.999999999999975,2.605572051148426
23.199999999999974,3.0807695115449767
23.399999999999974,3.651281708284363
23.599999999999973,4.336492355198703
23.799999999999972,5.1596963967612535
23.99999999999997,6.14888938684385
24.19999999999997,7.3377210000500614
24.39999999999997,8.766636620797142
24.59999999999997,10.484253156480806
24.79999999999997,12.549014493449206
24.999999999999968,15.031177224146202
25.199999999999967,18.015202944735215
25.399999999999967,21.602631158835976
25.599999999999966,25.915533098496578
25.799999999999965,31.10067189264652
25.999999999999964,37.33448554431964
26.199999999999964,44.82909623320747
26.399999999999963,53.839538869302956
26.599999999999962,64.67241921859059
26.79999999999996,77.69635982285497
26.99999999999996,93.354534575799
