mags_ab,pos_errs_mas
16.0,0.25165526688721396
16.2,0.2668894107518014
16.4,0.2830820175499379
16.599999999999998,0.2898543831579088
16.799999999999997,0.29512244791277253
16.999999999999996,0.2087152190830224
17.199999999999996,0.22470558949025451
17.399999999999995,0.24229830686918408
17.599999999999994,0.21384873621272424
17.799999999999994,0.21009736665153234
17.999999999999993,0.23034407800004722
18.199999999999992,0.25268533160675505
18.39999999999999,0.277407721873546
18.59999999999999,0.30467124996079364
18.79999999999999,0.33493317334299355
18.99999999999999,0.3684251332075962
19.19999999999999,0.40544076911143334
19.399999999999988,0.4464543021632711
19.599999999999987,0.4924630290126422
19.799999999999986,0.543855972241961
19.999999999999986,0.6015300285321901
20.199999999999985,0.6656378058613494
20.399999999999984,0.7384582402170244
20.599999999999984,0.8188780812170748
20.799999999999983,0.91209639588201
20.999999999999982,1.014597689441259
21.19999999999998,1.1298616112466062
21.39999999999998,1.2636292214265006
21.59999999999998,1.4192527972582576
21.79999999999998,1.5969441766111312
21.99999999999998,1.8012868145968912
22.199999999999978,2.045793864042877
22.399999999999977,2.328035807401138
22.599999999999977,2.6497334310946306
22.799999999999976,3.0245857247751546
22.999999999999975,3.4870197675248176
23.199999999999974,4.037181125258454
23.399999999999974,4.691129911680851
23.599999999999973,5.4248214960538785
23.799999999999972,6.347177590954951
23.99999999999997,7.44858460600263
24.19999999999997,8.771887157671893
24.39999999999997,10.355649738854334
24.59999999999997,12.26016151698793
24.79999999999997,14.50138024802024
24.999999999999968,17.23839820046606
25.199999999999967,20.266689200099623
25.399999999999967,24.15943034024497
25.599999999999966,28.737209732099135
25.799999999999965,34.038507084814206
25.999999999999964,40.34120775976192
26.199999999999964,48.27915275732106
26.399999999999963,57.82173229234829
26.599999999999962,69.29364868472783
26.79999999999996,83.08526559445914
26.99999999999996,99.66587109737985
