mags_ab,pos_errs_mas
16.0,0.17796262048992906
16.2,0.1547219990527941
16.4,0.16019004561616262
16.599999999999998,0.14892996758150184
16.799999999999997,0.1534336331980445
16.999999999999996,0.14354265589928072
17.199999999999996,0.1538645914328795
17.399999999999995,0.1682079672220287
17.599999999999994,0.162212851583646
17.799999999999994,0.1637533866741442
17.999999999999993,0.17330815488222062
18.199999999999992,0.18333280489466866
18.39999999999999,0.201638068607633
18.59999999999999,0.2220976243292282
18.79999999999999,0.24489920003679186
18.99999999999999,0.2704426061208455
19.19999999999999,0.29914602821279285
19.399999999999988,0.3315113900768097
19.599999999999987,0.3681462381352043
19.799999999999986,0.4101105266070332
19.999999999999986,0.4576590525718416
20.199999999999985,0.5121987095780883
20.399999999999984,0.5750614572934587
20.599999999999984,0.647872907538586
20.799999999999983,0.7331162486231558
20.999999999999982,0.8322827251877664
21.19999999999998,0.9486462608929473
21.39999999999998,1.0858385285663494
21.59999999999998,1.2481696463461252
21.79999999999998,1.4408494721195697
21.99999999999998,1.6711524676577638
22.199999999999978,1.9450506672629162
22.399999999999977,2.271902565182765
22.599999999999977,2.663045327811434
22.799999999999976,3.1316684313234564
22.999999999999975,3.694616581837674
23.199999999999974,4.368937692738208
23.399999999999974,5.17852434903112
23.599999999999973,6.150883775267226
23.799999999999972,7.319073554025631
23.99999999999997,8.722821918830661
24.19999999999997,10.409880973779492
24.39999999999997,12.43764639173533
24.59999999999997,14.875110538604119
24.79999999999997,17.80521072634085
24.999999999999968,21.327648404947407
25.199999999999967,25.56228291469597
25.399999999999967,30.653209157158855
25.599999999999966,36.773658613130216
25.799999999999965,44.1319035207087
25.999999999999964,52.97832714186424
26.199999999999964,63.61395320234805
26.399999999999963,76.40070179255235
26.599999999999962,91.77367867234325
26.79999999999996,110.25599711794084
26.99999999999996,132.47656722007738
