mags_ab,pos_errs_mas
16.0,0.20900458239643327
16.2,0.226051177735245
16.4,0.24469245144143995
16.599999999999998,0.18570838177738413
16.799999999999997,0.2016219245014673
16.999999999999996,0.2191959450004935
17.199999999999996,0.18259066061365897
17.399999999999995,0.1988427434668479
17.599999999999994,0.21639380168950512
17.799999999999994,0.1875102816908231
17.999999999999993,0.20439329337451037
18.199999999999992,0.1825649308613244
18.39999999999999,0.19931616936093294
18.59999999999999,0.19082455266827839
18.79999999999999,0.1949341335836486
18.99999999999999,0.19986216180453473
19.19999999999999,0.21923270675655845
19.399999999999988,0.24059051827250266
19.599999999999987,0.26425072504531333
19.799999999999986,0.2904729475196419
19.999999999999986,0.3196231458732095
20.199999999999985,0.352008120636721
20.399999999999984,0.3881413486653723
20.599999999999984,0.4285729327685214
20.799999999999983,0.4738806952986111
20.999999999999982,0.5246462164379928
21.19999999999998,0.5819226475042928
21.39999999999998,0.6468144303909268
21.59999999999998,0.7213336170641133
21.79999999999998,0.805652564606035
21.99999999999998,0.9024780419146258
22.199999999999978,1.0139466101014858
22.399999999999977,1.1433714810494267
22.599999999999977,1.293346623380151
22.799999999999976,1.4694626135045752
22.999999999999975,1.6757965700805597
23.199999999999974,1.9185203839746767
23.399999999999974,2.203476435840888
23.599999999999973,2.5436921857666523
23.799999999999972,2.948585491141592
23.99999999999997,3.431534384478571
24.19999999999997,4.008643951401472
24.39999999999997,4.699287227370752
24.59999999999997,5.526754710376366
24.79999999999997,6.519040713122462
24.999999999999968,7.709784071848026
25.199999999999967,9.139409322594112
25.399999999999967,10.856491998637994
25.599999999999966,12.919409141829686
25.799999999999965,15.382055479222554
25.999999999999964,18.355785961237665
26.199999999999964,21.93004780609094
26.399999999999963,26.226454820859935
26.599999999999962,31.391192964038158
26.79999999999996,37.60000169623502
26.99999999999996,45.06414526297808
