mags_ab,pos_errs_mas
16.0,0.37569563045285465
16.2,0.4007912111878809
16.4,0.2735144865154777
16.599999999999998,0.2954637091931024
16.799999999999997,0.3208258162674646
16.999999999999996,0.3475236113037452
17.199999999999996,0.3753976704981165
17.399999999999995,0.4053209616829806
17.599999999999994,0.2613858736063038
17.799999999999994,0.28363766665610596
17.999999999999993,0.30691192064436035
18.199999999999992,0.24143031874996426
18.39999999999999,0.26236614677489717
18.59999999999999,0.232696398390011
18.79999999999999,0.25379664614501246
18.99999999999999,0.23458579804124322
19.19999999999999,0.25606485981296273
19.399999999999988,0.2795508736892432
19.599999999999987,0.2529932219646388
19.799999999999986,0.2410463950330774
19.999999999999986,0.2636190235222146
20.199999999999985,0.24767177575518443
20.399999999999984,0.26780277939372976
20.599999999999984,0.29404376670661164
20.799999999999983,0.3231903927478584
20.999999999999982,0.35571812700834493
21.19999999999998,0.3918933979069875
21.39999999999998,0.43228299059010017
21.59999999999998,0.47759788781533996
21.79999999999998,0.5284533821982127
21.99999999999998,0.5859069557380817
22.199999999999978,0.6508405135524008
22.399999999999977,0.7246687093064618
22.599999999999977,0.8091796281249475
22.799999999999976,0.9068631588380336
22.999999999999975,1.0184336902698266
23.199999999999974,1.1476669457550301
23.399999999999974,1.2981337663454462
23.599999999999973,1.474120835913166
23.799999999999972,1.6807637344532078
23.99999999999997,1.9245485545292127
24.19999999999997,2.2130382338013046
24.39999999999997,2.5576068268480525
24.59999999999997,2.964809304903828
24.79999999999997,3.4508628336703318
24.999999999999968,4.030667870840371
25.199999999999967,4.725522526430994
25.399999999999967,5.558064141947431
25.599999999999966,6.555317254569096
25.799999999999965,7.751860400946237
25.999999999999964,9.189595515354064
26.199999999999964,10.91420368036516
26.399999999999963,12.988227449851966
26.599999999999962,15.477150593853347
26.79999999999996,18.471525608351318
26.99999999999996,22.066286469905585
