mags_ab,pos_errs_mas
16.0,0.3756610335134513
16.2,0.4007691075892107
16.4,0.2735164520353508
16.599999999999998,0.2954259497378823
16.799999999999997,0.3208246933916334
16.999999999999996,0.34754349391266287
17.199999999999996,0.3753514593647099
17.399999999999995,0.40535112703567844
17.599999999999994,0.2612368785652293
17.799999999999994,0.2838414986364512
17.999999999999993,0.30677053020723827
18.199999999999992,0.2414619568370306
18.39999999999999,0.26297748507576335
18.59999999999999,0.2335319684783568
18.79999999999999,0.2547169279351999
18.99999999999999,0.23578923192424556
19.19999999999999,0.25739092445408873
19.399999999999988,0.28101573839901256
19.599999999999987,0.25494652172323734
19.799999999999986,0.24352443191430137
19.999999999999986,0.249919341805065
20.199999999999985,0.25474859544830014
20.399999999999984,0.2794679952069853
20.599999999999984,0.30685599915003275
20.799999999999983,0.33731514479594504
20.999999999999982,0.37114738858714463
21.19999999999998,0.4087846177202469
21.39999999999998,0.4507999987642087
21.59999999999998,0.49786596152532053
21.79999999999998,0.5507124124567652
21.99999999999998,0.6101536715849754
22.199999999999978,0.6773633047321579
22.399999999999977,0.7537733756462475
22.599999999999977,0.8407539446312029
22.799999999999976,0.9411494518603584
22.999999999999975,1.0558323672130179
23.199999999999974,1.1883041583765823
23.399999999999974,1.3424175774114713
23.599999999999973,1.521800145815377
23.799999999999972,1.732675687345231
23.99999999999997,1.9810283215385212
24.19999999999997,2.273897370729351
24.39999999999997,2.622292356819098
24.59999999999997,3.0353352197052206
24.79999999999997,3.52622493405726
24.999999999999968,4.113684184502857
25.199999999999967,4.8141262572095
25.399999999999967,5.654956360198445
25.599999999999966,6.659898912114792
25.799999999999965,7.868152972314486
25.999999999999964,9.318525473761484
26.199999999999964,11.060281911954576
26.399999999999963,13.152628303675344
26.599999999999962,15.666713381374686
26.79999999999996,18.688053952302166
26.99999999999996,22.31943194857813
