mags_ab,pos_errs_mas
16.0,inf
16.2,0.31089078605663056
16.4,0.32722918514411814
16.599999999999998,0.3483459676453855
16.799999999999997,0.36940937739104424
16.999999999999996,0.393277291203118
17.199999999999996,0.2595409603851233
17.399999999999995,0.2801564130007465
17.599999999999994,0.3009767198207
17.799999999999994,0.3236982087070109
17.999999999999993,0.346170649615875
18.199999999999992,0.25612638504691826
18.39999999999999,0.27759987166289596
18.59999999999999,0.30137872782169717
18.79999999999999,0.25612882958467464
18.99999999999999,0.2806197904040289
19.19999999999999,0.3076662132224208
19.399999999999988,0.3375304397009273
19.599999999999987,0.3704837474139069
19.799999999999986,0.40698685696344705
19.999999999999986,0.44734398422600974
20.199999999999985,0.4921703066383099
20.399999999999984,0.5416757855925591
20.599999999999984,0.5969976587803549
20.799999999999983,0.6579330573132041
20.999999999999982,0.7266817841239506
21.19999999999998,0.8036978580473108
21.39999999999998,0.8890090875514579
21.59999999999998,0.986168141748709
21.79999999999998,1.0961458529507169
21.99999999999998,1.218647029090004
22.199999999999978,1.3607570882912996
22.399999999999977,1.518013473984993
22.599999999999977,1.7040888108981218
22.799999999999976,1.911428544059133
22.999999999999975,2.1551442734221933
23.199999999999974,2.4388900526070567
23.399999999999974,2.7745202793892902
23.599999999999973,3.162476911227962
23.799999999999972,3.626903260224541
23.99999999999997,4.166074927484716
24.19999999999997,4.816940254913953
24.39999999999997,5.592228962418957
24.59999999999997,6.496257643190599
24.79999999999997,7.543808111797846
24.999999999999968,8.846304387707919
25.199999999999967,10.406980717239977
25.399999999999967,12.278645984483177
25.599999999999966,14.524761739094156
25.799999999999965,17.221589661998532
25.999999999999964,20.4607669795118
26.199999999999964,24.35242118127676
26.399999999999963,28.8958015250412
26.599999999999962,34.48418365173637
26.79999999999996,41.20114649416106
26.99999999999996,49.27522023653626
