mags_ab,pos_errs_mas
16.0,0.1868651720482384
16.2,0.20067793618931445
16.4,0.2149899138834774
16.599999999999998,0.23057144753232586
16.799999999999997,0.24740257733312085
16.999999999999996,0.2654996162751738
17.199999999999996,0.2787144775813359
17.399999999999995,0.18135425882665185
17.599999999999994,0.196979152236814
17.799999999999994,0.21344227567284246
17.999999999999993,0.18728926510695762
18.199999999999992,0.1839085285894435
18.39999999999999,0.20013562174471017
18.59999999999999,0.21943145331094627
18.79999999999999,0.2406806998234695
18.99999999999999,0.264113894678981
19.19999999999999,0.2899919792777761
19.399999999999988,0.3186205981102833
19.599999999999987,0.35030537849344895
19.799999999999986,0.38545671964746836
19.999999999999986,0.4245125758879135
20.199999999999985,0.4677953932210682
20.399999999999984,0.5161429512096776
20.599999999999984,0.5701998048676287
20.799999999999983,0.6311327756202632
20.999999999999982,0.6990211165862259
21.19999999999998,0.7754829001892437
21.39999999999998,0.861993482839093
21.59999999999998,0.9602174775751324
21.79999999999998,1.0732101246780343
21.99999999999998,1.2030541549549865
22.199999999999978,1.3449032329478443
22.399999999999977,1.5150045591799381
22.599999999999977,1.7130907332805083
22.799999999999976,1.9448087712718338
22.999999999999975,2.2143962224619975
23.199999999999974,2.5312135830888782
23.399999999999974,2.9042109941709215
23.599999999999973,3.3458380832923362
23.799999999999972,3.876578475627771
23.99999999999997,4.509474942599306
24.19999999999997,5.225304775860394
24.39999999999997,6.0765224629359365
24.59999999999997,7.136129638091893
24.79999999999997,8.406302261649804
24.999999999999968,9.930062827088966
25.199999999999967,11.759111400074975
25.399999999999967,13.955574054958932
25.599999999999966,16.59410664681305
25.799999999999965,19.764433556723244
25.999999999999964,23.57438967575658
26.199999999999964,28.153585128971567
26.399999999999963,33.535031204300985
26.599999999999962,40.123856974771
26.79999999999996,48.04450660799831
26.99999999999996,57.56648890384166
