mags_ab,pos_errs_mas
16.0,0.1993134461283006
16.2,0.21442395114565507
16.4,0.18286250933249487
16.599999999999998,0.1799830401182515
16.799999999999997,0.19723599897461264
16.999999999999996,0.21625564443701972
17.199999999999996,0.23723279424301083
17.399999999999995,0.26038969128437833
17.599999999999994,0.2859614715528238
17.799999999999994,0.3139367235994561
17.999999999999993,0.3450727961952546
18.199999999999992,0.3795605853014766
18.39999999999999,0.41782323138665645
18.59999999999999,0.4603567990151403
18.79999999999999,0.5077101031602599
18.99999999999999,0.5606281518349422
19.19999999999999,0.6183249996457674
19.399999999999988,0.6834742265597343
19.599999999999987,0.7545947651450452
19.799999999999986,0.8357120276859296
19.999999999999986,0.9285631334212028
20.199999999999985,1.0339784430466898
20.399999999999984,1.1543769737144833
20.599999999999984,1.2893474538933993
20.799999999999983,1.4468284304384686
20.999999999999982,1.5989151378418782
21.19999999999998,1.7924352552612004
21.39999999999998,2.024791787111351
21.59999999999998,2.2960451209308577
21.79999999999998,2.614131247549333
21.99999999999998,2.9881205797927315
22.199999999999978,3.430578838132567
22.399999999999977,3.867092011784414
22.599999999999977,4.442365579710465
22.799999999999976,5.097191662329784
22.999999999999975,5.92500386387667
23.199999999999974,6.913904550570263
23.399999999999974,8.096861084231529
23.599999999999973,9.513718161526564
23.799999999999972,11.134121815895702
23.99999999999997,13.152147402533613
24.19999999999997,15.378427160138166
24.39999999999997,18.15940477183087
24.59999999999997,21.576582875189686
24.79999999999997,25.682132089759858
24.999999999999968,30.615682975440446
25.199999999999967,36.545063155660955
25.399999999999967,43.67200189783933
25.599999999999966,51.9794023509745
25.799999999999965,62.21749107847537
25.999999999999964,74.52525911571648
26.199999999999964,89.32150268571522
26.399999999999963,107.10971532141608
26.599999999999962,128.49518486283077
26.79999999999996,154.20562429284453
26.99999999999996,185.11588592420037
