mags_ab,pos_errs_mas
16.0,inf
16.2,inf
16.4,0.25928440821839654
16.599999999999998,0.2840274159397259
16.799999999999997,0.3047695447738764
16.999999999999996,0.2122391235205493
17.199999999999996,0.22494877420900727
17.399999999999995,0.24278872620478564
17.599999999999994,0.2640820509691276
17.799999999999994,0.28076190756261094
17.999999999999993,0.301275198591192
18.199999999999992,0.3247565839526524
18.39999999999999,0.18637723185920915
18.59999999999999,0.2025809509405349
18.79999999999999,0.21630912202179967
18.99999999999999,0.1695802880900664
19.19999999999999,0.18346938317203054
19.399999999999988,0.19880694661061724
19.599999999999987,0.21607874862182966
19.799999999999986,0.17757814804679045
19.999999999999986,0.19388496592708573
20.199999999999985,0.17741404292169524
20.399999999999984,0.19399299440717344
20.599999999999984,0.2122205650654403
20.799999999999983,0.19621702239744845
20.999999999999982,0.19835991437197764
21.19999999999998,0.2004291448014318
21.39999999999998,0.21112188832074538
21.59999999999998,0.232954040978685
21.79999999999998,0.25751313378844576
21.99999999999998,0.28528467167376115
22.199999999999978,0.31688461386106004
22.399999999999977,0.3526300598768092
22.599999999999977,0.3934762165961259
22.799999999999976,0.4403603073858609
22.999999999999975,0.4944450258120278
23.199999999999974,0.5572204340564395
23.399999999999974,0.6304861133608762
23.599999999999973,0.7159487107626428
23.799999999999972,0.816549613155104
23.99999999999997,0.9356836168058753
24.19999999999997,1.0759786333231902
24.39999999999997,1.2430405600424672
24.59999999999997,1.4431525644193677
24.79999999999997,1.6800893616010122
24.999999999999968,1.9632785697162527
25.199999999999967,2.302232176046907
25.399999999999967,2.7083855700175907
25.599999999999966,3.1954831283073912
25.799999999999965,3.7800409150148253
25.999999999999964,4.481906188459069
26.199999999999964,5.324928895929536
26.399999999999963,6.33777148483674
26.599999999999962,7.559053013734062
26.79999999999996,9.022320368393514
26.99999999999996,10.781117491552259
