mags_ab,pos_errs_mas
16.0,0.2062245596086141
16.2,0.224049125315411
16.4,0.17209109161262076
16.599999999999998,0.18446535516191478
16.799999999999997,0.1996622257297223
16.999999999999996,0.2159284986906753
17.199999999999996,0.1690496282638738
17.399999999999995,0.1833837442638982
17.599999999999994,0.16109896461405102
17.799999999999994,0.1755892118571112
17.999999999999993,0.1914288102173162
18.199999999999992,0.17097430996320515
18.39999999999999,0.18655285566580562
18.59999999999999,0.2036206150369026
18.79999999999999,0.17994407009033025
18.99999999999999,0.19655079165014827
19.19999999999999,0.1873005560742847
19.399999999999988,0.18233426518489876
19.599999999999987,0.19825151410761732
19.799999999999986,0.21737807967963196
19.999999999999986,0.2384131197182827
20.199999999999985,0.2616026900203323
20.399999999999984,0.2872385810064419
20.599999999999984,0.31553998389054555
20.799999999999983,0.34688944717269815
20.999999999999982,0.3816128081114009
21.19999999999998,0.4201711533942088
21.39999999999998,0.4633642366297738
21.59999999999998,0.5111470479571053
21.79999999999998,0.5645619811706527
21.99999999999998,0.6250255519829374
22.199999999999978,0.6923840399349986
22.399999999999977,0.768351638278789
22.599999999999977,0.8542759176172715
22.799999999999976,0.9522224262027756
22.999999999999975,1.0640031997215895
23.199999999999974,1.1925874468733157
23.399999999999974,1.3410608412425555
23.599999999999973,1.5122133368326782
23.799999999999972,1.7113714707542607
23.99999999999997,1.944394026417739
24.19999999999997,2.21822223967584
24.39999999999997,2.5412759314761506
24.59999999999997,2.923748217679901
24.79999999999997,3.3779572498957577
24.999999999999968,3.9187635277593493
25.199999999999967,4.564072146703285
25.399999999999967,5.335433982002799
25.599999999999966,6.258768457911043
25.799999999999965,7.357807529387616
25.999999999999964,8.681122767252367
26.199999999999964,10.2691847178826
26.399999999999963,12.175912979531669
26.599999999999962,14.465942552080827
26.79999999999996,17.217414865402368
26.99999999999996,20.52355049101671
