mags_ab,pos_errs_mas
16.0,0.20662775541555325
16.2,0.22339676607269002
16.4,0.16992730577965331
16.599999999999998,0.18370965323722058
16.799999999999997,0.19864286517487675
16.999999999999996,0.16548270515752087
17.199999999999996,0.18002524635514244
17.399999999999995,0.16024756492177564
17.599999999999994,0.17479370211314732
17.799999999999994,0.19056595573617918
17.999999999999993,0.17476482644873154
18.199999999999992,0.168876082349852
18.39999999999999,0.18449338146642263
18.59999999999999,0.1749775934102214
18.79999999999999,0.18332890804790525
18.99999999999999,0.1892596554363594
19.19999999999999,0.20743937274633345
19.399999999999988,0.22765350880206242
19.599999999999987,0.24983644710047428
19.799999999999986,0.2743770105586253
19.999999999999986,0.30156249506358956
20.199999999999985,0.3316822341579955
20.399999999999984,0.36509606190989813
20.599999999999984,0.402270352821276
20.799999999999983,0.44378966806483744
20.999999999999982,0.4903133008910766
21.19999999999998,0.5421877383179752
21.39999999999998,0.6005318947468106
21.59999999999998,0.6669690848616803
21.79999999999998,0.7415656905138186
21.99999999999998,0.8263529408435936
22.199999999999978,0.9232060847530817
22.399999999999977,1.0342849969481578
22.599999999999977,1.1623836634464817
22.799999999999976,1.3111572715227535
22.999999999999975,1.4855879832033003
23.199999999999974,1.6859884869164643
23.399999999999974,1.92186695342843
23.599999999999973,2.200789028393156
23.799999999999972,2.530902139751999
23.99999999999997,2.9228178931751394
24.19999999999997,3.389340860601697
24.39999999999997,3.945900450867073
24.59999999999997,4.611069017171555
24.79999999999997,5.407186872355974
24.999999999999968,6.361110640042449
25.199999999999967,7.505119261090727
25.399999999999967,8.869013179178046
25.599999999999966,10.513234012968633
25.799999999999965,12.488050984478546
25.999999999999964,14.86060230706651
26.199999999999964,17.7115750025659
26.399999999999963,21.13795419556478
26.599999999999962,25.25630682174042
26.79999999999996,30.206758269831884
26.99999999999996,36.15774670229876
