mags_ab,pos_errs_mas
16.0,inf
16.2,inf
16.4,inf
16.599999999999998,inf
16.799999999999997,0.23430854891415692
16.999999999999996,0.24880658376511278
17.199999999999996,0.26168767082113614
17.399999999999995,0.18592766362188023
17.599999999999994,0.2018548740831709
17.799999999999994,0.21771909911039447
17.999999999999993,0.23346518359946533
18.199999999999992,0.25227226776782874
18.39999999999999,0.2689237676319922
18.59999999999999,0.19746800006944032
18.79999999999999,0.21440586741422654
18.99999999999999,0.20272795072644195
19.19999999999999,0.20898997784897042
19.399999999999988,0.2292204252557206
19.599999999999987,0.2516071149934108
19.799999999999986,0.2764073351646633
19.999999999999986,0.3038031009435352
20.199999999999985,0.33415446481080374
20.399999999999984,0.3678905498028168
20.599999999999984,0.4054812209933309
20.799999999999983,0.44744552190477044
20.999999999999982,0.4944269150791693
21.19999999999998,0.5470560206991026
21.39999999999998,0.6058259348530459
21.59999999999998,0.672572310566512
21.79999999999998,0.7484518987235048
21.99999999999998,0.8346131724925425
22.199999999999978,0.9333223893467891
22.399999999999977,1.045970018703782
22.599999999999977,1.174442056285383
22.799999999999976,1.3242691276308818
22.999999999999975,1.5003221569519056
23.199999999999974,1.7048899684761931
23.399999999999974,1.9465186738712792
23.599999999999973,2.2269107654163145
23.799999999999972,2.5448640795183937
23.99999999999997,2.9391882147534045
24.19999999999997,3.4086024309640615
24.39999999999997,3.9686347951492182
24.59999999999997,4.637976823542671
24.79999999999997,5.4391113218049405
24.999999999999968,6.399066443116
25.199999999999967,7.550326723890316
25.399999999999967,8.931928287234056
25.599999999999966,10.549704239412769
25.799999999999965,12.531449074214244
25.999999999999964,14.912325578265465
26.199999999999964,17.773305483762435
26.399999999999963,21.2117115087102
26.599999999999962,25.344522014597032
26.79999999999996,30.312353570824524
26.99999999999996,36.28423689748604
