mags_ab,pos_errs_mas
16.0,0.20793446825615433
16.2,0.22376860428370268
16.4,0.2414674535612721
16.599999999999998,0.25921800860389355
16.799999999999997,0.16938743973612808
16.999999999999996,0.18282531744773647
17.199999999999996,0.1974132891170553
17.399999999999995,0.21329486561563685
17.599999999999994,0.2303921504840047
17.799999999999994,0.16969237583197566
17.999999999999993,0.18485064285960118
18.199999999999992,0.16164368940575186
18.39999999999999,0.17633154470612405
18.59999999999999,0.19243761837287524
18.79999999999999,0.17037672729609893
18.99999999999999,0.18601845802594527
19.19999999999999,0.17612796722446428
19.399999999999988,0.17526294200672762
19.599999999999987,0.17918582303189162
19.799999999999986,0.18410847199580835
19.999999999999986,0.20174213390401513
20.199999999999985,0.22129189760261228
20.399999999999984,0.24282893681722859
20.599999999999984,0.2666115418764517
20.799999999999983,0.29294695692147554
20.999999999999982,0.32208654699094236
21.19999999999998,0.354441492902116
21.39999999999998,0.39038367341626007
21.59999999999998,0.43042740183808964
21.79999999999998,0.47542071486352955
21.99999999999998,0.5254760023674367
22.199999999999978,0.5817039180244261
22.399999999999977,0.6456090377571507
22.599999999999977,0.7173642626500174
22.799999999999976,0.7989219896693185
22.999999999999975,0.891956718652864
23.199999999999974,0.9984794722760025
23.399999999999974,1.1214509804735353
23.599999999999973,1.2636476520411213
23.799999999999972,1.4293316258464244
23.99999999999997,1.6240053477967957
24.19999999999997,1.8489891539264929
24.39999999999997,2.1157026098463154
24.59999999999997,2.4311719973064783
24.79999999999997,2.8055037466450123
24.999999999999968,3.250895458842624
25.199999999999967,3.782048886416685
25.399999999999967,4.416663914549897
25.599999999999966,5.176032173604783
25.799999999999965,6.085753836860543
25.999999999999964,7.176597437935894
26.199999999999964,8.48553731866873
26.399999999999963,10.049951065998199
26.599999999999962,11.934212519831226
26.79999999999996,14.197886299176538
26.99999999999996,16.917953005186256
