mags_ab,pos_errs_mas
16.0,0.2070991118056602
16.2,0.2212528443263876
16.4,0.23643960768112712
16.599999999999998,0.253266947949591
16.799999999999997,0.2713772370133311
16.999999999999996,0.29078929831798794
17.199999999999996,0.18703829173718553
17.399999999999995,0.20258928351718775
17.599999999999994,0.2196258197486245
17.799999999999994,0.18003263496527294
17.999999999999993,0.19614125895858617
18.199999999999992,0.1843947177536275
18.39999999999999,0.1883790519922061
18.59999999999999,0.20633691089951617
18.79999999999999,0.22622289537216145
18.99999999999999,0.24802978463575678
19.19999999999999,0.272071016476668
19.399999999999988,0.29858461807945763
19.599999999999987,0.3278511008872333
19.799999999999986,0.3601875849032083
19.999999999999986,0.3959624143243435
20.199999999999985,0.43557650482447346
20.399999999999984,0.47944011395076674
20.599999999999984,0.528160591724487
20.799999999999983,0.5824115744785444
20.999999999999982,0.643181737420258
21.19999999999998,0.7102441756809694
21.39999999999998,0.7859877617246757
21.59999999999998,0.8707327302202056
21.79999999999998,0.9669376427506284
21.99999999999998,1.0759692353012595
22.199999999999978,1.194718639784358
22.399999999999977,1.3337973785988722
22.599999999999977,1.4927970452213812
22.799999999999976,1.6753659990238037
22.999999999999975,1.8863707496101259
23.199999999999974,2.1337925528471473
23.399999999999974,2.4231138087242514
23.599999999999973,2.746998150245067
23.799999999999972,3.1359229200376344
23.99999999999997,3.6017563655657736
24.19999999999997,4.154412132555698
24.39999999999997,4.790590452716113
24.59999999999997,5.566438485573503
24.79999999999997,6.493233508684346
24.999999999999968,7.596727611645838
25.199999999999967,8.923738153248262
25.399999999999967,10.509743043863349
25.599999999999966,12.38366326256259
25.799999999999965,14.519381043764826
25.999999999999964,17.173739190954905
26.199999999999964,20.410418835836115
26.399999999999963,24.2992238785064
26.599999999999962,28.861521873603877
26.79999999999996,34.050106733846235
26.99999999999996,40.679719911567624
