mags_ab,pos_errs_mas
16.0,0.20683912992039635
16.2,0.22340870974936317
16.4,0.1704106903716669
16.599999999999998,0.18363506880814984
16.799999999999997,0.19872504222211607
16.999999999999996,0.2154079020435113
17.199999999999996,0.23236269426144956
17.399999999999995,0.169178268892522
17.599999999999994,0.18433218293635983
17.799999999999994,0.20060564710073395
17.999999999999993,0.16762813958771
18.199999999999992,0.18288252662593873
18.39999999999999,0.17008098676938385
18.59999999999999,0.1671568977106119
18.79999999999999,0.18265628746223364
18.99999999999999,0.18507387110594362
19.19999999999999,0.18250322009317088
19.399999999999988,0.19044871616672468
19.599999999999987,0.20887525330051943
19.799999999999986,0.22936562642919062
19.999999999999986,0.25194441471288165
20.199999999999985,0.2769874513107375
20.399999999999984,0.30481143206385736
20.599999999999984,0.33574289416416464
20.799999999999983,0.37024738117088163
20.999999999999982,0.4088074539132414
21.19999999999998,0.45204767434556803
21.39999999999998,0.5008544771814708
21.59999999999998,0.5557187377378494
21.79999999999998,0.6179113721428573
21.99999999999998,0.6891548211535522
22.199999999999978,0.7701171371158386
22.399999999999977,0.863142471455576
22.599999999999977,0.9705162386913059
22.799999999999976,1.095181779276719
22.999999999999975,1.2404784045522608
23.199999999999974,1.4102922510856486
23.399999999999974,1.6092513420361985
23.599999999999973,1.8448962852395188
23.799999999999972,2.1237851116341355
23.99999999999997,2.4551163670091753
24.19999999999997,2.848150009720416
24.39999999999997,3.3125061013730384
24.59999999999997,3.872985752335154
24.79999999999997,4.543933419726952
24.999999999999968,5.347995433937716
25.199999999999967,6.312389616753422
25.399999999999967,7.469823309988238
25.599999999999966,8.859598515497947
25.799999999999965,10.528946299252823
25.999999999999964,12.534625904077469
26.199999999999964,14.944852236372423
26.399999999999963,17.826599067167617
26.599999999999962,21.30385095367505
26.79999999999996,25.483716670486515
26.99999999999996,30.508416439206016
