mags_ab,pos_errs_mas
16.0,0.2092862497854365
16.2,0.22619839662071195
16.4,0.24525859326737318
16.599999999999998,0.18555067009034934
16.799999999999997,0.20076535635603845
16.999999999999996,0.21784365523324586
17.199999999999996,0.23607092736938604
17.399999999999995,0.1779359908266728
17.599999999999994,0.19372871046423215
17.799999999999994,0.21087814746775108
17.999999999999993,0.22947136659339876
18.199999999999992,0.18842170711939757
18.39999999999999,0.20558007530781192
18.59999999999999,0.18838158045579073
18.79999999999999,0.1835307814247209
18.99999999999999,0.18476690363752374
19.19999999999999,0.18978069565571512
19.399999999999988,0.19229991747213396
19.599999999999987,0.20664331236211722
19.799999999999986,0.226941189579323
19.999999999999986,0.2494162796257529
20.199999999999985,0.27441121856649464
20.399999999999984,0.3022441273881709
20.599999999999984,0.33334456457628686
20.799999999999983,0.3681229883327955
20.999999999999982,0.4071951416109677
21.19999999999998,0.4512519065820577
21.39999999999998,0.5010679946492891
21.59999999999998,0.5574967156188132
21.79999999999998,0.6218470797772814
21.99999999999998,0.6961250953310125
22.199999999999978,0.780999695670897
22.399999999999977,0.8791829976660104
22.599999999999977,0.9933154147116321
22.799999999999976,1.1266136541602498
22.999999999999975,1.2829901839466056
23.199999999999974,1.4671874549957102
23.399999999999974,1.6849734641933358
23.599999999999973,1.9433017152072187
23.799999999999972,2.251152953759812
23.99999999999997,2.617080821171099
24.19999999999997,3.0542386868851827
24.39999999999997,3.5771879625412852
24.59999999999997,4.203267288161617
24.79999999999997,4.9539642151501635
24.999999999999968,5.854846552990301
25.199999999999967,6.935779179226373
25.399999999999967,8.23408126201621
25.599999999999966,9.794210552572778
25.799999999999965,11.66373280571799
25.999999999999964,13.915533604309394
26.199999999999964,16.614519067915428
26.399999999999963,19.85702939440927
26.599999999999962,23.763861839248268
26.79999999999996,28.430619642951783
26.99999999999996,34.03122510422886
