mags_ab,pos_errs_mas
16.0,0.37444028853175576
16.2,0.4010560596041583
16.4,0.27404703368153854
16.599999999999998,0.2970903327645201
16.799999999999997,0.3205781720687674
16.999999999999996,0.34748132146164934
17.199999999999996,0.263385710148908
17.399999999999995,0.28557145242018533
17.599999999999994,0.3092236373099699
17.799999999999994,0.3353811203706951
17.999999999999993,0.24135609179291487
18.199999999999992,0.2628651033003563
18.39999999999999,0.28596862009201823
18.59999999999999,0.23596259439567
18.79999999999999,0.25730831844123947
18.99999999999999,0.23628578295064165
19.19999999999999,0.25794879073161864
19.399999999999988,0.2508268487245684
19.599999999999987,0.25160761410160765
19.799999999999986,0.24398221221267236
19.999999999999986,0.25208933237894177
20.199999999999985,0.2762249333866227
20.399999999999984,0.3028926241172378
20.599999999999984,0.33243815740469707
20.799999999999983,0.3650709011381859
20.999999999999982,0.401207334857286
21.19999999999998,0.4413208244829997
21.39999999999998,0.4858674056824135
21.59999999999998,0.5355062965309277
21.79999999999998,0.5908615698984778
21.99999999999998,0.6527469561818834
22.199999999999978,0.722343672734954
22.399999999999977,0.8003909368825233
22.599999999999977,0.889521369684536
22.799999999999976,0.9898898048225027
22.999999999999975,1.1037547451529401
23.199999999999974,1.2345986184396287
23.399999999999974,1.3851933798016576
23.599999999999973,1.5586571696684635
23.799999999999972,1.7607847021665917
23.99999999999997,1.996556740308236
24.19999999999997,2.2723776723450113
24.39999999999997,2.5953311885436663
24.59999999999997,2.9782299725562913
24.79999999999997,3.432131541775956
24.999999999999968,3.971753136569851
25.199999999999967,4.614840697191111
25.399999999999967,5.382765319564436
25.599999999999966,6.301241862027498
25.799999999999965,7.401193263058678
25.999999999999964,8.719787106038389
26.199999999999964,10.30169104855615
26.399999999999963,12.1843813903575
26.599999999999962,14.458626846046815
26.79999999999996,17.190559275898643
26.99999999999996,20.47307200745596
