mags_ab,pos_errs_mas
16.0,0.23811014679952205
16.2,0.2572707164015431
16.4,0.2773968647392421
16.599999999999998,0.296835438959883
16.799999999999997,0.317874742094349
16.999999999999996,0.3405068362943104
17.199999999999996,0.21310730744050696
17.399999999999995,0.2310488912962739
17.599999999999994,0.25013676065967916
17.799999999999994,0.2710457836631921
17.999999999999993,0.21782023573500434
18.199999999999992,0.2372191973820571
18.39999999999999,0.21926831685687873
18.59999999999999,0.22181685287800404
18.79999999999999,0.2429319332131566
18.99999999999999,0.26623600375144335
19.19999999999999,0.29189905699666435
19.399999999999988,0.32020712835199805
19.599999999999987,0.35145784246366807
19.799999999999986,0.38594775520979546
19.999999999999986,0.4240895690861959
20.199999999999985,0.4662978021627735
20.399999999999984,0.5130755383655857
20.599999999999984,0.5648617296705013
20.799999999999983,0.6225878263432635
20.999999999999982,0.6867557337670078
21.19999999999998,0.7588969086428817
21.39999999999998,0.8393570327692826
21.59999999999998,0.9280112050876964
21.79999999999998,1.029441826974593
21.99999999999998,1.143172421343634
22.199999999999978,1.2725225850111903
22.399999999999977,1.4189863392945758
22.599999999999977,1.585432873919237
22.799999999999976,1.7789694939915317
22.999999999999975,1.9976556427987486
23.199999999999974,2.2521305916638066
23.399999999999974,2.552191940762517
23.599999999999973,2.898441650131648
23.799999999999972,3.3033034143991404
23.99999999999997,3.788159177440054
24.19999999999997,4.362739323999551
24.39999999999997,5.045540423130923
24.59999999999997,5.831028150033631
24.79999999999997,6.777303820529826
24.999999999999968,7.923224476967454
25.199999999999967,9.247306844250659
25.399999999999967,10.878995009339507
25.599999999999966,12.712694383090165
25.799999999999965,15.030178238092729
25.999999999999964,17.667204753020695
26.199999999999964,20.97190556597671
26.399999999999963,24.844296882336685
26.599999999999962,29.59107675111424
26.79999999999996,35.29554849687252
26.99999999999996,42.15177101509227
