mags_ab,pos_errs_mas
16.0,0.22261334039192504
16.2,0.2365180816614105
16.4,0.16291160748488628
16.599999999999998,0.17694448449648023
16.799999999999997,0.19207276616947244
16.999999999999996,0.17608597854959687
17.199999999999996,0.17678791402872565
17.399999999999995,0.19366101358796978
17.599999999999994,0.2122456006622408
17.799999999999994,0.23272171301172787
17.999999999999993,0.25528993366043495
18.199999999999992,0.2801792244096074
18.39999999999999,0.307737152180722
18.59999999999999,0.3380188725504345
18.79999999999999,0.3714907390317322
18.99999999999999,0.40853693216382886
19.19999999999999,0.44960307324404336
19.399999999999988,0.4952090838770136
19.599999999999987,0.545943667012183
19.799999999999986,0.6024731206419501
19.999999999999986,0.6653926183334715
20.199999999999985,0.7358837782784836
20.399999999999984,0.8132510101051638
20.599999999999984,0.9020740370919627
20.799999999999983,1.002633276701192
20.999999999999982,1.1169661736814371
21.19999999999998,1.2469026862491401
21.39999999999998,1.3960795103914032
21.59999999999998,1.5681893778517497
21.79999999999998,1.7530273649799688
21.99999999999998,1.970047051566864
22.199999999999978,2.231950958184618
22.399999999999977,2.5388077856650675
22.599999999999977,2.8998136189223587
22.799999999999976,3.32615654344779
22.999999999999975,3.8313738591971567
23.199999999999974,4.412706340804953
23.399999999999974,5.076603644447924
23.599999999999973,5.892131374810238
23.799999999999972,6.88445507350779
23.99999999999997,8.072069654249997
24.19999999999997,9.495033702283278
24.39999999999997,11.201492792443942
24.59999999999997,13.249301844064508
24.79999999999997,15.641957657757338
24.999999999999968,18.57885971542264
25.199999999999967,22.1072292994652
25.399999999999967,26.34706319297831
25.599999999999966,31.44258515697384
25.799999999999965,37.56715371051861
25.999999999999964,44.92914968496015
26.199999999999964,53.7790677537886
26.399999999999963,64.41804873467922
26.599999999999962,77.2081043006384
26.79999999999996,92.58445516800968
26.99999999999996,111.07031141241544
