mags_ab,pos_errs_mas
16.0,0.20651121333489406
16.2,0.1786404489524418
16.4,0.18253476449354908
16.599999999999998,0.20014339294884265
16.799999999999997,0.21957969266705185
16.999999999999996,0.24105920914205722
17.199999999999996,0.26482302478524883
17.399999999999995,0.2911470083315349
17.599999999999994,0.3203527122589178
17.799999999999994,0.3528208614343207
17.999999999999993,0.3889076582831749
18.199999999999992,0.42903408234973467
18.39999999999999,0.4738319383136576
18.59999999999999,0.5242336701257857
18.79999999999999,0.580983512131248
18.99999999999999,0.645075361509253
19.19999999999999,0.7177698827664373
19.399999999999988,0.7993914738304952
19.599999999999987,0.8929086738640896
19.799999999999986,1.0008651810494915
19.999999999999986,1.1255665836419853
20.199999999999985,1.2703242949832338
20.399999999999984,1.4391812344768895
20.599999999999984,1.6350071385210605
20.799999999999983,1.8668745515444325
20.999999999999982,2.130349916913554
21.19999999999998,2.4474545429215144
21.39999999999998,2.8281309069926888
21.59999999999998,3.281428985860779
21.79999999999998,3.8223617832273007
21.99999999999998,4.469000474303955
22.199999999999978,5.19594509449602
22.399999999999977,6.092375599228486
22.599999999999977,7.185911422605334
22.799999999999976,8.498140316740333
22.999999999999975,10.073609951392624
23.199999999999974,11.922290227859007
23.399999999999974,14.185276923133758
23.599999999999973,16.90455083879788
23.799999999999972,20.172612701423056
23.99999999999997,24.100642950165042
24.19999999999997,28.822291959815274
24.39999999999997,34.498216761155135
24.59999999999997,41.321548443179296
24.79999999999997,49.52446924391611
24.999999999999968,59.38610426856671
25.199999999999967,71.24202461146866
25.399999999999967,85.49566406370481
25.599999999999966,102.63204098436076
25.799999999999965,123.23428904437165
25.999999999999964,148.0034545827158
26.199999999999964,177.78237642277134
26.399999999999963,213.5844046414347
26.599999999999962,256.6278047028625
26.79999999999996,308.37726412929237
26.99999999999996,370.59369417818874
