mags_ab,pos_errs_mas
16.0,0.15142512767760155
16.2,0.1597855162739078
16.4,0.14012163525700644
16.599999999999998,0.1526954705120755
16.799999999999997,0.1665183680573919
16.999999999999996,0.15432699713057574
17.199999999999996,0.1685051447712231
17.399999999999995,0.16652661011898212
17.599999999999994,0.16931115595276308
17.799999999999994,0.1812244985855782
17.999999999999993,0.19855814396686586
18.199999999999992,0.21765537623017445
18.39999999999999,0.23870244060428533
18.59999999999999,0.26191020258070585
18.79999999999999,0.2877226450290625
18.99999999999999,0.31613336084122934
19.19999999999999,0.3473616728904694
19.399999999999988,0.38191172475381
19.599999999999987,0.4201931204323356
19.799999999999986,0.46268294765318274
19.999999999999986,0.5099403202045635
20.199999999999985,0.5630661205786004
20.399999999999984,0.6222493138556978
20.599999999999984,0.6881808377731194
20.799999999999983,0.7620878735757906
20.999999999999982,0.8449122359278279
21.19999999999998,0.938732368483122
21.39999999999998,1.0455671306747374
21.59999999999998,1.167558682158539
21.79999999999998,1.3081185319551272
21.99999999999998,1.4691528192955858
22.199999999999978,1.6556606546357455
22.399999999999977,1.868910128891257
22.599999999999977,2.1188507291982384
22.799999999999976,2.4131223067493326
22.999999999999975,2.759840868570743
23.199999999999974,3.1694883504777764
23.399999999999974,3.6552533584726508
23.599999999999973,4.228118033712665
23.799999999999972,4.902546035961677
23.99999999999997,5.718778676825769
24.19999999999997,6.695126302747149
24.39999999999997,7.864405227919889
24.59999999999997,9.266128097484271
24.79999999999997,10.94778234518952
24.999999999999968,12.953277709212308
25.199999999999967,15.325522144160903
25.399999999999967,18.221167848651778
25.599999999999966,21.700385492936235
25.799999999999965,25.881517245237465
25.999999999999964,30.90680114520077
26.199999999999964,36.94721042695171
26.399999999999963,44.15681920021774
26.599999999999962,52.87269019912311
26.79999999999996,63.35066772062463
26.99999999999996,75.94728107086736
