mags_ab,pos_errs_mas
16.0,inf
16.2,0.30892227715435694
16.4,0.3271977602205958
16.599999999999998,0.34682993580391436
16.799999999999997,0.36767316073563955
16.999999999999996,0.3896072372705491
17.199999999999996,0.39753551301189743
17.399999999999995,0.2688696363768227
17.599999999999994,0.28891769369196063
17.799999999999994,0.31114339915686734
17.999999999999993,0.2699502102102777
18.199999999999992,0.26205291377062356
18.39999999999999,0.287165245508594
18.59999999999999,0.31489957488312953
18.79999999999999,0.3453965361290881
18.99999999999999,0.37921469635015026
19.19999999999999,0.4166280089626871
19.399999999999988,0.4579474055882555
19.599999999999987,0.5037004550342539
19.799999999999986,0.5544681750115839
19.999999999999986,0.6104234322794894
20.199999999999985,0.6730592762464628
20.399999999999984,0.743360024803196
20.599999999999984,0.8211871901654992
20.799999999999983,0.9074559760838903
20.999999999999982,1.00622349930022
21.19999999999998,1.1140801274444982
21.39999999999998,1.2394926929162005
21.59999999999998,1.3789742340150073
21.79999999999998,1.5391678269175846
21.99999999999998,1.716979111359227
22.199999999999978,1.921102316550614
22.399999999999977,2.158703476118855
22.599999999999977,2.4319021096237896
22.799999999999976,2.748789560683493
22.999999999999975,3.1276196000543366
23.199999999999974,3.564118798438472
23.399999999999974,4.0608615087206825
23.599999999999973,4.673538725041069
23.799999999999972,5.38245839840806
23.99999999999997,6.1756747247473385
24.19999999999997,7.153208642142534
24.39999999999997,8.34828456740281
24.59999999999997,9.733957385688196
24.79999999999997,11.43381782884584
24.999999999999968,13.471593349809583
25.199999999999967,15.795064076643719
25.399999999999967,18.69830344867372
25.599999999999966,22.184548947247684
25.799999999999965,26.372291926843847
25.999999999999964,31.403924333682085
26.199999999999964,37.45058514410239
26.399999999999963,44.71798368509521
26.599999999999962,53.11983615597772
26.79999999999996,63.534410829543226
26.99999999999996,76.05390111110252
