mags_ab,pos_errs_mas
16.0,0.20948543607965925
16.2,0.22605879331089737
16.4,0.24479216411509153
16.599999999999998,0.1856029530803698
16.799999999999997,0.20100957183123255
16.999999999999996,0.21849988716088992
17.199999999999996,0.236894469475676
17.399999999999995,0.18839092436094237
17.599999999999994,0.20501243164872293
17.799999999999994,0.22298876974339207
17.999999999999993,0.18224243409017346
18.199999999999992,0.19868946953229405
18.39999999999999,0.18196355508298734
18.59999999999999,0.19867865214512123
18.79999999999999,0.1944227355033566
18.99999999999999,0.1926351282259771
19.19999999999999,0.20457964280302277
19.399999999999988,0.2243300982460025
19.599999999999987,0.24609621396580075
19.799999999999986,0.2701531096162507
19.999999999999986,0.2967914098545672
20.199999999999985,0.32630255810867465
20.399999999999984,0.35904270228961316
20.599999999999984,0.39549154299508954
20.799999999999983,0.43608929718797196
20.999999999999982,0.4813693034230759
21.19999999999998,0.5320016852663298
21.39999999999998,0.5888924608763308
21.59999999999998,0.6536616786486626
21.79999999999998,0.7262413841039331
21.99999999999998,0.8085407682721409
22.199999999999978,0.902629945329148
22.399999999999977,1.0099331369271298
22.599999999999977,1.13404566814278
22.799999999999976,1.2772662529306165
22.999999999999975,1.4426762544145657
23.199999999999974,1.635923846072411
23.399999999999974,1.8629042854045594
23.599999999999973,2.130241672706931
23.799999999999972,2.4462827387242716
23.99999999999997,2.8211211579910023
24.19999999999997,3.266942987998704
24.39999999999997,3.798438918433242
24.59999999999997,4.433297346421915
24.79999999999997,5.1928002623713745
24.999999999999968,6.102535055567729
25.199999999999967,7.193258575111981
25.399999999999967,8.50193102463221
25.599999999999966,10.057949593074747
25.799999999999965,11.939392581184288
25.999999999999964,14.199573477798808
26.199999999999964,16.915351826397927
26.399999999999963,20.179106685726367
26.599999999999962,24.10186958356262
26.79999999999996,28.8171065413814
26.99999999999996,34.48525136637628
