mags_ab,pos_errs_mas
16.0,0.2404291795449586
16.2,0.2549504144719616
16.4,0.2609310734583784
16.599999999999998,0.2655211164762601
16.799999999999997,0.18684815232040777
16.999999999999996,0.2021650281309871
17.199999999999996,0.21663950678084876
17.399999999999995,0.23235306095601652
17.599999999999994,0.24922209293753733
17.799999999999994,0.18679056474790134
17.999999999999993,0.20469342426003498
18.199999999999992,0.22445840761820446
18.39999999999999,0.24625815709741614
18.59999999999999,0.27031872850319294
18.79999999999999,0.29687425596128003
18.99999999999999,0.32628339725090383
19.19999999999999,0.35891735538461506
19.399999999999988,0.3951572786366235
19.599999999999987,0.4353540050925957
19.799999999999986,0.47973533327161016
19.999999999999986,0.5296104772332634
20.199999999999985,0.5855529027961471
20.399999999999984,0.6478456620464753
20.599999999999984,0.7178208312516704
20.799999999999983,0.7965886039103542
20.999999999999982,0.8857574702134903
21.19999999999998,0.9882959477110443
21.39999999999998,1.1057041265223368
21.59999999999998,1.238069703189272
21.79999999999998,1.3802949891210516
21.99999999999998,1.5559969308083212
22.199999999999978,1.7583303375276218
22.399999999999977,1.990434518831773
22.599999999999977,2.2692072228702314
22.799999999999976,2.5926259371299114
22.999999999999975,2.980095468061232
23.199999999999974,3.4399509254059755
23.399999999999974,3.9365178252526762
23.599999999999973,4.575886672458451
23.799999999999972,5.302322724504849
23.99999999999997,6.205318737268183
24.19999999999997,7.286625006038682
24.39999999999997,8.582770792633621
24.59999999999997,10.137655243789837
24.79999999999997,12.004033385454084
24.999999999999968,14.245295892040957
25.199999999999967,16.93762193043382
25.399999999999967,20.17256279377979
25.599999999999966,23.93726543800983
25.799999999999965,28.58167624992262
25.999999999999964,34.16423378244214
26.199999999999964,40.87487943812489
26.399999999999963,48.94196072469403
26.599999999999962,58.639969198701095
26.79999999999996,70.29890832249367
26.99999999999996,84.31549504810609
