mags_ab,pos_errs_mas
16.0,0.16873992967545448
16.2,0.18249395313244218
16.4,0.19600225824188383
16.599999999999998,0.172140688735455
16.799999999999997,0.17520236282400073
16.999999999999996,0.19193240073928847
17.199999999999996,0.21036378565688307
17.399999999999995,0.23067817161398083
17.599999999999994,0.2530749239855493
17.799999999999994,0.27778421675144155
17.999999999999993,0.30496523112983526
18.199999999999992,0.3349639134173145
18.39999999999999,0.3681636801670573
18.59999999999999,0.404919220311259
18.79999999999999,0.4456765886390373
18.99999999999999,0.4909344445914048
19.19999999999999,0.5413386764534711
19.399999999999988,0.5967429463805397
19.599999999999987,0.6587656764355891
19.799999999999986,0.7273938012993646
19.999999999999986,0.8038644063213516
20.199999999999985,0.8913280453392417
20.399999999999984,0.9901860271506212
20.599999999999984,1.1025404851060623
20.799999999999983,1.2288933540264622
20.999999999999982,1.374761720184852
21.19999999999998,1.527848029077869
21.39999999999998,1.7033122292132143
21.59999999999998,1.9185380830653032
21.79999999999998,2.168839277855102
21.99999999999998,2.46075249327107
22.199999999999978,2.803750433469971
22.399999999999977,3.2068137267702985
22.599999999999977,3.6175090461708206
22.799999999999976,4.121751732662049
22.999999999999975,4.726659300270211
23.199999999999974,5.476421577272131
23.399999999999974,6.370773410992054
23.599999999999973,7.439291486445792
23.799999999999972,8.71782156328919
23.99999999999997,10.183720518382575
24.19999999999997,11.868571713089334
24.39999999999997,13.846316957005104
24.59999999999997,16.381067335324616
24.79999999999997,19.424504196151595
24.999999999999968,23.080046775893138
25.199999999999967,27.471981698725358
25.399999999999967,32.74968253144686
25.599999999999966,38.81540119677814
25.799999999999965,46.371001790150544
25.999999999999964,55.45309899961363
26.199999999999964,66.37071360064118
26.399999999999963,79.49534406524069
26.599999999999962,95.27358047103986
26.79999999999996,114.24232505604287
26.99999999999996,137.0470254811453
