mags_ab,pos_errs_mas
16.0,inf
16.2,0.3089230933335794
16.4,0.3271988229553541
16.599999999999998,0.34683132076074075
16.799999999999997,0.36767496609808253
16.999999999999996,0.38960959309670373
17.199999999999996,0.3975385803163678
17.399999999999995,0.26887398402785395
17.599999999999994,0.2889234533375381
17.799999999999994,0.3111510347415529
17.999999999999993,0.26996147782056845
18.199999999999992,0.2620689190113079
18.39999999999999,0.2871863112320788
18.59999999999999,0.31492729269009806
18.79999999999999,0.3454331135472666
18.99999999999999,0.3792627924350124
19.19999999999999,0.41669123508204536
19.399999999999988,0.45804225119927805
19.599999999999987,0.5038112600325529
19.799999999999986,0.5546119738481785
19.999999999999986,0.6106130095133055
20.199999999999985,0.6733079504752851
20.399999999999984,0.7436893414670623
20.599999999999984,0.8216139102466881
20.799999999999983,0.9080250027818114
20.999999999999982,1.0069616747832884
21.19999999999998,1.1159242155479367
21.39999999999998,1.240743971884904
21.59999999999998,1.380603621730578
21.79999999999998,1.5414403099622953
21.99999999999998,1.719735375236865
22.199999999999978,1.9246933064102385
22.399999999999977,2.1683967233991743
22.599999999999977,2.4379331519980445
22.799999999999976,2.756521679414337
22.999999999999975,3.137440302881495
23.199999999999974,3.5766868120338646
23.399999999999974,4.076962712941279
23.599999999999973,4.693757053218261
23.799999999999972,5.4080556762972
23.99999999999997,6.207987900815848
24.19999999999997,7.193881073488875
24.39999999999997,8.398649170744914
24.59999999999997,9.840098990581643
24.79999999999997,11.511294518699634
24.999999999999968,13.566627815586248
25.199999999999967,16.03257011276272
25.399999999999967,18.841684987958963
25.599999999999966,22.359211283685642
25.799999999999965,26.584646876920868
25.999999999999964,31.66167037100744
26.199999999999964,37.762968398063315
26.399999999999963,45.096111682532865
26.599999999999962,53.58388769412017
26.79999999999996,64.09519279941546
26.99999999999996,76.73101952111031
