mags_ab,pos_errs_mas
16.0,inf
16.2,inf
16.4,inf
16.599999999999998,inf
16.799999999999997,0.2335583414351475
16.999999999999996,0.24864163763782823
17.199999999999996,0.26327598579589556
17.399999999999995,0.26999628168666534
17.599999999999994,0.2874581911778204
17.799999999999994,0.19751590427441945
17.999999999999993,0.21229517792810876
18.199999999999992,0.2298249384740439
18.39999999999999,0.24614627099860423
18.59999999999999,0.26368289949255497
18.79999999999999,0.20396076223015955
18.99999999999999,0.22168725957984764
19.19999999999999,0.20831945186061648
19.399999999999988,0.21524056778904485
19.599999999999987,0.23615981148511622
19.799999999999986,0.25931882621543356
19.999999999999986,0.28498387134296566
20.199999999999985,0.3133772226196873
20.399999999999984,0.3448736983585901
20.599999999999984,0.37993239420542635
20.799999999999983,0.41906629513289856
20.999999999999982,0.4628352891547917
21.19999999999998,0.5119412489002914
21.39999999999998,0.5669272714306841
21.59999999999998,0.6287654339104721
21.79999999999998,0.6993116681342975
21.99999999999998,0.7792486832311385
22.199999999999978,0.8707490467214579
22.399999999999977,0.9757463064625922
22.599999999999977,1.0970950324617335
22.799999999999976,1.2338582200221162
22.999999999999975,1.3967503417147429
23.199999999999974,1.5852788178671668
23.399999999999974,1.8068635859935842
23.599999999999973,2.069569318259035
23.799999999999972,2.3805500460517752
23.99999999999997,2.7235690449514944
24.19999999999997,3.1558217137439724
24.39999999999997,3.671296960301674
24.59999999999997,4.287170791138579
24.79999999999997,5.0241059210766865
24.999999999999968,5.906944575052327
25.199999999999967,6.965545465626715
25.399999999999967,8.235789992960067
25.599999999999966,9.760796765484834
25.799999999999965,11.592378555290626
25.999999999999964,13.739562222774675
26.199999999999964,16.370707640426332
26.399999999999963,19.53281040569942
26.599999999999962,23.333446407371888
26.79999999999996,27.901928471311827
26.99999999999996,33.393698212786084
