mags_ab,pos_errs_mas
16.0,inf
16.2,inf
16.4,inf
16.599999999999998,inf
16.799999999999997,0.23347460006423587
16.999999999999996,0.24756811522846903
17.199999999999996,0.2627385704279562
17.399999999999995,0.26984188265525944
17.599999999999994,0.28604933985312997
17.799999999999994,0.29187101683077715
17.999999999999993,0.20950008461567016
18.199999999999992,0.2271096641853295
18.39999999999999,0.20248851247966446
18.59999999999999,0.2049155167486015
18.79999999999999,0.21989084120804378
18.99999999999999,0.24121985602793955
19.19999999999999,0.2647800380739826
19.399999999999988,0.2908256568636225
19.599999999999987,0.31955277133976673
19.799999999999986,0.35151742622325316
19.999999999999986,0.386948383898673
20.199999999999985,0.4264541914100101
20.399999999999984,0.4705392955929033
20.599999999999984,0.5198378419014856
20.799999999999983,0.5739710941049657
20.999999999999982,0.6357580392128468
21.19999999999998,0.7052719124130716
21.39999999999998,0.7841439076769826
21.59999999999998,0.872983100572305
21.79999999999998,0.9727442414282537
21.99999999999998,1.0878751098614723
22.199999999999978,1.2219386336746472
22.399999999999977,1.3772527186695978
22.599999999999977,1.5580371720157757
22.799999999999976,1.7551282215864674
22.999999999999975,1.9854136876823862
23.199999999999974,2.2678350620716277
23.399999999999974,2.6016898916353948
23.599999999999973,2.996431719373365
23.799999999999972,3.4666890732986766
23.99999999999997,4.02563842745145
24.19999999999997,4.683842395100771
24.39999999999997,5.453441783201387
24.59999999999997,6.401406782415913
24.79999999999997,7.468777403122822
24.999999999999968,8.814228696276817
25.199999999999967,10.428939457444093
25.399999999999967,12.322850073017955
25.599999999999966,14.477771561104547
25.799999999999965,17.227220059488737
25.999999999999964,20.531070205916713
26.199999999999964,24.501707062844257
26.399999999999963,29.274218303061506
26.599999999999962,35.01098269308165
26.79999999999996,41.90719957698268
26.99999999999996,50.19751974954054
