mags_ab,pos_errs_mas
16.0,0.23815682502960742
16.2,0.25869579340774557
16.4,0.28002005637696964
16.599999999999998,0.30110456805452285
16.799999999999997,0.32492532850961464
16.999999999999996,0.20903088006790999
17.199999999999996,0.2270081693296349
17.399999999999995,0.24598002137319439
17.599999999999994,0.19952897254190613
17.799999999999994,0.21716369797999652
17.999999999999993,0.19555896976100076
18.199999999999992,0.21321522354690606
18.39999999999999,0.23254877229825813
18.59999999999999,0.25358709488741177
18.79999999999999,0.20987515472975266
18.99999999999999,0.22901812248616468
19.19999999999999,0.2075808639274439
19.399999999999988,0.2267251609113133
19.599999999999987,0.22020890900863374
19.799999999999986,0.22151511884793773
19.999999999999986,0.22523243961001424
20.199999999999985,0.24683989712196144
20.399999999999984,0.2707390806322627
20.599999999999984,0.2971389068885748
20.799999999999983,0.3263011500105447
20.999999999999982,0.35863579053163075
21.19999999999998,0.3945194714746661
21.39999999999998,0.43429515740709207
21.59999999999998,0.47862791237218477
21.79999999999998,0.5281110865677835
21.99999999999998,0.5833333075739786
22.199999999999978,0.6452879561708812
22.399999999999977,0.7157869279685869
22.599999999999977,0.7945926096766084
22.799999999999976,0.8839379949413264
22.999999999999975,0.9856723643049763
23.199999999999974,1.1021835995340346
23.399999999999974,1.2356900289885786
23.599999999999973,1.3902289164198984
23.799999999999972,1.5693908154722127
23.99999999999997,1.7802056121014456
24.19999999999997,2.024555553720827
24.39999999999997,2.3123451102715906
24.59999999999997,2.6522234017850552
24.79999999999997,3.0549825310076217
24.999999999999968,3.5336566621100785
25.199999999999967,4.103965116330383
25.399999999999967,4.784841103046809
25.599999999999966,5.599067817937796
25.799999999999965,6.574043281292159
25.999999999999964,7.742701054139431
26.199999999999964,9.144620733159705
26.399999999999963,10.82065711216045
26.599999999999962,12.837776996927998
26.79999999999996,15.260770894601766
26.99999999999996,18.172025328044715
