mags_ab,pos_errs_mas
16.0,inf
16.2,inf
16.4,0.26124423497898136
16.599999999999998,0.28517786169209147
16.799999999999997,0.30219897110159644
16.999999999999996,0.20900149997892753
17.199999999999996,0.22417809759044094
17.399999999999995,0.24139937822030363
17.599999999999994,0.26056243392175277
17.799999999999994,0.2815208944988872
17.999999999999993,0.18594708945923116
18.199999999999992,0.1992314325523681
18.39999999999999,0.2143738954684128
18.59999999999999,0.1708104628463969
18.79999999999999,0.18320827994197794
18.99999999999999,0.1992906659414822
19.19999999999999,0.17884850820922502
19.399999999999988,0.1951907414397082
19.599999999999987,0.18295529034603564
19.799999999999986,0.1999305255590594
19.999999999999986,0.18486022805757027
20.199999999999985,0.20227601158331665
20.399999999999984,0.19718812208729558
20.599999999999984,0.2004308756993504
20.799999999999983,0.2078423481835013
20.999999999999982,0.22889254699802225
21.19999999999998,0.25245738193748973
21.39999999999998,0.2789543096744138
21.59999999999998,0.30890877144277795
21.79999999999998,0.34258436236471324
21.99999999999998,0.38079403714487553
22.199999999999978,0.42433150189800745
22.399999999999977,0.47430286745065253
22.599999999999977,0.531635253892185
22.799999999999976,0.5979635924375882
22.999999999999975,0.6749239672309989
23.199999999999974,0.7647262056459583
23.399999999999974,0.8705795652236313
23.599999999999973,0.9953759555529885
23.799999999999972,1.1417954118606566
23.99999999999997,1.3153414537949404
24.19999999999997,1.5216359308489393
24.39999999999997,1.7674579060674074
24.59999999999997,2.060972329676294
24.79999999999997,2.4120043944939895
24.999999999999968,2.83236881975212
25.199999999999967,3.336267635836165
25.399999999999967,3.940768385316019
25.599999999999966,4.668145681748195
25.799999999999965,5.539536777862975
25.999999999999964,6.586299680396122
26.199999999999964,7.844028636291639
26.399999999999963,9.355504103958845
26.599999999999962,11.172145290888714
26.79999999999996,13.355760219622816
26.99999999999996,15.980645030175651
