mags_ab,pos_errs_mas
16.0,0.2066167311783549
16.2,0.22338311879474682
16.4,0.16991227027844966
16.599999999999998,0.18369088369157235
16.799999999999997,0.19861955417671742
16.999999999999996,0.16545403831102576
17.199999999999996,0.1799877293556668
17.399999999999995,0.1601982324456372
17.599999999999994,0.174728997198678
17.799999999999994,0.19048100710673818
17.999999999999993,0.17464920299527126
18.199999999999992,0.16871753280598237
18.39999999999999,0.18425095569075545
18.59999999999999,0.17468458878811632
18.79999999999999,0.18293415331078164
18.99999999999999,0.18872280981122325
19.19999999999999,0.20673296901817342
19.399999999999988,0.22672268802386975
19.599999999999987,0.24862202559012123
19.799999999999986,0.2727790569285595
19.999999999999986,0.2994395231607346
20.199999999999985,0.3288901222670865
20.399999999999984,0.36142989933784336
20.599999999999984,0.3974598233514088
20.799999999999983,0.4374729578707012
20.999999999999982,0.4820066410398074
21.19999999999998,0.5313029244840926
21.39999999999998,0.5863063077012934
21.59999999999998,0.6484176171159418
21.79999999999998,0.717279076185163
21.99999999999998,0.7945115543489133
22.199999999999978,0.8817573684769566
22.399999999999977,0.9807834446056065
22.599999999999977,1.0935564472646977
22.799999999999976,1.2220700659052597
22.999999999999975,1.3687360619221949
23.199999999999974,1.5378503984539968
23.399999999999974,1.7337693908069403
23.599999999999973,1.9618941910397663
23.799999999999972,2.2280315498089496
23.99999999999997,2.539157295498879
24.19999999999997,2.908032559259018
24.39999999999997,3.342840084217809
24.59999999999997,3.860610236934762
24.79999999999997,4.4769513713228095
24.999999999999968,5.188480065471924
25.199999999999967,6.057363617917923
25.399999999999967,7.096940424575988
25.599999999999966,8.342244394698099
25.799999999999965,9.83538610197791
25.999999999999964,11.626969696523586
26.199999999999964,13.777802848479498
26.399999999999963,16.360961507906076
26.599999999999962,19.46425739712272
26.79999999999996,23.19322852221238
26.99999999999996,27.674715524800206
