mags_ab,pos_errs_mas
16.0,0.21571828572023719
16.2,0.167313582098196
16.4,0.1800318754806134
16.599999999999998,0.1953974015664137
16.799999999999997,0.15579108490607
16.999999999999996,0.16727792048478335
17.199999999999996,0.17837685494008945
17.399999999999995,0.15502024813475337
17.599999999999994,0.16816667250278103
17.799999999999994,0.15164313608489527
17.999999999999993,0.16544804487324466
18.199999999999992,0.18059680744196727
18.39999999999999,0.16202693979479948
18.59999999999999,0.1770039293705573
18.79999999999999,0.17100972907042666
18.99999999999999,0.17722844333515542
19.19999999999999,0.18377119359528327
19.399999999999988,0.20141243998571096
19.599999999999987,0.22088225442869483
19.799999999999986,0.24238461312440024
19.999999999999986,0.26629704726577136
20.199999999999985,0.292710481722042
20.399999999999984,0.3218300571006604
20.599999999999984,0.35413450454254913
20.799999999999983,0.3900331771655709
20.999999999999982,0.4300154427647239
21.19999999999998,0.4746576450740449
21.39999999999998,0.5246463021588333
21.59999999999998,0.5811245642756961
21.79999999999998,0.6449780211987134
21.99999999999998,0.7164905205911409
22.199999999999978,0.7977064915676935
22.399999999999977,0.8903813713634873
22.599999999999977,0.9962370429450512
22.799999999999976,1.1182534045260464
22.999999999999975,1.259592372200989
23.199999999999974,1.4250428622347358
23.399999999999974,1.616989237180734
23.599999999999973,1.8422446438277336
23.799999999999972,2.1076697882079602
23.99999999999997,2.419005934730703
24.19999999999997,2.788884192929056
24.39999999999997,3.2295407471723334
24.59999999999997,3.754869844749212
24.79999999999997,4.382354827988801
24.999999999999968,5.133028110948775
25.199999999999967,6.03218019106799
25.399999999999967,7.11020848761665
25.599999999999966,8.403643536470724
25.799999999999965,9.949710355329406
25.999999999999964,11.811436481335685
26.199999999999964,14.047943925015133
26.399999999999963,16.735290870819643
26.599999999999962,19.964883831145308
26.79999999999996,23.846596614716653
26.99999999999996,28.512494746081053
