mags_ab,pos_errs_mas
16.0,0.1650934384096009
16.2,0.15746007137262763
16.4,0.154593433296723
16.599999999999998,0.1664123182477008
16.799999999999997,0.14644947650517143
16.999999999999996,0.15458490884252202
17.199999999999996,0.16814911510742345
17.399999999999995,0.15664268284980665
17.599999999999994,0.1714265655425976
17.799999999999994,0.17096370406055816
17.999999999999993,0.17541164264326833
18.199999999999992,0.19072220293101874
18.39999999999999,0.2098100352784775
18.59999999999999,0.23112088624797372
18.79999999999999,0.2548766339660656
18.99999999999999,0.281488256069738
19.19999999999999,0.31139051188995703
19.399999999999988,0.3451066487396615
19.599999999999987,0.38335681927281096
19.799999999999986,0.4270288356230051
19.999999999999986,0.47656418705817166
20.199999999999985,0.533383039147513
20.399999999999984,0.5988737905287868
20.599999999999984,0.6748716829967275
20.799999999999983,0.7636837260262362
20.999999999999982,0.8669311528655894
21.19999999999998,0.988174465823497
21.39999999999998,1.1311223849956538
21.59999999999998,1.300266458270332
21.79999999999998,1.5021360420050385
21.99999999999998,1.7415150545165914
22.199999999999978,2.026549654881687
22.399999999999977,2.367149445779541
22.599999999999977,2.7747465727584477
22.799999999999976,3.2630856152621637
22.999999999999975,3.849808855060553
23.199999999999974,4.552511829545474
23.399999999999974,5.39617500728573
23.599999999999973,6.409463511187161
23.799999999999972,7.626826465526379
23.99999999999997,9.089664451472746
24.19999999999997,10.847739693543604
24.39999999999997,12.960863942252242
24.59999999999997,15.500933817316422
24.79999999999997,18.554377913448437
24.999999999999968,22.225094668342233
25.199999999999967,26.6379889783175
25.399999999999967,31.943221522022363
25.599999999999966,38.32131609080286
25.799999999999965,45.989312308119466
25.999999999999964,55.2081335248941
26.199999999999964,66.29147531320353
26.399999999999963,79.61649309899565
26.599999999999962,95.6366087939605
26.79999999999996,114.89695658265221
26.99999999999996,138.05292107557975
