mags_ab,pos_errs_mas
16.0,inf
16.2,0.3097806128633912
16.4,0.3260075356325322
16.599999999999998,0.34336486356688684
16.799999999999997,0.36154254690070975
16.999999999999996,0.3802724858377799
17.199999999999996,0.38111346967137094
17.399999999999995,0.37665804089636823
17.599999999999994,0.33690606333399126
17.799999999999994,0.2800378911141071
17.999999999999993,0.2566313708635182
18.199999999999992,0.28123961122487695
18.39999999999999,0.3084506354165609
18.59999999999999,0.3384531505943171
18.79999999999999,0.37164004153108293
18.99999999999999,0.4084728360268643
19.19999999999999,0.44918744847569125
19.399999999999988,0.4945498773264789
19.599999999999987,0.5445659523791833
19.799999999999986,0.6007564407618187
19.999999999999986,0.6628135257642294
20.199999999999985,0.732441385538116
20.399999999999984,0.8112493353285144
20.599999999999984,0.8977526788527999
20.799999999999983,0.997592728472058
20.999999999999982,1.1104771499045492
21.19999999999998,1.2374830762077298
21.39999999999998,1.380042732800226
21.59999999999998,1.5485501653068294
21.79999999999998,1.743473681796923
21.99999999999998,1.9549746014170093
22.199999999999978,2.211342653858277
22.399999999999977,2.5141299660882996
22.599999999999977,2.8635811331073415
22.799999999999976,3.28209247210945
22.999999999999975,3.7680917923999027
23.199999999999974,4.354281592780171
23.399999999999974,5.030442212633266
23.599999999999973,5.85775419880805
23.799999999999972,6.821356242262051
23.99999999999997,7.932902271517955
24.19999999999997,9.326074589440577
24.39999999999997,10.967735988763657
24.59999999999997,12.936346984571442
24.79999999999997,15.328076443013458
24.999999999999968,18.147106227754662
25.199999999999967,21.585952492792437
25.399999999999967,25.528686273369523
25.599999999999966,30.45148561901908
25.799999999999965,36.25369384106391
25.999999999999964,43.340718086301585
26.199999999999964,51.859910006700154
26.399999999999963,62.10115803164243
26.599999999999962,74.41293117897683
26.79999999999996,89.2141782487003
26.99999999999996,107.00853571926916
