mags_ab,pos_errs_mas
16.0,0.21196406947177104
16.2,0.22704593537879839
16.4,0.2461648335712823
16.599999999999998,0.26542275633394824
16.799999999999997,0.2853257114156848
16.999999999999996,0.3079563169147517
17.199999999999996,0.33025451147117496
17.399999999999995,0.186927110059048
17.599999999999994,0.20165480660461066
17.799999999999994,0.21811919761078025
17.999999999999993,0.23622804787554202
18.199999999999992,0.2556641980979617
18.39999999999999,0.2767391308489026
18.59999999999999,0.1879981361329048
18.79999999999999,0.20491178462648482
18.99999999999999,0.17422606702338664
19.19999999999999,0.19014747620319494
19.399999999999988,0.17867400766238142
19.599999999999987,0.19513967537087715
19.799999999999986,0.21318758205371316
19.999999999999986,0.18304990026401174
20.199999999999985,0.19065756915029858
20.399999999999984,0.193623129517626
20.599999999999984,0.20911527808714575
20.799999999999983,0.2294742935214278
20.999999999999982,0.2520039581371144
21.19999999999998,0.27696399076122874
21.39999999999998,0.30471553876974306
21.59999999999998,0.3355893775217785
21.79999999999998,0.36997160902818765
21.99999999999998,0.4085529040424936
22.199999999999978,0.45185631251505187
22.399999999999977,0.5004495091176449
22.599999999999977,0.555140678306121
22.799999999999976,0.6171110487261121
22.999999999999975,0.6883566430990848
23.199999999999974,0.7690223011446727
23.399999999999974,0.8616766270506031
23.599999999999973,0.9686395133096002
23.799999999999972,1.0927148664023087
23.99999999999997,1.2374116622352387
24.19999999999997,1.4067347447562981
24.39999999999997,1.6059677721310073
24.59999999999997,1.8433614413764703
24.79999999999997,2.121643707085747
24.999999999999968,2.452630150933842
25.199999999999967,2.8467749061120733
25.399999999999967,3.3165719533370503
25.599999999999966,3.8776293792788636
25.799999999999965,4.549263470352714
25.999999999999964,5.354142969442765
26.199999999999964,6.3195127173488315
26.399999999999963,7.478113465522114
26.599999999999962,8.869286783503625
26.79999999999996,10.5403101415208
26.99999999999996,12.547998506215961
