mags_ab,pos_errs_mas
16.0,0.250937390158308
16.2,0.2644640855246343
16.4,0.27865572356291557
16.599999999999998,0.2809723715434641
16.799999999999997,0.28039311075558954
16.999999999999996,0.275124699600795
17.199999999999996,0.24083977368600248
17.399999999999995,0.22004416728094026
17.599999999999994,0.2053091258960329
17.799999999999994,0.2250206973352685
17.999999999999993,0.24676810453913436
18.199999999999992,0.27081908915662994
18.39999999999999,0.29731583340524137
18.59999999999999,0.3267038887228034
18.79999999999999,0.359187565050502
18.99999999999999,0.3951637668364469
19.19999999999999,0.43484920370165975
19.399999999999988,0.47905804302966687
19.599999999999987,0.5285985149305974
19.799999999999986,0.5835939691151509
19.999999999999986,0.6456150628436403
20.199999999999985,0.7143816946652225
20.399999999999984,0.7918186462255834
20.599999999999984,0.8803609909794703
20.799999999999983,0.9776445479940173
20.999999999999982,1.0868011242455307
21.19999999999998,1.211638834565572
21.39999999999998,1.3588198550314492
21.59999999999998,1.5208107191777556
21.79999999999998,1.7152192700904267
21.99999999999998,1.9388361497468205
22.199999999999978,2.194251034422682
22.399999999999977,2.4874971933229477
22.599999999999977,2.846647915673033
22.799999999999976,3.260640918631324
22.999999999999975,3.761683310829965
23.199999999999974,4.349260760065716
23.399999999999974,5.000098127388434
23.599999999999973,5.797082581301838
23.799999999999972,6.760487978217852
23.99999999999997,7.933111836787148
24.19999999999997,9.338447636192324
24.39999999999997,11.024072771002286
24.59999999999997,12.983379219784224
24.79999999999997,15.396752578732178
24.999999999999968,18.29554385948428
25.199999999999967,21.778314379665822
25.399999999999967,25.963514618424167
25.599999999999966,30.99351725155271
25.799999999999965,37.039456584116174
25.999999999999964,44.12415116854539
26.199999999999964,52.81749000304869
26.399999999999963,63.26825663794556
26.599999999999962,75.83205739400121
26.79999999999996,90.93641113715806
26.99999999999996,109.09527529854367
